#
#model:
#
#<?xml version="1.0" encoding="UTF-8" standalone="no"?><input id="posterior" spec="beast.base.inference.CompoundDistribution">
#    <distribution id="prior" spec="beast.base.inference.CompoundDistribution">
#        <distribution id="YuleModel.t:rf_sequences_10tip" spec="beast.base.evolution.speciation.YuleModel">
#            <parameter id="birthRate.t:rf_sequences_10tip" lower="0.0" name="birthDiffRate" spec="beast.base.inference.parameter.RealParameter">1.0</parameter>
#            <tree id="Tree.t:rf_sequences_10tip" spec="beast.base.evolution.tree.Tree">
#                <taxonset id="TaxonSet.rf_sequences_10tip" spec="beast.base.evolution.alignment.TaxonSet">
#                </taxonset>
#            </tree>
#        </distribution>
#        <prior id="YuleBirthRatePrior.t:rf_sequences_10tip" name="distribution" x="@birthRate.t:rf_sequences_10tip">
#            <Uniform id="Uniform.1" name="distr" upper="Infinity"/>
#        </prior>
#    </distribution>
#    <distribution id="likelihood" spec="beast.base.inference.CompoundDistribution" useThreads="true">
#        <distribution data="@rf_sequences_10tip" id="treeLikelihood.rf_sequences_10tip" spec="beast.base.evolution.likelihood.ThreadedTreeLikelihood" tree="@Tree.t:rf_sequences_10tip">
#            <siteModel id="SiteModel.s:rf_sequences_10tip" spec="beast.base.evolution.sitemodel.SiteModel">
#                <parameter estimate="false" id="mutationRate.s:rf_sequences_10tip" lower="0.0" name="mutationRate" spec="beast.base.inference.parameter.RealParameter">1.0</parameter>
#                <parameter estimate="false" id="gammaShape.s:rf_sequences_10tip" lower="0.1" name="shape" spec="beast.base.inference.parameter.RealParameter">1.0</parameter>
#                <parameter estimate="false" id="proportionInvariant.s:rf_sequences_10tip" lower="0.0" name="proportionInvariant" spec="beast.base.inference.parameter.RealParameter" upper="1.0">0.0</parameter>
#                <substModel id="JC69.s:rf_sequences_10tip" spec="beast.base.evolution.substitutionmodel.JukesCantor"/>
#            </siteModel>
#            <branchRateModel id="StrictClock.c:rf_sequences_10tip" spec="beast.base.evolution.branchratemodel.StrictClockModel">
#                <parameter estimate="false" id="clockRate.c:rf_sequences_10tip" lower="0.0" name="clock.rate" spec="beast.base.inference.parameter.RealParameter">1.0</parameter>
#            </branchRateModel>
#        </distribution>
#    </distribution>
#</input>
#
Sample	posterior	likelihood	prior	treeLikelihood	Tree.height	Tree.treeLength	YuleModel	birthRate
0	-6805.179475521227	-6801.537457086767	-3.6420184344598807	-6801.537457086767	1.0746437618345717	3.6420184344598807	-3.6420184344598807	1.0
1000	-4017.2067563030896	-4032.9405356350385	15.73377933194886	-4032.9405356350385	0.09916748323439106	0.5692238302520579	15.73377933194886	13.44029473344296
2000	-3998.1728942052064	-4015.06823682029	16.895342615083834	-4015.06823682029	0.0770974065969745	0.5010023990691078	16.895342615083834	15.417718159736411
3000	-3995.862540439685	-4013.8330009562806	17.970460516595626	-4013.8330009562806	0.06914266873884431	0.44952432923623287	17.970460516595626	19.781797259383715
4000	-3994.1644241278377	-4011.2548955202105	17.090471392372862	-4011.2548955202105	0.07418960589397104	0.48383169937262044	17.090471392372862	23.00915138262948
5000	-3990.645940454603	-4007.9948149688626	17.34887451425953	-4007.9948149688626	0.07694985431427347	0.4756325437317931	17.34887451425953	22.097729268282738
6000	-3994.9061634536556	-4009.686251692822	14.78008823916677	-4009.686251692822	0.07519294880485564	0.4666775646973334	14.78008823916677	38.96412904847346
7000	-3996.103001152002	-4013.52020227842	17.41720112641837	-4013.52020227842	0.07514066026609556	0.4653130367315509	17.41720112641837	15.186623165324397
8000	-3996.88651165753	-4010.828470921977	13.941959264446975	-4010.828470921977	0.08281052549635026	0.5164234872948568	13.941959264446975	7.05723656576923
9000	-3996.551194667962	-4012.2197954804265	15.668600812464213	-4012.2197954804265	0.08348984593186742	0.5321606030914957	15.668600812464213	24.984112020171988
10000	-3991.8876006125774	-4009.1657116628985	17.27811105032118	-4009.1657116628985	0.0737196824960733	0.48018952926065217	17.27811105032118	16.097324776536997
11000	-3994.452924692387	-4010.4380409943224	15.985116301935317	-4010.4380409943224	0.07396479841480319	0.4836527969171849	15.985116301935317	30.62166320460872
12000	-3993.348546185046	-4009.460656456552	16.112110271505834	-4009.460656456552	0.08556739093527928	0.5353838918024477	16.112110271505834	12.921747719148355
13000	-3995.079293715963	-4010.739748310446	15.660454594482921	-4010.739748310446	0.08684518850901032	0.552457387449024	15.660454594482921	22.03385947378263
14000	-3990.300138799762	-4006.871196040321	16.571057240559075	-4006.871196040321	0.08143203667979727	0.5251790537228473	16.571057240559075	17.053143792612314
15000	-3990.654723385802	-4007.8636914795497	17.20896809374797	-4007.8636914795497	0.07555226686661584	0.48923044244661507	17.20896809374797	18.23495225208876
16000	-3991.700180647797	-4007.9229060944594	16.22272544666246	-4007.9229060944594	0.07873184376783002	0.49908572827792524	16.22272544666246	26.7840285525542
17000	-3999.4593508314965	-4013.662680977001	14.203330145504513	-4013.662680977001	0.08738384523409645	0.5490111134947834	14.203330145504513	29.746151328804775
18000	-3993.0833573093278	-4009.657078868019	16.57372155869155	-4009.657078868019	0.08334918607311492	0.5224805386247074	16.57372155869155	18.98144792406339
19000	-3990.6145589076227	-4007.2045812903384	16.59002238271552	-4007.2045812903384	0.07684040216938384	0.49346902361730516	16.59002238271552	25.31777769464224
20000	-3993.9070588859327	-4009.0603753698065	15.153316483874038	-4009.0603753698065	0.07596452217002009	0.4965039926540992	15.153316483874038	32.688150772203386
21000	-3991.883993750763	-4008.2581479385935	16.374154187830975	-4008.2581479385935	0.08091570654923061	0.5141668188763524	16.374154187830975	23.156671612245862
22000	-3991.1128831195365	-4007.751619720998	16.638736601461357	-4007.751619720998	0.07530391051515015	0.4951816762751873	16.638736601461357	24.634819536577137
23000	-3995.4336254723817	-4012.1399376817694	16.706312209387942	-4012.1399376817694	0.07673537391503923	0.4816546468079097	16.706312209387942	26.66869895392104
24000	-3993.054504080356	-4010.1177337114123	17.06322963105623	-4010.1177337114123	0.07558159542063016	0.4929443366539929	17.06322963105623	20.7683767459307
25000	-3994.2618850526687	-4010.1948580258977	15.932972973229052	-4010.1948580258977	0.07691461658568713	0.47424443925915905	15.932972973229052	32.42509485203357
26000	-3993.3113024819786	-4010.5397276141175	17.2284251321388	-4010.5397276141175	0.07422242279517588	0.4830595579395904	17.2284251321388	21.47306207009779
27000	-3990.9452164308286	-4007.6144495596195	16.66923312879095	-4007.6144495596195	0.07820250166670414	0.5125202374845581	16.66923312879095	20.60620483159822
28000	-3993.8847136057066	-4010.7608794314588	16.87616582575211	-4010.7608794314588	0.07651050463579757	0.5007267702488132	16.87616582575211	21.12628121241703
29000	-3998.411512524977	-4014.780649210088	16.369136685111343	-4014.780649210088	0.0853705613821998	0.5220035908115936	16.369136685111343	13.4450634790088
30000	-3994.1604856011145	-4010.912112249929	16.751626648814565	-4010.912112249929	0.07824848097114565	0.5063459006881934	16.751626648814565	14.740779533831239
31000	-3992.4786904216326	-4009.2970616623807	16.818371240747872	-4009.2970616623807	0.07525009107937161	0.4636092166704116	16.818371240747872	29.275474616174062
32000	-3993.377761877776	-4009.432958198149	16.055196320373426	-4009.432958198149	0.08352928880821753	0.5254349701909024	16.055196320373426	11.983366814862455
33000	-3991.0040986170643	-4007.783143255573	16.779044638508683	-4007.783143255573	0.07839750735817948	0.5043556955108953	16.779044638508683	14.722770628378449
34000	-3994.9719488932933	-4011.4268755900616	16.45492669676844	-4011.4268755900616	0.07885108788085149	0.49632888061289904	16.45492669676844	25.753515921052436
35000	-3996.87995817357	-4012.1991951733416	15.319236999771952	-4012.1991951733416	0.0795280757350992	0.48689368183052606	15.319236999771952	33.37937480540689
36000	-3996.026687850912	-4012.2818021432267	16.25511429231496	-4012.2818021432267	0.07453876371784407	0.5114949163746579	16.25511429231496	24.509141218536175
37000	-3992.5556664114656	-4009.1484031351215	16.592736723655776	-4009.1484031351215	0.07687562157121064	0.4872959287226384	16.592736723655776	26.419976346509763
38000	-3993.012516889783	-4010.527934506082	17.51541761629901	-4010.527934506082	0.07431891523085046	0.46631881099233136	17.51541761629901	22.706147564312143
39000	-3991.4355199838624	-4008.484689632753	17.04916964889071	-4008.484689632753	0.07733572271113617	0.4975677038935862	17.04916964889071	18.86455085603107
40000	-3991.859152063523	-4009.1660628482973	17.30691078477427	-4009.1660628482973	0.07754370867266727	0.47704166917736135	17.30691078477427	22.249864272970736
41000	-3996.113585076447	-4010.9781759518078	14.864590875360507	-4010.9781759518078	0.07392961909049856	0.47857943747075354	14.864590875360507	7.966479602382938
42000	-3994.9401114196794	-4011.3118161978164	16.371704778136987	-4011.3118161978164	0.0777124303555545	0.5022973072064614	16.371704778136987	25.282333675123358
43000	-3995.290254809485	-4011.799529373946	16.509274564460963	-4011.799529373946	0.07917651937427117	0.49692954740403267	16.509274564460963	25.26912669681228
44000	-3992.908749239983	-4008.5622414571476	15.653492217164365	-4008.5622414571476	0.08507731192947299	0.5400416763471829	15.653492217164365	23.926989924070675
45000	-3993.4978622710337	-4009.859876799443	16.362014528409247	-4009.859876799443	0.08410444292882076	0.5370022585713543	16.362014528409247	17.51109616570164
46000	-3993.296381181593	-4010.1110807636833	16.81469958209042	-4010.1110807636833	0.08212596509804485	0.509770024899434	16.81469958209042	18.989452085797453
47000	-3993.265039441397	-4010.2111509577844	16.94611151638724	-4010.2111509577844	0.07761930676084267	0.5037213586760017	16.94611151638724	18.05561779474927
48000	-3995.2701933603453	-4010.694469009512	15.424275649166567	-4010.694469009512	0.08052037519074837	0.5077253711243096	15.424275649166567	29.780953920869262
49000	-4001.483072859225	-4009.5178039946973	8.034731135472324	-4009.5178039946973	0.07793174351524922	0.5092958735065108	8.034731135472324	55.05783008034446
50000	-3995.370674077681	-4011.7224900876117	16.351816009930776	-4011.7224900876117	0.08450146873739492	0.5332408986854869	16.351816009930776	14.697846604214671
51000	-3990.054469035956	-4006.9262796343046	16.871810598348524	-4006.9262796343046	0.07920636943248163	0.502314720889391	16.871810598348524	20.72181168075382
52000	-3995.1771375577387	-4012.216857471553	17.039719913814107	-4012.216857471553	0.07646240114553166	0.49785313700948736	17.039719913814107	19.04137491041141
53000	-3999.739293498159	-4016.532009210857	16.79271571269773	-4016.532009210857	0.08528642175686864	0.5105126183231711	16.79271571269773	19.191226288651094
54000	-3993.3148177789944	-4010.508682797808	17.193865018813334	-4010.508682797808	0.07370320568938768	0.466214489338293	17.193865018813334	26.06165083709869
55000	-3995.5325234503885	-4010.6977534963203	15.165230045931864	-4010.6977534963203	0.07216656402166036	0.47016733664808763	15.165230045931864	36.72053069513435
56000	-3994.2368501577325	-4011.2200044840783	16.98315432634597	-4011.2200044840783	0.07983135444143266	0.4958949420910095	16.98315432634597	15.523314207929088
57000	-3993.336993215436	-4010.567596755889	17.23060354045312	-4010.567596755889	0.08057861492508558	0.48386851441958706	17.23060354045312	21.15576301935192
58000	-3991.886264988462	-4008.2301471923333	16.343882203871644	-4008.2301471923333	0.08302159351148217	0.5360129807352629	16.343882203871644	18.496245563533545
59000	-3996.6689639288693	-4014.196704907807	17.52774097893763	-4014.196704907807	0.0763734381390529	0.4639905219637739	17.52774097893763	23.265911139640078
60000	-3993.667643431543	-4010.2639930154073	16.596349583864107	-4010.2639930154073	0.077512180322005	0.49516871578884125	16.596349583864107	24.95784628807761
61000	-3993.270448311623	-4010.645723870256	17.375275558632893	-4010.645723870256	0.07581262981087145	0.47926419268277204	17.375275558632893	20.034768293920063
62000	-3995.7702311828643	-4011.771667765045	16.001436582180823	-4011.771667765045	0.08400683262796582	0.5566043184854437	16.001436582180823	17.872909169097507
63000	-3992.4218518810576	-4009.0856728585463	16.663820977488722	-4009.0856728585463	0.08193331972794769	0.5181802121603929	16.663820977488722	18.777093339887095
64000	-3992.6263081158454	-4009.4862300264294	16.859921910583985	-4009.4862300264294	0.07653592937959261	0.4822390964444443	16.859921910583985	13.217710326137402
65000	-3990.398213798276	-4007.5495904489644	17.151376650688128	-4007.5495904489644	0.07823449794388024	0.49233240712338333	17.151376650688128	18.561669170300615
66000	-3994.197072381566	-4009.737458237104	15.540385855537801	-4009.737458237104	0.07936481855422216	0.5093474080806618	15.540385855537801	9.776954442688806
67000	-3995.49241628553	-4011.03776010017	15.545343814640098	-4011.03776010017	0.08591989708065396	0.541175136343868	15.545343814640098	24.407141624387485
68000	-3994.0889181822763	-4009.9314392749616	15.84252109268542	-4009.9314392749616	0.07917415405372769	0.4859984706974544	15.84252109268542	30.986765542048108
69000	-3996.6705630989914	-4014.1320629327906	17.46149983379932	-4014.1320629327906	0.07444040884803625	0.47557476529222736	17.46149983379932	19.383180380846557
70000	-3993.611589154023	-4010.6952693331937	17.083680179170514	-4010.6952693331937	0.07348808385789822	0.4648206856007399	17.083680179170514	13.18785963699109
71000	-3990.298771018777	-4006.674427561662	16.375656542885032	-4006.674427561662	0.07707869868785922	0.5034003579682502	16.375656542885032	25.06406837473179
72000	-3991.732719384429	-4008.4119124803265	16.679193095897688	-4008.4119124803265	0.07742049166431894	0.4894856908717296	16.679193095897688	25.404533897366413
73000	-3989.6952052870333	-4006.7369105144194	17.041705227385943	-4006.7369105144194	0.07952963431556821	0.49629765515300944	17.041705227385943	16.507609636996754
74000	-3991.8557005832467	-4008.2971899991676	16.44148941592096	-4008.2971899991676	0.07783959598177775	0.49085353585069846	16.44148941592096	26.795179501086377
75000	-3993.0855582131967	-4008.897165648398	15.811607435201417	-4008.897165648398	0.07924664000542612	0.5210312598225232	15.811607435201417	25.79510044870821
76000	-3997.5933599279265	-4011.704496340666	14.111136412739494	-4011.704496340666	0.07634644904895446	0.5113936152140749	14.111136412739494	34.95363516022952
77000	-3994.4481457126026	-4011.287549968414	16.83940425581139	-4011.287549968414	0.07927757104897559	0.49520934984302933	16.83940425581139	22.905221267214976
78000	-3992.4587450347703	-4009.6753740496156	17.216629014845022	-4009.6753740496156	0.07636356671119972	0.46906437486090624	17.216629014845022	14.188880659165456
79000	-3991.4388764640103	-4008.1416783444292	16.702801880418782	-4008.1416783444292	0.0820248260526176	0.507504761007047	16.702801880418782	21.481087651116717
80000	-3997.462836584494	-4014.4899794763096	17.027142891815597	-4014.4899794763096	0.07451194331142251	0.4752093389516117	17.027142891815597	25.525522012985963
81000	-3990.6369762736053	-4007.3615323116946	16.724556038089503	-4007.3615323116946	0.08071402964414057	0.5134488358802219	16.724556038089503	19.43987686672405
82000	-3994.6464096082536	-4009.9314106968877	15.285001088634045	-4009.9314106968877	0.07065651634307327	0.4683191860660225	15.285001088634045	36.4871852606301
83000	-3993.021594259749	-4010.2566913742194	17.235097114470648	-4010.2566913742194	0.07359055854943859	0.45734441599298703	17.235097114470648	27.619326544764814
84000	-3996.1263042768433	-4012.889219421554	16.762915144710856	-4012.889219421554	0.08167111969834799	0.5044908797053526	16.762915144710856	21.53487786560507
85000	-3995.360347076477	-4012.1863693028185	16.826022226341774	-4012.1863693028185	0.07666038465194865	0.49481432935617886	16.826022226341774	14.012906353229557
86000	-3998.029063090963	-4015.044559418757	17.015496327794025	-4015.044559418757	0.07119048212435304	0.46877622880899183	17.015496327794025	26.926492071493453
87000	-4004.003394846076	-4021.129466799157	17.126071953081187	-4021.129466799157	0.06856324305333426	0.4543415827853207	17.126071953081187	12.78650504839378
88000	-3990.835446946024	-4008.080761495817	17.245314549792766	-4008.080761495817	0.07454423850296593	0.48717464082645096	17.245314549792766	18.856092513024635
89000	-3991.898550737141	-4009.1027728420913	17.204222104950446	-4009.1027728420913	0.07948624427350003	0.48621263022736094	17.204222104950446	20.74584313455775
90000	-3995.90702045667	-4012.215902797382	16.308882340712003	-4012.215902797382	0.08082385003186099	0.5029007035149221	16.308882340712003	25.601260764018257
91000	-3992.511473812641	-4009.4074021048064	16.895928292165415	-4009.4074021048064	0.07595256858640209	0.4811583203797262	16.895928292165415	25.363601670556825
92000	-3994.55670259149	-4011.3800827578184	16.82338016632815	-4011.3800827578184	0.07953052327657699	0.4769021230793261	16.82338016632815	26.7378776766937
93000	-3992.2257500207106	-4009.0449607733244	16.819210752613873	-4009.0449607733244	0.08065138695383708	0.5100610101832003	16.819210752613873	16.65113667426958
94000	-3996.917405115272	-4012.7266126544137	15.80920753914171	-4012.7266126544137	0.07562613214059714	0.5020107521465593	15.80920753914171	28.674283052394774
95000	-3991.533342258904	-4008.2435300008524	16.710187741948353	-4008.2435300008524	0.07565569912852893	0.5109120247805539	16.710187741948353	15.015954917753556
96000	-3991.4657312964773	-4008.328568284313	16.862836987835667	-4008.328568284313	0.0727635421994571	0.47114188277038177	16.862836987835667	27.558490298173258
97000	-3995.176894436918	-4011.6262767947414	16.449382357823538	-4011.6262767947414	0.0827397964854922	0.5314912597543866	16.449382357823538	15.998196344807846
98000	-3995.1279748344077	-4011.716688425942	16.588713591534194	-4011.716688425942	0.08055351523733631	0.5126182509305703	16.588713591534194	21.52620630833026
99000	-3991.5010140619447	-4008.604181760417	17.10316769847231	-4008.604181760417	0.07628107772083774	0.49466552516274487	17.10316769847231	17.500329357123103
100000	-3996.5734513765397	-4012.8549970966214	16.28154572008182	-4012.8549970966214	0.08566710780738955	0.5203775304919467	16.28154572008182	12.785648138231036
101000	-3994.25338540649	-4011.288699815051	17.03531440856097	-4011.288699815051	0.07623586707064967	0.49610240780928944	17.03531440856097	20.089747025302234
102000	-3993.3476059882964	-4010.1323797873765	16.78477379908003	-4010.1323797873765	0.07931950848106749	0.5074368942503816	16.78477379908003	15.27395835802307
103000	-3992.7844063430075	-4009.635100790032	16.850694447024477	-4009.635100790032	0.0751612662551574	0.4740695395670273	16.850694447024477	27.084666355441193
104000	-3991.2263399625886	-4008.8518796874973	17.625539724908602	-4008.8518796874973	0.07394044880261859	0.4642153933872842	17.625539724908602	21.634411044313786
105000	-3992.035583634695	-4007.869341437831	15.833757803135864	-4007.869341437831	0.07952701368652218	0.4906463524559135	15.833757803135864	30.299933528785786
106000	-3995.908185935576	-4011.4617025484704	15.553516612894322	-4011.4617025484704	0.08604168809505354	0.5502083321322655	15.553516612894322	23.06984267899343
107000	-4000.209880473122	-4016.4000290490962	16.190148575974	-4016.4000290490962	0.08710745837208615	0.5471391036277425	16.190148575974	15.602702773344506
108000	-3999.82604976835	-4014.1005412012973	14.274491432947215	-4014.1005412012973	0.08003245991886765	0.5200392246725597	14.274491432947215	33.13226256011699
109000	-3994.581507208714	-4011.2349622043657	16.653454995651764	-4011.2349622043657	0.07716451708191122	0.5180980026659424	16.653454995651764	19.058347099594066
110000	-3994.9903474758567	-4009.536726936354	14.546379460497626	-4009.536726936354	0.08058420726868071	0.5213227963246739	14.546379460497626	31.845081879376693
111000	-3990.9310821706354	-4008.1332414370845	17.202159266448987	-4008.1332414370845	0.07660368362269336	0.4872660323003136	17.202159266448987	20.343438934289367
112000	-3997.2748107032266	-4014.184397761899	16.909587058672667	-4014.184397761899	0.07187236442641805	0.45561521391248594	16.909587058672667	12.043716099751874
113000	-3993.374046141523	-4009.4748622441075	16.10081610258425	-4009.4748622441075	0.07831957976807337	0.5268632139159299	16.10081610258425	12.274903024179597
114000	-3994.556981571756	-4011.852947682721	17.29596611096519	-4011.852947682721	0.07880818089873518	0.4807366323572559	17.29596611096519	16.46746854642267
115000	-3995.75899844404	-4012.3495019238444	16.590503479804266	-4012.3495019238444	0.07826310428926743	0.5050722597113261	16.590503479804266	23.107105834052856
116000	-3995.144590974413	-4011.488324393744	16.34373341933093	-4011.488324393744	0.07616510242667024	0.5259070992663324	16.34373341933093	13.640346367568576
117000	-3992.150789917798	-4008.7341734696124	16.583383551814215	-4008.7341734696124	0.07483180276259908	0.4869707009721715	16.583383551814215	12.246131386195456
118000	-3993.700300311839	-4010.429623948746	16.729323636907456	-4010.429623948746	0.08176808333982888	0.5079199632313659	16.729323636907456	14.749563356824087
119000	-3995.1188406617275	-4012.83558135342	17.71674069169236	-4012.83558135342	0.07164711262164583	0.4612482546168737	17.71674069169236	18.160484480196775
120000	-3992.8801154533135	-4009.610405822324	16.730290369010774	-4009.610405822324	0.08333345620464067	0.5142527083415829	16.730290369010774	18.9716267496232
121000	-3992.3227782887093	-4009.885771596713	17.562993308003378	-4009.885771596713	0.07400237610382153	0.4624159772137487	17.562993308003378	16.084689603739815
122000	-3995.5006770010655	-4011.779860417072	16.27918341600668	-4011.779860417072	0.08855187468725939	0.5284407045000553	16.27918341600668	21.23724684717725
123000	-3991.8269638768834	-4009.148084632174	17.321120755290384	-4009.148084632174	0.07473196428881289	0.4657010644085237	17.321120755290384	25.05875289446869
124000	-3990.6350075426503	-4007.482667385144	16.847659842493755	-4007.482667385144	0.07790236244885959	0.4994417970641068	16.847659842493755	14.689619613709416
125000	-3993.350056008509	-4009.1004825663185	15.750426557809575	-4009.1004825663185	0.07710171369829208	0.5049744832843982	15.750426557809575	28.536630949214295
126000	-3993.7878666515844	-4010.2533168064647	16.46545015488042	-4010.2533168064647	0.07786709759726507	0.5301430578488606	16.46545015488042	18.16416911454052
127000	-3994.124853652504	-4010.9775333040234	16.852679651519466	-4010.9775333040234	0.07969906097693652	0.4912952822090768	16.852679651519466	13.866138364639953
128000	-3993.6844963149506	-4010.494278596806	16.809782281855576	-4010.494278596806	0.07514850371243117	0.48593396959480895	16.809782281855576	13.211038968267701
129000	-3992.144985291146	-4008.789670240777	16.644684949631017	-4008.789670240777	0.08234773588015643	0.5087519273543292	16.644684949631017	21.817827048190647
130000	-3993.8253239655096	-4011.0373690107085	17.212045045199073	-4011.0373690107085	0.07575009175959405	0.4786947495477548	17.212045045199073	15.169705513339082
131000	-3994.859326627838	-4010.4418464517953	15.58251982395733	-4010.4418464517953	0.07743675061641575	0.5251857172149763	15.58251982395733	26.46958087058274
132000	-3994.549390210531	-4010.651662861772	16.102272651241137	-4010.651662861772	0.07938520151900136	0.5202531961368	16.102272651241137	24.096810878106602
133000	-3992.6604112034684	-4009.413134380909	16.75272317744055	-4009.413134380909	0.07968879090633613	0.514227029381116	16.75272317744055	18.255637943235826
134000	-3992.2116865294806	-4009.198890237031	16.98720370755038	-4009.198890237031	0.08037675418889928	0.4942658158133082	16.98720370755038	21.480889950488656
135000	-3991.5074690778606	-4008.450468862681	16.94299978482061	-4008.450468862681	0.07715868686278546	0.5015706712089535	16.94299978482061	16.26319892531882
136000	-3994.566745352568	-4010.507290718921	15.940545366352936	-4010.507290718921	0.07786529337020098	0.4938040189785821	15.940545366352936	10.399609545670263
137000	-3995.8242134098264	-4011.935616042844	16.111402633017537	-4011.935616042844	0.07899845619433488	0.5071898066162646	16.111402633017537	26.151390158867667
138000	-3992.751066147233	-4009.6384060009427	16.887339853709953	-4009.6384060009427	0.07790273301757558	0.4920401392265933	16.887339853709953	23.148876138017265
139000	-3992.3407449431397	-4009.3344014822796	16.9936565391398	-4009.3344014822796	0.07461398433065645	0.49146353276679533	16.9936565391398	14.937676441136503
140000	-3993.3752737888344	-4010.236655143278	16.861381354443306	-4010.236655143278	0.07200183560398797	0.4785201170426633	16.861381354443306	26.149704499170436
141000	-3992.8196994221753	-4009.735945743294	16.91624632111875	-4009.735945743294	0.07319154821451725	0.48035913711053235	16.91624632111875	13.377931166075872
142000	-3995.65157142254	-4012.206564838071	16.554993415530806	-4012.206564838071	0.07969623122269562	0.5093941016839254	16.554993415530806	13.54873787008734
143000	-3996.588823457519	-4010.7912095163592	14.202386058840162	-4010.7912095163592	0.08288111287469709	0.5308804990722794	14.202386058840162	32.00425034868001
144000	-3996.234057204325	-4012.150240440966	15.916183236641151	-4012.150240440966	0.08408231758151709	0.5526464195659053	15.916183236641151	19.926127868057325
145000	-3995.3480930434944	-4012.46524537845	17.117152334955637	-4012.46524537845	0.07683904606290107	0.4861896355777893	17.117152334955637	22.07784249461165
146000	-4002.5894695610577	-4011.2881634532273	8.69869389216959	-4011.2881634532273	0.07958179991874594	0.5065777585815076	8.69869389216959	53.54884584312947
147000	-3990.777736733165	-4007.7377282449925	16.95999151182741	-4007.7377282449925	0.07724110863227707	0.50239781207335	16.95999151182741	18.7847294656254
148000	-3994.3181166269205	-4011.0454511186244	16.727334491704003	-4011.0454511186244	0.0849339369764386	0.5157533805799023	16.727334491704003	16.779364784654096
149000	-3993.3269899905486	-4008.3589643751025	15.03197438455378	-4008.3589643751025	0.0829362562537053	0.5088272467596645	15.03197438455378	8.67886600292428
150000	-3995.046077218456	-4012.490397174861	17.44431995640495	-4012.490397174861	0.07192250023857827	0.4756991824839343	17.44431995640495	17.766419919061363
151000	-3992.524787322238	-4009.747428129901	17.222640807663236	-4009.747428129901	0.07879457386323467	0.48849102871782973	17.222640807663236	18.571855582604943
152000	-3994.292471428908	-4010.8012040550925	16.50873262618479	-4010.8012040550925	0.08118767449903945	0.5211361945279035	16.50873262618479	14.478698114805747
153000	-3997.474783282576	-4013.174016597391	15.69923331481496	-4013.174016597391	0.07465471429836323	0.5101368780927489	15.69923331481496	28.035861245525062
154000	-3995.4908376054655	-4013.294858600451	17.804020994985276	-4013.294858600451	0.0753185141608449	0.45186190024654926	17.804020994985276	16.834705258586286
155000	-3993.417683551282	-4010.0492541445306	16.63157059324841	-4010.0492541445306	0.07779274253562192	0.5215363086815691	16.63157059324841	16.87471795258253
156000	-3991.9527967057943	-4008.8483804896323	16.89558378383799	-4008.8483804896323	0.07653306829016653	0.47753199139663915	16.89558378383799	13.08923980513362
157000	-3994.090495742263	-4010.772915859369	16.682420117105742	-4010.772915859369	0.07534402130375181	0.5100532054320666	16.682420117105742	21.086982843261804
158000	-3995.904367803432	-4012.4169143267554	16.512546523323667	-4012.4169143267554	0.08234383693813753	0.5284999765090305	16.512546523323667	16.682954389864925
159000	-3995.9908448016836	-4011.7455473336786	15.754702531994877	-4011.7455473336786	0.0835602233475103	0.5200153960867835	15.754702531994877	26.27192437900877
160000	-3992.8349181678395	-4009.7807962245515	16.945878056711773	-4009.7807962245515	0.07547166787740414	0.49189172740023607	16.945878056711773	22.588435841178182
161000	-3992.175724237783	-4009.266455066282	17.090730828499037	-4009.266455066282	0.07531676133969523	0.47028541279399	17.090730828499037	26.037925209943573
162000	-3995.4710332902155	-4012.760352149031	17.28931885881561	-4012.760352149031	0.08017687667380057	0.4809786315195671	17.28931885881561	21.19902176815108
163000	-3991.813765139187	-4008.2434436675703	16.429678528383114	-4008.2434436675703	0.08386594095577445	0.5331392439412252	16.429678528383114	17.510137179550252
164000	-3992.8290046223515	-4009.7157630470283	16.886758424676827	-4009.7157630470283	0.08031027311961567	0.49624670923709063	16.886758424676827	22.171242957903626
165000	-3994.7899089796774	-4012.0216107543783	17.231701774700788	-4012.0216107543783	0.07350580357617555	0.48712104291205915	17.231701774700788	17.379492954147363
166000	-3990.7747462127977	-4007.9913405364678	17.216594323670204	-4007.9913405364678	0.07675754575222637	0.4875074149612785	17.216594323670204	17.133026698372028
167000	-3992.1847341933913	-4008.8318049603777	16.647070766986356	-4008.8318049603777	0.0810645746426592	0.5206100730576291	16.647070766986356	16.864649865358256
168000	-3992.8788030197197	-4009.7631855992727	16.88438257955275	-4009.7631855992727	0.07781129836883294	0.504319403088122	16.88438257955275	19.82458607289546
169000	-3994.7724228350567	-4011.1125477942696	16.340124959212794	-4011.1125477942696	0.07859042071746851	0.4697320728874468	16.340124959212794	31.022647748165948
170000	-3993.6089435149725	-4011.2098319433	17.600888428327533	-4011.2098319433	0.07443900875832044	0.4613615764900628	17.600888428327533	23.1021278299134
171000	-3995.043623382498	-4011.0873028028327	16.043679420334882	-4011.0873028028327	0.07447157365505472	0.4799084706956287	16.043679420334882	30.92095149322434
172000	-3990.641709719428	-4008.3690212453885	17.72731152596031	-4008.3690212453885	0.07247753197351162	0.4616378281184842	17.72731152596031	20.11751501506262
173000	-3994.7504948964543	-4011.745305232792	16.99481033633752	-4011.745305232792	0.0773570967521481	0.49552543772652824	16.99481033633752	15.594710584088972
174000	-3993.6765305289664	-4009.926975327651	16.250444798684356	-4009.926975327651	0.08288473911847988	0.5442287219332529	16.250444798684356	16.590939189107086
175000	-3992.430868201972	-4009.221811493986	16.790943292014102	-4009.221811493986	0.0722399852151703	0.4675377803900124	16.790943292014102	12.133795225061371
176000	-3999.510479084356	-4015.867110231341	16.356631146984853	-4015.867110231341	0.07833362224339882	0.5324501002934884	16.356631146984853	19.418827055137356
177000	-3994.751176149454	-4012.409665390147	17.65848924069334	-4012.409665390147	0.07706740915067997	0.4653601086017653	17.65848924069334	19.63331104923995
178000	-3994.2906384257885	-4009.390810937995	15.100172512206203	-4009.390810937995	0.07254416484390072	0.4638284447057496	15.100172512206203	38.05556464068501
179000	-3991.944152857191	-4007.171025946847	15.226873089655815	-4007.171025946847	0.07567341602142542	0.5045476358488608	15.226873089655815	8.985452458618843
180000	-3993.8033946857313	-4010.3441065244656	16.540711838734456	-4010.3441065244656	0.07972471838020596	0.48332625261189094	16.540711838734456	11.912652114331825
181000	-3997.2115355887963	-4013.8926179828622	16.681082394065974	-4013.8926179828622	0.07787620512151876	0.5020865912264697	16.681082394065974	22.912519242265308
182000	-3991.7540374650926	-4008.9379864919338	17.183949026841113	-4008.9379864919338	0.07996660237799524	0.48713726690075954	17.183949026841113	20.766219462060842
183000	-3994.5172616466134	-4010.4540710662623	15.93680941964881	-4010.4540710662623	0.07640615046054906	0.4999536166553449	15.93680941964881	10.567556815030786
184000	-3990.159005777325	-4007.199524387707	17.040518610381504	-4007.199524387707	0.07809216969578275	0.4984655141434097	17.040518610381504	18.24455797025018
185000	-3995.8312481609732	-4012.1205109464718	16.289262785498437	-4012.1205109464718	0.08205730005224562	0.5330796281823266	16.289262785498437	20.127038563011002
186000	-3990.8819022390558	-4008.054837682803	17.1729354437471	-4008.054837682803	0.07602918721236018	0.4906786381115224	17.1729354437471	17.50015599945891
187000	-3998.63508787077	-4013.2914281794738	14.656340308703975	-4013.2914281794738	0.08750956141015419	0.5633659576544131	14.656340308703975	26.087301817923606
188000	-3998.5958957625285	-4014.591503484341	15.995607721812629	-4014.591503484341	0.08757342090071532	0.5528183562017601	15.995607721812629	13.825148408088038
189000	-3997.8368248670545	-4014.283387644713	16.44656277765835	-4014.283387644713	0.07762623428591073	0.5318511805546039	16.44656277765835	16.099754657566063
190000	-3994.4627377821694	-4010.9173753387436	16.45463755657398	-4010.9173753387436	0.08678629378890115	0.5317852571099675	16.45463755657398	17.43523142210075
191000	-3994.439114898724	-4010.30537730792	15.866262409196038	-4010.30537730792	0.08113232957263278	0.5337003270929005	15.866262409196038	23.531684386543905
192000	-3998.414153098131	-4015.566945766488	17.15279266835699	-4015.566945766488	0.07515456481012678	0.49229265429307867	17.15279266835699	18.117485329807547
193000	-3996.8168772052086	-4014.109572032306	17.29269482709748	-4014.109572032306	0.07390018945109833	0.4843432760894878	17.29269482709748	19.32326453430277
194000	-3993.6459235448774	-4009.9671327727956	16.32120922791801	-4009.9671327727956	0.08017506914360276	0.49527226043113093	16.32120922791801	26.806966864983572
195000	-3991.8965828790506	-4008.5501783364807	16.6535954574303	-4008.5501783364807	0.07489700091956925	0.4878416796173364	16.6535954574303	25.896378166364343
196000	-3991.7862469569122	-4007.6110445184795	15.824797561567419	-4007.6110445184795	0.07873359723667506	0.5004040877411186	15.824797561567419	28.836911439078886
197000	-3994.6165300059047	-4010.983856073173	16.367326067268092	-4010.983856073173	0.08352856930379482	0.5371418121624929	16.367326067268092	16.49084833493894
198000	-3996.0370384712483	-4012.830908577289	16.79387010604061	-4012.830908577289	0.07550722266986418	0.5035982622137599	16.79387010604061	14.75711049351928
199000	-3992.2517662911523	-4008.5354520180704	16.283685726917938	-4008.5354520180704	0.08192798022609016	0.5320939845643994	16.283685726917938	20.415492083597105
200000	-3991.4967075449354	-4007.863501659578	16.36679411464262	-4007.863501659578	0.08184173881337495	0.5183204347005126	16.36679411464262	22.437449900091533
201000	-3996.3542649302776	-4013.9142572777037	17.559992347425954	-4013.9142572777037	0.07224090922629701	0.4650954414675273	17.559992347425954	16.548056812205864
202000	-3991.0177898825127	-4007.8590329785775	16.841243096064613	-4007.8590329785775	0.07627482258204005	0.5087500639916697	16.841243096064613	18.765097697409047
203000	-3996.5281863686946	-4010.727900889419	14.199714520724026	-4010.727900889419	0.0753797120576027	0.4818290368043067	14.199714520724026	38.92428447916389
204000	-3993.942343881075	-4010.0634513243863	16.121107443311207	-4010.0634513243863	0.08265455936458635	0.5189584869590942	16.121107443311207	24.181423734416434
205000	-3996.3056471885366	-4012.392812711027	16.087165522490373	-4012.392812711027	0.08305536909025929	0.5496772239981984	16.087165522490373	14.366648404544868
206000	-3993.1163785784534	-4009.532079201379	16.41570062292551	-4009.532079201379	0.07830664940246121	0.5205730292244631	16.41570062292551	21.543515992764295
207000	-3990.9422675662618	-4007.161086527597	16.218818961335327	-4007.161086527597	0.07752985036138542	0.4923142330196521	16.218818961335327	11.166442048158578
208000	-3997.899086679415	-4014.7053740740494	16.806287394634182	-4014.7053740740494	0.07560813770366362	0.5078501635839366	16.806287394634182	15.648575616707863
209000	-3995.354677729127	-4011.2651410930125	15.910463363885512	-4011.2651410930125	0.08328338179787732	0.5224621917852171	15.910463363885512	24.986846287983752
210000	-3995.8162202812923	-4013.3570873420585	17.54086706076624	-4013.3570873420585	0.06824892084353487	0.4712489765661755	17.54086706076624	19.771958502022063
211000	-3992.456190474568	-4009.4081787654013	16.951988290833466	-4009.4081787654013	0.07828649412600774	0.48619194565108864	16.951988290833466	23.835207025580804
212000	-4000.4296959518747	-4016.2919919841734	15.862296032298833	-4016.2919919841734	0.08914607808379713	0.5486297487526007	15.862296032298833	12.434265010391353
213000	-3989.9374291854724	-4006.9705266487176	17.03309746324519	-4006.9705266487176	0.0760450617295022	0.49863619752706345	17.03309746324519	18.647052462835063
214000	-3998.6717840615106	-4016.31303405423	17.64124999271931	-4016.31303405423	0.06922201465823713	0.44670615062219776	17.64124999271931	14.805309564041735
215000	-3992.94172580661	-4009.635413632462	16.693687825851892	-4009.635413632462	0.07785768461975526	0.5058288910853977	16.693687825851892	14.178827033412283
216000	-3994.209111353907	-4010.999377955702	16.790266601795548	-4010.999377955702	0.07530528146093166	0.5102805952214291	16.790266601795548	19.350789305973855
217000	-3991.6502770202947	-4008.5167320967957	16.866455076500955	-4008.5167320967957	0.07951155656204595	0.506343366951268	16.866455076500955	19.350789305973855
218000	-3993.357108463856	-4009.9823442315087	16.625235767652768	-4009.9823442315087	0.07669323372558665	0.5161888576575053	16.625235767652768	14.948340048757743
219000	-4001.074475554217	-4016.8680989599	15.79362340568349	-4016.8680989599	0.08907887000720796	0.5537110222658762	15.79362340568349	20.83102174625908
220000	-4000.113167184898	-4013.287836363482	13.17466917858388	-4013.287836363482	0.07805228634815431	0.5411267287595326	13.17466917858388	34.58942648462227
221000	-3993.300338060108	-4010.136280641682	16.835942581573768	-4010.136280641682	0.07552501663228697	0.4731369380540601	16.835942581573768	12.576002446725697
222000	-3989.864751250576	-4007.111342216936	17.246590966360124	-4007.111342216936	0.07588790919110075	0.4817003385613078	17.246590966360124	16.00617022684535
223000	-3992.5893543214397	-4009.240804629087	16.651450307647274	-4009.240804629087	0.08171690255470074	0.515739278078053	16.651450307647274	19.928457908406216
224000	-3991.569206114393	-4008.2029314953134	16.633725380920154	-4008.2029314953134	0.0802006040676739	0.5077148031145584	16.633725380920154	13.928479121559514
225000	-3992.693764440706	-4009.798034157714	17.104269717007977	-4009.798034157714	0.07776726711797272	0.48028173364682936	17.104269717007977	14.507251265133679
226000	-3991.759498820123	-4008.93775032931	17.17825150918691	-4008.93775032931	0.07309788980757245	0.4821016810053054	17.17825150918691	22.452231666804522
227000	-3992.8749116038175	-4009.576920946418	16.70200934260032	-4009.576920946418	0.08389572730568792	0.5157805773699166	16.70200934260032	18.954500899582634
228000	-3993.036442808461	-4008.83584483092	15.799402022459	-4008.83584483092	0.0813904997901792	0.5306480330386174	15.799402022459	11.197934002409296
229000	-3996.1346494945014	-4012.1110860134736	15.976436518972271	-4012.1110860134736	0.07600935717797203	0.47566076790547573	15.976436518972271	31.9693324474359
230000	-3993.078603987571	-4009.9498275388687	16.87122355129755	-4009.9498275388687	0.07955332002454531	0.499951263983236	16.87122355129755	21.404251391084603
231000	-3994.0742806316994	-4009.3797066289408	15.305425997241262	-4009.3797066289408	0.07931672553057792	0.5156212553600168	15.305425997241262	29.228675666080147
232000	-3999.922010756106	-4015.71852858934	15.796517833234162	-4015.71852858934	0.08924487454431514	0.5371857869165555	15.796517833234162	23.45202023105361
233000	-3992.5994868912453	-4009.417055222109	16.8175683308637	-4009.417055222109	0.0739776565528571	0.4740415883112611	16.8175683308637	12.54713895079737
234000	-3994.9347944038027	-4011.5446980296006	16.6099036257978	-4011.5446980296006	0.08413164243317266	0.508054264385722	16.6099036257978	22.31688389017805
235000	-3992.536517809583	-4010.1582684609484	17.621750651365474	-4010.1582684609484	0.06973733481585917	0.45964533378497885	17.621750651365474	23.362161242426986
236000	-3993.0352477729175	-4010.2398467039025	17.204598930985167	-4010.2398467039025	0.07125447067893656	0.4733321444307311	17.204598930985167	24.374540821378204
237000	-3994.131686988771	-4010.560702184619	16.42901519584815	-4010.560702184619	0.07635161782435737	0.49522228615831554	16.42901519584815	26.12060021077187
238000	-3993.7772949843925	-4010.24650959483	16.469214610437604	-4010.24650959483	0.08018434181660691	0.5042639250917202	16.469214610437604	24.235978037029906
239000	-3991.8022570862313	-4008.9874317654803	17.185174679248874	-4008.9874317654803	0.0753896673266117	0.48476866974480853	17.185174679248874	21.571425277888334
240000	-3991.0801913852406	-4008.177996468555	17.097805083314558	-4008.177996468555	0.0786498420579356	0.48457345593594625	17.097805083314558	14.948097845791139
241000	-3992.7601748657785	-4008.849821172894	16.089646307115373	-4008.849821172894	0.07871760331054087	0.5022437960325571	16.089646307115373	11.1066373801715
242000	-3993.2068274802714	-4009.605458421875	16.398630941603574	-4009.605458421875	0.07655085253739832	0.4811983036284476	16.398630941603574	28.71819730778824
243000	-3991.3471437073167	-4008.2166015096964	16.86945780237959	-4008.2166015096964	0.07976725877723159	0.5003065435406187	16.86945780237959	15.016143023160025
244000	-3995.0476943146814	-4011.630561378663	16.582867063981684	-4011.630561378663	0.08184403975803176	0.5232024367160792	16.582867063981684	18.43942964840752
245000	-3992.7853563210983	-4006.9996140582707	14.214257737172531	-4006.9996140582707	0.07629999515393364	0.49468616348530153	14.214257737172531	36.92282870631521
246000	-3992.027109785789	-4009.343451457379	17.316341671590294	-4009.343451457379	0.07633871436564248	0.4833198803951654	17.316341671590294	18.19725099692147
247000	-3991.8009102898754	-4009.0180431941258	17.2171329042501	-4009.0180431941258	0.07916678037089608	0.4885576563093932	17.2171329042501	17.840838744527407
248000	-3991.2335194207108	-4008.4506718695066	17.217152448795744	-4008.4506718695066	0.07656181971462137	0.487705981626797	17.217152448795744	19.71954444800894
249000	-3993.636217733529	-4011.6232944538283	17.987076720299157	-4011.6232944538283	0.0701226055134424	0.44851750748710795	17.987076720299157	19.4584076410601
250000	-3997.2838583360767	-4012.465412361166	15.181554025088898	-4012.465412361166	0.08148311013601511	0.4961499235969392	15.181554025088898	32.612579233250116
251000	-3991.6850917190727	-4008.363321135714	16.67822941664151	-4008.363321135714	0.07038700805239637	0.47031316265522705	16.67822941664151	11.851693329048612
252000	-3996.600771251743	-4013.8716386237847	17.270867372041522	-4013.8716386237847	0.0719557050630628	0.4758226397722266	17.270867372041522	23.054832170852446
253000	-3992.285410327236	-4009.291149671554	17.005739344317977	-4009.291149671554	0.07806835146916248	0.4977742954195919	17.005739344317977	16.281247110200965
254000	-3991.2232085215533	-4008.465963705761	17.24275518420782	-4008.465963705761	0.0738662306620471	0.4821820299797999	17.24275518420782	21.543865926218828
255000	-3994.970365170952	-4010.0027441703783	15.032378999426246	-4010.0027441703783	0.07941696432114838	0.507974284214532	15.032378999426246	31.57331333775443
256000	-3991.7024320714336	-4008.232246553354	16.529814481920525	-4008.232246553354	0.07771477431310894	0.4907501512082175	16.529814481920525	12.216403363239374
257000	-3993.142250662903	-4009.767958332858	16.625707669955176	-4009.767958332858	0.0771806532842748	0.47333056289617476	16.625707669955176	28.711134240875186
258000	-3991.7610151167837	-4008.5498684886456	16.788853371861734	-4008.5498684886456	0.0785661192358824	0.5122506207182282	16.788853371861734	18.25305728849448
259000	-3995.5673327410573	-4011.4048588532123	15.837526112154901	-4011.4048588532123	0.085800460155713	0.5501055496505378	15.837526112154901	21.08950385163819
260000	-3994.013150572567	-4010.6281315467977	16.614980974230438	-4010.6281315467977	0.0853358378859543	0.5149425382705572	16.614980974230438	14.6392202354067
261000	-3995.5770393325492	-4012.0086699371436	16.431630604594435	-4012.0086699371436	0.07552107390172054	0.48575291285900013	16.431630604594435	27.736666463725633
262000	-3991.5356038652153	-4008.965309899942	17.42970603472645	-4008.965309899942	0.07245070311557471	0.47702349938129446	17.42970603472645	19.622072571387818
263000	-3991.2037845595028	-4007.6121278566707	16.408343297167825	-4007.6121278566707	0.07925702146762267	0.511988348789911	16.408343297167825	12.888962502744777
264000	-3992.1304621214404	-4008.9239419462638	16.79347982482351	-4008.9239419462638	0.07860589821698008	0.5077155658179693	16.79347982482351	20.22895159992542
265000	-3990.0074660189707	-4007.4554250576593	17.44795903868881	-4007.4554250576593	0.07547547118413264	0.4747573155001507	17.44795903868881	20.590996336423785
266000	-3993.0813381169214	-4009.4099138507795	16.328575733858205	-4009.4099138507795	0.08524838859223748	0.5391410734961324	16.328575733858205	17.333091945223558
267000	-3998.5942069320877	-4016.206339208383	17.612132276295114	-4016.206339208383	0.07339345393293112	0.4620734971860639	17.612132276295114	16.574266820650568
268000	-3991.623557708192	-4008.572544666208	16.948986958015908	-4008.572544666208	0.07916465913339855	0.5030478950816123	16.948986958015908	18.73286261851036
269000	-3997.550920608148	-4014.1646765600394	16.61375595189156	-4014.1646765600394	0.0815858325253687	0.5006208077278462	16.61375595189156	13.19999529556524
270000	-3996.167137012613	-4012.6072470855834	16.44011007297038	-4012.6072470855834	0.08306386797418469	0.5276694028027109	16.44011007297038	14.7749561763559
271000	-3996.961585631488	-4012.4207479631136	15.459162331625556	-4012.4207479631136	0.08082585637262044	0.5199008310823997	15.459162331625556	27.86573024585025
272000	-3992.754059034147	-4010.073495663379	17.31943662923231	-4010.073495663379	0.07220695095413406	0.47099496399372764	17.31943662923231	23.778996390267682
273000	-3993.505704333395	-4010.774827034384	17.269122700989268	-4010.774827034384	0.07816993403367536	0.476678730892091	17.269122700989268	15.406203094322915
274000	-3995.2235368822357	-4012.047376535324	16.823839653088182	-4012.047376535324	0.08381066826322164	0.49761915611570007	16.823839653088182	22.513986793573633
275000	-3995.4103071956615	-4012.735670279723	17.3253630840614	-4012.735670279723	0.07555922783696586	0.46783543672497097	17.3253630840614	24.5072285137347
276000	-3995.602760589075	-4010.618649782081	15.015889193005776	-4010.618649782081	0.0794157200231157	0.5042747232901608	15.015889193005776	32.17401744218416
277000	-3992.311676074588	-4008.4535372413575	16.141861166769438	-4008.4535372413575	0.07509413136255294	0.48488346180454867	16.141861166769438	29.57541611151636
278000	-3995.5316598250756	-4012.6725565529487	17.140896727872814	-4012.6725565529487	0.07924306123447654	0.47514943275775356	17.140896727872814	24.555445979855037
279000	-3995.7523637645763	-4012.8211516407246	17.068787876148416	-4012.8211516407246	0.08249933328464959	0.49162216109154444	17.068787876148416	21.122079344372047
280000	-3991.1191583456452	-4007.205484887174	16.086326541528745	-4007.205484887174	0.07641111437755571	0.4923017401612208	16.086326541528745	28.68145484076491
281000	-3993.1982282961553	-4008.9305240780004	15.732295781844986	-4008.9305240780004	0.08268385379087223	0.5115448127500872	15.732295781844986	27.650654106050172
282000	-3993.4431761272363	-4009.7491729011986	16.305996773962388	-4009.7491729011986	0.08129880084924204	0.5282289899233767	16.305996773962388	13.594635163131661
283000	-3992.451341015369	-4008.9607053491222	16.509364333753126	-4008.9607053491222	0.07564941845333881	0.5019840181589759	16.509364333753126	24.350842040852243
284000	-3992.2189177755317	-4008.780391890984	16.5614741154523	-4008.780391890984	0.07952211062952827	0.5161165082452899	16.5614741154523	21.008913583781357
285000	-3992.8145439269038	-4009.843969331502	17.029425404598253	-4009.843969331502	0.07712484568381264	0.4896794249199401	17.029425404598253	15.019694596724817
286000	-3993.641893682092	-4010.4785713579317	16.836677675840036	-4010.4785713579317	0.08292905304407945	0.509882112560457	16.836677675840036	17.842499555230205
287000	-3993.7090749067224	-4010.427172307782	16.718097401059367	-4010.427172307782	0.08403410444529474	0.5150584569679217	16.718097401059367	18.893685249043305
288000	-3993.326379438492	-4009.463106078354	16.136726639862076	-4009.463106078354	0.0804767151234782	0.539693392312898	16.136726639862076	13.487275021008085
289000	-3996.827897694533	-4014.0488391417484	17.2209414472153	-4014.0488391417484	0.07247199817573666	0.48131619070068243	17.2209414472153	22.12917769859673
290000	-3990.999675905901	-4008.390145714956	17.390469809055016	-4008.390145714956	0.07235283822483415	0.46455879648529574	17.390469809055016	24.661533524701785
291000	-3990.7323874224367	-4007.7732521772095	17.04086475477274	-4007.7732521772095	0.07887942910279228	0.49809621724090614	17.04086475477274	17.374748972500544
292000	-3992.327352143915	-4009.1516115925674	16.82425944865257	-4009.1516115925674	0.08007239157095322	0.4909006305221265	16.82425944865257	23.97069192674189
293000	-3995.274889309509	-4012.7155066464634	17.44061733695424	-4012.7155066464634	0.0815186089088025	0.4741831402641595	17.44061733695424	17.051641076442188
294000	-3993.115938342477	-4009.552256220448	16.43631787797069	-4009.552256220448	0.08387376028462398	0.5329474380222814	16.43631787797069	16.477270852190873
295000	-3995.416110839803	-4012.5280579776736	17.111947137870438	-4012.5280579776736	0.06997824782721196	0.4715034328139761	17.111947137870438	13.781652468829224
296000	-3994.4252857128486	-4010.553464092094	16.128178379245718	-4010.553464092094	0.07942456391055999	0.5289838630005766	16.128178379245718	12.547024265904282
297000	-3993.7621867078587	-4011.228534452458	17.466347744599112	-4011.228534452458	0.0735846508649001	0.4733515527571962	17.466347744599112	20.86095222049586
298000	-3997.626550566609	-4014.505817983653	16.879267417043934	-4014.505817983653	0.07293440877155949	0.48777684362424717	16.879267417043934	24.14549175233307
299000	-3990.3562592200497	-4007.253004969868	16.896745749818237	-4007.253004969868	0.07457253473073355	0.4856868655670686	16.896745749818237	24.431970054998587
300000	-3993.7315068176076	-4010.6647114753273	16.933204657719656	-4010.6647114753273	0.07884367658211212	0.49744129442939655	16.933204657719656	21.295450570475055
301000	-3992.330091847595	-4009.14274884323	16.812656995634736	-4009.14274884323	0.07408381776149534	0.5043159595831723	16.812656995634736	20.96564419125909
302000	-3994.037270261585	-4010.9139691856767	16.87669892409176	-4010.9139691856767	0.07209781605912598	0.4525623170221991	16.87669892409176	30.99848420505104
303000	-3994.44322761862	-4011.59534225306	17.15211463444044	-4011.59534225306	0.06924836940524791	0.47303617618143057	17.15211463444044	24.927683848536642
304000	-3994.8213405763586	-4011.7886799718435	16.96733939548491	-4011.7886799718435	0.07833097064053536	0.5016738179587621	16.96733939548491	16.89368170744967
305000	-3995.9131344635352	-4011.84991022653	15.936775762994557	-4011.84991022653	0.07822249720747393	0.5174021631764443	15.936775762994557	25.606390164441187
306000	-3992.757523460385	-4009.8506711855503	17.09314772516539	-4009.8506711855503	0.07847562646250836	0.493807446024366	17.09314772516539	19.815271948015333
307000	-3995.7435030212405	-4012.4215194402386	16.678016418998176	-4012.4215194402386	0.08234342491843026	0.5030528423428425	16.678016418998176	22.737122045601648
308000	-3994.4937516996556	-4010.5033404382275	16.00958873857187	-4010.5033404382275	0.08073666150391734	0.5434566381374157	16.00958873857187	12.933484040782504
309000	-3995.724112253085	-4012.1744314715907	16.450319218505864	-4012.1744314715907	0.07957168842856385	0.49992422562299343	16.450319218505864	12.35646825727324
310000	-3990.494055048698	-4007.305131074856	16.811076026158116	-4007.305131074856	0.08112478529866929	0.506794705445728	16.811076026158116	20.24557524956026
311000	-3994.874777885018	-4011.524792347841	16.650014462822963	-4011.524792347841	0.08338682411899219	0.4964617976871779	16.650014462822963	13.100807918163511
312000	-3997.2803120787567	-4013.9322771208635	16.651965042107005	-4013.9322771208635	0.07856821874252683	0.510094422621466	16.651965042107005	14.333570922801123
313000	-3995.0409741061753	-4011.465645957774	16.424671851598738	-4011.465645957774	0.07701320661211443	0.500014520545919	16.424671851598738	12.25049558144299
314000	-3992.014633619604	-4009.041510262459	17.02687664285504	-4009.041510262459	0.08025824361452874	0.49915360475003223	17.02687664285504	18.38503808933193
315000	-3994.919776443407	-4011.5081977161913	16.58842127278443	-4011.5081977161913	0.08307270011371456	0.5176158110889397	16.58842127278443	20.29414756125689
316000	-3996.1070546724313	-4013.0155806022576	16.90852592982632	-4013.0155806022576	0.08078804908054589	0.5032394271038406	16.90852592982632	16.123614956112238
317000	-3992.139752126824	-4008.0526730732154	15.912920946391223	-4008.0526730732154	0.07138816235441298	0.468439596574802	15.912920946391223	33.49129662182869
318000	-3994.5872857478075	-4010.6749755951105	16.087689847303157	-4010.6749755951105	0.07364192188584316	0.4869791985052476	16.087689847303157	29.53260502841605
319000	-3993.668939019086	-4010.529257512124	16.86031849303813	-4010.529257512124	0.07866288356572244	0.5085388014589027	16.86031849303813	17.907415262123177
320000	-3992.109007990311	-4009.3825624048377	17.273554414526455	-4009.3825624048377	0.07147027444837334	0.4673398533673977	17.273554414526455	14.388565801205118
321000	-3993.894420843177	-4010.5398166311325	16.645395787955458	-4010.5398166311325	0.08261186743775453	0.5097029273992723	16.645395787955458	14.23241818947284
322000	-3995.070863338038	-4012.507305380708	17.436442042670134	-4012.507305380708	0.07300780237126543	0.47049149915750677	17.436442042670134	16.122487812309334
323000	-3993.686016997415	-4009.9061909357592	16.22017393834383	-4009.9061909357592	0.07815652295460931	0.5029561449740495	16.22017393834383	11.583249645892273
324000	-3996.7679943241455	-4013.253160051697	16.485165727551372	-4013.253160051697	0.0801259578324506	0.5072680216119656	16.485165727551372	23.55643002956982
325000	-3996.4397773745864	-4013.294562650243	16.854785275656642	-4013.294562650243	0.07251231317268174	0.45439996366104624	16.854785275656642	30.783518096713028
326000	-3996.867359671158	-4014.325255468001	17.457895796843104	-4014.325255468001	0.06922916313021839	0.4649636489214157	17.457895796843104	23.83604638645449
327000	-3993.5706752381125	-4010.486718503319	16.916043265206483	-4010.486718503319	0.07978054529434256	0.5020679252680494	16.916043265206483	15.932357535105503
328000	-3992.9715459149165	-4009.4444194320154	16.472873517098712	-4009.4444194320154	0.07822116031214721	0.5198657421944246	16.472873517098712	13.995758682129118
329000	-3992.58151197445	-4010.0724620951933	17.49095012074321	-4010.0724620951933	0.07434175862219987	0.46833650667453	17.49095012074321	22.39790716560221
330000	-3991.9229652392805	-4009.084755111884	17.16178987260343	-4009.084755111884	0.07587580948713175	0.48916798064898875	17.16178987260343	20.3790100899575
331000	-3996.97345114556	-4012.208559571267	15.235108425707242	-4012.208559571267	0.07789124348721518	0.5212547153123246	15.235108425707242	9.328421010530597
332000	-3993.38998594004	-4008.9184946445357	15.528508704495874	-4008.9184946445357	0.07785887236627903	0.5049735700948345	15.528508704495874	29.670760657314688
333000	-3991.1690077923795	-4008.2360462837014	17.067038491321924	-4008.2360462837014	0.07475422885196109	0.4929343161612667	17.067038491321924	16.009929928862555
334000	-3993.6880723119734	-4011.2802930798944	17.592220767920892	-4011.2802930798944	0.07219421586365393	0.46636171729539455	17.592220767920892	21.35940182145349
335000	-3995.2812943141516	-4011.61937864515	16.33808433099828	-4011.61937864515	0.08472497230508066	0.5183171768422304	16.33808433099828	12.952433080861603
336000	-3995.0496306519544	-4010.883714790326	15.834084138371463	-4010.883714790326	0.08330446340472995	0.5048197082827793	15.834084138371463	28.11304509319264
337000	-3994.6755434862357	-4010.9085956144254	16.233052128189755	-4010.9085956144254	0.07922893098041092	0.543004909897854	16.233052128189755	15.103277632415292
338000	-3993.219792207015	-4010.5013346521546	17.281542445139443	-4010.5013346521546	0.0777672922019495	0.4846553385325425	17.281542445139443	17.614578645834897
339000	-3991.292342571308	-4007.5027028182894	16.210360246981427	-4007.5027028182894	0.07810015969536466	0.4956974359185056	16.210360246981427	11.261989220001391
340000	-3992.3682400777766	-4009.697486922526	17.329246844749388	-4009.697486922526	0.07297705073060151	0.4810932785912525	17.329246844749388	20.30390551061595
341000	-3994.235052577371	-4010.9713334003877	16.736280823016727	-4010.9713334003877	0.07410547604029652	0.5048512258614145	16.736280823016727	14.40904203742924
342000	-3992.543250687973	-4009.6564718250415	17.113221137068518	-4009.6564718250415	0.07283394013102185	0.4916713789656413	17.113221137068518	16.419366594482526
343000	-3993.1462331627613	-4009.6688579750776	16.522624812316398	-4009.6688579750776	0.08547981489752013	0.5262717611003932	16.522624812316398	15.746500735232027
344000	-3993.640080766322	-4010.696913772099	17.056833005776923	-4010.696913772099	0.07345223201804905	0.4691239817139713	17.056833005776923	26.54379721091053
345000	-3994.4453550643325	-4012.2168648460633	17.77150978173077	-4012.2168648460633	0.074137137432355	0.4557342840804605	17.77150978173077	17.290013213836996
346000	-3992.7611531046045	-4009.1663260982027	16.40517299359805	-4009.1663260982027	0.08130044983351552	0.4971542621433114	16.40517299359805	25.944799624172575
347000	-3992.2813295838237	-4009.7267015628095	17.445371978985662	-4009.7267015628095	0.07598247038591782	0.4747194196464693	17.445371978985662	20.67832575500194
348000	-3995.6015412780052	-4010.962823261412	15.361281983406444	-4010.962823261412	0.08244651176080844	0.5488897493482565	15.361281983406444	10.379464719594063
349000	-3994.3698601007504	-4010.813396969642	16.443536868891595	-4010.813396969642	0.07689867419826416	0.4844491106654707	16.443536868891595	27.887472763753458
350000	-3996.6420401636765	-4013.423136170935	16.78109600725844	-4013.423136170935	0.0840618261603481	0.5117200323042544	16.78109600725844	16.34144759378251
351000	-3993.008436128223	-4007.545190045302	14.536753917079082	-4007.545190045302	0.07999697455730662	0.5052252926708103	14.536753917079082	34.094778007956286
352000	-3993.4104480082315	-4010.8252784968686	17.414830488636994	-4010.8252784968686	0.07554841046901747	0.4766254175778109	17.414830488636994	20.45070245441519
353000	-3995.1902961859387	-4012.063970001621	16.873673815682313	-4012.063970001621	0.08532700759149454	0.5062820279161471	16.873673815682313	16.42776436717163
354000	-3995.9476225007825	-4013.1996790391677	17.25205653838539	-4013.1996790391677	0.0756987809013064	0.48329943101875467	17.25205653838539	16.44066543776189
355000	-3993.6564003043163	-4010.697819387554	17.041419083237713	-4010.697819387554	0.07578706811401598	0.48775513801440884	17.041419083237713	22.564848457716167
356000	-3991.273496606101	-4007.990687461179	16.71719085507783	-4007.990687461179	0.0755458339061369	0.491303462742342	16.71719085507783	13.098754266983837
357000	-3994.7576900775816	-4012.2140030988267	17.456313021244835	-4012.2140030988267	0.07626590259498203	0.4759222577458581	17.456313021244835	19.223094002995005
358000	-3994.70808120142	-4011.3240709726488	16.615989771228598	-4011.3240709726488	0.07579679985341453	0.4873527105958086	16.615989771228598	12.399560228237046
359000	-3992.1750656035515	-4008.990112914765	16.815047311213455	-4008.990112914765	0.07720664608201382	0.5099168152193863	16.815047311213455	16.456731432510338
360000	-3992.360584065973	-4008.2909666333617	15.930382567388724	-4008.2909666333617	0.08213369652630834	0.5202804899993133	15.930382567388724	11.250804180659589
361000	-3998.4787622763624	-4014.751271523107	16.272509246744495	-4014.751271523107	0.08807053596106103	0.5336893841678771	16.272509246744495	13.93355496009289
362000	-3993.322773559166	-4009.9834470195146	16.660673460348853	-4009.9834470195146	0.08344872898090216	0.5134234425534686	16.660673460348853	20.472605831001072
363000	-3994.1728633186653	-4011.3462931018294	17.17342978316414	-4011.3462931018294	0.07208610290966579	0.4805344230949974	17.17342978316414	22.92921351968617
364000	-3994.884120969188	-4011.8133218083567	16.9292008391684	-4011.8133218083567	0.07569112002437893	0.5046046439713286	16.9292008391684	17.497343681347804
365000	-3993.5991984005295	-4009.6713971337253	16.07219873319599	-4009.6713971337253	0.08004014378515668	0.5380595737199164	16.07219873319599	21.260881012506996
366000	-3991.7516645527717	-4007.5832908929697	15.831626340197882	-4007.5832908929697	0.07789978441658849	0.4983854631544394	15.831626340197882	29.110574195420842
367000	-3991.532638401652	-4008.5422692144048	17.009630812752455	-4008.5422692144048	0.07445830665936867	0.49953043530417013	17.009630812752455	18.970234463652577
368000	-3992.8738815774695	-4009.590916962483	16.717035385013542	-4009.590916962483	0.07404151989840474	0.4627488419614532	16.717035385013542	11.683380254648277
369000	-3991.225985438751	-4007.4582599051205	16.232274466369255	-4007.4582599051205	0.07882645920065984	0.5181389275798036	16.232274466369255	12.39004090384938
370000	-3993.0568510291914	-4009.771310400832	16.71445937164069	-4009.771310400832	0.07784837777207589	0.48202078098111534	16.71445937164069	26.544102258320162
371000	-3992.2075882083273	-4008.9253647498817	16.717776541554468	-4008.9253647498817	0.07687959550089056	0.5090608741958009	16.717776541554468	20.90756040742431
372000	-3992.7022622040477	-4010.0893134829103	17.387051278862675	-4010.0893134829103	0.07908126159702047	0.4791509713139211	17.387051278862675	17.927836569755893
373000	-3994.429285277396	-4011.5208209950756	17.091535717679434	-4011.5208209950756	0.07136026415854763	0.4735690853590853	17.091535717679434	25.337307271169976
374000	-3992.455156945474	-4009.3753229347226	16.920165989248623	-4009.3753229347226	0.0803116607406698	0.5032863038684254	16.920165989248623	16.36804999510672
375000	-3997.1360600406206	-4014.392830912442	17.256770871821345	-4014.392830912442	0.07441242646805642	0.4800120118215269	17.256770871821345	15.809741382647275
376000	-3994.3719433166743	-4010.786406224997	16.414462908322385	-4010.786406224997	0.08288939653285907	0.5317465389778689	16.414462908322385	15.291342357026487
377000	-3994.963049823475	-4010.795751046818	15.832701223342971	-4010.795751046818	0.08260869819637254	0.5145366800736554	15.832701223342971	10.718566571437645
378000	-3995.6668837245534	-4012.3795543920096	16.71267066745637	-4012.3795543920096	0.07238481106645335	0.49196443309505683	16.71267066745637	13.120020504133283
379000	-3992.6669676862916	-4008.1057006182214	15.438732931929572	-4008.1057006182214	0.08284595207061951	0.5122486813952344	15.438732931929572	29.057947551297115
380000	-3994.7484550665636	-4011.847891602358	17.09943653579422	-4011.847891602358	0.08350939241881111	0.49378573285051724	17.09943653579422	16.864215164398836
381000	-3992.7030598706874	-4009.020180415716	16.317120545028647	-4009.020180415716	0.08501921761264739	0.5253996439416385	16.317120545028647	13.401254430903158
382000	-3992.6920076485017	-4010.3139739584526	17.62196630995079	-4010.3139739584526	0.07163540675982541	0.4644001637538382	17.62196630995079	17.295181507748854
383000	-3996.3953473159995	-4013.4570590853555	17.061711769355888	-4013.4570590853555	0.07617920844609719	0.4835832104857578	17.061711769355888	14.546508932761856
384000	-3996.558445730261	-4012.815004824076	16.256559093814978	-4012.815004824076	0.08174987115250296	0.5127029666419793	16.256559093814978	12.193835034231682
385000	-3997.4233217672686	-4012.088504492607	14.665182725338664	-4012.088504492607	0.08318613303762531	0.5308182471742083	14.665182725338664	30.09100221141699
386000	-3991.1552450618387	-4008.0651383914437	16.90989332960483	-4008.0651383914437	0.07649779886995114	0.49725054363259547	16.90989332960483	21.646092325518005
387000	-3992.0750941183264	-4008.669074176782	16.593980058455756	-4008.669074176782	0.07931426564589111	0.5082751548211747	16.593980058455756	22.420671283608804
388000	-3998.6300504134406	-4016.3078401324997	17.677789719059074	-4016.3078401324997	0.0812026396568132	0.4610057082475234	17.677789719059074	21.989709965912684
389000	-3997.5755152440665	-4011.2693467296162	13.69383148554956	-4011.2693467296162	0.07833886246581706	0.51795197247426	13.69383148554956	6.755061784901606
390000	-3997.7836355548075	-4014.218337203722	16.43470164891477	-4014.218337203722	0.07730399515928102	0.5326279672681182	16.43470164891477	17.69439562806923
391000	-3992.537509180477	-4008.4435851916714	15.906076011194212	-4008.4435851916714	0.07948661996070391	0.486602156729387	15.906076011194212	30.563069827438348
392000	-3993.3145103443317	-4011.3432824806628	18.028772136331074	-4011.3432824806628	0.07004168549684488	0.4448665028746453	18.028772136331074	22.096718489138148
393000	-3993.891055319285	-4011.1749146222473	17.283859302962444	-4011.1749146222473	0.07178848924751338	0.47495950012336924	17.283859302962444	15.300566806357724
394000	-3994.5484449991427	-4012.088259418271	17.53981441912801	-4012.088259418271	0.07187834952239923	0.4676795991805389	17.53981441912801	21.835526378317173
395000	-3994.4888237240084	-4011.2840256733057	16.795201949297102	-4011.2840256733057	0.08095160057227647	0.5045829578019352	16.795201949297102	14.91247190873355
396000	-3994.581756509849	-4010.7607599370854	16.179003427236257	-4010.7607599370854	0.08186898800661446	0.526835213357339	16.179003427236257	22.411477393399476
397000	-3995.3776740278813	-4010.1398057338556	14.76213170597439	-4010.1398057338556	0.08673136988387453	0.5376450510880998	14.76213170597439	28.786979002444394
398000	-3992.1647358928353	-4009.554246938102	17.389511045266566	-4009.554246938102	0.07631118963379734	0.4789155500669803	17.389511045266566	19.76233916069003
399000	-3993.1031888714588	-4010.2486259730695	17.145437101610508	-4010.2486259730695	0.07965512248173481	0.4831344559926093	17.145437101610508	15.176441425785633
400000	-3996.357436000153	-4013.529432345166	17.17199634501281	-4013.529432345166	0.07974544417674587	0.4905106832793036	17.17199634501281	17.350855854198297
401000	-3990.477996122188	-4007.4450573227236	16.967061200535767	-4007.4450573227236	0.07676425653296776	0.4860388138571774	16.967061200535767	23.729048191309673
402000	-3993.437995111461	-4010.7952593827927	17.357264271331466	-4010.7952593827927	0.07906150415020072	0.4710999300184683	17.357264271331466	23.325722332353596
403000	-3990.402449717514	-4007.5325349406075	17.130085223093428	-4007.5325349406075	0.0762329598876238	0.4847002892116385	17.130085223093428	22.329227311692115
404000	-3997.527295710381	-4009.089801084796	11.562505374414954	-4009.089801084796	0.07461625651005101	0.4949248102373214	11.562505374414954	46.428830566963946
405000	-3992.0431608182275	-4008.734421820429	16.691261002201237	-4008.734421820429	0.0799331067384386	0.5139649718129629	16.691261002201237	19.85610829237714
406000	-3994.0216758002484	-4010.6909006925316	16.669224892283047	-4010.6909006925316	0.07626973816593473	0.5071958534746689	16.669224892283047	21.91624296906719
407000	-3992.504487195567	-4008.7513387578883	16.246851562321375	-4008.7513387578883	0.07769727134390211	0.516198105572498	16.246851562321375	23.762276820397055
408000	-3992.044908510669	-4009.135600372287	17.09069186161845	-4009.135600372287	0.07786633391113953	0.48260831501277834	17.09069186161845	14.657149139533795
409000	-3993.1782399213703	-4010.097532813831	16.919292892460692	-4010.097532813831	0.07560068639755564	0.4831250943599985	16.919292892460692	13.595334577637257
410000	-3992.410014920445	-4009.1783330254293	16.76831810498421	-4009.1783330254293	0.07503029576349915	0.47652682545001074	16.76831810498421	27.193853338009227
411000	-3993.9021445165768	-4010.395275733619	16.493131217042457	-4010.395275733619	0.08050297040569966	0.5156814220201127	16.493131217042457	13.709957881433207
412000	-3989.726275033984	-4006.598892299733	16.872617265749	-4006.598892299733	0.07717871086160946	0.49802631541913583	16.872617265749	21.88834101230004
413000	-3992.496469929743	-4009.4984541319404	17.001984202197267	-4009.4984541319404	0.07660095380628315	0.4993886346360387	17.001984202197267	16.780979255510914
414000	-3995.8795798538667	-4009.4539004995268	13.574320645659865	-4009.4539004995268	0.08466013351589	0.5361432244403224	13.574320645659865	33.75619398515113
415000	-3994.664845648571	-4010.4884644242893	15.823618775718275	-4010.4884644242893	0.07769315884875914	0.5055702976738476	15.823618775718275	10.414748321640074
416000	-3993.537988102591	-4010.8661033089097	17.328115206318525	-4010.8661033089097	0.06980549511290596	0.47466606316830384	17.328115206318525	15.674014896997358
417000	-3995.1306390439718	-4011.8004560745203	16.669817030548394	-4011.8004560745203	0.07744158766239691	0.5190837152223142	16.669817030548394	16.691817931125403
418000	-3996.8965319686868	-4013.3016381617686	16.405106193081828	-4013.3016381617686	0.08536680363008822	0.5197390167500818	16.405106193081828	21.816561806536793
419000	-3994.519802347174	-4011.2713642030517	16.751561855877966	-4011.2713642030517	0.07955824788283536	0.512278168617835	16.751561855877966	19.351851398596345
420000	-3998.353232615902	-4014.8328990724394	16.479666456537377	-4014.8328990724394	0.0909453676854579	0.5303958714822045	16.479666456537377	16.568557217137748
421000	-3990.8411557346185	-4007.4394804736944	16.598324739075736	-4007.4394804736944	0.08401663054266076	0.5233395872288191	16.598324739075736	17.74179429525255
422000	-3989.633272209548	-4006.838265503706	17.204993294158335	-4006.838265503706	0.0754224625449744	0.48883603752677657	17.204993294158335	19.36094929615222
423000	-3997.138759967694	-4011.3697800397263	14.231020072032337	-4011.3697800397263	0.07533428780899831	0.46310799148463344	14.231020072032337	41.82877681437148
424000	-3996.185130451493	-4012.408398203003	16.223267751509994	-4012.408398203003	0.08176442115993099	0.5183173671876794	16.223267751509994	23.56827319330216
425000	-3998.412341786771	-4012.964725652281	14.55238386551007	-4012.964725652281	0.08729188564899557	0.5386536174338822	14.55238386551007	29.572013097887673
426000	-3996.5316248269046	-4013.7678105904856	17.23618576358118	-4013.7678105904856	0.07441828522005839	0.4815474650732662	17.23618576358118	21.84727700667992
427000	-3993.069404371877	-4009.8914466311417	16.822042259264368	-4009.8914466311417	0.08116439996194133	0.5033065173212038	16.822042259264368	14.991619026668197
428000	-3993.4605036637718	-4011.2571129409716	17.7966092771997	-4011.2571129409716	0.0675373566565144	0.4562800492011223	17.7966092771997	21.649426860325896
429000	-3992.327622096714	-4008.8801657840363	16.552543687322366	-4008.8801657840363	0.07921364396389591	0.49727842137300193	16.552543687322366	12.6696636657085
430000	-3996.6291283710307	-4013.001709209086	16.372580838055523	-4013.001709209086	0.07572436346976319	0.5186917491674151	16.372580838055523	22.316253712296987
431000	-3992.2101245119234	-4009.3012170843303	17.09109257240676	-4009.3012170843303	0.07576544732155119	0.49246365681559345	17.09109257240676	16.262929812109224
432000	-3996.323154047631	-4012.5722567785547	16.2491027309239	-4012.5722567785547	0.07811280774756835	0.4773645316258962	16.2491027309239	30.22822285734146
433000	-3991.958043910689	-4008.8049410564336	16.846897145744798	-4008.8049410564336	0.07756827668187946	0.5087860197703632	16.846897145744798	16.88163182017406
434000	-3997.606826631731	-4014.0512914298592	16.4444647981282	-4014.0512914298592	0.08340425774801712	0.5319989173857549	16.4444647981282	16.110209422741214
435000	-3993.653340457105	-4011.041752682255	17.388412225149548	-4011.041752682255	0.07190334196612483	0.47184558353453077	17.388412225149548	22.72615608234161
436000	-3999.866778734559	-4017.237642949637	17.370864215078146	-4017.237642949637	0.07030349005203407	0.4775538556122132	17.370864215078146	21.024511456162962
437000	-3992.520291632469	-4009.0017113506005	16.481419718131626	-4009.0017113506005	0.08511425221611263	0.5283724086944139	16.481419718131626	18.584371921470222
438000	-3996.7049029892296	-4012.7264682197874	16.021565230557805	-4012.7264682197874	0.07374611860417937	0.5115398043852374	16.021565230557805	26.00766876597865
439000	-3992.496141257465	-4008.942138256267	16.44599699880178	-4008.942138256267	0.0833219350298116	0.5249185482644982	16.44599699880178	20.222503406910988
440000	-3990.336248146585	-4007.2693130268635	16.9330648802786	-4007.2693130268635	0.07907043500569086	0.5029781391438229	16.9330648802786	19.310951529151758
441000	-3998.891498428543	-4015.195274153411	16.3037757248679	-4015.195274153411	0.08302769273064677	0.5335209698725495	16.3037757248679	19.84586737657463
442000	-3991.3521419738777	-4008.7408904494014	17.388748475523872	-4008.7408904494014	0.0732731089205468	0.467462690594986	17.388748475523872	15.2203023969814
443000	-3994.2309163206955	-4010.7107405343163	16.479824213620862	-4010.7107405343163	0.08457343504929557	0.5285695369238889	16.479824213620862	15.60146423563494
444000	-3997.3594419482383	-4013.8568969904277	16.497455042189358	-4013.8568969904277	0.07994489754453263	0.5076675854660851	16.497455042189358	23.38167361159542
445000	-3992.4469918286864	-4009.6240615126335	17.17706968394714	-4009.6240615126335	0.07749877496523651	0.4829730774730477	17.17706968394714	15.455255802830312
446000	-3995.7493590962868	-4011.5322888292144	15.782929732927556	-4011.5322888292144	0.08287616158825722	0.5464493713909154	15.782929732927556	22.105296889256184
447000	-3997.5185768620286	-4013.8359579862217	16.317381124193037	-4013.8359579862217	0.08690285900093889	0.526543149916401	16.317381124193037	13.510771513621206
448000	-3992.359361138785	-4008.843815664776	16.484454525990714	-4008.843815664776	0.08033401776330241	0.5108411311402762	16.484454525990714	22.878883949824548
449000	-3991.691279242233	-4008.7944246713987	17.103145429165444	-4008.7944246713987	0.07632813243459695	0.4950254937492655	17.103145429165444	18.29924467581086
450000	-3998.8168227485967	-4014.2184974731776	15.401674724580952	-4014.2184974731776	0.08359097422072295	0.5506412157213415	15.401674724580952	23.91668364451288
451000	-3989.842520290932	-4006.9687026053252	17.126182314393212	-4006.9687026053252	0.07382675225796609	0.4856996475509874	17.126182314393212	15.366276096040686
452000	-3994.2273306707107	-4011.8836158732074	17.656285202496786	-4011.8836158732074	0.07184223807424084	0.4567849216580535	17.656285202496786	16.1112617835571
453000	-3996.5143614441336	-4013.0850184850706	16.570657040936897	-4013.0850184850706	0.07825121021073403	0.5033105876902214	16.570657040936897	13.157713908818176
454000	-3993.7263664420084	-4010.953353542754	17.226987100745728	-4010.953353542754	0.07676941722263195	0.4877476604101552	17.226987100745728	17.610905009350155
455000	-3991.6316262579226	-4008.099046833357	16.467420575434392	-4008.099046833357	0.08015573403443918	0.5146180531503383	16.467420575434392	13.438511522832151
456000	-3992.2042062944333	-4009.4191961222464	17.21498982781319	-4009.4191961222464	0.07313564200918686	0.4835367841583609	17.21498982781319	15.9783208314924
457000	-3991.1894211035838	-4007.9329234325614	16.743502328977605	-4007.9329234325614	0.07778006135306637	0.514026898952023	16.743502328977605	16.34427977179098
458000	-3995.010581985988	-4011.662529410484	16.651947424495617	-4011.662529410484	0.0806136247377608	0.49230931466432826	16.651947424495617	25.076787982985742
459000	-3994.464931199969	-4012.0174313642174	17.552500164248155	-4012.0174313642174	0.0753029989933265	0.47092503651630024	17.552500164248155	19.159232523052847
460000	-3996.577588588843	-4011.574801168131	14.997212579288304	-4011.574801168131	0.08245812161386136	0.519036629651989	14.997212579288304	30.193024650054216
461000	-3991.7912829434113	-4009.0499741653744	17.25869122196318	-4009.0499741653744	0.07855121135277983	0.48601761199942856	17.25869122196318	19.401116961925712
462000	-3991.3825842223014	-4007.665595543496	16.283011321194348	-4007.665595543496	0.07495418710543655	0.4993558720357482	16.283011321194348	26.363781346611415
463000	-3995.213965192854	-4013.01238561622	17.798420423365574	-4013.01238561622	0.07307989455800239	0.4557882709429758	17.798420423365574	17.773420954077178
464000	-3994.9114135881064	-4011.6277240312656	16.716310443159177	-4011.6277240312656	0.07099872737993163	0.4610420518816221	16.716310443159177	30.38784125254273
465000	-3993.323148022182	-4009.7321365328285	16.408988510646246	-4009.7321365328285	0.08235820547631245	0.5194494640624432	16.408988510646246	13.482047420428186
466000	-3992.214183004096	-4009.615182271732	17.400999267636042	-4009.615182271732	0.0761074370652135	0.4762985506216809	17.400999267636042	16.984155416140716
467000	-3995.106128391427	-4009.648311384417	14.542182992990021	-4009.648311384417	0.08107969118778287	0.5334148487801285	14.542182992990021	30.28170299595018
468000	-3993.3374768565914	-4009.26858786445	15.931111007858826	-4009.26858786445	0.07834230555561819	0.4984048240398745	15.931111007858826	10.505534946444737
469000	-3995.204437394869	-4010.5843022721156	15.379864877246707	-4010.5843022721156	0.07876533085460917	0.5135071931648756	15.379864877246707	9.492071568316561
470000	-3994.0970485455177	-4010.6316355995104	16.534587053992645	-4010.6316355995104	0.07619956729719596	0.47928255580834767	16.534587053992645	28.222105975718662
471000	-3991.3823818966894	-4008.428552359649	17.046170462959644	-4008.428552359649	0.07886108429170297	0.4958448205398175	17.046170462959644	19.96753655717374
472000	-3992.2047010895403	-4009.9362508765958	17.73154978705544	-4009.9362508765958	0.07275328632720851	0.46162456556342507	17.73154978705544	19.70291185959747
473000	-3993.078689629104	-4009.9107622359393	16.832072606835457	-4009.9107622359393	0.07978013054311828	0.5101424662287845	16.832072606835457	17.45032157192286
474000	-3989.7245575788907	-4006.8307245482083	17.106166969317513	-4006.8307245482083	0.07562968495250214	0.49450914228368664	17.106166969317513	18.903677655788453
475000	-3997.0807573539437	-4012.110477725922	15.029720371978451	-4012.110477725922	0.08410352330113555	0.564042126832699	15.029720371978451	24.187679329403682
476000	-3991.433527058785	-4007.816618638875	16.383091580089896	-4007.816618638875	0.07978455999507814	0.5226920362797389	16.383091580089896	13.607741249693898
477000	-3994.325508409044	-4010.1829502124638	15.857441803419881	-4010.1829502124638	0.08288168509797235	0.523992343324333	15.857441803419881	25.076769985483082
478000	-3991.044938036701	-4007.8663686154623	16.821430578761614	-4007.8663686154623	0.07776651864623327	0.5060069925677453	16.821430578761614	20.33514319358425
479000	-3995.4748016250596	-4011.2954087528387	15.82060712777922	-4011.2954087528387	0.08275426076401321	0.5450820400224041	15.82060712777922	11.98749086370745
480000	-3991.4150406940057	-4008.5533281108874	17.138287416881646	-4008.5533281108874	0.07488151438544166	0.48096020919264354	17.138287416881646	23.208659768127088
481000	-3997.004716684757	-4013.753567862635	16.74885117787771	-4013.753567862635	0.07832532804141565	0.4912212819113839	16.74885117787771	24.534523262298602
482000	-3994.011301830986	-4010.814040163484	16.80273833249794	-4010.814040163484	0.07214640994337988	0.4754388845841103	16.80273833249794	12.558325962927636
483000	-3994.6577257610093	-4010.946583143283	16.288857382273754	-4010.946583143283	0.07393900865776919	0.47539028863020893	16.288857382273754	10.820038845233446
484000	-3995.6531829073497	-4012.8685979510506	17.215415043700897	-4012.8685979510506	0.0810154240103598	0.4838569260368146	17.215415043700897	16.049207594759643
485000	-3995.2554261503665	-4010.34074235854	15.085316208173408	-4010.34074235854	0.08564822035621097	0.530020009452915	15.085316208173408	9.174796524635116
486000	-3994.3805886864925	-4011.6475870139025	17.26699832740976	-4011.6475870139025	0.07824800204025006	0.47706219525958105	17.26699832740976	22.761317831566334
487000	-3995.5781386119234	-4012.3944889903987	16.816350378475228	-4012.3944889903987	0.07918901777261379	0.5051385175714741	16.816350378475228	20.67840564572932
488000	-3998.113692061511	-4015.6122451382525	17.498553076741846	-4015.6122451382525	0.0689586330047718	0.4735294994445315	17.498553076741846	19.602423109120423
489000	-3993.2830673964368	-4011.239547787003	17.956480390566632	-4011.239547787003	0.07229581380895567	0.4502555593141737	17.956480390566632	19.983187363342616
490000	-3995.66990685338	-4013.278392412045	17.60848555866509	-4013.278392412045	0.07410829596783594	0.46800607114460135	17.60848555866509	19.242455893224367
491000	-3995.732714947044	-4012.0028904362575	16.270175489213464	-4012.0028904362575	0.0823479763848006	0.5181552594044645	16.270175489213464	12.57794445732981
492000	-3992.7950688876654	-4009.308204958849	16.51313607118323	-4009.308204958849	0.08199037160093389	0.5096671581231004	16.51313607118323	13.310992571291132
493000	-3995.129882772064	-4010.8745562815725	15.744673509508669	-4010.8745562815725	0.07582827503085246	0.4715043274289359	15.744673509508669	33.81279916834561
494000	-3997.327163248233	-4014.0496617724707	16.72249852423763	-4014.0496617724707	0.0681737713042537	0.4533813401854103	16.72249852423763	31.77163626389047
495000	-3999.3625373406494	-4016.0394604419635	16.676923101314145	-4016.0394604419635	0.07385789591968428	0.5089161073861035	16.676923101314145	21.431472627348175
496000	-3991.2021675298824	-4007.5785377875136	16.376370257631137	-4007.5785377875136	0.07973622213488404	0.5151213391930147	16.376370257631137	12.935185095172308
497000	-3991.79857886853	-4008.465842614509	16.667263745978577	-4008.465842614509	0.07984049542368377	0.5190147361458053	16.667263745978577	16.52941585533616
498000	-3995.817333492459	-4012.326612317176	16.509278824717118	-4012.326612317176	0.07961183731856628	0.5184677046480678	16.509278824717118	21.039880501526973
499000	-3996.5390198314985	-4012.5642957199516	16.02527588845315	-4012.5642957199516	0.08243505970907	0.5571864791155883	16.02527588845315	17.05158342143793
500000	-3994.032429973306	-4011.409251298815	17.376821325508963	-4011.409251298815	0.07238910892073053	0.4696080925833537	17.376821325508963	23.504526434940797
501000	-3995.01409971217	-4012.289907733496	17.275808021326224	-4012.289907733496	0.07926265495284113	0.4797917718810623	17.275808021326224	21.828579791829647
502000	-3993.928688591446	-4011.2683369353044	17.339648343858215	-4011.2683369353044	0.07580420196269537	0.469214675056002	17.339648343858215	24.01784690956851
503000	-3997.403933479551	-4013.865950075615	16.462016596063464	-4013.865950075615	0.08544313388102194	0.5255337247424989	16.462016596063464	19.84965384366006
504000	-3993.923192154573	-4011.2450686363163	17.32187648174319	-4011.2450686363163	0.07202851071266994	0.4564802328596572	17.32187648174319	27.12660000185351
505000	-3997.927572462107	-4015.550088236048	17.62251577394099	-4015.550088236048	0.07017194178245911	0.4670622813243498	17.62251577394099	19.85972971185415
506000	-3997.148523657242	-4013.5212857496135	16.372762092371566	-4013.5212857496135	0.08073810403674339	0.5335627812494341	16.372762092371566	15.05746597817948
507000	-3996.5504019629752	-4013.751529583064	17.20112762008858	-4013.751529583064	0.0713954915576365	0.48749951142310105	17.20112762008858	16.773466046995313
508000	-3995.857189533152	-4013.525844126642	17.668654593489748	-4013.525844126642	0.06990997087489642	0.4629269306704813	17.668654593489748	21.284228681645782
509000	-3995.0954971151546	-4010.132382239577	15.036885124422355	-4010.132382239577	0.0730930371208576	0.48034238561219794	15.036885124422355	35.66163146675646
510000	-3997.1163380184385	-4013.9085621552435	16.792224136805267	-4013.9085621552435	0.08228568215395814	0.5120519685717227	16.792224136805267	18.266376438285935
511000	-3994.710806944995	-4011.651377244913	16.940570299917752	-4011.651377244913	0.077841234354739	0.47852533418665355	16.940570299917752	13.376857760843954
512000	-3993.8938211371524	-4010.7829649396053	16.88914380245297	-4010.7829649396053	0.07077648549463347	0.4810886231037558	16.88914380245297	13.288494774039005
513000	-3991.0517973269034	-4008.255680420007	17.203883093103958	-4008.255680420007	0.07549300060293726	0.4884491043084574	17.203883093103958	17.229784815472136
514000	-3991.1212592242364	-4007.6647450374453	16.543485813208896	-4007.6647450374453	0.07965155868806889	0.5206096433108924	16.543485813208896	20.08263975457834
515000	-3995.88256559326	-4011.7118996716363	15.829334078376359	-4011.7118996716363	0.08965151716660592	0.5597050022988674	15.829334078376359	13.163340689838558
516000	-3992.2528019391293	-4009.16299293627	16.910190997140322	-4009.16299293627	0.07486559212863123	0.5044749148427633	16.910190997140322	19.145320588908078
517000	-3991.3712967201004	-4008.7116687114462	17.340371991345595	-4008.7116687114462	0.07608921247308983	0.48087968959570293	17.340371991345595	17.38487790825395
518000	-3997.7713492855014	-4014.8521145666564	17.080765281155113	-4014.8521145666564	0.07628291857935746	0.4621313944229504	17.080765281155113	27.780518366658125
519000	-3990.6037509147536	-4007.4121272610346	16.80837634628104	-4007.4121272610346	0.07951743684543076	0.505500839342938	16.80837634628104	20.685255535398237
520000	-3996.538469752805	-4014.159971473021	17.62150172021569	-4014.159971473021	0.07179773002748142	0.46285795477901714	17.62150172021569	22.266864620382805
521000	-3994.0923053325996	-4009.8141755953966	15.721870262796944	-4009.8141755953966	0.08774432674005381	0.5518561700231599	15.721870262796944	21.690228840290366
522000	-3993.1776006255213	-4009.7349180395727	16.55731741405114	-4009.7349180395727	0.07734591137143573	0.50234884500941	16.55731741405114	13.017457940199645
523000	-3991.402411054214	-4008.7883012252855	17.385890171071374	-4008.7883012252855	0.0767252105870826	0.4797159732689652	17.385890171071374	18.880231505044673
524000	-3996.5492010528897	-4013.238357266665	16.689156213775473	-4013.238357266665	0.07803990008457579	0.5179556352338534	16.689156213775473	18.052875755126745
525000	-3992.1046314299674	-4008.7537849561472	16.649153526179845	-4008.7537849561472	0.08326863276236443	0.5202155305866982	16.649153526179845	18.01530955888599
526000	-3996.9342555849144	-4012.8893299808797	15.955074395965529	-4012.8893299808797	0.0834291359350222	0.5401106837582892	15.955074395965529	21.86025234630493
527000	-3994.2691606911635	-4011.002453907937	16.733293216773365	-4011.002453907937	0.07875280096327453	0.5042348758300924	16.733293216773365	14.312141597881595
528000	-3991.7601999042386	-4008.53344113974	16.77324123550127	-4008.53344113974	0.07816111553950711	0.4910904517278541	16.77324123550127	13.381002518752267
529000	-3993.150182016932	-4009.604843345687	16.45466132875548	-4009.604843345687	0.07909689683156566	0.5222964829461042	16.45466132875548	14.130077304361631
530000	-3992.534597101797	-4008.553597006424	16.018999904627194	-4008.553597006424	0.08142190669743658	0.5245204926987359	16.018999904627194	23.966452377864528
531000	-3998.0347107457465	-4012.78170675199	14.74699600624357	-4012.78170675199	0.08147782538865607	0.5470250650470129	14.74699600624357	27.66981776900896
532000	-3992.2055998473656	-4009.4832291434464	17.2776292960807	-4009.4832291434464	0.07881614106668253	0.48527471685049345	17.2776292960807	19.15548647308992
533000	-3998.257838105636	-4015.5417603714795	17.283922265843664	-4015.5417603714795	0.08047624134908524	0.47923749147543915	17.283922265843664	15.981142593385893
534000	-3998.277259052536	-4011.291828858843	13.01456980630685	-4011.291828858843	0.07026137570321977	0.46503768522429156	13.01456980630685	46.190775127331996
535000	-3993.19332556197	-4010.2725239282436	17.07919836627363	-4010.2725239282436	0.07363671425850987	0.4943685569649071	17.07919836627363	16.62302936740953
536000	-3993.7981017973343	-4009.63025671177	15.832154914435893	-4009.63025671177	0.07531416688309925	0.509652863044973	15.832154914435893	27.39030384361495
537000	-3994.678377179836	-4011.4946348416033	16.816257661767317	-4011.4946348416033	0.07631907719818125	0.47870560122899575	16.816257661767317	12.79413492883512
538000	-3994.9589655990158	-4010.3698710469553	15.410905447939456	-4010.3698710469553	0.0835799258283917	0.514163383763285	15.410905447939456	28.921429139538656
539000	-3991.8917215882375	-4008.523209903973	16.631488315735744	-4008.523209903973	0.08379828615350371	0.5210997184540405	16.631488315735744	16.475375502682457
540000	-3996.4999265307506	-4013.2165681087135	16.71664157796273	-4013.2165681087135	0.086027701134033	0.516578718765468	16.71664157796273	17.88570222727407
541000	-3991.784892426496	-4008.6506130940843	16.865720667588537	-4008.6506130940843	0.08014077631425315	0.49348871022491475	16.865720667588537	14.15810766286389
542000	-3992.092873628029	-4009.178590879781	17.08571725175203	-4009.178590879781	0.07523267706617545	0.48577249472866046	17.08571725175203	22.569906446361262
543000	-3996.4324003633164	-4013.7064466409793	17.274046277662887	-4013.7064466409793	0.07460060709734051	0.463069766235173	17.274046277662887	14.03075142502395
544000	-3994.506569531167	-4010.8467319300735	16.340162398906422	-4010.8467319300735	0.08543760186896696	0.5296508874570672	16.340162398906422	14.03342990378438
545000	-3992.6993669968106	-4009.0961188226916	16.396751825880813	-4009.0961188226916	0.085236506932434	0.5346620149263712	16.396751825880813	15.932663637837349
546000	-3999.2538543428673	-4016.771025507878	17.517171165011177	-4016.771025507878	0.07515838666565358	0.4673953466509101	17.517171165011177	22.318642949962904
547000	-3993.8570987381377	-4011.1808488736656	17.32375013552775	-4011.1808488736656	0.07818892183981002	0.47913584746862975	17.32375013552775	21.28263225083007
548000	-3992.1016401992347	-4008.219458514448	16.117818315213512	-4008.219458514448	0.08158384764839419	0.5149303303915508	16.117818315213512	24.862317854668156
549000	-3990.243273959996	-4007.348254338443	17.104980378447223	-4007.348254338443	0.07752456689955396	0.4934467659488973	17.104980378447223	19.691397373161777
550000	-3993.1885388202627	-4010.1446289481014	16.956090127838536	-4010.1446289481014	0.07318527802261393	0.4666038568191454	16.956090127838536	27.7835174529557
551000	-3993.282177694963	-4009.8046608022314	16.522483107268123	-4009.8046608022314	0.0767557676442408	0.5147449816396501	16.522483107268123	13.82885984612571
552000	-3994.690611647321	-4011.3693613106525	16.678749663331676	-4011.3693613106525	0.07834496073368738	0.5170559771244561	16.678749663331676	18.93269785841352
553000	-3992.6990351018844	-4009.7579071657715	17.058872063887044	-4009.7579071657715	0.07732114483606695	0.4907121697422461	17.058872063887044	21.545386084843102
554000	-3994.999118428801	-4012.4183228272163	17.419204398415392	-4012.4183228272163	0.07596868774692617	0.4779324809192279	17.419204398415392	19.0067574657147
555000	-3994.4447286635072	-4011.0711043260803	16.62637566257324	-4011.0711043260803	0.08089702321574511	0.4928665241719911	16.62637566257324	25.162970000801884
556000	-3993.8002816304365	-4009.9242333261354	16.123951695698906	-4009.9242333261354	0.08505339758681212	0.5410998125093958	16.123951695698906	20.168231885879738
557000	-3992.5827104405666	-4009.2845649726987	16.701854532132135	-4009.2845649726987	0.0746721393317813	0.5046451465949983	16.701854532132135	14.113332639823625
558000	-3994.850442115479	-4012.096024092994	17.24558197751499	-4012.096024092994	0.07453287660759442	0.4648062129845366	17.24558197751499	14.007606366483786
559000	-3994.329442397335	-4009.8831032545236	15.553660857188738	-4009.8831032545236	0.07226230443320926	0.4608478396807423	15.553660857188738	36.50561543490629
560000	-3993.623632360215	-4011.1908382732427	17.567205913027294	-4011.1908382732427	0.07421890368779147	0.4544660316260676	17.567205913027294	25.420935613525504
561000	-3992.0208172835473	-4009.2781433199343	17.25732603638691	-4009.2781433199343	0.07489557536244908	0.4775728020643248	17.25732603638691	22.737527782768705
562000	-3993.411054788158	-4010.554680533545	17.14362574538701	-4010.554680533545	0.07899525451201023	0.4927620888752449	17.14362574538701	17.99965814709617
563000	-3991.7146288309987	-4009.1190982021394	17.404469371140728	-4009.1190982021394	0.07409306815949673	0.47444042224973104	17.404469371140728	21.631977967052357
564000	-3991.2763902687266	-4007.696532946524	16.420142677797035	-4007.696532946524	0.07868448326671405	0.5026223920233991	16.420142677797035	12.370506778961452
565000	-3994.7801730165493	-4011.6619176964105	16.881744679861338	-4011.6619176964105	0.07427852964358203	0.5042284418827807	16.881744679861338	19.91126616802881
566000	-3996.0972731427946	-4013.3416622358322	17.244389093037626	-4013.3416622358322	0.07103602514497555	0.4782705707872979	17.244389093037626	15.404226645034745
567000	-3992.3142781764877	-4009.4816945278326	17.167416351344755	-4009.4816945278326	0.07972886445920253	0.488938948839	17.167416351344755	20.358642849451464
568000	-3993.670127327075	-4010.3051957822986	16.635068455223646	-4010.3051957822986	0.07829839470957932	0.502488141794382	16.635068455223646	23.239839592816548
569000	-3992.0642861486017	-4008.716710539447	16.6524243908454	-4008.716710539447	0.08154629677340357	0.4985732966771015	16.6524243908454	13.264101206917704
570000	-3993.288942604813	-4010.6936720440094	17.404729439196185	-4010.6936720440094	0.07003222523760193	0.47871505978940665	17.404729439196185	18.69593334680178
571000	-3995.282655815785	-4012.587118782428	17.30446296664327	-4012.587118782428	0.07568599473472476	0.4708368086523062	17.30446296664327	14.958179499905395
572000	-3995.3302776735027	-4011.449012091661	16.118734418158365	-4011.449012091661	0.07201250942296133	0.46061215334729383	16.118734418158365	10.003620273846721
573000	-3994.67339690101	-4010.905453831808	16.23205693079752	-4010.905453831808	0.08506809862479059	0.5164491108962193	16.23205693079752	12.29066343410657
574000	-3997.2409968676457	-4011.056948527848	13.815951660202149	-4011.056948527848	0.07728656702541092	0.5095826944130809	13.815951660202149	6.835546568975095
575000	-3991.1567677274784	-4007.6749626291025	16.51819490162411	-4007.6749626291025	0.07516567442862031	0.48632605484947805	16.51819490162411	27.0881450781269
576000	-4000.999326175102	-4016.767044508306	15.767718333203952	-4016.767044508306	0.07698586130551993	0.5133247263658389	15.767718333203952	10.48620903231041
577000	-3992.5760780809887	-4009.669414757854	17.093336676865366	-4009.669414757854	0.07665132874742847	0.48999940498152234	17.093336676865366	21.27081706130579
578000	-3996.790449748642	-4013.2910880863546	16.500638337712864	-4013.2910880863546	0.080585469332245	0.5254628241427277	16.500638337712864	15.141207320203929
579000	-3993.5427161769107	-4010.8262527032102	17.28353652629933	-4010.8262527032102	0.07537028266367066	0.47953618722065394	17.28353652629933	16.034202325003967
580000	-3990.851583395557	-4007.5390392340896	16.687455838532586	-4007.5390392340896	0.08053896765886515	0.5141762277617912	16.687455838532586	19.849705533814056
581000	-3994.045788674872	-4010.917696228764	16.87190755389223	-4010.917696228764	0.07799622811473202	0.5018003999985619	16.87190755389223	15.285908903938875
582000	-3998.8071125728047	-4014.640636841667	15.833524268862067	-4014.640636841667	0.07798569073693801	0.48965989024887235	15.833524268862067	30.455697581689726
583000	-3996.4932920389597	-4013.7420924921034	17.248800453143538	-4013.7420924921034	0.07839232712453886	0.486092865587646	17.248800453143538	17.355501554769575
584000	-3996.1584972941578	-4012.6253498701076	16.466852575949947	-4012.6253498701076	0.08289757303820469	0.5291655449597	16.466852575949947	18.58051806435913
585000	-3991.6813662623854	-4008.5233223238515	16.841956061466167	-4008.5233223238515	0.07997542800398985	0.5052106359429329	16.841956061466167	20.265126715373945
586000	-3995.236398453696	-4011.182963161609	15.946564707913037	-4011.182963161609	0.08495392001194256	0.5305813817054252	15.946564707913037	11.776509272965018
587000	-3993.7583319022333	-4010.4312915582072	16.67295965597417	-4010.4312915582072	0.08230178283701603	0.5101815795504878	16.67295965597417	21.16720161462972
588000	-3994.6408818528357	-4011.5641275932576	16.923245740421837	-4011.5641275932576	0.08456987242827137	0.5047293126274761	16.923245740421837	18.454579109149385
589000	-3994.1121593077155	-4011.1743752616007	17.062215953885435	-4011.1743752616007	0.07334747903237104	0.4950516554825778	17.062215953885435	16.506458567795775
590000	-3998.184991823398	-4013.992979182745	15.807987359347011	-4013.992979182745	0.08590203444904643	0.5408207651649068	15.807987359347011	22.814663885554506
591000	-3991.425942661891	-4009.1136786298966	17.68773596800565	-4009.1136786298966	0.06955245381684863	0.46183799258611224	17.68773596800565	17.704007824570667
592000	-3990.8898807658284	-4007.5806578679512	16.69077710212292	-4007.5806578679512	0.07517431459041134	0.48569498405537315	16.69077710212292	26.02878465248047
593000	-3999.988926543387	-4016.192029669145	16.203103125758048	-4016.192029669145	0.07685602657945817	0.49482724771339703	16.203103125758048	11.206302044791752
594000	-3995.5399601061627	-4013.2996991598197	17.759739053656887	-4013.2996991598197	0.07277695753849223	0.46020540706150515	17.759739053656887	19.601029286174423
595000	-3991.764615041332	-4008.4627848730524	16.69816983172031	-4008.4627848730524	0.07465231369890378	0.48764339376050414	16.69816983172031	25.610946641909205
596000	-3991.497116918415	-4008.355268751079	16.858151832664106	-4008.355268751079	0.07772496209041704	0.4985110696009681	16.858151832664106	21.932274594784513
597000	-3994.1019172532074	-4011.269618484752	17.16770123154452	-4011.269618484752	0.07192180656998093	0.4858749339675724	17.16770123154452	21.477092294316737
598000	-3991.442453005965	-4008.0560808018863	16.613627795921076	-4008.0560808018863	0.07794694646808048	0.5027366594492062	16.613627795921076	23.37420534162917
599000	-3991.2924761174304	-4009.119050900993	17.826574783562492	-4009.119050900993	0.06976352307829102	0.453530670686706	17.826574783562492	22.31938138927526
600000	-3994.4113899963595	-4011.620974563587	17.209584567227694	-4011.620974563587	0.06637479236291619	0.4485472690541193	17.209584567227694	29.623410838519003
601000	-3994.7223298164618	-4010.80900597342	16.08667615695809	-4010.80900597342	0.0847030210390293	0.5380442546908482	16.08667615695809	21.136180036562894
602000	-3992.980997682957	-4009.2538474117882	16.272849728831144	-4009.2538474117882	0.08784128553459825	0.5423301966175843	16.272849728831144	15.86018706697353
603000	-3994.4697236044476	-4009.7594705042925	15.289746899844797	-4009.7594705042925	0.07702326143610386	0.4968902209806372	15.289746899844797	32.00644115308451
604000	-3994.153371411436	-4010.271327541959	16.117956130522863	-4010.271327541959	0.07029402390909678	0.4777088428967061	16.117956130522863	30.887371873079793
605000	-3993.642995652938	-4010.9375752171745	17.294579564236074	-4010.9375752171745	0.07195626457718433	0.47037682070329506	17.294579564236074	24.19466727558818
606000	-3994.1189559168324	-4009.7303745014333	15.611418584600779	-4009.7303745014333	0.07613150426883666	0.5172469814404216	15.611418584600779	10.1614163123829
607000	-3990.3676051536045	-4007.363584791443	16.99597963783864	-4007.363584791443	0.07665433425435889	0.4907947969308315	16.99597963783864	22.30660611690768
608000	-3994.2060233087686	-4010.8903138784162	16.684290569647697	-4010.8903138784162	0.08203695853651316	0.5174259469961734	16.684290569647697	18.601222568334173
609000	-3994.961931181369	-4011.597760606788	16.635829425419097	-4011.597760606788	0.07776413916164822	0.4924608201708501	16.635829425419097	25.168569218883505
610000	-3993.830930361525	-4009.6850831104593	15.854152748934169	-4009.6850831104593	0.07420978116399027	0.490007756642453	15.854152748934169	30.294514868248175
611000	-3993.4372016770158	-4010.1232948165107	16.686093139494705	-4010.1232948165107	0.07987969737185502	0.5185015297648916	16.686093139494705	17.231582118228033
612000	-3993.9493117398015	-4010.479156636232	16.529844896430262	-4010.479156636232	0.0783867502948659	0.516933238066252	16.529844896430262	21.169392356738044
613000	-3992.100407155848	-4008.3448394544216	16.244432298573553	-4008.3448394544216	0.07758021968421618	0.4943295974655947	16.244432298573553	27.4350681346371
614000	-3995.7619748155726	-4009.773817604496	14.011842788923264	-4009.773817604496	0.07340922941325118	0.4814528752356665	14.011842788923264	39.726052004480515
615000	-3994.1368008254553	-4011.1278058106054	16.991004985149946	-4011.1278058106054	0.07148618342253528	0.4884782236038994	16.991004985149946	14.550339783214637
616000	-3994.905884763742	-4011.2184182019732	16.312533438231352	-4011.2184182019732	0.06983574983845697	0.4641736585566988	16.312533438231352	32.1391171004972
617000	-3992.4887228577604	-4009.8589705636705	17.370247705910202	-4009.8589705636705	0.07543134940673074	0.4800106260625496	17.370247705910202	17.866942569918688
618000	-3998.2559416919316	-4014.7009086145536	16.44496692262202	-4014.7009086145536	0.08116589358632646	0.5316517534463581	16.44496692262202	15.940328045504147
619000	-3994.1439873792324	-4009.4268862771605	15.282898897928156	-4009.4268862771605	0.07961159749000672	0.4928513622548972	15.282898897928156	32.64128687822484
620000	-3991.825013107415	-4008.5779268792508	16.75291377183582	-4008.5779268792508	0.08082988236168144	0.5135107526712038	16.75291377183582	18.735095602254628
621000	-3994.757828182889	-4009.674726439648	14.916898256758774	-4009.674726439648	0.07999356749388911	0.5153409500393482	14.916898256758774	8.568057035641194
622000	-3991.3807960723157	-4008.5022355462584	17.121439473942875	-4008.5022355462584	0.07302310094479372	0.4895757441823903	17.121439473942875	20.969880357233464
623000	-3996.298607443604	-4012.5695338993464	16.270926455742465	-4012.5695338993464	0.08626628503360913	0.5376685032338074	16.270926455742465	19.20044677458202
624000	-3994.0484908348444	-4010.1123383646686	16.063847529824184	-4010.1123383646686	0.07767888840025465	0.5127457179602972	16.063847529824184	11.424025307974794
625000	-3991.715527198674	-4008.2419524223674	16.526425223693586	-4008.2419524223674	0.08378821552878271	0.5277919781874663	16.526425223693586	16.983371161786785
626000	-3996.8819646594034	-4012.9884036750896	16.10643901568598	-4012.9884036750896	0.07883875196801424	0.5310758082477876	16.10643901568598	22.23578377906738
627000	-3992.8254306355457	-4009.09918347603	16.273752840484256	-4009.09918347603	0.07829474812006737	0.5237473912364151	16.273752840484256	22.19903386316497
628000	-3994.3154850903325	-4010.6204969472756	16.305011856943274	-4010.6204969472756	0.08390583654366626	0.5370329756351497	16.305011856943274	14.820597604101955
629000	-3993.190781240116	-4009.7911448156724	16.60036357555653	-4009.7911448156724	0.07371488229333992	0.4918422110828272	16.60036357555653	25.541426958460416
630000	-3992.7694805210094	-4010.0277107800557	17.258230259046147	-4010.0277107800557	0.07449711848192571	0.48087866639384613	17.258230259046147	15.987663735803498
631000	-3998.2572396709024	-4014.486147842323	16.22890817142052	-4014.486147842323	0.0833207109842247	0.5371183895120893	16.22890817142052	13.972265061993314
632000	-3994.340701391884	-4010.710347345601	16.369645953716777	-4010.710347345601	0.08097809250913443	0.5269934696018092	16.369645953716777	13.96603840964895
633000	-3993.1078290987275	-4009.604715103847	16.49688600511965	-4009.604715103847	0.07429439454091992	0.4831840549058692	16.49688600511965	27.774396094697618
634000	-3992.636660952817	-4009.807314989294	17.170654036477213	-4009.807314989294	0.07660977278353198	0.48296678290605966	17.170654036477213	22.305876824446134
635000	-3995.4231384704967	-4011.2512160074	15.828077536903312	-4011.2512160074	0.0829765827217584	0.5195233407567151	15.828077536903312	25.925868118789275
636000	-3993.3696663870583	-4009.8995697670243	16.529903379966115	-4009.8995697670243	0.07608652334284297	0.502170314770162	16.529903379966115	12.86363486076285
637000	-3993.3610232203946	-4008.0675926428003	14.706569422405437	-4008.0675926428003	0.07989677468852331	0.498512716257858	14.706569422405437	34.34550479062626
638000	-3991.8117169840025	-4009.0387316300244	17.227014646022003	-4009.0387316300244	0.07538208888078912	0.47799676807953473	17.227014646022003	22.98275628763643
639000	-3993.80404460313	-4010.883399718354	17.07935511522401	-4010.883399718354	0.0811197478987476	0.48944836524120156	17.07935511522401	15.480826656111194
640000	-3994.3697827122387	-4011.349114128096	16.97933141585758	-4011.349114128096	0.07350486003530467	0.4919373531568142	16.97933141585758	22.205658622749702
641000	-3993.8056719003644	-4011.0611572224243	17.255485322059933	-4011.0611572224243	0.07258703607898045	0.48113128391675536	17.255485322059933	21.696626530420062
642000	-3996.8506192427535	-4013.0521106769015	16.201491434148174	-4013.0521106769015	0.08465900378082519	0.5172161279891786	16.201491434148174	12.193676953629616
643000	-3995.541829414184	-4009.9311727699533	14.389343355769055	-4009.9311727699533	0.07815368751884962	0.4791534481810074	14.389343355769055	7.295086305120981
644000	-3995.335449012249	-4012.5605638270526	17.22511481480409	-4012.5605638270526	0.07948970158719211	0.48458371428560215	17.22511481480409	16.35011335864116
645000	-3996.5442797856654	-4013.9276174489555	17.38333766329013	-4013.9276174489555	0.07256731997217514	0.4696205040423668	17.38333766329013	23.425427101654904
646000	-3994.285887503491	-4011.3815356833215	17.095648179830935	-4011.3815356833215	0.0802603379450425	0.4920346658369923	17.095648179830935	20.527486428807592
647000	-3991.9170360541943	-4009.3346718251123	17.41763577091782	-4009.3346718251123	0.07535921618319982	0.4713197441091638	17.41763577091782	16.060510662613183
648000	-3992.073002281601	-4008.971284297116	16.898282015515232	-4008.971284297116	0.07597812676849296	0.4847622547025155	16.898282015515232	24.610795173576438
649000	-3990.9306531627503	-4008.273135084385	17.342481921634935	-4008.273135084385	0.07281778290147402	0.48139463419820083	17.342481921634935	17.740962217835676
650000	-3993.006339024259	-4008.8812388048423	15.874899780583434	-4008.8812388048423	0.07862255767962029	0.5098797831406567	15.874899780583434	27.11777351434556
651000	-3994.5330303685555	-4010.013330040368	15.480299671812784	-4010.013330040368	0.08287855692138188	0.504487256756163	15.480299671812784	29.97973960359759
652000	-3993.644876212149	-4010.6509193908605	17.006043178711657	-4010.6509193908605	0.08404475952664674	0.5001944597228634	17.006043178711657	17.474984440102098
653000	-3994.8540843444894	-4010.8547934492067	16.000709104717245	-4010.8547934492067	0.08083227423499578	0.5158618608968183	16.000709104717245	25.45645965678646
654000	-3995.519680284176	-4011.830209570318	16.31052928614198	-4011.830209570318	0.08601598942357673	0.5309905390458808	16.31052928614198	20.367335578351362
655000	-3994.171334206514	-4010.795517629594	16.624183423079824	-4010.795517629594	0.07708998787690459	0.512421163190456	16.624183423079824	14.382244980655488
656000	-3994.7987287996875	-4011.3279995277007	16.52927072801319	-4011.3279995277007	0.08177272335919002	0.5020173786587686	16.52927072801319	24.192944974300634
657000	-3996.8967242972726	-4012.7664821951253	15.869757897852667	-4012.7664821951253	0.08436249061844882	0.5456067899794658	15.869757897852667	21.595153131554603
658000	-3993.396843992185	-4010.3586643006856	16.961820308500787	-4010.3586643006856	0.0758682276965135	0.5018135219561531	16.961820308500787	16.796392623787334
659000	-3992.480361957563	-4009.227716285678	16.747354328114785	-4009.227716285678	0.07852583217026986	0.5120415951219112	16.747354328114785	19.53076185710686
660000	-3993.9531952830025	-4010.495504288225	16.542309005222624	-4010.495504288225	0.07365517548246851	0.48852369281486047	16.542309005222624	12.15757718117271
661000	-3994.5162526629397	-4011.548577127154	17.032324464214483	-4011.548577127154	0.07479416462860786	0.46448592882801615	17.032324464214483	12.939406103837644
662000	-3997.110276732902	-4014.1613662776563	17.051089544754284	-4014.1613662776563	0.07191477366943061	0.48342491262497717	17.051089544754284	23.51420815101639
663000	-3993.278313840467	-4009.883700727361	16.6053868868941	-4009.883700727361	0.07961986763089657	0.5027076541464638	16.6053868868941	23.44960539107722
664000	-3993.797054451164	-4010.000347359449	16.203292908284954	-4010.000347359449	0.08945859911266882	0.5470872069941393	16.203292908284954	16.394986180882757
665000	-3994.156015272101	-4011.407706352427	17.251691080326104	-4011.407706352427	0.07259974713114035	0.4565165905180977	17.251691080326104	27.667211209665943
666000	-3995.257648576586	-4011.3190566961507	16.061408119565137	-4011.3190566961507	0.08218062313422433	0.51087345962906	16.061408119565137	25.870315651590452
667000	-3992.777044731239	-4009.591828785521	16.814784054281976	-4009.591828785521	0.0787219423602071	0.5034326907481085	16.814784054281976	21.18035178032506
668000	-3994.9859376124937	-4010.715359286903	15.72942167440922	-4010.715359286903	0.08862784221145766	0.5448929999983124	15.72942167440922	11.561827908867686
669000	-3998.2337145000147	-4014.11128799122	15.877573491205167	-4014.11128799122	0.08561544212124744	0.550323506267872	15.877573491205167	20.716706654288718
670000	-3990.982530692366	-4007.876743924574	16.894213232208322	-4007.876743924574	0.07969162744154418	0.5032762227664443	16.894213232208322	15.890991869587848
671000	-3992.8730168803763	-4008.984942986648	16.11192610627167	-4008.984942986648	0.07828588826801482	0.4977674033615087	16.11192610627167	27.6583376817528
672000	-4001.8004832397028	-4009.0024613375163	7.201978097813642	-4009.0024613375163	0.07920585450057535	0.5159912619521095	7.201978097813642	2.581053604394353
673000	-3994.223547872915	-4011.0078411422783	16.78429326936324	-4011.0078411422783	0.0771065287496332	0.4879592861867563	16.78429326936324	24.894708332111854
674000	-3996.1678824200826	-4013.3317194882547	17.16383706817228	-4013.3317194882547	0.07192941155259344	0.48536135197714764	17.16383706817228	15.71213569316378
675000	-3992.3473885778385	-4007.6393925086045	15.29200393076587	-4007.6393925086045	0.08027435787722102	0.5144837073030477	15.29200393076587	29.453332148273894
676000	-3993.242648931844	-4009.414576375473	16.171927443629045	-4009.414576375473	0.08215749628703736	0.5149805965020579	16.171927443629045	11.947330719935284
677000	-3992.4090109974813	-4009.7525583200454	17.343547322564014	-4009.7525583200454	0.07406544047615907	0.4814472110003744	17.343547322564014	17.82185877293942
678000	-3990.508480050222	-4007.34897109777	16.84049104754815	-4007.34897109777	0.08028727889703977	0.5073897604945123	16.84049104754815	16.101797870745983
679000	-3993.7176513770282	-4010.629348905065	16.911697528036573	-4010.629348905065	0.08200534278707011	0.4994724648168383	16.911697528036573	15.333485954875915
680000	-3992.201348312845	-4009.491518050378	17.290169737533375	-4009.491518050378	0.07520187032802626	0.48483999132847216	17.290169737533375	18.709286997539966
681000	-3992.393037743021	-4009.383507274484	16.990469531463113	-4009.383507274484	0.07605142119824393	0.5007540154029311	16.990469531463113	18.803027188965096
682000	-3990.8011871648664	-4008.468841339517	17.667654174650483	-4008.468841339517	0.0687667480223107	0.46266110359462403	17.667654174650483	21.44504933265808
683000	-3992.2164323235834	-4009.4225905094	17.206158185816363	-4009.4225905094	0.0744776028652103	0.4877159574547781	17.206158185816363	16.962380743281805
684000	-3990.4508624539735	-4006.944597381604	16.493734927630754	-4006.944597381604	0.07593255831483943	0.48720987285478357	16.493734927630754	27.09149375410039
685000	-3991.992343108413	-4008.7211671806313	16.728824072218444	-4008.7211671806313	0.07466153553001384	0.4974209822652923	16.728824072218444	23.454296534676807
686000	-3992.27027905639	-4008.978437322709	16.70815826631922	-4008.978437322709	0.08195761082292145	0.5132382226531514	16.70815826631922	15.438601267690663
687000	-3993.2195910554437	-4010.026421971767	16.806830916323385	-4010.026421971767	0.08002524716359131	0.4921596494975994	16.806830916323385	13.656912213498263
688000	-3997.923908416086	-4014.360087824439	16.43617940835304	-4014.360087824439	0.08077793909340991	0.49920432305952184	16.43617940835304	25.377703895347945
689000	-3994.495152665922	-4010.655821741848	16.160669075925693	-4010.655821741848	0.0806423255400588	0.5213228377339576	16.160669075925693	23.509016396674756
690000	-3994.165663898455	-4010.763517958091	16.59785405963629	-4010.763517958091	0.07361883386403247	0.488535032398793	16.59785405963629	26.161060390892967
691000	-3996.353483138615	-4012.309394852713	15.95591171409792	-4012.309394852713	0.07415156277065861	0.5041862282889509	15.95591171409792	27.537491167926735
692000	-3993.899760071767	-4010.3678223336424	16.46806226187531	-4010.3678223336424	0.08427403820068569	0.5254589294800581	16.46806226187531	19.78570124761032
693000	-3993.921719866076	-4010.7371612328	16.815441366724386	-4010.7371612328	0.07510623060686276	0.50843206432885	16.815441366724386	15.946481338947828
694000	-3993.298435092671	-4010.3428482141703	17.044413121499257	-4010.3428482141703	0.0726307812011073	0.47495012652823043	17.044413121499257	13.670809647489216
695000	-3998.0125059331654	-4014.9439553024486	16.93144936928308	-4014.9439553024486	0.08006008332428916	0.49945848167605444	16.93144936928308	15.568779325380182
696000	-3994.367184723049	-4010.3387470024636	15.971562279414528	-4010.3387470024636	0.08427982495488547	0.539104564156181	15.971562279414528	12.384987951980708
697000	-3992.849035300581	-4009.7485043748334	16.89946907425228	-4009.7485043748334	0.07096157454379824	0.4689495549461881	16.89946907425228	12.620273319519807
698000	-3991.2906489557668	-4007.8154733261877	16.524824370421108	-4007.8154733261877	0.07813901002704424	0.5128384843776173	16.524824370421108	22.11554353525158
699000	-3992.566077987687	-4009.496291375568	16.93021338788089	-4009.496291375568	0.077635999172046	0.502757861119672	16.93021338788089	19.493644553242966
700000	-3992.4091463039927	-4009.1514688324605	16.74232252846808	-4009.1514688324605	0.0855887394818793	0.5151043082483278	16.74232252846808	17.940140779197325
701000	-3993.2266379635403	-4010.438331714101	17.21169375056074	-4010.438331714101	0.07643209988900751	0.4818686410496071	17.21169375056074	15.636088457499973
702000	-3996.41779423484	-4011.963248154144	15.54545391930385	-4011.963248154144	0.08793458476348934	0.553146165014477	15.54545391930385	11.189899679867944
703000	-3994.18411478355	-4010.9120912055187	16.727976421968712	-4010.9120912055187	0.08283848108099853	0.5159303550154719	16.727976421968712	16.99063356609087
704000	-3992.070677728696	-4009.005006934037	16.934329205340717	-4009.005006934037	0.07631776640488472	0.4806030969335086	16.934329205340717	13.490680553021154
705000	-3991.38612324088	-4007.645212044836	16.259088803956296	-4007.645212044836	0.07483793500441874	0.4968816243057788	16.259088803956296	26.924203449044136
706000	-3996.0520619857266	-4012.4898745379587	16.43781255223234	-4012.4898745379587	0.07829191702027288	0.5167552861579944	16.43781255223234	22.119090858945324
707000	-3990.8265311052824	-4008.175351564537	17.348820459254455	-4008.175351564537	0.07415540076310906	0.4810347190615378	17.348820459254455	19.71491684849897
708000	-3994.0055259050832	-4010.648836707803	16.643310802720123	-4010.648836707803	0.0829975231207501	0.5204159073591772	16.643310802720123	16.497203333544377
709000	-3994.564219607353	-4011.304462611636	16.740243004283116	-4011.304462611636	0.07648433744164672	0.500279488606478	16.740243004283116	22.745077413261775
710000	-3989.8901983798232	-4006.9080689248053	17.017870544982248	-4006.9080689248053	0.07521314783988087	0.4947872838951603	17.017870544982248	20.881518531185687
711000	-3991.0348527387773	-4008.705519949228	17.67066721045044	-4008.705519949228	0.07098869839866169	0.4606073616097226	17.67066721045044	22.28362509509075
712000	-3994.454865830837	-4011.7859092233193	17.331043392481995	-4011.7859092233193	0.07296255876185591	0.4693848146941359	17.331043392481995	24.065393777793414
713000	-3993.1333231189624	-4009.7186035355467	16.58528041658434	-4009.7186035355467	0.07902441926291655	0.5234901032977005	16.58528041658434	18.19979470379066
714000	-3994.9136258015246	-4010.9529767133126	16.03935091178814	-4010.9529767133126	0.08502975953188718	0.5142090736598011	16.03935091178814	25.47780319361623
715000	-3993.105175968999	-4009.441124109482	16.33594814048302	-4009.441124109482	0.07435860934204994	0.47901864656781146	16.33594814048302	29.456906294801378
716000	-3991.5340861447203	-4008.8451307979603	17.3110446532402	-4008.8451307979603	0.0739904585561438	0.4814513378227223	17.3110446532402	20.570106113598285
717000	-3993.030024324804	-4009.410877347745	16.380853022940997	-4009.410877347745	0.0774162972804476	0.5111886250737845	16.380853022940997	12.692566886438076
718000	-3995.484593628365	-4011.8469338698883	16.362340241523324	-4011.8469338698883	0.08723183563903934	0.5372384921554775	16.362340241523324	17.28765620654766
719000	-3990.538939074766	-4007.647923225032	17.108984150266323	-4007.647923225032	0.07802436369843121	0.4922479905455499	17.108984150266323	16.515724575581967
720000	-3994.434778594295	-4011.004857388185	16.570078793889955	-4011.004857388185	0.07996407942203432	0.49162045219324263	16.570078793889955	12.429590722231858
721000	-3995.781475988193	-4013.403613847553	17.622137859360045	-4013.403613847553	0.07376245473577171	0.4569977720233238	17.622137859360045	24.149114887138182
722000	-3992.1944677631727	-4008.8159284097724	16.621460646599612	-4008.8159284097724	0.07871701464251754	0.5072870982282242	16.621460646599612	22.370132860660924
723000	-3990.605423182723	-4007.552135811026	16.94671262830288	-4007.552135811026	0.0754580876284997	0.5022489773050091	16.94671262830288	16.585590719952844
724000	-3992.4696285711225	-4009.33126356477	16.861634993647268	-4009.33126356477	0.07668544738687086	0.4984883878548359	16.861634993647268	21.89827504769015
725000	-3992.93826245428	-4008.3510893482267	15.41282689394666	-4008.3510893482267	0.0770794852617234	0.49681173582809113	15.41282689394666	31.440668896522947
726000	-3990.4570192006217	-4007.660409873687	17.203390673065368	-4007.660409873687	0.07649431415615841	0.4893292631081352	17.203390673065368	17.842419346669548
727000	-3993.5929953498376	-4011.2370286817068	17.644033331869117	-4011.2370286817068	0.07839070177549834	0.46605608854812	17.644033331869117	18.903578722285296
728000	-3994.149148174676	-4011.3796768345524	17.230528659876196	-4011.3796768345524	0.07909153187320977	0.4880134621220343	17.230528659876196	18.745309825644746
729000	-3998.7767556146578	-4013.853542592353	15.076786977694933	-4013.853542592353	0.09346610062798823	0.5700454342322289	15.076786977694933	23.175424255715274
730000	-3991.9882745201335	-4009.0737602947097	17.085485774576384	-4009.0737602947097	0.08036399103979347	0.4956945098375074	17.085485774576384	17.518104325168906
731000	-3997.5562006095215	-4014.4844775731267	16.928276963604958	-4014.4844775731267	0.07346810877453698	0.4990838302523438	16.928276963604958	15.457696835473785
732000	-3993.798764174573	-4008.8129121926245	15.014148018051458	-4008.8129121926245	0.08468398817284839	0.519357792912406	15.014148018051458	30.072340742481178
733000	-4000.8850175938305	-4015.3291197408676	14.444102147036965	-4015.3291197408676	0.0821257899196873	0.5251363038248829	14.444102147036965	31.76594559617391
734000	-3991.4760207285785	-4008.0233961488693	16.547375420290606	-4008.0233961488693	0.08215943854433175	0.5265617485724857	16.547375420290606	17.00178923965171
735000	-3992.9920779514187	-4009.9508608957003	16.958782944281808	-4009.9508608957003	0.0745023093698978	0.49440502769707384	16.958782944281808	21.804622035794242
736000	-3992.3534627652393	-4009.0469479185067	16.693485153267158	-4009.0469479185067	0.07404838184213168	0.4677354545435405	16.693485153267158	29.30095702633053
737000	-3993.6684414548204	-4010.9761571312956	17.307715676475063	-4010.9761571312956	0.07339699376526684	0.4689116707655737	17.307715676475063	14.771126605276338
738000	-3993.302756260275	-4010.5103329098124	17.207576649537124	-4010.5103329098124	0.07970971193146004	0.48068108820601974	17.207576649537124	15.407315196070819
739000	-3990.937264728396	-4007.746368708779	16.809103980383153	-4007.746368708779	0.07533018266974459	0.4941857690265361	16.809103980383153	23.41434270546372
740000	-3993.6558628697976	-4010.981897497388	17.326034627590737	-4010.981897497388	0.07406775591815404	0.4746863274079787	17.326034627590737	22.698338287222935
741000	-3992.5943001210653	-4009.0263468206504	16.432046699584905	-4009.0263468206504	0.07573122368665458	0.4908936821041934	16.432046699584905	26.849038644606036
742000	-3994.386598036028	-4011.89833941737	17.511741381342457	-4011.89833941737	0.07553725259505187	0.4711051106189039	17.511741381342457	17.416089192129753
743000	-3995.0058056449416	-4011.852380335661	16.84657469071948	-4011.852380335661	0.07697912291388095	0.4998177869673853	16.84657469071948	21.737337759880468
744000	-3992.5970479814605	-4009.1175610846126	16.520513103152147	-4009.1175610846126	0.07722625750090782	0.5068445250217392	16.520513103152147	23.350330246214536
745000	-3991.671099099685	-4008.483690812473	16.812591712788127	-4008.483690812473	0.0779754378376414	0.5021368953842401	16.812591712788127	21.546928519641327
746000	-4000.4226188907587	-4015.5355146526185	15.112895761859628	-4015.5355146526185	0.08081942598110908	0.5573368155047544	15.112895761859628	24.606978165395734
747000	-3991.7892216465634	-4008.396374679184	16.60715303262083	-4008.396374679184	0.08268147808991091	0.5201499344917938	16.60715303262083	19.20312485330511
748000	-3994.621287989088	-4011.6440916609736	17.022803671885594	-4011.6440916609736	0.08106054178683114	0.4994430560424807	17.022803671885594	18.22413149614656
749000	-3993.066790987126	-4009.9712925850517	16.904501597925922	-4009.9712925850517	0.07226144091271657	0.4701358484798107	16.904501597925922	27.460994476862023
750000	-3991.7316334284687	-4008.6363222421687	16.904688813700123	-4008.6363222421687	0.07646022510749975	0.4861252125823877	16.904688813700123	24.27192048656456
751000	-3993.504638128691	-4011.0355367576913	17.53089862900015	-4011.0355367576913	0.07063488421549924	0.45726575891091725	17.53089862900015	15.124290202041314
752000	-3995.113833795055	-4011.866070033771	16.752236238715803	-4011.866070033771	0.07293009177655685	0.469074011198199	16.752236238715803	12.060797676881885
753000	-3998.322366768423	-4016.141079084102	17.818712315679203	-4016.141079084102	0.07051324428073932	0.44745942524192384	17.818712315679203	16.222782648454203
754000	-3994.886272160394	-4011.724682594072	16.838410433677932	-4011.724682594072	0.07798773134849328	0.4700225753138197	16.838410433677932	12.429113962443699
755000	-3992.013712798703	-4008.8490871799177	16.835374381214624	-4008.8490871799177	0.07880897117960908	0.4950083058825283	16.835374381214624	14.095943112171003
756000	-3996.9127176340903	-4011.5695089414457	14.656791307355508	-4011.5695089414457	0.08221993249371118	0.5088746497187099	14.656791307355508	33.07997935595607
757000	-3992.051848046922	-4009.3784201155386	17.32657206861686	-4009.3784201155386	0.07496568347183405	0.4827193136125447	17.32657206861686	18.141897254215753
758000	-3994.4780567654516	-4011.4448542546575	16.96679748920579	-4011.4448542546575	0.07507249204161787	0.4880994327119715	16.96679748920579	23.266184810847978
759000	-3992.499361250453	-4009.7696442741562	17.27028302370293	-4009.7696442741562	0.07502936382004691	0.48207023679848326	17.27028302370293	21.126744497133664
760000	-3996.464959007578	-4010.8325061625965	14.367547155018816	-4010.8325061625965	0.07719387603631733	0.4962401074958492	14.367547155018816	36.07901950768743
761000	-3992.823799425281	-4010.6479610018487	17.824161576567867	-4010.6479610018487	0.06826337426094248	0.445827999939804	17.824161576567867	16.035424971111773
762000	-3991.8553304187953	-4009.1325921917596	17.277261772964064	-4009.1325921917596	0.07599638231541488	0.4820514335171515	17.277261772964064	16.51372344396671
763000	-3996.6793359475932	-4012.957245493444	16.277909545850722	-4012.957245493444	0.08271572603069519	0.5393807946201352	16.277909545850722	14.938081423656364
764000	-3994.295353902503	-4012.3438686130494	18.04851471054642	-4012.3438686130494	0.06825794575287013	0.44154224088277794	18.04851471054642	17.72600117227347
765000	-3992.7047459334713	-4010.3260729749913	17.62132704152016	-4010.3260729749913	0.07172148359232468	0.4671815704390216	17.62132704152016	19.768662769393046
766000	-3990.563915064029	-4007.4350525938175	16.871137529788275	-4007.4350525938175	0.07676365068703951	0.504889123954494	16.871137529788275	19.86257788398127
767000	-3993.023427811205	-4009.974254559372	16.950826748167508	-4009.974254559372	0.07512968293836429	0.5030400146114763	16.950826748167508	17.149054791637088
768000	-3991.8186245812194	-4009.033872089401	17.215247508181697	-4009.033872089401	0.07085848643355859	0.48806004433081884	17.215247508181697	19.548417931680813
769000	-3990.555016024255	-4007.934342569103	17.379326544847885	-4007.934342569103	0.07433237644503801	0.4775909213912214	17.379326544847885	16.989460655743756
770000	-3993.532019186411	-4010.146770596188	16.614751409776822	-4010.146770596188	0.07734762274340518	0.5175520820408931	16.614751409776822	19.937127735101445
771000	-3993.050431050623	-4009.9049684457477	16.854537395124844	-4009.9049684457477	0.0749840267233702	0.5013958891011343	16.854537395124844	21.224385333381086
772000	-3991.995425174682	-4009.530689911325	17.535264736643235	-4009.530689911325	0.07233822829976572	0.46915202598096195	17.535264736643235	17.20917512812778
773000	-3991.6189768391705	-4008.902511283397	17.283534444226472	-4008.902511283397	0.07548453152433579	0.48501579954227875	17.283534444226472	19.089681594380636
774000	-3993.398984949498	-4010.392920376516	16.993935427018194	-4010.392920376516	0.07230059406011846	0.5010036254726464	16.993935427018194	18.278425376056706
775000	-3991.980968053398	-4009.2546664851684	17.273698431770207	-4009.2546664851684	0.07399378074437776	0.48171075423355025	17.273698431770207	21.200773097240774
776000	-3995.9230517334295	-4013.0062828549217	17.083231121492158	-4013.0062828549217	0.07227373487214409	0.46624996840946287	17.083231121492158	26.928677622525893
777000	-3991.917787344782	-4008.3107424955474	16.392955150765193	-4008.3107424955474	0.07703620327067234	0.4864746103431281	16.392955150765193	11.52129190261817
778000	-3996.1695815111375	-4012.6543282937005	16.484746782563132	-4012.6543282937005	0.07526080770739044	0.46341698076156407	16.484746782563132	11.003598432198187
779000	-3993.857147747964	-4010.125946940725	16.26879919276085	-4010.125946940725	0.08438117744498816	0.5328879399275827	16.26879919276085	20.401100486926072
780000	-3991.710319297546	-4008.6228410265685	16.91252172902248	-4008.6228410265685	0.07782156610069746	0.5056259251529623	16.91252172902248	17.70685322713502
781000	-3991.4745382946426	-4008.853111375042	17.37857308039941	-4008.853111375042	0.07568837590054855	0.48000517118936303	17.37857308039941	19.15518400969285
782000	-3994.5254850734404	-4010.911319911882	16.385834838441546	-4010.911319911882	0.08120946937402182	0.4892340997990965	16.385834838441546	27.425093315369374
783000	-3995.180404124598	-4011.3076273696515	16.127223245053496	-4011.3076273696515	0.09043783440137604	0.544165868911659	16.127223245053496	13.940333262871402
784000	-3990.9182332659034	-4008.1536724253633	17.23543915945986	-4008.1536724253633	0.07429480658601537	0.487592926571843	17.23543915945986	19.017418462800716
785000	-3993.6341062643933	-4008.496359743319	14.862253478925734	-4008.496359743319	0.07791692894238669	0.49478300244130863	14.862253478925734	34.22674961606313
786000	-3995.191906239529	-4012.6019951101935	17.41008887066441	-4012.6019951101935	0.06855900807474001	0.45957519480211917	17.41008887066441	14.541135343249595
787000	-4003.008997159208	-4017.2398625044643	14.230865345256454	-4017.2398625044643	0.07630299555100441	0.4834278586439548	14.230865345256454	38.55238268290874
788000	-3992.6272307581826	-4008.930960516135	16.303729757952613	-4008.930960516135	0.08054532613462802	0.49477369126961446	16.303729757952613	11.5436660038244
789000	-3993.770801167556	-4010.2704684604396	16.499667292883718	-4010.2704684604396	0.07695008419131122	0.5037058420858724	16.499667292883718	12.810523428357847
790000	-3994.6231496416535	-4011.1187834107272	16.495633769073855	-4011.1187834107272	0.07775433519074261	0.5016283477128557	16.495633769073855	24.51881955280207
791000	-3996.043797413468	-4013.443805386425	17.400007972957003	-4013.443805386425	0.07715381018085873	0.47895165987627497	17.400007972957003	18.61144971789294
792000	-3997.7894550230403	-4015.9569778061823	18.167522783141923	-4015.9569778061823	0.06559362193941583	0.43236321581127635	18.167522783141923	24.906247985763756
793000	-3991.3182963140866	-4008.103025622399	16.784729308312528	-4008.103025622399	0.08025865338565014	0.5077243429394157	16.784729308312528	20.362325415301456
794000	-3995.3503883599506	-4012.816868924196	17.466480564245487	-4012.816868924196	0.07394892811548562	0.47148679213496936	17.466480564245487	16.72433536766678
795000	-3993.9948568742457	-4011.438174826246	17.443317952000143	-4011.438174826246	0.06933622260048927	0.4764596639756442	17.443317952000143	19.461906219909405
796000	-4005.939181896356	-4022.7902741280027	16.85109223164661	-4022.7902741280027	0.07671434286718443	0.4895211065416298	16.85109223164661	24.025154703736487
797000	-3991.021668224443	-4007.2179063677604	16.196238143317466	-4007.2179063677604	0.07618133270930658	0.4909632983186801	16.196238143317466	28.27254872669669
798000	-3991.9969911306525	-4008.846606045063	16.84961491441025	-4008.846606045063	0.07823652435019746	0.5060136765690051	16.84961491441025	19.847140954225722
799000	-3993.115999318661	-4009.8871803867814	16.77118106812023	-4009.8871803867814	0.07392717689153891	0.48340205885859544	16.77118106812023	25.87710873131281
800000	-3994.3200749839716	-4010.682416314271	16.362341330299547	-4010.682416314271	0.08036701091693105	0.5375038850732956	16.362341330299547	16.686405773220873
801000	-3993.263180002706	-4010.2794276907944	17.01624768808839	-4010.2794276907944	0.07225916561251404	0.48920894217519867	17.01624768808839	14.841469335992358
802000	-3991.2932494524116	-4008.6277326946993	17.334483242287774	-4008.6277326946993	0.07520911046600827	0.4823923434612022	17.334483242287774	19.00149476326486
803000	-3992.0958101448946	-4009.056335218016	16.960525073121477	-4009.056335218016	0.08130496451572539	0.5026249653625293	16.960525073121477	17.276528292210436
804000	-3995.766034205808	-4012.701367858231	16.93533365242301	-4012.701367858231	0.07772185654632616	0.49580235015028506	16.93533365242301	21.719272485131235
805000	-3998.3029889390027	-4014.8590703960717	16.556081457068853	-4014.8590703960717	0.08169677180921253	0.5225394935822957	16.556081457068853	15.30396609250024
806000	-3990.903845236892	-4008.3608582090565	17.457012972164687	-4008.3608582090565	0.07380594137770394	0.4668428922383717	17.457012972164687	23.32016109594491
807000	-3991.3653353000673	-4008.8842729741423	17.51893767407507	-4008.8842729741423	0.07051951961273109	0.468249276253869	17.51893767407507	21.982376785723442
808000	-3994.6214425923577	-4011.5839728670767	16.962530274719164	-4011.5839728670767	0.0779553999063815	0.4994834805095041	16.962530274719164	20.182264901618424
809000	-3992.738132909227	-4009.561292300156	16.823159390929213	-4009.561292300156	0.07675599030334446	0.5012423133192454	16.823159390929213	21.64992536283936
810000	-3991.8945799731023	-4008.263700318632	16.369120345529797	-4008.263700318632	0.07954432198878567	0.5289853614764792	16.369120345529797	20.158046359010303
811000	-3992.498033233235	-4009.226425685658	16.728392452422884	-4009.226425685658	0.08283276196525537	0.5148727035111338	16.728392452422884	16.308931024674333
812000	-3992.514697136063	-4009.2921067690368	16.777409632973697	-4009.2921067690368	0.07628782423387197	0.4832306134030054	16.777409632973697	25.863867996543938
813000	-3996.3688740516113	-4011.6875632045035	15.318689152892022	-4011.6875632045035	0.07619117513838042	0.4806176450715509	15.318689152892022	8.754766056261131
814000	-3992.9308846292815	-4009.0844318428294	16.15354721354798	-4009.0844318428294	0.07847177358955595	0.4877136062517457	16.15354721354798	29.04740779255204
815000	-3989.5320755190896	-4006.70467795185	17.172602432760513	-4006.70467795185	0.07685656390824953	0.491023899572114	17.172602432760513	18.865493154555924
816000	-3993.0176382303907	-4009.5858776875075	16.568239457116775	-4009.5858776875075	0.07952199803291463	0.5224421868628152	16.568239457116775	19.106037311649693
817000	-3996.180308808919	-4012.5127611796115	16.33245237069223	-4012.5127611796115	0.0797286806247042	0.5063215997996315	16.33245237069223	12.185559168376392
818000	-3992.733940513251	-4010.729227357641	17.99528684438978	-4010.729227357641	0.07174174639344452	0.4476906795845073	17.99528684438978	21.186161404844437
819000	-3994.2621707920002	-4012.303482196492	18.041311404491818	-4012.303482196492	0.06748717336259161	0.4460206549759743	18.041311404491818	20.037696860675435
820000	-3992.1601537047186	-4008.2199730482107	16.05981934349202	-4008.2199730482107	0.07855912791433786	0.5145170325186279	16.05981934349202	25.30087721932232
821000	-3991.810186613324	-4009.0582971712115	17.24811055788767	-4009.0582971712115	0.07420746525757523	0.4854850778588164	17.24811055788767	17.05660726786874
822000	-3992.52527954257	-4007.9549117430743	15.429632200504528	-4007.9549117430743	0.0807490553866116	0.5077874834614621	15.429632200504528	9.481809098890865
823000	-3992.6096932246783	-4009.5930652827865	16.983372058108113	-4009.5930652827865	0.07373989455314794	0.49458885786634055	16.983372058108113	21.439570303837876
824000	-3992.045894546397	-4009.2082264315923	17.16233188519545	-4009.2082264315923	0.07596409352008393	0.49137075892532456	17.16233188519545	17.569042130997435
825000	-3991.9952123996086	-4008.9639619774325	16.96874957782378	-4008.9639619774325	0.07602595847588367	0.49070662973360324	16.96874957782378	14.630961333714659
826000	-3997.695602413571	-4013.0864236917314	15.390821278160294	-4013.0864236917314	0.08240643042590248	0.49911261711651433	15.390821278160294	9.220554028478007
827000	-3991.9405902158474	-4008.403600775856	16.46301056000839	-4008.403600775856	0.08337792050243856	0.5315016646780417	16.46301056000839	17.103274393566124
828000	-3992.508253121486	-4009.3420640783092	16.833810956823296	-4009.3420640783092	0.07706482941691371	0.509964595455399	16.833810956823296	17.284750873451287
829000	-3995.6122836783065	-4012.867157326721	17.254873648414378	-4012.867157326721	0.07391344148945816	0.4571231820213584	17.254873648414378	13.50873957892159
830000	-3995.5485724705472	-4012.392579246535	16.844006775987776	-4012.392579246535	0.07284650726359257	0.501884302141233	16.844006775987776	21.226496075248033
831000	-3994.8239645615017	-4009.472009536466	14.648044974964076	-4009.472009536466	0.083556178410096	0.5231525319971174	14.648044974964076	31.171686906922712
832000	-3992.8270868576983	-4009.1231688664457	16.296082008747508	-4009.1231688664457	0.0783102087541257	0.4931344757273736	16.296082008747508	27.320338571505456
833000	-3990.908316721234	-4007.4767262119294	16.568409490695423	-4007.4767262119294	0.0774017773704564	0.49568988187139135	16.568409490695423	12.649868195920947
834000	-3990.4254148029577	-4007.271147553757	16.84573275079967	-4007.271147553757	0.07787305100742709	0.509090174464943	16.84573275079967	17.069955797011033
835000	-3993.03206818702	-4009.1892528109056	16.157184623885684	-4009.1892528109056	0.08083718220309347	0.5049821046294194	16.157184623885684	26.225482510092117
836000	-3994.5558217334506	-4012.0088248782363	17.453003144785875	-4012.0088248782363	0.07289873170073632	0.47532831247874924	17.453003144785875	17.835622376451795
837000	-3996.353615863839	-4012.3849495366017	16.031333672762848	-4012.3849495366017	0.06836511977586726	0.4710217704391764	16.031333672762848	10.042817571375247
838000	-3992.808166709868	-4009.918300913046	17.110134203177747	-4009.918300913046	0.08148665783528808	0.4945919933289958	17.110134203177747	18.48096894675689
839000	-3992.234245189892	-4009.020676523685	16.78643133379266	-4009.020676523685	0.07544106951269312	0.49946130129639493	16.78643133379266	14.19705470315718
840000	-3998.758657834467	-4010.426345140009	11.66768730554189	-4010.426345140009	0.07780901362530948	0.517054309572653	11.66768730554189	42.83659984744823
841000	-3993.8612586507606	-4010.4320811243992	16.57082247363866	-4010.4320811243992	0.07912325845819176	0.5120517565419305	16.57082247363866	21.836552846244675
842000	-3995.5643033124284	-4012.116999400715	16.552696088286872	-4012.116999400715	0.07772693699848736	0.4667121710422402	16.552696088286872	30.336821138991755
843000	-3992.7593170126615	-4009.973605055751	17.21428804308947	-4009.973605055751	0.07158244565497235	0.48870310885750207	17.21428804308947	19.019893043278806
844000	-3995.3959103011675	-4011.1293527860335	15.733442484866003	-4011.1293527860335	0.08206435913597751	0.5069771496549658	15.733442484866003	10.208319451685922
845000	-3993.888659935169	-4010.2907336290446	16.402073693875746	-4010.2907336290446	0.08006221106689582	0.5031089609915735	16.402073693875746	12.317188804978304
846000	-3994.9313719724214	-4011.6464897106134	16.71511773819224	-4011.6464897106134	0.07435908897410705	0.4915981406156108	16.71511773819224	13.107905582572181
847000	-3990.302515745285	-4007.4816202524557	17.179104507170965	-4007.4816202524557	0.0766172125327419	0.48544589047597775	17.179104507170965	15.910224891317599
848000	-3990.466823415886	-4007.2933434455726	16.826520029686577	-4007.2933434455726	0.08054448770047745	0.5104803345921253	16.826520029686577	17.725253591048954
849000	-3994.506339593285	-4010.5088685804544	16.002528987169804	-4010.5088685804544	0.07905071144045409	0.513346243956475	16.002528987169804	25.839498194733828
850000	-3993.6276518101795	-4009.214225286114	15.586573475934367	-4009.214225286114	0.07528824950503989	0.4898658068751518	15.586573475934367	31.658840258465514
851000	-3994.7076629483895	-4011.2773617643193	16.569698815929552	-4011.2773617643193	0.0833865901539829	0.5236094054117689	16.569698815929552	18.590419238904957
852000	-3997.4511039175413	-4013.660096135627	16.208992218085697	-4013.660096135627	0.08083660720993924	0.5126093078959302	16.208992218085697	24.637656203691638
853000	-3992.216726278126	-4008.954285062335	16.73755878420938	-4008.954285062335	0.07445401317523229	0.48568630685552366	16.73755878420938	12.843175658921036
854000	-3996.2326884528125	-4012.0280626768144	15.79537422400184	-4012.0280626768144	0.08110207996135199	0.5303674352459371	15.79537422400184	24.491910095033855
855000	-3995.882787499275	-4011.3095462235333	15.426758724258518	-4011.3095462235333	0.07996561506678025	0.49794967812142665	15.426758724258518	31.20464977042231
856000	-3993.5025408945744	-4009.531036137612	16.02849524303744	-4009.531036137612	0.07433616448225744	0.49253712336938904	16.02849524303744	28.964784504852144
857000	-3997.422391714132	-4015.5925563483243	18.17016463419224	-4015.5925563483243	0.06524710957954448	0.43821384440079486	18.17016463419224	18.89865752922712
858000	-3992.8824154671497	-4008.8754881168147	15.993072649664931	-4008.8754881168147	0.0777676452897672	0.513978940254774	15.993072649664931	25.797826637625125
859000	-3995.5126842856293	-4011.5667346401506	16.054050354521344	-4011.5667346401506	0.08211410903100291	0.5034064075876569	16.054050354521344	11.03337210392289
860000	-3994.506864609671	-4012.293610919433	17.786746309761934	-4012.293610919433	0.06849344923544406	0.4460862099207214	17.786746309761934	25.34974563771946
861000	-3991.5003307983543	-4007.8029549285484	16.302624130194037	-4007.8029549285484	0.08074293477612814	0.5140920487458869	16.302624130194037	23.71984881444769
862000	-3996.684844353656	-4013.2483421767424	16.563497823086287	-4013.2483421767424	0.08120399600277757	0.5221264516301005	16.563497823086287	15.320651833480584
863000	-3992.9719037207933	-4010.2033160107926	17.23141228999929	-4010.2033160107926	0.07351100393781546	0.4678839039442762	17.23141228999929	25.37423659655431
864000	-3992.7300678835063	-4008.214908372666	15.484840489159701	-4008.214908372666	0.07932761574899891	0.5105696682217029	15.484840489159701	29.071292108825972
865000	-3995.8796697049575	-4012.87131476031	16.991645055352514	-4012.87131476031	0.0720144237019569	0.47740270195503354	16.991645055352514	13.565947035038564
866000	-3995.70383298037	-4012.6946032066016	16.990770226231795	-4012.6946032066016	0.07298412938929422	0.4719546936003028	16.990770226231795	13.19343301474605
867000	-3996.9233483963994	-4013.88184727942	16.95849888302073	-4013.88184727942	0.07702390193025568	0.4798808754368427	16.95849888302073	25.11895224693353
868000	-3994.6840118255686	-4011.930746431741	17.24673460617247	-4011.930746431741	0.07388046389074851	0.4812456737600258	17.24673460617247	15.919763438469635
869000	-3997.065186871327	-4013.667956599236	16.602769727908758	-4013.667956599236	0.0845992981268595	0.5115675275997827	16.602769727908758	21.616951774198768
870000	-3993.3639549603085	-4009.659003154495	16.29504819418665	-4009.659003154495	0.07013538695692029	0.46906504597155174	16.29504819418665	31.386733206353313
871000	-3993.0978228003955	-4011.188401429527	18.090578629131215	-4011.188401429527	0.068894191466634	0.44285023913299776	18.090578629131215	21.525219389359915
872000	-3995.646171171621	-4013.132188014364	17.486016842742863	-4013.132188014364	0.06977346618242344	0.47386541632533574	17.486016842742863	19.924628239799034
873000	-3993.1924550215244	-4010.3286865698697	17.136231548345005	-4010.3286865698697	0.07529426184750083	0.4927057374849617	17.136231548345005	17.44523566866413
874000	-3992.1259318459847	-4008.0681204814505	15.942188635465964	-4008.0681204814505	0.08298372927532988	0.5243443487779802	15.942188635465964	11.465408024937476
875000	-3992.903621556228	-4008.575061217149	15.671439660921497	-4008.575061217149	0.07382435232614207	0.4920593095948835	15.671439660921497	30.903651768956202
876000	-3993.1432512314655	-4010.6113242212377	17.468072989772462	-4010.6113242212377	0.07047742182407912	0.4431595354900001	17.468072989772462	28.893856022803956
877000	-3990.7291823784126	-4007.3764589426096	16.647276564197	-4007.3764589426096	0.07749355816847395	0.5021842470688025	16.647276564197	23.19491651732383
878000	-3992.0706170604212	-4009.523196287087	17.45257922666565	-4009.523196287087	0.07277272104431168	0.4759220996703079	17.45257922666565	18.2902643301399
879000	-3992.287028503836	-4009.617756384527	17.330727880690972	-4009.617756384527	0.07193117361046544	0.4654609366146638	17.330727880690972	14.58192247230234
880000	-3998.269211530673	-4014.517514291854	16.248302761180643	-4014.517514291854	0.07772355331547703	0.48717857768658807	16.248302761180643	11.079896247411973
881000	-3992.91095905179	-4010.3220074520787	17.41104840028858	-4010.3220074520787	0.07933739967423631	0.4766249795790743	17.41104840028858	17.30694299973469
882000	-3992.023313952152	-4009.4192985508967	17.395984598744505	-4009.4192985508967	0.07333542753684441	0.4583651110949873	17.395984598744505	14.348664211603484
883000	-3990.616948627048	-4007.4186662729644	16.801717645916757	-4007.4186662729644	0.07466762033938498	0.48736118581821425	16.801717645916757	24.874541248176193
884000	-4001.8829999083605	-4013.133149369279	11.25014946091865	-4013.133149369279	0.08525545455595107	0.5282541527322431	11.25014946091865	42.640720349965754
885000	-3994.2457976441046	-4010.85661079479	16.61081315068554	-4010.85661079479	0.08028497482021027	0.5042738099927009	16.61081315068554	23.090883711671232
886000	-3993.7188172005945	-4009.8552028151016	16.136385614507304	-4009.8552028151016	0.07515287719512281	0.5017779307011253	16.136385614507304	11.243547285244016
887000	-3994.631346693984	-4011.739951294552	17.108604600568153	-4011.739951294552	0.07301863657773047	0.4868618668545639	17.108604600568153	21.99763866879601
888000	-4000.2047294692607	-4016.5887395151467	16.38401004588615	-4016.5887395151467	0.08341002608090803	0.5307919978085633	16.38401004588615	19.489529619532412
889000	-3996.28372744531	-4013.141407297014	16.857679851704283	-4013.141407297014	0.07419334288490628	0.4711408236827801	16.857679851704283	27.59431368571244
890000	-3993.0490501121362	-4010.2446214792917	17.195571367155402	-4010.2446214792917	0.07800413015732305	0.4886903742269333	17.195571367155402	17.112571981553025
891000	-3992.356111353556	-4009.5808558353115	17.224744481755447	-4009.5808558353115	0.07918780160900601	0.483923725037159	17.224744481755447	21.234868388604344
892000	-3994.7208162153142	-4010.0532378256953	15.332421610381196	-4010.0532378256953	0.07896058159277591	0.49004430889873307	15.332421610381196	32.836985061924935
893000	-3996.516533751749	-4013.182639659426	16.666105907676997	-4013.182639659426	0.08291252806666145	0.5195808970633031	16.666105907676997	17.006273496938796
894000	-4000.6420370206197	-4016.0140405756993	15.372003555079544	-4016.0140405756993	0.07935479138477548	0.49968696023064635	15.372003555079544	31.207224025596425
895000	-3995.8562239444595	-4011.952547072701	16.09632312824115	-4011.952547072701	0.07815532011426404	0.49375253721753937	16.09632312824115	28.39212204610233
896000	-3992.538419730434	-4009.3113397077996	16.772919977365607	-4009.3113397077996	0.08294979124311304	0.5107453660552066	16.772919977365607	19.525763186629398
897000	-3997.5423208796597	-4014.3296952076744	16.78737432801493	-4014.3296952076744	0.06502576190660005	0.44637060255889344	16.78737432801493	32.71566914227467
898000	-3993.5310659234315	-4009.4536780124668	15.922612089035486	-4009.4536780124668	0.07760617981428855	0.5093615653259491	15.922612089035486	26.926854660772925
899000	-3995.5747802395044	-4012.578289312778	17.0035090732735	-4012.578289312778	0.08280796928112544	0.4894518109181418	17.0035090732735	22.56070604012776
900000	-3993.745867404622	-4010.6504810206575	16.904613616035647	-4010.6504810206575	0.08109465788582071	0.5018957388722367	16.904613616035647	15.720149362847275
901000	-3992.1321974668977	-4009.078632112597	16.946434645699373	-4009.078632112597	0.07603974683510406	0.5033900293721676	16.946434645699373	17.228756002703896
902000	-3992.978957895587	-4010.2997564465995	17.3207985510125	-4010.2997564465995	0.07199949716421515	0.4792652548291853	17.3207985510125	21.286131989510928
903000	-3994.3320344792114	-4011.4081685045967	17.07613402538547	-4011.4081685045967	0.07780816142589833	0.4905380355155186	17.07613402538547	15.636037825995482
904000	-3992.6809088716914	-4008.6135480677995	15.932639196108155	-4008.6135480677995	0.07404237212186404	0.4862399875118506	15.932639196108155	30.482107934156073
905000	-3994.080295288143	-4010.2430779102006	16.16278262205753	-4010.2430779102006	0.08377868240335674	0.5285460519688282	16.16278262205753	12.704998117025163
906000	-3993.860707368322	-4008.9794230630223	15.118715694700338	-4008.9794230630223	0.08296318775342473	0.529694565873324	15.118715694700338	28.189525919961973
907000	-3995.7651690391885	-4012.235391843271	16.470222804082525	-4012.235391843271	0.08050684738471854	0.5133835279481299	16.470222804082525	22.50251838703143
908000	-3992.158637099761	-4009.364557848119	17.205920748358018	-4009.364557848119	0.0754661190040524	0.4848830931974516	17.205920748358018	21.209401510990816
909000	-3992.5079076423335	-4008.750720542497	16.242812900163756	-4008.750720542497	0.08078058578466363	0.5240585316799771	16.242812900163756	12.83230184499628
910000	-3995.385112478998	-4011.063399705142	15.678287226143958	-4011.063399705142	0.07868550047942856	0.5023133083656304	15.678287226143958	29.3113750937802
911000	-3992.5672687878787	-4009.3619346937626	16.79466590588409	-4009.3619346937626	0.08065394213610723	0.5034286960667439	16.79466590588409	21.429801362708744
912000	-3992.7106330978077	-4009.801522160584	17.090889062776533	-4009.801522160584	0.0753614004726404	0.47612689110065665	17.090889062776533	14.031017936675187
913000	-3994.046109281831	-4011.0624336294723	17.016324347641312	-4011.0624336294723	0.0754413095648878	0.49225834930667	17.016324347641312	21.667354945375024
914000	-3991.467939685533	-4008.5454459494163	17.07750626388333	-4008.5454459494163	0.07843735779449426	0.49455821403665684	17.07750626388333	16.654543370992883
915000	-3996.827934005152	-4013.3431190144775	16.51518500932519	-4013.3431190144775	0.07751450486148057	0.49102432518250544	16.51518500932519	26.279794472653986
916000	-3994.387654484075	-4010.796156607725	16.4085021236501	-4010.796156607725	0.08315488780514363	0.5174081096834284	16.4085021236501	13.300964876824182
917000	-3993.3622638189736	-4010.4342858560985	17.07202203712479	-4010.4342858560985	0.07784159749017443	0.4960887154951489	17.07202203712479	17.220988041926947
918000	-3994.7219925584427	-4011.3348131868966	16.612820628453704	-4011.3348131868966	0.08082345533571324	0.5036332017123838	16.612820628453704	23.202243327013882
919000	-3994.7364464933335	-4011.5481244283164	16.811677934982825	-4011.5481244283164	0.07383324385818624	0.4821443278005908	16.811677934982825	12.97632755286136
920000	-3993.218987340253	-4009.2361462634913	16.017158923238306	-4009.2361462634913	0.07600687759779762	0.5032203193688125	16.017158923238306	10.910542163911694
921000	-3997.618678159844	-4014.1037850194675	16.48510685962339	-4014.1037850194675	0.08270978011837382	0.5250176675994424	16.48510685962339	19.664767776830992
922000	-3991.9803203250594	-4008.7155761471063	16.735255822046845	-4008.7155761471063	0.07800131119397748	0.5152951030656285	16.735255822046845	16.790451627765066
923000	-3991.021951044412	-4007.246355938202	16.224404893790012	-4007.246355938202	0.07636632692348638	0.5044030644660054	16.224404893790012	25.89835855760917
924000	-3993.922837374783	-4010.6578301749955	16.734992800212886	-4010.6578301749955	0.0795469433689565	0.5048512007673326	16.734992800212886	21.761160089960427
925000	-3994.638915525134	-4012.0523713622933	17.413455837159262	-4012.0523713622933	0.07562140718878611	0.47780369941444034	17.413455837159262	18.02641368644213
926000	-3990.8500801147575	-4007.66207145818	16.811991343422374	-4007.66207145818	0.07504985998443386	0.49456527537572015	16.811991343422374	23.306626288225267
927000	-3992.337589130748	-4008.8968899971524	16.559300866404655	-4008.8968899971524	0.08434892843678382	0.5171521961932957	16.559300866404655	20.782323934691345
928000	-3990.4740603971827	-4007.461756953061	16.987696555878497	-4007.461756953061	0.07545266695677035	0.49043782214611964	16.987696555878497	14.753900405573194
929000	-3994.18589217216	-4010.9597663347076	16.773874162547763	-4010.9597663347076	0.07810984667633575	0.4970987747502739	16.773874162547763	13.877123597390723
930000	-3993.08555984976	-4010.121211731088	17.0356518813276	-4010.121211731088	0.07646157663452771	0.4983112424948894	17.0356518813276	18.840229648602136
931000	-3996.448866962082	-4013.654628605613	17.20576164353115	-4013.654628605613	0.07404246656487765	0.47134580321154584	17.20576164353115	14.323304773676416
932000	-3993.018191776732	-4010.327948768471	17.30975699173893	-4010.327948768471	0.07544557151142339	0.4836335357834549	17.30975699173893	18.123841905697684
933000	-3994.495791797599	-4010.492097342675	15.996305545076384	-4010.492097342675	0.07791338069337093	0.49028428478831165	15.996305545076384	29.499030337318292
934000	-3994.308041998261	-4009.742124896926	15.434082898664649	-4009.742124896926	0.07925206570254739	0.48497272023751836	15.434082898664649	33.1427658668578
935000	-3995.2662761985935	-4009.6419208651428	14.375644666549505	-4009.6419208651428	0.07567714989506737	0.49518099145810707	14.375644666549505	36.20136073487729
936000	-3994.9167835519042	-4011.1898688387746	16.273085286870323	-4011.1898688387746	0.07062356817900606	0.4686943534294357	16.273085286870323	31.570542972693463
937000	-3997.8904899524323	-4015.06032310963	17.169833157198017	-4015.06032310963	0.07331035341378456	0.45577350654566695	17.169833157198017	28.426626014520807
938000	-3996.9970196410654	-4014.2306311683947	17.23361152732904	-4014.2306311683947	0.07635593492350343	0.46183765815588107	17.23361152732904	26.678295059465615
939000	-3991.333897523032	-4007.6156619648737	16.28176444184136	-4007.6156619648737	0.082490865014157	0.5148019234293446	16.28176444184136	23.749504242436117
940000	-3994.7102703239734	-4010.947802780799	16.23753245682584	-4010.947802780799	0.08180688465689004	0.49870226440052934	16.23753245682584	11.470115577188636
941000	-3991.4749361509553	-4009.0405038920453	17.56556774109021	-4009.0405038920453	0.0728798347476665	0.4599235054651047	17.56556774109021	15.730329946293946
942000	-3991.5061585746525	-4007.5979470691336	16.09178849448117	-4007.5979470691336	0.07858668820852352	0.5089133610427119	16.09178849448117	25.99590099997002
943000	-3993.7165532178337	-4010.8200921377584	17.103538919924745	-4010.8200921377584	0.07759896831048227	0.4890727743396374	17.103538919924745	21.411977434745822
944000	-3994.4240507233717	-4011.5822379789515	17.158187255579733	-4011.5822379789515	0.07713949791238618	0.49189503607968954	17.158187255579733	18.708144946183506
945000	-3992.315123781339	-4008.860872260534	16.545748479195197	-4008.860872260534	0.07737217575776673	0.5020699253664308	16.545748479195197	24.055354431685508
946000	-3991.476574665285	-4008.1264345264776	16.649859861192613	-4008.1264345264776	0.08081644090189938	0.4973490304766464	16.649859861192613	24.1316959800081
947000	-3994.5273544966853	-4011.247781105457	16.720426608771692	-4011.247781105457	0.07893400112273218	0.503237368435361	16.720426608771692	14.103706769839327
948000	-3992.300184208153	-4009.3183838107234	17.018199602570256	-4009.3183838107234	0.08039547319597795	0.49972522169107503	17.018199602570256	17.92788992947149
949000	-3995.645119639457	-4012.084561462244	16.43944182278707	-4012.084561462244	0.08149034424754552	0.5203660798655516	16.43944182278707	13.788464581595687
950000	-3993.036920893567	-4009.502131521869	16.465210628301975	-4009.502131521869	0.08289286760942435	0.5311052262513258	16.465210628301975	16.389043152765566
951000	-3995.231586694383	-4012.3218821284636	17.090295434080563	-4012.3218821284636	0.07234792028223158	0.46392052380654547	17.090295434080563	13.163875911989512
952000	-3992.253974870341	-4009.5906666466926	17.33669177635166	-4009.5906666466926	0.07299469487627444	0.4803215439559378	17.33669177635166	20.51304512185526
953000	-3995.900778696276	-4010.6042469217805	14.703468225504379	-4010.6042469217805	0.08337430313664257	0.5550138606064703	14.703468225504379	8.83182163751854
954000	-3994.706852904686	-4011.1352137726935	16.428360868007672	-4011.1352137726935	0.08300324042334105	0.503221711530223	16.428360868007672	24.72367975919725
955000	-3991.6669760372674	-4008.6553375495814	16.988361512313926	-4008.6553375495814	0.0819307256022296	0.500949676733018	16.988361512313926	18.729495394626667
956000	-3992.9926184382	-4010.473371636439	17.480753198238755	-4010.473371636439	0.07277619633184243	0.4735656003074876	17.480753198238755	17.72262786808161
957000	-3993.379523587486	-4010.633241062682	17.253717475196083	-4010.633241062682	0.0744454886299519	0.4846386456229108	17.253717475196083	20.387728009839833
958000	-3994.056652324144	-4010.4648223830673	16.408170058922988	-4010.4648223830673	0.0767997844130486	0.5114979791721858	16.408170058922988	12.854369233060831
959000	-3998.698458632203	-4015.5889084357955	16.890449803592645	-4015.5889084357955	0.0863546561639208	0.49310253970132584	16.890449803592645	22.877318434322703
960000	-3994.1185692960753	-4010.9934858769248	16.874916580849373	-4010.9934858769248	0.07962115820319045	0.5061417898735819	16.874916580849373	19.235782051128307
961000	-3993.3326381065895	-4010.6669268630167	17.334288756427124	-4010.6669268630167	0.07457360935814399	0.4804838243847527	17.334288756427124	17.07524482797573
962000	-3993.994235851864	-4011.232128217735	17.237892365871396	-4011.232128217735	0.06942607216398748	0.44987357864979	17.237892365871396	13.007036919005323
963000	-3996.2403820847317	-4012.3600898716822	16.11970778695063	-4012.3600898716822	0.08261946370322144	0.5466865610468146	16.11970778695063	14.240354659530968
964000	-3996.882708629751	-4013.6193235984997	16.7366149687488	-4013.6193235984997	0.07847030782960887	0.5140200420370498	16.7366149687488	16.16765262335604
965000	-3991.951381751996	-4008.6929371555534	16.741555403557378	-4008.6929371555534	0.07698161857730912	0.5103719798083662	16.741555403557378	20.20114194874672
966000	-3995.36698187352	-4011.3770469837173	16.01006511019715	-4011.3770469837173	0.08435069548554891	0.5325009945272958	16.01006511019715	22.725297146118706
967000	-3993.120412064505	-4010.5862118742552	17.465799809749846	-4010.5862118742552	0.07380476667285421	0.47411706429152756	17.465799809749846	20.46031834873981
968000	-4002.1971781995217	-4017.899579765718	15.702401566196375	-4017.899579765718	0.07770095464209575	0.504944528725027	15.702401566196375	28.79259107510275
969000	-3994.2998605840617	-4010.7639491392233	16.464088555161855	-4010.7639491392233	0.07458910441797269	0.48317901477448366	16.464088555161855	11.6340227386813
970000	-3993.951568586253	-4010.3243384798448	16.372769893591933	-4010.3243384798448	0.0760345762399934	0.496562518687356	16.372769893591933	26.259481160204796
971000	-3990.4640881577434	-4007.413675785581	16.949587627837396	-4007.413675785581	0.0797256965257574	0.49959179899939393	16.949587627837396	20.37512785558506
972000	-3992.5873296177956	-4008.5948215128283	16.00749189503272	-4008.5948215128283	0.08356230956443969	0.5380958579669016	16.00749189503272	12.511744045548665
973000	-3991.103174969712	-4007.7175030650988	16.614328095386735	-4007.7175030650988	0.07855437081711891	0.4964187941226763	16.614328095386735	12.915359130516652
974000	-3991.440905069964	-4009.12445931479	17.68355424482562	-4009.12445931479	0.06930190188328374	0.4588793459842627	17.68355424482562	22.7186828265949
975000	-3991.921505489912	-4008.447708484541	16.52620299462913	-4008.447708484541	0.07971896528686309	0.4893427966254419	16.52620299462913	26.5034425277715
976000	-3995.0483877903716	-4011.415292552355	16.36690476198336	-4011.415292552355	0.07033649509291748	0.4664693794676075	16.36690476198336	10.769727944703115
977000	-3992.9251187484815	-4009.9612993791243	17.036180630642654	-4009.9612993791243	0.07782729347975455	0.4987311042767008	17.036180630642654	18.095696059482915
978000	-3992.7734526758422	-4009.7676791247345	16.994226448892206	-4009.7676791247345	0.08297383995588264	0.4962861976931357	16.994226448892206	20.761984865756133
979000	-3997.821659419252	-4013.5980396545915	15.776380235339781	-4013.5980396545915	0.08061466711478082	0.49349249572459797	15.776380235339781	30.152488890818926
980000	-3998.62150649009	-4014.015757910528	15.394251420438401	-4014.015757910528	0.0801096747992479	0.4970671139449216	15.394251420438401	9.188454971942075
981000	-3994.6139293000797	-4011.681032855504	17.067103555424115	-4011.681032855504	0.07185998324246896	0.4937206890663415	17.067103555424115	20.415338557652454
982000	-3992.3294918901784	-4007.9111443517922	15.58165246161397	-4007.9111443517922	0.08253951944048625	0.5248942388165999	15.58165246161397	26.515928946832105
983000	-3993.0881620963037	-4009.5519561829556	16.463794086652022	-4009.5519561829556	0.07361641634734903	0.4698010437150301	16.463794086652022	30.309048376855284
984000	-3993.157654602986	-4010.547277970998	17.389623368012032	-4010.547277970998	0.07799845130596952	0.4782232010123007	17.389623368012032	20.242579628224615
985000	-3991.924563067434	-4009.161589984665	17.237026917231294	-4009.161589984665	0.0710996370041454	0.47495620656987414	17.237026917231294	23.655577809051636
986000	-3993.5400162107194	-4008.895995533686	15.355979322966375	-4008.895995533686	0.07897474856202563	0.5214712068272005	15.355979322966375	28.162547383371965
987000	-3995.666069951663	-4012.0632196139272	16.397149662264596	-4012.0632196139272	0.0797109162783848	0.5027796686148973	16.397149662264596	25.022673724771792
988000	-3991.768390396533	-4008.6737157841803	16.905325387647142	-4008.6737157841803	0.07266900957726993	0.4854848462295269	16.905325387647142	13.699447608649102
989000	-3990.342524525255	-4007.430184780077	17.087660254821845	-4007.430184780077	0.0759560971774342	0.49250713287631454	17.087660254821845	16.21872584972611
990000	-3992.9513743853995	-4010.2439865765673	17.292612191167684	-4010.2439865765673	0.07599898602301389	0.4847002802146658	17.292612191167684	18.387252467084515
991000	-3994.9288905766202	-4009.4088776430103	14.47998706639027	-4009.4088776430103	0.07610219209339933	0.5064409812616868	14.47998706639027	34.157889975081254
992000	-3994.944708014333	-4009.746199489863	14.801491475529719	-4009.746199489863	0.08227150385885487	0.5264265793516577	14.801491475529719	30.072699923958545
993000	-3993.2449793434917	-4010.0550458803227	16.810066536831258	-4010.0550458803227	0.07739355077836597	0.509784773724765	16.810066536831258	19.106190365115744
994000	-3993.58637971039	-4010.334731044944	16.74835133455396	-4010.334731044944	0.07818926317315136	0.5031045316102671	16.74835133455396	14.303251338162122
995000	-3992.329476774462	-4009.347002091424	17.017525316962182	-4009.347002091424	0.08192015300629239	0.49944125470243855	17.017525316962182	18.6795997365577
996000	-3998.945262990165	-4013.513938798202	14.568675808037476	-4013.513938798202	0.08187327425346802	0.5174500036329297	14.568675808037476	32.271905711674286
997000	-3996.0809215725158	-4012.652074428132	16.571152855616017	-4012.652074428132	0.08118225875036368	0.5057552382746792	16.571152855616017	13.346070196514896
998000	-3996.301232577027	-4013.048337382702	16.747104805675207	-4013.048337382702	0.07923426938117081	0.5123342083398529	16.747104805675207	15.83344571733292
999000	-3993.23117601063	-4008.791132413308	15.559956402678129	-4008.791132413308	0.07959709864776558	0.5217401956087386	15.559956402678129	27.08252436504767
1000000	-3994.463616741892	-4010.057272988646	15.593656246754012	-4010.057272988646	0.08520270758783788	0.5491521627317562	15.593656246754012	22.970125371042613
