"iteration","phase","elbo","elbo_ma20","log_Z","log_beta_before","log_beta_after","beta_before","beta_after","g_grad","g_step","M_grad_frob","M_grad_mean_abs","M_grad_max_abs","M_step_frob","M_step_mean_abs","M_step_max_abs","M_lower_mean_before","M_lower_mean_after","M_lower_min_after","M_lower_max_after","M_l2_true_before","M_l2_true_after","M_l2_init_after","sample_unique_fmats","sample_mean_d2_to_M_before","sample_sd_d2_to_M_before","exact_prior_prob_sum","exact_prior_ess","elapsed_seconds"
1,"joint",-4544.49056490502,-4544.49056490502,8.74697294102077,-4.60517018598809,-4.50740149305909,0.01,0.0110270769152088,1.47177481377982,0.0977686929290036,0.431819926653533,0.0188271539323874,0.210732593824123,0.120930776073309,0.00547754102633367,0.0554543662187557,2.84444444444445,2.83536267701962,-0.0279095426904126,10,2.44948974278318,2.53495388132741,0.120930776073309,1728,22.46,13.9440172765564,1.00000000000001,7791.1027211634,81.0643260478973
2,"joint",-4544.62307438554,-4544.55681964528,8.71657342626211,-4.50740149305909,-4.4434506428647,0.0110270769152088,0.0117553050947034,1.25222834534188,0.0639508501943888,0.39432078300082,0.0157683097127895,0.222119161145341,0.100315947320451,0.0042821735970753,0.0504627143562907,2.83536267701962,2.82898091053757,-0.0500063097101614,10,2.53495388132741,2.60621580867332,0.218611239717399,1768,23.3399162861306,13.9255421188707,0.999999999999998,7755.32265446709,162.44113111496
3,"joint",-4539.84810576898,-4542.98724835318,8.69386721815879,-4.4434506428647,-4.37415215158386,0.0117553050947034,0.0125988196046491,1.88215152663708,0.0692984912808385,0.501424764005252,0.0225879634519377,0.246403041681105,0.121923631656538,0.00589984312797618,0.0488468585741833,2.82898091053757,2.81975711972761,-0.0865283243196183,10,2.60621580867332,2.69609375775701,0.33738788317129,1767,23.1265369078636,14.2394611279287,0.999999999999999,7727.12604227903,243.507389068604
4,"joint",-4544.54098831013,-4543.37568334242,8.6650308800681,-4.37415215158386,-4.31749241952286,0.0125988196046491,0.013333275920303,1.86758697132629,0.0566597320610046,0.526207336398066,0.0245122358646453,0.240003986875483,0.12033593020077,0.00611797681566514,0.0432047076638843,2.81975711972761,2.81170228814943,-0.124691526099459,10,2.69609375775701,2.79365632209186,0.453517559105943,1771,23.9565457114269,14.6293077849691,1,7689.10895601422,324.38974905014
5,"joint",-4538.83313550753,-4542.46717377544,8.63808820608428,-4.31749241952286,-4.29026555355667,0.013333275920303,0.0137012863888922,0.93267217124044,0.027226865966183,0.311354798413084,0.0144266832264395,0.152179494975815,0.0700830180217868,0.00359353138905092,0.0265125143758983,2.81170228814943,2.8073218783325,-0.124248413184055,10,2.79365632209186,2.83826816973932,0.507518085388623,1769,24.3343038846684,14.014375032054,1,7652.29625496135,406.611294984818
6,"joint",-4545.14923015303,-4542.9141831717,8.6248709986359,-4.29026555355667,-4.23473616780834,0.0137012863888922,0.0144836309418145,2.28723844472627,0.0555293857483357,0.569753535808421,0.025030861619902,0.271198863210896,0.117748546101427,0.00570451043985925,0.0439707206012939,2.8073218783325,2.7975863241612,-0.160366946879786,10,2.83826816973932,2.92692165775706,0.621786642508993,1762,24.5714566571747,14.9068755299756,0.999999999999997,7634.17630273531,488.273859977722
7,"joint",-4545.6768230769,-4543.3088460153,8.59428088877482,-4.23473616780834,-4.19926882551032,0.0144836309418145,0.0150065452131227,1.56246442587996,0.0354673422980203,0.434960296272434,0.0191418592214251,0.219259624262784,0.0848132597149395,0.0042669819266548,0.0337296832936036,2.7975863241612,2.79199901950924,-0.177000660113359,10,2.92692165775706,2.99023211116473,0.702637510320876,1765,24.5267460767304,14.1178869421877,1,7589.34756150157,571.124938964844
8,"joint",-4543.1191755338,-4543.28513720512,8.573064518517,-4.19926882551032,-4.16280523690627,0.0150065452131227,0.0155638363758052,1.7251273678042,0.0364635886040444,0.477911305374627,0.0202290553237624,0.249599435656567,0.0885881651684474,0.0043008338113675,0.0346417517649503,2.79199901950924,2.78639237337862,-0.188624497025036,10,2.99023211116473,3.06048349402288,0.787194521504675,1761,24.9029189799643,14.6232224395679,1,7557.81209623119,653.307816982269
9,"joint",-4541.06290785497,-4543.03822283288,8.55097873074518,-4.16280523690627,-4.12044497530204,0.0155638363758052,0.0162372876422225,2.21240688473005,0.0423602616042308,0.507420165938073,0.0248451234640671,0.227528404249443,0.102672717185064,0.00551692636748405,0.0331073664089123,2.78639237337862,2.7768526143894,-0.221731863433948,10,3.06048349402288,3.13754939632786,0.879737043828893,1772,25.8028718295457,14.7357433343004,0.999999999999999,7524.03410249204,735.566188097
10,"joint",-4544.18277482524,-4543.15267803211,8.52133999262257,-4.12044497530204,-4.0727227991575,0.0162372876422225,0.0170309534537946,2.8362532609294,0.047722176144544,0.728997047483498,0.0312701062517048,0.374618322290327,0.122507223428039,0.00609671047922591,0.048589899153279,2.7768526143894,2.76738048954484,-0.256399377626305,10,3.13754939632786,3.23640492229432,0.998232398269114,1773,25.9799523981249,15.0314837810856,0.999999999999997,7476.91965484868,817.450453042984
11,"joint",-4542.74077955958,-4543.11523271643,8.48610670829919,-4.0727227991575,-4.03919569186882,0.0170309534537946,0.0176116318993061,2.11501690756881,0.0335271072886813,0.494842944038543,0.0204996870401415,0.274164011331116,0.0787979198391686,0.00386281399025587,0.0320191909539274,2.76738048954484,2.7608170049605,-0.275426860727262,10,3.23640492229432,3.30171475409636,1.07204217425965,1734,26.9087156286421,15.0546978915964,0.999999999999998,7419.8073037901,900.028013944626
12,"joint",-4544.61575815248,-4543.24027650277,8.46084802673141,-4.03919569186882,-4.00049342647871,0.0176116318993061,0.0183066036968169,2.64783035409957,0.0387022653901125,0.577177144919543,0.0257582623906045,0.286624474754059,0.0931402639123825,0.00489195867563656,0.0341215787765573,2.7608170049605,2.75475747299608,-0.303900336681799,10,3.30171475409636,3.37388749767453,1.15968944823342,1738,27.9582725680263,15.3634690887429,0.999999999999999,7378.04203012758,980.888370037079
13,"joint",-4543.23751251014,-4543.24006388795,8.43061988681167,-4.00049342647871,-3.97062816582992,0.0183066036968169,0.018861581212239,2.14095229222712,0.0298652606487882,0.523281525074117,0.0227152534766694,0.261476728443015,0.0807212530708662,0.00415446998485581,0.0296403718582594,2.75475747299608,2.74871272823737,-0.328034778380928,10,3.37388749767453,3.43910484450087,1.23557786980118,1770,27.6281321747133,15.1143756821729,1,7325.0002119435,1061.68220615387
14,"joint",-4539.43155996786,-4542.96802789366,8.40408430086706,-3.97062816582992,-3.93037570188619,0.018861581212239,0.0196362937744327,3.1522300168974,0.0402524639437275,0.724779654230829,0.032948225843065,0.33473735888735,0.109086238969502,0.0059758091897638,0.037511522918993,2.74871272823737,2.74016022803317,-0.349555539585654,10,3.43910484450087,3.53137187229223,1.3396107592196,1740,27.6223676534491,15.0795890469274,0.999999999999999,7279.15594111391,1142.36833000183
15,"joint",-4542.74737850068,-4542.95331793413,8.36618617752612,-3.93037570188619,-3.9074676991964,0.0196362937744327,0.0200913139482305,1.84296856066728,0.0229080026897899,0.544866887348858,0.0219993469467766,0.308780733721914,0.0776357318662245,0.00382281178267959,0.0364134345157929,2.74016022803317,2.73710713989341,-0.356206432754961,10,3.53137187229223,3.5928488516099,1.40061356883567,1756,28.7254480113937,15.8960400551786,1,7212.13206951167,1223.0868999958
16,"joint",-4542.65584763588,-4542.93472604049,8.34554186797368,-3.9074676991964,-3.87388330541585,0.0200913139482305,0.0207775270756192,2.86850282609814,0.033584393780547,0.806944236094083,0.0372296047588631,0.410378827795671,0.117918581673142,0.00668300506410858,0.036776457855882,2.73710713989341,2.7356512790694,-0.38512047454458,10,3.5928488516099,3.67796472835257,1.49447158255712,1737,28.8612101236101,15.7824712755877,1,7176.2008852804,1303.77506613731
17,"joint",-4539.70864591481,-4542.74495662133,8.31505765830223,-3.87388330541585,-3.84874220004049,0.0207775270756192,0.0213065189299852,2.21860730502355,0.0251411053753619,0.576535622847356,0.0285814487670466,0.250081084237702,0.0895202299401544,0.00526925554782022,0.0275406750213365,2.7356512790694,2.73317673217797,-0.40585474290546,10,3.67796472835257,3.74115519790793,1.56883398169399,1745,28.9240014388041,15.2894652993229,1,7120.45754873354,1385.94610714912
18,"joint",-4542.06756514102,-4542.70732376131,8.28912363872784,-3.84874220004049,-3.8193717569791,0.0213065189299852,0.0219415812103777,2.71141375318534,0.0293704430613956,0.640571311289812,0.0291551725957128,0.343383882232259,0.0896904786184918,0.00498040614325986,0.030012316311066,2.73317673217797,2.72746531950141,-0.428580480066664,10,3.74115519790793,3.81175539903173,1.64561268013907,1760,29.7963665738258,16.1331664959528,0.999999999999999,7073.39662218901,1467.03808093071
19,"joint",-4543.47317032243,-4542.74763147505,8.25752730710981,-3.8193717569791,-3.78449340456155,0.0219415812103777,0.0227203698975077,3.43563835223262,0.0348783524175419,0.70659251005337,0.0319181343700357,0.356479167120963,0.0978313393906466,0.00527523233694635,0.0357534571573842,2.72746531950141,2.71954853327526,-0.452221167530188,10,3.81175539903173,3.88746653347348,1.72792984437442,1743,29.4427207032773,15.9624386777178,0.999999999999999,7015.65922254574,1548.97453403473
20,"joint",-4539.6091373983,-4542.59070677122,8.21769983458766,-3.78449340456155,-3.75509035040677,0.0227203698975077,0.0233983364644884,3.03025170701697,0.0294030541547866,0.696309955499191,0.0291834997427167,0.337015268317965,0.0821863239075555,0.00436472113682234,0.0293249429337133,2.71954853327526,2.71403124868754,-0.469203742408838,10,3.88746653347348,3.95396564262553,1.80244670641837,1742,30.5725612719738,16.4126512709367,0.999999999999999,6941.25579153024,1631.19273114204
21,"joint",-4539.82797240878,-4542.3575771464,8.18376188931142,-3.75509035040677,-3.7216058742874,0.0233983364644884,0.0241950823707948,3.66229126102635,0.0334844761193657,0.762496853916478,0.034123457709804,0.371875486759157,0.0984716326111303,0.00535289301297842,0.039657439728231,2.71403124868754,2.70564410630019,-0.494307137698792,10,3.95396564262553,4.02342022153765,1.88859880140017,1744,31.0285727243613,16.1783868397437,0.999999999999996,6876.76476517977,1713.18395400047
22,"joint",-4537.74499659078,-4542.01367325667,8.14051456532014,-3.7216058742874,-3.69046381356598,0.0241950823707948,0.0249604223745703,3.584335938104,0.0311420607214187,0.78680888273792,0.034281478363772,0.394365562595756,0.0915537608971226,0.00508319114448665,0.033307112156704,2.70564410630019,2.7000897918817,-0.515812687986886,10,4.02342022153765,4.09628062304444,1.96680795806994,1721,30.8662126770243,15.9905530740355,1,6792.02281631999,1794.70520210266
23,"joint",-4540.5489176233,-4542.04871384938,8.10023574965085,-3.69046381356598,-3.65657518722314,0.0249604223745703,0.0258207928498843,4.14577178386437,0.0338886263428374,0.82730196468657,0.0394655018767118,0.375802180392169,0.108447810187377,0.00616295985585111,0.033053878888596,2.7000897918817,2.69062826114664,-0.545248145307588,10,4.09628062304444,4.17518488612614,2.0581443000164,1709,31.5320317603324,16.5656742271172,1,6715.11607865209,1876.10969614983
24,"joint",-4538.60080456318,-4541.75170466204,8.04986898912339,-3.65657518722314,-3.62588690379334,0.0258207928498843,0.0266254726288086,3.94459453324697,0.0306882834298001,0.73675788530388,0.033330806836243,0.389917999710323,0.0887381550327674,0.00494525218730214,0.0323736420160855,2.69062826114664,2.68257830269159,-0.566540237338689,10,4.17518488612614,4.24229025708394,2.13139038404124,1721,31.6653387694505,15.9064666144905,1,6615.68807933216,1958.2410030365
25,"joint",-4540.21561027421,-4541.82082840037,8.00339054076681,-3.62588690379334,-3.61137165111504,0.0266254726288086,0.0270147666068356,1.8857251281185,0.0145152526783045,0.549605394194529,0.0273762425116339,0.229687273143402,0.087460028974733,0.00479307400997806,0.0311607603171353,2.68257830269159,2.68401797875425,-0.571761046348179,10,4.24229025708394,4.28483065860988,2.1829678331744,1717,32.3734783350415,16.7620174216052,1,6526.66770422747,2040.01467204094
26,"joint",-4539.5883622675,-4541.54278500609,7.98241385021703,-3.61137165111504,-3.5870453536353,0.0270147666068356,0.0276799943144556,3.25818552115673,0.0243262974797349,0.708289863284971,0.030696423468177,0.354809419695925,0.0801699224971704,0.00430552431948115,0.0342901702868898,2.68401797875425,2.67875882049905,-0.587577687798788,10,4.28483065860988,4.3402451634364,2.24511569457217,1729,32.5760392590122,16.4613904238438,1,6488.10866309447,2122.22308206558
27,"joint",-4541.15107530993,-4541.31649761774,7.94579121262967,-3.5870453536353,-3.55688267571473,0.0276799943144556,0.0285276160769422,4.23723612559825,0.0301626779205754,0.852044296366274,0.0412164907665802,0.392208398382181,0.10402529720643,0.00608460017918051,0.0304343537987234,2.67875882049905,2.67326187175983,-0.614062126912664,10,4.3402451634364,4.41761873682302,2.33514422028981,1718,32.8736245978175,16.2855257419067,0.999999999999997,6413.29158202964,2203.97248697281
28,"joint",-4541.00619480172,-4541.21084858114,7.89609620790746,-3.55688267571473,-3.52245440225733,0.0285276160769422,0.0295268753293416,5.15138956069161,0.0344282734574001,0.975931266451567,0.0461236279262796,0.455240529824456,0.117201959314057,0.00647632034379696,0.0418569633077988,2.67326187175983,2.66376472086235,-0.648321670887148,10,4.41761873682302,4.50076648567361,2.42991498457697,1731,33.5905145498621,16.6256193770566,0.999999999999999,6314.78743283994,2285.63679003716
29,"joint",-4539.90816843019,-4541.1531116099,7.83579517874859,-3.52245440225733,-3.50137791062218,0.0295268753293416,0.0301558027807217,3.22607429528734,0.0210764916351522,0.700329084825543,0.0293437548475719,0.368122508291555,0.069473962801476,0.00373091836463833,0.0245373800199373,2.66376472086235,2.66062836218486,-0.658245006840671,10,4.50076648567361,4.54925985959017,2.48222651231186,1714,33.7452393551433,16.5356703830815,0.999999999999996,6191.76290199641,2367.34024214745
30,"joint",-4538.68807859574,-4540.87837679843,7.80154706825208,-3.50137791062218,-3.47231289893849,0.0301558027807217,0.0310451432800463,4.64956188957753,0.0290650116836863,0.920241880931367,0.044775549459093,0.392742444980554,0.107122240931487,0.00618952926354497,0.0376675872471578,2.66062836218486,2.65477339274202,-0.690749005684757,10,4.54925985959017,4.63115203131902,2.57337861856869,1715,33.8246061598736,16.6463796251681,1,6125.76082295999,2448.97541499138
31,"joint",-4539.93262506796,-4540.73796907385,7.74541260215979,-3.47231289893849,-3.44959469332609,0.0310451432800463,0.0317585057041952,3.7318352276801,0.0227182056124,0.753997614873546,0.0336066579342068,0.390909452931347,0.075781234817455,0.00417347862652704,0.0287630821746141,2.65477339274202,2.64782017817947,-0.715294548458384,10,4.63115203131902,4.69001799625037,2.63921335161664,1713,34.4691048748062,16.3819375384171,0.999999999999996,6015.71990816578,2530.68379497528
32,"joint",-4540.12981189265,-4540.51367176085,7.69935599757141,-3.44959469332609,-3.41864256679912,0.0317585057041952,0.0327568700363027,5.34696688822011,0.0309521265269718,0.946071890668561,0.0388606389329155,0.469178617475513,0.0841328979573499,0.0043614749383468,0.028920289764821,2.64782017817947,2.64112120920679,-0.744214838223205,10,4.69001799625037,4.76215065902683,2.7170357843799,1721,35.6236846749533,17.0473534577123,1,5924.04983072164,2612.31201601028
33,"joint",-4541.5628475718,-4540.42993851394,7.63905613318484,-3.41864256679912,-3.39484587040825,0.0327568700363027,0.0335457241624843,4.23245398238521,0.0237966963908712,0.737217858396074,0.0364585004292852,0.327723372183184,0.0838346511432324,0.00492476102477163,0.026933966265306,2.64112120920679,2.63440481238091,-0.76662143025249,10,4.76215065902683,4.82143380094505,2.78639568569837,1683,35.9414444656233,16.6700426009272,1,5806.70677705303,2693.83791804314
34,"joint",-4537.01766747077,-4540.30924388908,7.58602806766839,-3.39484587040825,-3.37039753968262,0.0335457241624843,0.034375968815029,4.48443999391179,0.0244483307256281,1.02987689079941,0.0537202475343496,0.514202715099914,0.129821120336197,0.00784507917224709,0.0394607305938842,2.63440481238091,2.63407135401598,-0.796126904516222,10,4.82143380094505,4.89378171879352,2.86860024620483,1705,36.1909070598441,16.9202628488415,1,5706.45305223577,2775.56154799461
35,"joint",-4539.12888086174,-4540.12831900714,7.53642182275647,-3.37039753968262,-3.34732168112592,0.034375968815029,0.0351784471379498,4.35009866810116,0.0230758585567049,0.796255603860303,0.0386706244326663,0.408490367669463,0.0907134809941574,0.0052944232830284,0.0297623566872604,2.63407135401598,2.62844211990717,-0.799043841683501,10,4.89378171879352,4.95480209318754,2.93492022002738,1691,35.3798011262086,16.4157526467049,1,5609.68143149646,2856.83315515518
36,"joint",-4536.1108316916,-4539.80106820992,7.48204114273117,-3.34732168112592,-3.32641395736423,0.0351784471379498,0.0359216910881722,4.03045366713404,0.0209077237616828,0.746117965056686,0.0355719850494217,0.360827437742577,0.0819388138967884,0.00448606785943393,0.0308274603847849,2.62844211990717,2.62314319446494,-0.822277477243061,10,4.95480209318754,5.0158227118537,3.00044987377434,1670,35.6889352648561,16.5874932321576,1,5513.07344249069,2938.67531514168
37,"joint",-4535.35872833261,-4539.58357233081,7.43168893784416,-3.32641395736423,-3.30464730041904,0.0359216910881722,0.0367121579159269,4.29911216679444,0.0217666569451898,0.751448923655596,0.0353279496532236,0.377950800076107,0.0725706889427519,0.00432128795734638,0.0253805817589681,2.62314319446494,2.61886319650647,-0.837792315916109,10,5.0158227118537,5.06969078489676,3.06086914158733,1685,36.4508404767769,16.7203953449325,0.999999999999995,5417.80121035926,3020.24524593353
38,"joint",-4535.47713259536,-4539.25405070353,7.38056245911137,-3.30464730041904,-3.27597014186693,0.0367121579159269,0.0377801992916066,5.91232244747272,0.0286771585521169,0.987532663452656,0.046456722204074,0.479668767813959,0.0970717261057937,0.00546127128268594,0.0334235780261389,2.61886319650647,2.61170828672848,-0.858831316156265,10,5.06969078489676,5.14099689475153,3.1423688913011,1695,37.4575612869244,17.2478260924931,0.999999999999999,5322.48418396112,3101.40615200996
39,"joint",-4538.03826439584,-4538.9823054072,7.30841548275591,-3.27597014186693,-3.25368103992274,0.0377801992916066,0.038631740799008,4.71389302903753,0.0222891019441865,0.826340134532347,0.0400610636598545,0.351252783323062,0.0832445545060016,0.00484653858265059,0.0303687361654601,2.61170828672848,2.60814201691899,-0.884685518694264,10,5.14099689475153,5.19727619295206,3.20804713608171,1683,37.6596265745434,16.9280950915133,1,5186.75592047192,3183.60024404526
40,"joint",-4537.16214632798,-4538.85995585368,7.25399171284972,-3.25368103992274,-3.23197784282458,0.038631740799008,0.0394793375940203,4.70205666894151,0.0217031970981627,0.907483228764863,0.0442289295069866,0.439080139003712,0.0925150648078257,0.00549073479072077,0.0299984007619589,2.60814201691899,2.60710091352752,-0.896055942654483,10,5.19727619295206,5.25974132231142,3.27556850331358,1663,37.6746272314773,16.5393585004309,1,5084.0305127777,3265.66118407249
41,"joint",-4540.27812945036,-4538.88246370576,7.20015535272823,-3.23197784282458,-3.19988452831269,0.0394793375940203,0.0407669111306044,7.34145314194782,0.0320933145118917,1.17047174117197,0.0554097275875247,0.525300182209621,0.104729632216091,0.00608084824401465,0.0293347389112833,2.60710091352752,2.59748787593827,-0.924806137273407,10,5.25974132231142,5.34701023674069,3.36947188296849,1648,38.4378772341935,17.0359539303961,1,4992.77411122006,3347.32008814812
42,"joint",-4538.99219799187,-4538.94482377582,7.11099648257362,-3.19988452831269,-3.18109760339473,0.0407669111306044,0.0415400356055876,4.37548159427282,0.0187869249179532,0.778764674339052,0.0365835379983857,0.331955673135373,0.0708637238504897,0.00407905843089929,0.0229525921431894,2.59748787593827,2.59515217744308,-0.938216514345552,10,5.34701023674069,5.4013369270666,3.42869768304991,1632,38.5084244168914,16.9053321208063,1,4834.41822783104,3429.12111902237
43,"joint",-4534.78038349844,-4538.65639706957,7.05845141759609,-3.18109760339473,-3.16103507239313,0.0415400356055876,0.0423818500862577,4.76954486714202,0.0200625310016017,0.847838393926224,0.0427645886819005,0.409778404017436,0.0987740525242357,0.00545659028334171,0.0401504412633806,2.59515217744308,2.59273995222161,-0.954065445806708,10,5.4013369270666,5.45306255271208,3.49159442833133,1656,38.4575090606137,16.7004666454486,1,4746.17530990352,3510.79835605621
44,"joint",-4534.99473484012,-4538.47609358342,6.99917100412933,-3.16103507239313,-3.14822971837192,0.0423818500862577,0.0429280543866746,3.06953819344088,0.0128053540212118,0.554905573057344,0.0288409129208361,0.253216039436682,0.0702760502870058,0.00386544760857555,0.0279480994827576,2.59273995222161,2.5883539838605,-0.962833080349285,10,5.45306255271208,5.48836982108142,3.52854482676998,1648,39.1712446162728,17.1459394302412,0.999999999999996,4647.00855301792,3592.32199692726
45,"joint",-4538.72169800218,-4538.40139796982,6.9601858368545,-3.14822971837192,-3.12710236682012,0.0429280543866746,0.0438446591034117,5.18134114931089,0.0211273515517972,0.954412424980847,0.0438293248455204,0.500849773801064,0.0797255045811558,0.00462039029946785,0.0239895134840335,2.5883539838605,2.5857988991474,-0.976521318599436,10,5.48836982108142,5.54993094499095,3.59516879525611,1640,39.1083024500466,16.5878078168771,0.999999999999995,4583.25371891526,3674.22006702423
46,"joint",-4537.25584505945,-4538.28477210942,6.89759191924123,-3.12710236682012,-3.10397161652004,0.0438446591034117,0.0448706390643685,5.83078819062982,0.0231307503000813,0.932114121278064,0.0476981522287488,0.361190026326207,0.102734569563882,0.00562030141460456,0.0412339112210429,2.5857988991474,2.58065043133877,-1.00239126991538,10,5.54993094499095,5.61985765088451,3.67322152738801,1625,39.6021904483408,16.9618837163859,0.999999999999997,4481.19476256894,3756.18173193932
47,"joint",-4534.52743936121,-4537.95359031198,6.81910074595863,-3.10397161652004,-3.08749540565482,0.0448706390643685,0.0456160611782587,4.21086361655526,0.016476210865219,0.75977804470576,0.037561493316096,0.346790134885125,0.071609671790568,0.00418866966911937,0.0225836391034625,2.58065043133877,2.57878952340696,-1.01322433234462,10,5.61985765088451,5.66879082103054,3.72691501238346,1615,39.7871219294591,16.0566208936447,1,4357.91164638957,3837.51074004173
48,"joint",-4537.45002001729,-4537.77578157276,6.76793479770303,-3.08749540565482,-3.07053682325177,0.0456160611782587,0.046396241589739,4.39784536624439,0.0169585824030558,0.905722618979686,0.0424837365825661,0.538601733368635,0.092388031692969,0.00509138615665313,0.0387250017999012,2.57878952340696,2.57860985092132,-1.02443165520518,10,5.66879082103054,5.71814071715515,3.7834834858836,1635,39.8268780978698,16.7039203617341,0.999999999999999,4275.38855517601,3917.93756198883
49,"joint",-4535.88984624008,-4537.57486546325,6.71342028326416,-3.07053682325177,-3.04620228022171,0.046396241589739,0.047539122268924,6.50622193092316,0.0243345430300546,1.04730582725381,0.0534836988724312,0.436050175325392,0.107064679690982,0.00604020192431652,0.0434610219824054,2.57860985092132,2.56831348882183,-1.05118336235135,10,5.71814071715515,5.78111621420516,3.85481888917149,1645,40.8855550947627,17.0483142104315,0.999999999999999,4197.72716477923,3998.00081896782
50,"joint",-4538.42399715343,-4537.56166139114,6.6237106606345,-3.04620228022171,-3.03274498736022,0.047539122268924,0.0481831941717641,3.63104754182868,0.0134572928614862,0.957909631756774,0.0490256099183609,0.422087766748563,0.0979944588015189,0.00573754457623453,0.0345905139931084,2.56831348882183,2.57061933372837,-1.05406053383585,10,5.78111621420516,5.82501706035886,3.89839625577097,1634,40.8770762774856,16.3819988329516,0.999999999999999,4056.13584149797,4078.86860799789
51,"joint",-4534.15216901968,-4537.27263858872,6.58070322260444,-3.03274498736022,-3.02210310883084,0.0481831941717641,0.0486986919386236,2.88779089888282,0.0106418785293885,0.51143589702816,0.0274797812313795,0.213605794061538,0.0571350736754076,0.00328552177208179,0.0232782517094728,2.57061933372837,2.57005328903326,-1.06251694943713,10,5.82501706035886,5.86000250365122,3.93600160285804,1592,40.3393337770401,15.7882975499595,1,4002.98542960231,4159.26456212997
52,"joint",-4537.04581345714,-4537.11843866695,6.54333388184865,-3.02210310883084,-3.00719531290967,0.0486986919386236,0.0494301205477376,4.09111088877363,0.0149077959211709,0.701130977198087,0.0329584401114619,0.311159387266312,0.0679528448788728,0.00364707105335964,0.024819536102501,2.57005328903326,2.56839520115489,-1.0629184174044,10,5.86000250365122,5.89965401046909,3.98122661583635,1577,40.685599570952,15.9823684927598,1,3949.13558651618,4240.40198898315
53,"joint",-4538.98829379845,-4536.98971097828,6.48890999158932,-3.00719531290967,-2.98307714772154,0.0494301205477376,0.0506367770399921,6.82001755271043,0.0241181651881289,1.05088722786728,0.0526147344631254,0.426735744874685,0.102601866174042,0.005566528875582,0.0368172450804592,2.56839520115489,2.5594696801749,-1.08329430191874,10,5.89965401046909,5.95923926982801,4.04741510816701,1628,42.1151203816924,16.573393021452,0.999999999999996,3876.61149715537,4320.94556808472
54,"joint",-4535.37787001776,-4536.90772110563,6.39502387305248,-2.98307714772154,-2.96951561213558,0.0506367770399921,0.0513281670525092,3.87062364405761,0.0135615355859523,0.629232102067088,0.0348757797272989,0.207569697779589,0.0852609160240939,0.0045789293063888,0.0318231666948578,2.5594696801749,2.55400470869316,-1.09635189493197,10,5.95923926982801,5.99537904825789,4.08948601233244,1569,41.5785203802531,16.8096777507929,1,3739.34785995455,4401.08138394356
55,"joint",-4534.07621129735,-4536.65508762741,6.33732771421329,-2.96951561213558,-2.9563138754314,0.0513281670525092,0.052010280634534,3.80120315919343,0.0132017367041818,0.696565067608385,0.0364587225384738,0.344773825373602,0.0761756971017219,0.0042697460195075,0.024672871180179,2.55400470869316,2.55210047389468,-1.1050483102112,10,5.99537904825789,6.03932652293612,4.13260623959604,1586,42.2537136428861,16.6447156866459,1,3661.83876642719,4482.09278798103
56,"joint",-4535.6251348604,-4536.63080278585,6.28650038785208,-2.9563138754314,-2.93879972565013,0.052010280634534,0.0529292202125139,5.12205532464779,0.0175141497812765,0.843239987050409,0.0402468394666471,0.454779325226916,0.0717336718168612,0.00401968087791217,0.0286864789236993,2.55210047389468,2.54890920171082,-1.11874961551154,10,6.03932652293612,6.09305439207857,4.1914974177915,1537,41.637759235288,16.6157509578977,1,3592.43486217929,4561.97634601593
57,"joint",-4535.50333412758,-4536.6380330756,6.21291113557157,-2.93879972565013,-2.91568755499939,0.0529292202125139,0.0541667755895003,6.94730949452263,0.0231121706507316,1.06399791561733,0.0584669021487714,0.383504311166632,0.112756371343473,0.00643767349506745,0.0370988250322245,2.54890920171082,2.54238372237629,-1.13927989424105,10,6.09305439207857,6.16247376304444,4.26834842267293,1573,42.4339162802445,16.415146755099,0.999999999999998,3502.25962090823,4641.63969016075
58,"joint",-4534.87165767648,-4536.60775932966,6.10905557275522,-2.91568755499939,-2.89103980363714,0.0541667755895003,0.0555184542973279,7.6447428752102,0.0246477513622568,1.17516759653988,0.0584208420962572,0.563109471028776,0.0906307481014108,0.00549316793487146,0.0284281880108142,2.54238372237629,2.53873612203443,-1.16651709152199,10,6.16247376304444,6.23338405259676,4.34619683561976,1564,42.996453904997,16.1842429355996,1.00000000000001,3376.24366172254,4721.37975215912
59,"joint",-4536.17366484247,-4536.51452935199,6.00024408108882,-2.89103980363714,-2.86762435743802,0.0555184542973279,0.0568337830850516,7.47020748438116,0.0234154461991197,1.1350018107486,0.054869232576859,0.621104892789079,0.0849179728064365,0.00503777698050515,0.0255494029892022,2.53873612203443,2.53397016114863,-1.18890935521366,10,6.23338405259676,6.29742157764079,4.41531469466056,1527,43.0744538403879,16.3241252264247,1,3250.03750864967,4800.9663040638
60,"joint",-4534.74843145876,-4536.39384360853,5.89639497842532,-2.86762435743802,-2.85491901203076,0.0568337830850516,0.0575604826387213,4.08649169017012,0.0127053454072555,0.823735999955616,0.0385057461974127,0.393248200960033,0.062533763923524,0.00363094503536543,0.0191331538177216,2.53397016114863,2.53430437733559,-1.1846060420285,10,6.29742157764079,6.3312627814609,4.45066980277291,1498,43.9386534021962,16.458837165497,0.999999999999996,3128.16485194031,4881.25512003899
61,"joint",-4536.64295751951,-4536.21208501198,5.84521098069821,-2.85491901203076,-2.83729057102584,0.0575604826387213,0.0585841808020747,5.76014262573538,0.0176284410049171,0.927553525977803,0.0469604114414865,0.388382135569724,0.0852701607848839,0.00467875547176375,0.0323873651571772,2.53430437733559,2.52707290330715,-1.20938123497831,10,6.3312627814609,6.3750424761592,4.49879330887072,1545,43.8831076367701,15.5701663839301,0.999999999999998,3073.74110217355,4962.17556715012
62,"joint",-4534.65926192965,-4535.99543820887,5.76279188612755,-2.83729057102584,-2.82023616063022,0.0585841808020747,0.0595918677939803,5.65542828872958,0.0170544103956277,0.934777810228796,0.0445139984057457,0.530378340148858,0.0726164863143675,0.00406397436553246,0.0307245508482925,2.52707290330715,2.52681142204863,-1.22642048528992,10,6.3750424761592,6.418185389735,4.54632478600894,1515,44.2501779919138,16.106772352904,1,2975.55116491161,5042.82730698586
63,"joint",-4533.5991508625,-4535.93637657707,5.68950921077791,-2.82023616063022,-2.80567588349568,0.0595918677939803,0.0604658894617608,4.88035583425534,0.0145602771345328,0.831819449026523,0.0442024613426058,0.421824667105442,0.0900944344338009,0.00492384021030863,0.0336792084736794,2.52681142204863,2.52589812482638,-1.24097392365354,10,6.418185389735,6.46556762709565,4.59743186226919,1526,43.9277167008522,15.7753323177283,0.999999999999999,2896.99898067831,5123.78411602974
64,"joint",-4535.57437194753,-4535.96535843245,5.61766863140331,-2.80567588349568,-2.79030531392211,0.0604658894617608,0.0614024640257259,5.21391060496522,0.0153705695735763,0.838759846369214,0.0434457043061777,0.350951782266469,0.0902462127301257,0.00455912959431139,0.0415576112216085,2.52589812482638,2.52035511317049,-1.25536443969844,10,6.46556762709565,6.50113443882134,4.63836043305723,1488,44.4376924874978,15.5121798347967,1,2825.858483209,5204.53485202789
65,"joint",-4534.47382798614,-4535.75296493164,5.53642634339849,-2.79030531392211,-2.77986465184555,0.0614024640257259,0.0620469047431081,3.56107992648478,0.0104406620765624,0.55631255138705,0.0301544332895233,0.220079999750011,0.0620104657562872,0.00325134522555492,0.0307814525442392,2.52035511317049,2.51760310524346,-1.26093832275294,10,6.50113443882134,6.533506405426,4.6746117993106,1490,44.9755968434574,15.5554855225897,1,2741.97338036326,5284.98361301422
66,"joint",-4535.98858561397,-4535.68960195937,5.47755314846973,-2.77986465184555,-2.77049882558128,0.0620469047431081,0.0626307551259157,3.2085807229202,0.0093658262642699,0.788576198862817,0.0448938311377208,0.263291022087822,0.105224825712997,0.00553548813983458,0.0441735270323961,2.51760310524346,2.52041704430957,-1.25900167424325,10,6.533506405426,6.57161605738074,4.71910944403509,1456,44.4761153778264,15.4244167829504,1,2690.3425774442,5365.51412701607
67,"joint",-4532.89745249605,-4535.60810261611,5.42073825605268,-2.77049882558128,-2.75338117132637,0.0626307551259157,0.0637120751658045,5.95208223775872,0.0171176542549103,0.856167046841252,0.0397698619824992,0.406466935945726,0.05727836312182,0.00321871980090377,0.019982552744878,2.52041704430957,2.51575839517923,-1.26939002444045,10,6.57161605738074,6.61717502193241,4.76348037085386,1416,44.6230304712162,16.0618782042169,0.999999999999999,2652.36221796037,5446.16721916199
68,"joint",-4535.77008350062,-4535.52410579028,5.33663999369362,-2.75338117132637,-2.74429747448458,0.0637120751658045,0.0642934528735729,3.17165906242214,0.00908369684178306,0.592219423831785,0.0290082421148441,0.282543414481208,0.0669152044123232,0.00318630619496539,0.0304306953868709,2.51575839517923,2.51548205022238,-1.27133820053756,10,6.61717502193241,6.64518822729352,4.79649861951766,1446,45.0792284735692,15.7949845577062,1,2569.62747245093,5526.35514307022
69,"joint",-4533.27133276291,-4535.39318011642,5.28429644191747,-2.74429747448458,-2.7277201859265,0.0642934528735729,0.0653681471417837,5.86932605843063,0.0165772885580825,0.863032407369083,0.0435765510975269,0.346596585246518,0.0753961091239616,0.0039680837274416,0.0342226402820193,2.51548205022238,2.5099212260113,-1.28162431165219,10,6.64518822729352,6.68603519269386,4.84153660831665,1441,45.4308838789428,15.2885141661247,1,2529.26151404122,5606.04831409454
70,"joint",-4532.22388872378,-4535.08317469494,5.19244231811754,-2.7277201859265,-2.71016203268092,0.0653681471417837,0.0665260264512463,6.31470898996729,0.017558153245584,0.922133793131106,0.0504198513337916,0.370876007963039,0.0831500189537644,0.00465807770641152,0.0349039264510513,2.5099212260113,2.5050068981464,-1.2912130776473,10,6.68603519269386,6.74159492998781,4.90072350291575,1439,46.1920054086849,15.6578008858277,1,2448.15614074823,5685.60921216011
71,"joint",-4535.11473933596,-4535.13130321075,5.09288863129373,-2.71016203268092,-2.70022164085439,0.0665260264512463,0.0671906189030887,3.59281076021972,0.0099403918265263,0.765039975475237,0.0380737293956782,0.389166840156023,0.0658383877219655,0.00352089611037901,0.0260098278456676,2.5050068981464,2.5070078060072,-1.30245607471092,10,6.74159492998781,6.77015830020914,4.93141374028121,1439,46.4836859123749,16.0399517666099,1,2361.9323402877,5765.21846103668
72,"joint",-4533.40680874352,-4534.94935297507,5.04232707194259,-2.70022164085439,-2.695305175498,0.0671906189030887,0.0675217726390918,1.77913678083957,0.00491646535638767,0.578803140121888,0.032062663847868,0.245410474191798,0.0640280868346186,0.0035303361267951,0.0253901853269754,2.5070078060072,2.50930230958044,-1.30881226730739,10,6.77015830020914,6.78770578075059,4.95424012286567,1423,46.4746634928063,15.7092026871,0.999999999999997,2321.528621184,5846.06571602821
73,"joint",-4536.93345775298,-4534.8466111728,5.01510631335336,-2.695305175498,-2.67807918739956,0.0675217726390918,0.0686949776883255,6.3282196369774,0.0172259880984414,0.946915474380181,0.0495291018980896,0.355691237985913,0.0832589361018986,0.00454557989018117,0.0316835338032471,2.50930230958044,2.50585821713953,-1.31781569630344,10,6.78770578075059,6.84056628552997,5.01332536159153,1441,46.7080538622134,15.8335782021638,1,2301.89358208304,5926.41995215416
74,"joint",-4533.96136054995,-4534.77578569941,4.91137847687224,-2.67807918739956,-2.66344341551518,0.0686949776883255,0.0697077751689586,5.43519330376966,0.0146357718843791,0.867641488720481,0.0472273664307511,0.33223407698352,0.0832040988715984,0.00456386706658988,0.033058076470232,2.50585821713953,2.50536817282698,-1.33234989110586,10,6.84056628552997,6.8887247679699,5.06717366968858,1391,46.7386788814894,15.2899801816914,0.999999999999999,2223.73099747628,6005.97869205475
75,"joint",-4532.80150815069,-4534.71205054207,4.82122454206623,-2.66344341551518,-2.65633456122044,0.0697077751689586,0.0702050831364653,2.64666594225586,0.00710885429473656,0.520405571433306,0.0270744585760297,0.21033997900804,0.0618290474500421,0.00284524083612104,0.0310016957165801,2.50536817282698,2.50408413077368,-1.32698566587861,10,6.8887247679699,6.91148559211581,5.09473022356617,1399,46.9396426904124,15.4496899324739,1,2159.56964287368,6085.47409796715
76,"joint",-4531.44541706661,-4534.50306465238,4.77357115768038,-2.65633456122044,-2.64721506895673,0.0702050831364653,0.070848246051226,3.40944457316855,0.00911949226371143,0.797636976568939,0.043005331176445,0.367182771929427,0.088294706111038,0.00460321498836693,0.0396492234948729,2.50408413077368,2.50518696827282,-1.32490834878277,10,6.91148559211581,6.95017890572387,5.14209118031679,1396,47.6830399310602,15.7992910667753,1,2130.29775249377,6165.09089493752
77,"joint",-4534.31783169108,-4534.44378953056,4.70805570857463,-2.64721506895673,-2.62737852631729,0.070848246051226,0.0722676619132485,7.56651853493327,0.0198365426394417,1.07239567181468,0.0558729118135341,0.491667428814467,0.0812335729259299,0.00472766370137652,0.0295358908382517,2.50518696827282,2.49989497588134,-1.33733880727306,10,6.95017890572387,7.00655011002813,5.20554759977581,1405,47.489349262776,15.6446450044997,0.999999999999998,2091.90691889715,6244.45864200592
78,"joint",-4533.23331950271,-4534.36187262187,4.58264713444375,-2.62737852631729,-2.61125241260279,0.0722676619132485,0.0734425058204778,6.23277585216742,0.0161261137145021,0.959022813303202,0.0507881609182735,0.376270434029772,0.0847088981458243,0.0045406853539307,0.0379664825334566,2.49989497588134,2.49726747385477,-1.34367364298343,10,7.00655011002813,7.04936799644241,5.25441163266378,1362,48.136814136612,15.1808952026056,0.999999999999998,2002.73291647473,6323.92200112343
79,"joint",-4534.58655025531,-4534.28251689251,4.4755047076413,-2.61125241260279,-2.59899503352611,0.0734425058204778,0.0743482581894858,4.7734970407702,0.0122573790766837,0.839527166298478,0.0425476193377758,0.387554985528266,0.0752526695685075,0.003804090731034,0.0327204947063126,2.49726747385477,2.49664668151187,-1.34982389695185,10,7.04936799644241,7.09187177947514,5.30444233916614,1335,48.0700741222988,15.1073011945665,1,1936.71560165475,6405.37504911423
80,"joint",-4534.23891632297,-4534.25704113572,4.3918748680383,-2.59899503352611,-2.58021912877875,0.0743482581894858,0.075757401576986,7.44446167914834,0.0187759047473537,1.10188366155186,0.0599161681194241,0.434486379705124,0.0865654001413865,0.00508388852491897,0.0255537081553873,2.49664668151187,2.49216356941093,-1.36201530494335,10,7.09187177947514,7.14576443178863,5.36704756615009,1338,48.4977157250979,15.3495148345686,0.999999999999998,1885.77771257304,6484.89780211449
81,"joint",-4532.20960721505,-4534.0353736205,4.26676706221279,-2.58021912877875,-2.57160468364125,0.075757401576986,0.0764128285733901,3.42828694041553,0.00861444513750388,0.813806116955997,0.0413867160939328,0.346769828748225,0.0747893446995064,0.00367433437270044,0.0419082685431019,2.49216356941093,2.49069065139148,-1.34502811202074,10,7.14576443178863,7.17115898973116,5.39425174595776,1298,48.4464354200957,14.4737888660158,1,1807.08906641599,6564.13328313828
82,"joint",-4535.68812178063,-4534.08681661305,4.20257025443533,-2.57160468364125,-2.55794088095736,0.0764128285733901,0.0774640841039144,5.48926108814665,0.0136638026838842,0.829564339590098,0.0461261703878234,0.338635847798262,0.0783057685993322,0.00424524263643009,0.0378760956073174,2.49069065139148,2.48742673018038,-1.35464306551061,10,7.17115898973116,7.20780479408998,5.43910814309811,1263,48.4472636903793,14.3559381424052,0.999999999999996,1775.96360900887,6643.38808202744
83,"joint",-4534.01121670115,-4534.10741990498,4.10167785483693,-2.55794088095736,-2.54493169249185,0.0774640841039144,0.0784784124624371,5.27107192239966,0.013009188465517,0.818993661632324,0.0404498612811769,0.339240754300212,0.0747898805780762,0.00362772112027585,0.0322849441443843,2.48742673018038,2.48174624793316,-1.35507742799041,10,7.20780479408998,7.24407747011752,5.47882627847932,1281,49.2909380560923,14.8378245028869,0.999999999999997,1721.8479070227,6722.55689096451
84,"joint",-4533.38578029014,-4533.99799032211,4.00349060898688,-2.54493169249185,-2.54045430591717,0.0784784124624371,0.078830578456122,1.81597172076412,0.00447738657467385,0.73411974295538,0.0357266110737469,0.338383692930918,0.0732690248602227,0.00347812773262289,0.0351225389878828,2.48174624793316,2.48160827233642,-1.35921245780773,10,7.24407747011752,7.26159976019747,5.49924906159465,1277,49.5043234555987,14.6026041148824,0.999999999999999,1668.52589537832,6801.84291601181
85,"joint",-4533.35792098815,-4533.94219497221,3.96969766042898,-2.54045430591717,-2.53704055072127,0.078830578456122,0.0791001466109783,1.38538368107339,0.00341375519590732,0.455444709471064,0.0233648694521622,0.225456624647818,0.0449621255359388,0.00225106588892333,0.021768569518535,2.48160827233642,2.48219419375598,-1.36012537929995,10,7.26159976019747,7.27400041900712,5.51554523865862,1291,49.5901522410011,14.6864603341383,0.999999999999996,1648.60966580178,6881.01393413544
86,"joint",-4534.92135644586,-4533.88883351381,3.94056511220542,-2.53704055072127,-2.52611500890414,0.0791001466109783,0.079969096802664,4.46054888198821,0.010925541817122,0.751426206042137,0.040796958985487,0.279897562960645,0.0649211130063003,0.00350419551500664,0.0265833688486013,2.48219419375598,2.4802848875665,-1.36442695811896,10,7.27400041900712,7.30938974086355,5.55630173986173,1272,49.4207724328601,14.6512643796497,0.999999999999999,1637.20519164185,6960.15006709099
87,"joint",-4532.91749210311,-4533.88983549416,3.85576025115318,-2.52611500890414,-2.52482773944654,0.079969096802664,0.0800721048638716,0.525594449404951,0.00128726945760488,0.896926414004744,0.047816200415208,0.42797046705968,0.077093312182664,0.00407353472442167,0.0339509473115442,2.4802848875665,2.48288947769498,-1.37252307452782,10,7.30938974086355,7.32402220662714,5.57283321599955,1253,49.7149587974344,14.8766682984517,1,1595.77868314031,7039.36397194862
88,"joint",-4531.14844691916,-4533.65875366509,3.84276316945279,-2.52482773944654,-2.51491194897061,0.0800721048638716,0.0808700325828364,4.06868686312109,0.00991579047592762,0.873680115141311,0.0449217076746021,0.486632773893927,0.0643930897962298,0.00361019420189684,0.0231552164792125,2.48288947769498,2.48322604062216,-1.36851094490244,10,7.32402220662714,7.35550506630951,5.60910616149836,1275,50.1262863190195,14.6961637309915,1,1592.40321164554,7118.58556103706
89,"joint",-4532.55312109553,-4533.62284308172,3.76695577525866,-2.51491194897061,-2.50956347820429,0.0808700325828364,0.0813037223426293,2.19775165750772,0.00534847076632024,0.569641573513654,0.0298213114642587,0.217309456737816,0.0488337972805117,0.00259666811015558,0.0209412698235315,2.48322604062216,2.4824094094327,-1.36905041705425,10,7.35550506630951,7.36944572337032,5.62341492923292,1252,49.9327900929104,14.112576864368,1,1559.21416292097,7197.99943494797
90,"joint",-4533.17400103185,-4533.67034869712,3.73109851188574,-2.50956347820429,-2.5023980428981,0.0813037223426293,0.0818883911067558,2.95195240044339,0.00716543530618878,0.701287581572109,0.0361340170889114,0.339115160443543,0.0606667245474018,0.00319778039298259,0.0232730763278177,2.4824094094327,2.48314151102033,-1.38133606254679,10,7.36944572337032,7.39888986935368,5.65509915209186,1260,50.366003655717,14.1929172677684,0.999999999999997,1539.50722714704,7278.24001502991
91,"joint",-4533.81604629814,-4533.60541404523,3.6761497344481,-2.5023980428981,-2.48384281773337,0.0818883911067558,0.0834220331770552,7.77930925372396,0.0185552251647289,1.17940518606523,0.0615255311997132,0.475646670181949,0.0820372206105728,0.00454489152815782,0.0297287513617282,2.48314151102033,2.48036888838411,-1.40106535754374,10,7.39888986935368,7.45751741689853,5.71741585143771,1277,51.1929886789156,15.0014444511983,1,1515.48386169118,7358.30754303932
92,"joint",-4531.60963083733,-4533.51555514992,3.5327099122297,-2.48384281773337,-2.47899287687832,0.0834220331770552,0.0838276078154853,2.03574147087155,0.0048499408550515,0.674641385781746,0.0308935746211355,0.324693637496861,0.0612037025273082,0.00275201388218556,0.0316282554373127,2.48036888838411,2.48009402963354,-1.40237757275024,10,7.45751741689853,7.47351028014778,5.73954750926229,1251,51.2799732866559,14.8051475149549,0.999999999999998,1448.37693927118,7437.68629097939
93,"joint",-4531.90060446136,-4533.26391248534,3.49257703120034,-2.47899287687832,-2.46633416119297,0.0838276078154853,0.0848955024967909,5.35653124307095,0.0126587156853499,0.862667728995667,0.0452523014847665,0.417462370975221,0.0694694297696589,0.00365251870201101,0.033858893286287,2.48009402963354,2.47924725170273,-1.40900636206056,10,7.47351028014778,7.50690527856892,5.77397437894524,1241,51.0940678526862,14.439669283108,0.999999999999999,1430.64549937156,7517.08042502403
94,"joint",-4530.98549317496,-4533.11511911659,3.39505692245908,-2.46633416119297,-2.46101760775948,0.0848955024967909,0.0853480559183223,2.25288400460079,0.00531655343348963,0.608958652561179,0.03259458436384,0.205266131138589,0.0485412717125365,0.00260433065374186,0.0218030331945674,2.47924725170273,2.4790089321163,-1.4182804253096,10,7.50690527856892,7.52058171192093,5.79347550670984,1199,51.0270620440391,14.001551245482,1,1390.25568293258,7596.63436102867
95,"joint",-4531.78727056812,-4533.06440723746,3.35028584525624,-2.46101760775948,-2.44681983728358,0.0853480559183223,0.0865684509710421,6.0778601168371,0.0141977704758997,0.837895736495823,0.0428038978729665,0.393040730518619,0.0556819089956593,0.00306702035813538,0.0229521195978004,2.4790089321163,2.47546029423644,-1.42809219883059,10,7.52058171192093,7.5607298961881,5.83534551109842,1194,51.639069197864,14.2299066704942,0.999999999999998,1371.26974303818,7675.97740197182
96,"joint",-4531.73601990948,-4533.0789373796,3.2364589976003,-2.44681983728358,-2.43637927570337,0.0865684509710421,0.0874770088886307,4.49401403851937,0.0104405615802187,0.919480598190905,0.0439345015486012,0.475101255792244,0.0781854952883534,0.00372220053762562,0.0379087859791499,2.47546029423644,2.4710359829553,-1.43084499256385,10,7.5607298961881,7.58255651124181,5.86227820433974,1222,52.0563681958364,14.1398661257984,1,1322.20274638425,7756.24446415901
97,"joint",-4534.33362025458,-4533.07972680778,3.14843916567889,-2.43637927570337,-2.42980009873514,0.0874770088886307,0.0880544330156757,2.83807656879197,0.00657917696822373,0.891467662616919,0.0489441460571047,0.341792916010602,0.0741344452190413,0.00409439074729527,0.0313929725465947,2.4710359829553,2.47444943853582,-1.4298839676643,10,7.58255651124181,7.604802152503,5.88730049072617,1199,51.9785309751067,13.9804826927457,1,1285.49954958945,7836.6812441349
98,"joint",-4532.39873577011,-4533.03799762115,3.09102063469362,-2.42980009873514,-2.42535289874158,0.0880544330156757,0.0884469007339949,1.92030003736478,0.00444719999356323,0.375466312496485,0.0182081298552065,0.186645490130241,0.0293957301218719,0.00142784587415181,0.0147943905518585,2.47444943853582,2.47418964025576,-1.42937348798646,10,7.604802152503,7.61412560707502,5.8972923104285,1206,52.588495001959,13.8987000502892,1,1270.61707265821,7917.00623202324
99,"joint",-4533.68742153658,-4532.99304118521,3.05766990867495,-2.42535289874158,-2.42422072564925,0.0884469007339949,0.0885470946428275,0.488903442306314,0.00113217309233321,0.669781121685204,0.0335156372529137,0.280994003324062,0.0549773184919418,0.00269100381276864,0.0243600990822267,2.47418964025576,2.47676481644722,-1.44091248335937,10,7.61412560707502,7.62209013649032,5.90740125231309,1159,51.7966788729469,13.5449732575453,0.999999999999997,1257.45109954315,7997.22587895393
100,"joint",-4533.69102642168,-4532.96564669015,3.04849264823302,-2.42422072564925,-2.413236788287,0.0885470946428275,0.0895250514599373,4.77203982294938,0.0109839373622438,0.712280129765774,0.0343188908867642,0.365960156103633,0.0457267747869958,0.00241246971852136,0.0220262753552348,2.47676481644722,2.47571954883631,-1.44424020279151,10,7.62209013649032,7.65595505154226,5.93988275769771,1186,52.4465960308321,14.0873148213624,1,1256.76783617174,8077.65228295326
101,"joint",-4533.54146153142,-4533.03223940597,2.96243081105791,-2.413236788287,-2.42101739474729,0.0895250514599373,0.0888311950782899,-3.39061140614758,-0.00778060646028996,0.982077514762614,0.0490872978089397,0.535983393802742,0.0730746608725207,0.00389739238665204,0.0303251866336838,2.47571954883631,2.48065172480365,-1.41673320455999,10,7.65595505154226,7.62583736156573,5.90845904583261,1166,52.0924064534852,13.4452720066882,1,1224.31595762269,8158.32659602165
102,"joint",-4529.18288023373,-4532.70697732862,3.0371875185123,-2.42101739474729,-2.41209837158769,0.0888311950782899,0.0896270263074477,3.90225954986891,0.00891902315960443,0.827881132122319,0.038500028675627,0.421951906617634,0.0585877184177243,0.00287070362261269,0.0312034740949378,2.48065172480365,2.48095362774004,-1.41842144032592,10,7.62583736156573,7.64431648200116,5.92936548319482,1213,52.5512651408808,13.6669789753239,1,1255.33973918422,8239.11811804771
103,"joint",-4535.74836840757,-4532.79383491394,2.96577841983079,-2.41209837158769,-2.40474862875546,0.0896270263074477,0.0902881886118197,3.22438717522431,0.00734974283223138,0.947228009843044,0.0532792632877258,0.406633056789791,0.0743137478065725,0.0041383745691342,0.0320735092401921,2.48095362774004,2.48433776683583,-1.41080786109317,10,7.64431648200116,7.66777728692738,5.95475568609197,1154,52.2929560540748,14.0182127248365,0.999999999999999,1229.82523247039,8320.15182805061
104,"joint",-4530.27175667032,-4532.63813373295,2.908841256485,-2.40474862875546,-2.4010863966776,0.0902881886118197,0.0906194511222618,1.60772711436765,0.0036622320778543,0.526108590670992,0.0240991349466732,0.284108926070077,0.0416113402765731,0.00195238556112416,0.0182219285465862,2.48433776683583,2.48482428719512,-1.41176813507069,10,7.66777728692738,7.68191422531271,5.97142506259587,1191,52.8190443678082,13.7156892843865,1,1214.1352298629,8400.545992136
105,"joint",-4533.84589738002,-4532.66253255255,2.87661712933763,-2.4010863966776,-2.39718164294413,0.0906194511222618,0.0909739895044189,1.71550292138645,0.00390475373347188,1.04861678520037,0.0554178274707127,0.417924368927844,0.0767997539832003,0.00406308860774329,0.0310423304410084,2.48482428719512,2.4891580253342,-1.42606123714036,10,7.68191422531271,7.6961739644634,5.98985406132422,1134,52.1676100107362,13.6055530340355,1.00000000000001,1204.45797625345,8480.93640494347
106,"joint",-4533.01592411194,-4532.56726093585,2.84839954942633,-2.39718164294413,-2.38468602741768,0.0909739895044189,0.092117897533488,5.53315405328135,0.0124956155264522,0.773184335901507,0.04080785765647,0.352711306493264,0.0508666631675365,0.00283253235898443,0.0184942160957833,2.4891580253342,2.48626114938444,-1.42743694438565,10,7.6961739644634,7.7330618896342,6.03056666846513,1178,52.9048691656573,14.0892754255284,1,1196.14743674851,8561.2903649807
107,"joint",-4532.86607030281,-4532.56468984583,2.739696645301,-2.38468602741768,-2.37279024817736,0.092117897533488,0.0932202554101157,5.30521262149187,0.011895779240313,0.842963722171979,0.0386072755092245,0.414092532061517,0.0507066961744652,0.00244719461057927,0.0211494999065551,2.48626114938444,2.48350815166883,-1.44504547966714,10,7.7330618896342,7.76840462637902,6.06221621749398,1174,52.9688874018338,13.8469238718637,0.999999999999999,1158.3299803223,8641.6866440773
108,"joint",-4532.2528810457,-4532.61991155216,2.64456818525596,-2.37279024817736,-2.36476857898845,0.0932202554101157,0.0939710447265585,3.58902465794812,0.0080216691889144,0.835639886498559,0.0450855166022004,0.328455024961102,0.0693304777633798,0.00362897616404151,0.0268585411799807,2.48350815166883,2.48254027161271,-1.45671842024093,10,7.76840462637902,7.79253106989605,6.08956953618311,1140,53.1246077079179,13.8047146089918,0.999999999999996,1123.03510852356,8723.45185112953
109,"joint",-4531.8972392813,-4532.58711746145,2.57069658120632,-2.36476857898845,-2.35747571065228,0.0939710447265585,0.0946588682377734,3.27165926890227,0.00729286833617459,0.818218566895838,0.0411306763766815,0.421543447378085,0.0566136214934103,0.00290665540979893,0.0287708041945238,2.48254027161271,2.48176543496103,-1.4526882248746,10,7.79253106989605,7.80508458935964,6.10478912832747,1137,53.4399936410617,13.5619339691949,1,1098.83803207192,8805.05605006218
110,"joint",-4530.79210374254,-4532.46802259698,2.50651369060156,-2.35747571065228,-2.35725797999641,0.0946588682377734,0.0946794806191308,0.0976765483826825,0.000217730655868826,0.558848760742101,0.0286694767622649,0.256349605419045,0.0428330441161497,0.00219383583546662,0.0191722523068845,2.48176543496103,2.48433339372957,-1.45836700493429,10,7.80508458935964,7.81400263645875,6.11498195335981,1127,53.2627263481683,13.0029285186014,0.999999999999998,1078.8544166894,8886.33521199226
111,"joint",-4533.24503658627,-4532.43947211139,2.49741684901027,-2.35725797999641,-2.35041786724624,0.0946794806191308,0.0953293188915486,3.07575924625461,0.00684011275017073,0.766798150218123,0.0363644505056335,0.34680425055219,0.0576026610405119,0.00271251485835474,0.025274098809799,2.48433339372957,2.48117203289615,-1.46298502189253,10,7.81400263645875,7.82996187953535,6.13356236210026,1118,53.2811789314755,13.3213050033197,0.999999999999999,1079.23346709886,8966.96165108681
112,"joint",-4530.48056057669,-4532.38301859836,2.43359480369719,-2.35041786724624,-2.34726309099503,0.0953293188915486,0.0956305364500057,1.41929890076877,0.00315477625120152,0.73163432598307,0.0364890795207861,0.330349735304988,0.052717232186144,0.00273699690339962,0.0233519219875447,2.48117203289615,2.48401445162824,-1.46551454826401,10,7.82996187953535,7.84123381501952,6.1492170314468,1097,53.2920290121392,13.2968220120539,0.999999999999999,1058.49829969139,9047.7321369648
113,"joint",-4531.55934987206,-4532.36595586889,2.40503055236968,-2.34726309099503,-2.33994677141547,0.0956305364500057,0.0963327657507916,3.30037622827271,0.00731631957956816,0.677518195598495,0.0345593511713139,0.267682208341478,0.0437985416674089,0.00232286762497271,0.0177977094821572,2.48401445162824,2.48475971920356,-1.46451843486625,10,7.84123381501952,7.85865482017194,6.16792990275202,1131,53.8998147285835,13.0762512533037,0.999999999999999,1052.44117977301,9129.13124299049
114,"joint",-4529.69475895507,-4532.3014191579,2.34232252571476,-2.33994677141547,-2.34259832780672,0.0963327657507916,0.0960776723368225,-1.19653215824671,-0.00265155639125077,0.68011471235433,0.0359118154311216,0.300613523935775,0.045749243533016,0.00252744641036107,0.0205350054399274,2.48475971920356,2.48534466223796,-1.4699186732478,10,7.85865482017194,7.85001601787808,6.16413903126063,1099,53.6492757714208,13.1713167102529,1,1035.09209738204,9209.87540698051
115,"joint",-4532.09217090872,-4532.31666417493,2.36166054789791,-2.34259832780672,-2.33958901524697,0.0960776723368225,0.0963672355574924,1.3585872734775,0.0030093125597443,0.644477386808696,0.0311962007537602,0.30433750542633,0.0432695077601201,0.00218285267060264,0.023527909264906,2.48534466223796,2.48633844526528,-1.46631713761524,10,7.85001601787808,7.85678933954154,6.17209360592394,1095,53.6969663084982,13.3691228020201,1,1041.31692818746,9291.82227706909
116,"joint",-4531.77748144273,-4532.31873725159,2.3333994080308,-2.33958901524697,-2.33423649092641,0.0963672355574924,0.096884426433117,2.4199249810762,0.00535252432055742,0.691645302504208,0.0354714089912238,0.349700883537273,0.0514227342290705,0.0026123674301001,0.0260322055943549,2.48633844526528,2.48769470674595,-1.47140398478069,10,7.85678933954154,7.87424864142067,6.1938323202222,1082,53.6059160926202,13.174153299127,0.999999999999998,1035.87594570953,9372.8146469593
117,"joint",-4530.64926222262,-4532.13451934999,2.28127432420048,-2.33423649092641,-2.33127405970372,0.096884426433117,0.097171865431894,1.33993021963211,0.00296243122269488,0.808179215701465,0.0401718134827271,0.354557288315841,0.0541172358889844,0.00273670567323455,0.021483820514784,2.48769470674595,2.48577770967251,-1.47622145249092,10,7.87424864142067,7.8752509313759,6.20187202350192,1127,54.0811178280542,13.5092106680714,1,1023.55492540955,9453.69387602806
118,"joint",-4529.66108795877,-4531.99763695943,2.25374481865916,-2.33127405970372,-2.32756430275599,0.097171865431894,0.0975330189164364,1.67910715700726,0.00370975694772931,0.594299891348296,0.0301766859937924,0.253085626953491,0.0433733339449433,0.00224644415987826,0.017772059437346,2.48577770967251,2.48707757258372,-1.46408087096424,10,7.8752509313759,7.88547874467676,6.21385216572973,1105,54.0630342954699,13.3968425063324,0.999999999999998,1013.81017139953,9534.22897195816
119,"joint",-4534.04363325351,-4532.01544754527,2.22116023523474,-2.32756430275599,-2.32220966993752,0.0975330189164364,0.0980566731573152,2.42709151628718,0.00535463281847483,0.536047777100334,0.025512430753687,0.321513495453724,0.0384171554700826,0.00179613147185389,0.0239288019469634,2.48707757258372,2.48716322448589,-1.46628633061503,10,7.88547874467676,7.89744148960637,6.22839089581575,1118,54.6377705555776,13.3934964078234,0.999999999999997,1007.70611955879,9614.96193695068
120,"joint",-4532.58022209729,-4531.95990732905,2.17158639459345,-2.32220966993752,-2.31411088908554,0.0980566731573152,0.0988540371441134,3.68302841759766,0.00809878085197286,0.74609095379195,0.0372917946611247,0.399237307195771,0.0479925683064425,0.00252147782876943,0.0210392592647153,2.48716322448589,2.48775210018176,-1.46276339200832,10,7.89744148960637,7.92058899083683,6.25531372261504,1115,54.4284104024754,13.2886637634151,1,994.807582297701,9696.41998314857
121,"joint",-4536.57368622863,-4532.11151856391,2.09780200933652,-2.31411088908554,-2.30978978065525,0.0988540371441134,0.0992821203883461,1.96691876003011,0.00432110843028895,0.926322389260049,0.0498460372016177,0.343440619420561,0.0641979426225782,0.00347742828121884,0.0294636026959161,2.48775210018176,2.48762528502027,-1.46013379249425,10,7.92058899083683,7.93770914429428,6.27216664569853,1072,53.9896463260956,12.8676729510723,1,975.336493074405,9776.91408395767
122,"joint",-4536.7530212204,-4532.49002561325,2.0529104923614,-2.30978978065525,-2.30049649553499,0.0992821203883461,0.100209078009802,4.2485825462841,0.00929328512026846,1.00584924012191,0.0494354999568613,0.495871092378176,0.0614528806041028,0.00318714509686253,0.0293635837854628,2.48762528502027,2.48870804115854,-1.4490421932123,10,7.93770914429428,7.96914853458789,6.30445175941758,1086,54.6343358998541,13.2343696624141,1,965.427680559251,9857.47079706192
123,"joint",-4533.10959188885,-4532.35808678731,1.96546857223092,-2.30049649553499,-2.29282199504791,0.100209078009802,0.100981091246616,3.5189058817552,0.00767450048707744,0.863580352342516,0.041080766152982,0.41241418934828,0.0541670153961736,0.00265900736498152,0.0214116252058805,2.48870804115854,2.4865582677476,-1.46007437383506,10,7.96914853458789,7.98886247451115,6.33027515651868,1088,54.6528278266097,12.9957734805809,1,944.397046839195,9937.94327402115
124,"joint",-4532.55380289211,-4532.4721890984,1.88189745168177,-2.29282199504791,-2.28078698035934,0.100981091246616,0.102203742719726,5.55868869581884,0.0120350146885653,0.893797952667985,0.0432544998845146,0.465069752054723,0.055007939740147,0.00283077215572663,0.0226582667999474,2.4865582677476,2.48487533559438,-1.46175913175247,10,7.98886247451115,8.02229353098484,6.36893999989276,1052,54.7380854866015,12.8224634517705,0.999999999999997,923.781298395038,10018.6981949806
125,"joint",-4531.40020809562,-4532.34990463418,1.76168947192957,-2.28078698035934,-2.27874886420783,0.102203742719726,0.102412258235749,0.941553232619227,0.00203811615151297,0.64819726743306,0.0326063052958453,0.299166961009964,0.0427890203371796,0.00220171000701254,0.017484066741465,2.48487533559438,2.48435778425867,-1.46018555732241,10,8.02229353098484,8.02722498068571,6.37881934999352,1057,55.2142473034656,12.6739521913803,1,894.376298646249,10099.5770940781
126,"joint",-4530.72857999322,-4532.23553742824,1.73655516191035,-2.27874886420783,-2.26980283030134,0.102412258235749,0.103332552122823,4.14945770204307,0.00894603390648873,0.902649094485265,0.0428739519391384,0.388846204646318,0.0591126456179567,0.00292329079591489,0.026585955160781,2.48435778425867,2.48257844891732,-1.4609447984417,10,8.02722498068571,8.04665672303833,6.4048668710834,1030,54.7812133816417,12.6390141290802,1,888.828638795769,10180.5070300102
127,"joint",-4530.98048788637,-4532.14125830742,1.64439053345096,-2.26980283030134,-2.26158682266698,0.103332552122823,0.104185030348365,3.82377571050779,0.00821600763435991,0.83473319672598,0.0430318614524799,0.393886730414161,0.0547462106049982,0.00286236469507411,0.020442715790531,2.48257844891732,2.48099750594312,-1.45712951054369,10,8.04665672303833,8.05986265483482,6.4236513092943,1067,55.7797586540761,13.0954694645349,1,866.718937247765,10261.2327859402
128,"joint",-4529.91866171269,-4532.02454734077,1.56663470943088,-2.26158682266698,-2.25811602771332,0.104185030348365,0.104547263480775,1.61630112664478,0.00347079495366356,1.05079679080256,0.0510897576266619,0.520640202740844,0.0646586257746777,0.00321715265114263,0.0294127065274479,2.48099750594312,2.47977525125319,-1.44901774236723,10,8.05986265483482,8.06142680282023,6.42909618769534,1027,55.5991738478216,13.0642661168697,0.999999999999998,846.691740957829,10341.5409209728
129,"joint",-4531.98422096537,-4532.02889642498,1.53287374870479,-2.25811602771332,-2.25581602381402,0.104547263480775,0.104787999335019,1.07136336644833,0.00230000389930065,0.713041589139139,0.0377392408612543,0.308727019805602,0.0457870390423633,0.00248951879990244,0.0185511753233094,2.47977525125319,2.47954839014785,-1.44171331946363,10,8.06142680282023,8.066547542635,6.43920167516134,1044,55.6207644186305,12.7922299957617,0.999999999999996,838.651607301421,10421.912913084
130,"joint",-4531.23024418723,-4532.05080344721,1.50694855022317,-2.25581602381402,-2.25425638425627,0.104787999335019,0.104951558357366,0.726583094380116,0.00155963955775152,0.729549529162086,0.0352316918310552,0.366326798611681,0.0425443890082771,0.00221895927026995,0.0178561130904965,2.47954839014785,2.4800301235062,-1.44303472927364,10,8.066547542635,8.07441447488067,6.45033230032555,1023,55.5900624672327,12.7672686771,1,833.88913024622,10502.3726119995
131,"joint",-4534.90826933336,-4532.13396508456,1.48909426524044,-2.25425638425627,-2.24501609043867,0.104951558357366,0.105925835966666,4.32323514044572,0.00924029381759407,1.11739780968561,0.0484881783219744,0.755012465751235,0.0634989555194724,0.00292858118461121,0.0391198385661044,2.4800301235062,2.47922001908568,-1.45216054419741,10,8.07441447488067,8.09158817968322,6.4707699446339,1022,55.9008843146707,12.9432667672842,1.00000000000001,830.865387412218,10582.7362821102
132,"joint",-4530.7154103636,-4532.14570757391,1.395054499278,-2.24501609043867,-2.23025709893261,0.105925835966666,0.107500788244684,6.98171486578107,0.0147589915060595,1.22723141529999,0.0665135327562104,0.601693340825717,0.0784780245534456,0.00442323884785422,0.0297629904993495,2.47922001908568,2.47253008390993,-1.4678156968474,10,8.09158817968322,8.12187247174717,6.50122497707848,1028,56.1963848303712,12.6216627699995,1,811.053180536393,10663.0754110813
133,"joint",-4531.34504033221,-4532.13499209692,1.24801536538671,-2.23025709893261,-2.22629789696813,0.107500788244684,0.107927249242221,1.87436313138286,0.00395920196448275,0.815872450595538,0.0419224210609412,0.36261144079599,0.0508087894273587,0.00273727995157425,0.0199277541382547,2.47253008390993,2.47442154164768,-1.464835458702,10,8.12187247174717,8.13105087093811,6.51409459065287,1003,55.6393303538011,12.0346218071056,1,775.258785614807,10743.3818650246
134,"joint",-4532.42305988168,-4532.27140714325,1.21309778725011,-2.22629789696813,-2.22527023864825,0.107927249242221,0.108038218587365,0.486539106427926,0.00102765831987482,1.16405752669047,0.0606354236615178,0.557448609023499,0.0693788615380555,0.00369176542039375,0.0342824506350545,2.47442154164768,2.47452940613072,-1.47613345729535,10,8.13105087093811,8.14312570740113,6.52981384021311,989,56.00281099628,12.3587369280823,1,769.000553357172,10824.3449571133
135,"joint",-4530.92458406709,-4532.21302780117,1.19115738061286,-2.22527023864825,-2.22667494305972,0.108038218587365,0.107886563365425,-0.665115101266362,-0.00140470441146692,0.734592060127171,0.0364962815230735,0.45194043294537,0.0424971925108539,0.00237045045394952,0.0142496691239994,2.47452940613072,2.47533411799124,-1.47471196888415,10,8.14312570740113,8.13956863413886,6.52521427198856,999,56.1002858494783,12.2747797877633,1,766.069256319768,10905.4039270878
136,"joint",-4531.24896846752,-4532.18660215241,1.20243235880458,-2.22667494305972,-2.21918319736604,0.107886563365425,0.108697857271166,3.55727211712594,0.00749174569368137,0.756076538497327,0.040528510545459,0.286868526791593,0.0473071260495385,0.00262687528550371,0.0183669782568625,2.47533411799124,2.47437320878391,-1.48677224894419,10,8.13956863413886,8.16010342155414,6.54390886347567,1012,56.4957781040522,12.244226281913,0.999999999999999,770.750987174222,10986.037045002
137,"joint",-4532.74112385424,-4532.29119523399,1.12461208527387,-2.21918319736604,-2.20632026379839,0.108697857271166,0.110105061573551,6.15881208694922,0.012862933567646,0.910690493244767,0.0417782443907825,0.440793030815165,0.0479382571738786,0.00236854310267971,0.0228294505864723,2.47437320878391,2.47187573642945,-1.50081045029499,10,8.16010342155414,8.19215139500445,6.57861160743292,992,56.3827085447253,12.9269401214299,0.999999999999997,754.82898302656,11066.4304640293
138,"joint",-4530.4269352168,-4532.32948759689,0.993181619091521,-2.20632026379839,-2.19529169714955,0.110105061573551,0.111326083267078,5.31292076002714,0.0110285666488419,1.18383938832432,0.0579688678659155,0.52553615711796,0.0642756207046561,0.00334413148149992,0.0322956030159608,2.47187573642945,2.47151064645282,-1.51024799674404,10,8.19215139500445,8.22265364781523,6.61362573660138,974,56.2998457655208,12.450848764788,1,727.224775150019,11146.7581551075
139,"joint",-4529.27657480559,-4532.09113467449,0.867220708754963,-2.19529169714955,-2.19730582508133,0.111326083267078,0.1111020839506,-0.970486340342576,-0.00201412793178081,1.10710433358108,0.0517943511832899,0.596204495639208,0.0584427287616718,0.0029470900484168,0.0311289688099196,2.47151064645282,2.4700268158388,-1.51023117250863,10,8.22265364781523,8.21127066413998,6.60504582765822,940,56.4592541870609,11.9506509243537,1,706.875400393821,11227.0200650692
140,"joint",-4533.02488912063,-4532.11336802566,0.887541220642535,-2.19730582508133,-2.19511260917245,0.1111020839506,0.111346022215489,1.05703225397034,0.00219321590888347,0.747608004960121,0.0374506231067701,0.338458869564086,0.0425834947697168,0.00218940830161184,0.0187324832202263,2.4700268158388,2.47065465041561,-1.50695962950719,10,8.21127066413998,8.21756522982801,6.61659369292992,939,56.2673406918738,12.2520855503626,1,710.265394488895,11307.7591559887
141,"joint",-4530.15268350695,-4531.79231788958,0.857185418309033,-2.19511260917245,-2.18850746273084,0.111346022215489,0.112083913254376,3.19035304222963,0.00660514644160493,0.650731656340638,0.0346332929127652,0.301870163763566,0.0388467117767988,0.00213357759210822,0.0176301715552877,2.47065465041561,2.47042864933043,-1.51591194243563,10,8.21756522982801,8.23382154924414,6.63389805148724,951,56.7641535627393,12.4321418524822,1,706.675905372694,11387.4546811581
142,"joint",-4536.10124809875,-4531.75972923349,0.788780986249583,-2.18850746273084,-2.18366556061998,0.112083913254376,0.112627928562165,2.34143430351183,0.00484190211086699,0.769647519931592,0.0389586888934772,0.291667203486553,0.0426421171507809,0.00221513211978794,0.0186805397284882,2.47042864933043,2.46987193956005,-1.51871757220036,10,8.23382154924414,8.2435648889862,6.64653153006573,948,56.9297950063915,12.0708240415941,1,694.425738097318,11466.8127570152
143,"joint",-4530.04391453952,-4531.60644536603,0.739118617768328,-2.18366556061998,-2.18027821559276,0.112627928562165,0.11301008509852,1.63898397369953,0.00338734502722169,0.96388435088335,0.0517795530081613,0.403448951182681,0.0609725668164071,0.0033604693443584,0.0210333935570736,2.46987193956005,2.46989843397628,-1.53009483032176,10,8.2435648889862,8.2531780169385,6.65852238429748,985,57.4807573715185,12.3563301764023,1,685.088118150748,11546.6292929649
144,"joint",-4531.34607419241,-4531.54605893104,0.697570229503907,-2.18027821559276,-2.17917987957359,0.11301008509852,0.113134276334881,0.531467479291389,0.00109833601916277,0.916573497652998,0.0421564171157632,0.504357478465387,0.0412244909730036,0.00218807381960672,0.0164208064371626,2.46989843397628,2.47159372880521,-1.52273886796829,10,8.2531780169385,8.25764467342096,6.66454057881606,955,57.2195845835884,12.3669817767874,1,677.918601114851,11626.9645831585
145,"joint",-4531.43659909186,-4531.54787848085,0.684279253160677,-2.17917987957359,-2.17403976608979,0.113134276334881,0.113717296465315,2.49051209495531,0.00514011348380137,0.828455082799058,0.0438270672004066,0.351997784689938,0.0474877647272953,0.00264074704459127,0.0208161820980827,2.47159372880521,2.47164503469213,-1.5216698089071,10,8.25764467342096,8.27040269292947,6.67782851453657,934,56.9523415307529,12.2940906937054,1,679.239370847951,11707.2584741116
146,"joint",-4532.24888547623,-4531.623893755,0.630370138500516,-2.17403976608979,-2.16890574867146,0.113717296465315,0.114302624302109,2.49084326561973,0.00513401741833375,0.799747442351404,0.0446828563300946,0.277738768085812,0.0470106920467627,0.00271654758489163,0.0182574452682324,2.47164503469213,2.47027844103339,-1.5159955729255,10,8.27040269292947,8.27707895172787,6.69024290780005,951,57.0942642969617,12.1903153093362,0.999999999999999,669.894623403267,11787.4250741005
147,"joint",-4530.90156000343,-4531.61994736086,0.572816763637174,-2.16890574867146,-2.16609876001095,0.114302624302109,0.114623921199802,1.36238822985242,0.00280698866050456,0.898290970984338,0.0457210731700724,0.355355288333639,0.0482178789141137,0.00261548036180263,0.0163712444358473,2.47027844103339,2.46970139256444,-1.51733547032396,10,8.27707895172787,8.27882064286998,6.69301829637427,936,57.3623549226022,12.2912892831435,0.999999999999999,660.314190859851,11867.7280070782
148,"joint",-4532.29565679533,-4531.73879711499,0.548517642236289,-2.16609876001095,-2.1704351872933,0.114623921199802,0.114127939073143,-2.10669184442054,-0.0043364272823516,0.855521508886256,0.0455420706044723,0.386920309501797,0.0516441195760583,0.00281542578198491,0.0190133258022342,2.46970139256444,2.47260259384411,-1.51737465503526,10,8.27882064286998,8.25793870350245,6.67309186974139,889,56.8718013781388,11.6479544592983,1,655.360616151977,11948.0716531277
149,"joint",-4531.19419000792,-4531.69929556712,0.611247284329324,-2.1704351872933,-2.16513656163014,0.114127939073143,0.114734265229093,2.5777612577571,0.00529862566316637,0.70871085111322,0.0362678758828156,0.258774429944373,0.0464687874500115,0.00232647500481752,0.0187275496223836,2.47260259384411,2.473253617207,-1.52927358903506,10,8.25793870350245,8.27396418202088,6.69168983582662,924,56.6722129213834,11.9658819123068,0.999999999999998,665.663304080944,12028.4171080589
150,"joint",-4533.25360352373,-4531.80046353394,0.549108968231313,-2.16513656163014,-2.16122750160775,0.114734265229093,0.115183646114686,1.90319752215143,0.00390906002238823,0.565447728168616,0.0276799790966921,0.258923039635721,0.0332726079870619,0.00168355099568865,0.0125605496772064,2.473253617207,2.47370532769551,-1.53158461228619,10,8.27396418202088,8.28146445842098,6.7009639991873,970,57.8891677097707,12.8924946104985,1,655.892850640462,12109.3722641468
151,"joint",-4532.43283652972,-4531.67669189376,0.511438160021069,-2.16122750160775,-2.15457894502836,0.115183646114686,0.115952002503039,3.24414968187314,0.00664855657939278,0.800575786197191,0.0378437397355974,0.429856996375144,0.0399053513583473,0.00207824851298554,0.017885380657033,2.47370532769551,2.47315784874185,-1.54442235367387,10,8.28146445842098,8.29700420907689,6.72055776455274,918,57.4428547243758,12.2038596341187,1,649.784789517493,12189.9387741089
152,"joint",-4530.49619179701,-4531.66573096543,0.439100865078379,-2.15457894502836,-2.15167137356629,0.115952002503039,0.116289631839338,1.41934367201159,0.00290757146206427,0.856829759280419,0.0403257982206707,0.401526004863921,0.0412049313807118,0.00206729758159509,0.0208792949460802,2.47315784874185,2.47303496479072,-1.54904687270093,10,8.29700420907689,8.29820860803587,6.72258527583208,925,57.4173726953817,11.6409466718442,0.999999999999999,637.259784545215,12271.0027320385
153,"joint",-4531.86535029433,-4531.69174646354,0.412107611919353,-2.15167137356629,-2.1475323652186,0.116289631839338,0.116771953073509,2.02220785485484,0.00413900834769234,0.779809043639666,0.0368634610841364,0.42326575339279,0.0410378048205579,0.00203237624984505,0.0175758354554818,2.47303496479072,2.47221297355102,-1.5480431284773,10,8.29820860803587,8.30879951468905,6.7332163801701,907,57.3144494549104,12.1590022383761,0.999999999999999,633.350064434006,12351.6228070259
154,"joint",-4530.40297411715,-4531.59074217531,0.368576768104609,-2.1475323652186,-2.1437674534431,0.116771953073509,0.117212417809838,1.84073940483817,0.0037649117754995,0.809977293738981,0.0424667075708657,0.389406758951986,0.0486533854162931,0.00256713393401752,0.0215593260422992,2.47221297355102,2.47468382197276,-1.54721483570739,10,8.30879951468905,8.32093707965948,6.74598581426594,934,57.6930196821697,12.0973719063598,0.999999999999999,626.379663453955,12432.1069271564
155,"joint",-4533.10412925682,-4531.6997194348,0.326678241500349,-2.1437674534431,-2.14200315554274,0.117212417809838,0.117419397966113,0.862734222903964,0.00176429790035902,0.94179377196895,0.0449229694485234,0.483438066175556,0.0532439177803521,0.00270491600852647,0.0249602592458721,2.47468382197276,2.47606950464656,-1.53491629961826,10,8.32093707965948,8.32042528681043,6.74533863761714,921,57.9260420685541,11.4725731369831,1,621.966945320403,12513.0184049606
156,"joint",-4530.2223639668,-4531.64838920976,0.311252256270486,-2.14200315554274,-2.14535015143963,0.117419397966113,0.117027052678207,-1.63758435896904,-0.00334699589688523,0.872362406049386,0.0373905506216922,0.420358661261441,0.0386819064608096,0.00184678798790366,0.0169791233116155,2.47606950464656,2.47898745102486,-1.53444178555465,10,8.32042528681043,8.31459687644326,6.74289348730426,912,57.5971012108622,11.3785611128627,0.999999999999997,620.997958126964,12593.3603620529
157,"joint",-4530.77144724107,-4531.5499053791,0.346005145151564,-2.14535015143963,-2.14626499021786,0.117027052678207,0.11692004074911,-0.44762181239892,-0.000914838778228191,0.739262839894414,0.0313953130816874,0.428202678003967,0.0418830533032319,0.0018600653517069,0.0257296829444408,2.47898745102486,2.48041015696544,-1.53064042356463,10,8.31459687644326,8.30934570926934,6.73786603201179,943,57.9661493479796,11.5969390717877,0.999999999999999,628.704214080822,12674.1154379845
158,"joint",-4528.90849529512,-4531.47398338302,0.356400872033887,-2.14626499021786,-2.14121886287913,0.11692004074911,0.117511525261163,2.47217105773019,0.00504612733872899,1.29618976762697,0.0679439419495985,0.565634696263437,0.0640990355281024,0.0035833225931299,0.022726167443687,2.48041015696544,2.48028726920564,-1.53664049811104,10,8.30934570926934,8.31537030310401,6.75138425209363,910,57.4519076423704,11.4134926274262,0.999999999999997,632.937867306741,12755.3336839676
159,"joint",-4532.62485980805,-4531.64139763314,0.301142080722429,-2.14121886287913,-2.13637456523731,0.117511525261163,0.118082167129452,2.37608139724719,0.0048442976418175,0.915502992895588,0.0451859297113087,0.463337094271712,0.0462976193809273,0.00249263321260187,0.0192770458341455,2.48028726920564,2.47992695618951,-1.52790145480024,10,8.31537030310401,8.32217046127921,6.76006480204616,910,57.4736361365279,11.6334706597134,0.999999999999998,624.037224710849,12835.7385411263
160,"joint",-4530.48819875589,-4531.5145631149,0.248928344474248,-2.13637456523731,-2.13089513709034,0.118082167129452,0.118730965779168,2.69165056210735,0.00547942814697039,0.640281377142953,0.0310284059114763,0.340262437442707,0.0305151866029605,0.00164265505893336,0.0129675639957604,2.47992695618951,2.48079548034727,-1.52535275697138,10,8.32217046127921,8.33342623903203,6.77393503131058,936,58.2160934398284,12.2387720581012,1,616.987885410996,12916.0841290951
161,"joint",-4534.90498859666,-4531.75217836939,0.189439891750829,-2.13089513709034,-2.12834073382851,0.118730965779168,0.11903464023382,1.25520492885749,0.00255440326182506,0.834285499801149,0.0395564328420985,0.416468674249745,0.0391193763726943,0.00206325960383878,0.0164660378888916,2.48079548034727,2.48143143299141,-1.53317030042459,10,8.33342623903203,8.33938191370083,6.78364918036657,917,58.0737010021934,11.6722199338287,1,608.95065010401,12996.4479110241
162,"joint",-4529.16082089412,-4531.40515700916,0.161596200126287,-2.12834073382851,-2.12120151891174,0.11903464023382,0.119887494846795,3.51710412961809,0.00713921491676943,0.829249696790031,0.0439450961961758,0.432797293967349,0.0472396813314532,0.00259414976406775,0.0162613904461747,2.48143143299141,2.48219001504562,-1.52941999177108,10,8.33938191370083,8.35203293719933,6.79812504428898,892,58.0578416433975,11.587707671836,1,604.810592013881,13076.769190073
163,"joint",-4530.81992936167,-4531.44395775027,0.0844043294855599,-2.12120151891174,-2.12299879369497,0.119887494846795,0.119672217589624,-0.885562883262526,-0.00179727478322975,0.634900335949528,0.032670573612736,0.378502162754629,0.0337864228319186,0.0018667009899811,0.0132900289232981,2.48219001504562,2.48195786781874,-1.53416981106504,10,8.35203293719933,8.35005436011251,6.79316530892682,881,57.8546607986233,11.3104154621077,1,593.673290967448,13157.4821820259
164,"joint",-4532.91167400802,-4531.52223774105,0.105083654378268,-2.12299879369497,-2.1147584753758,0.119672217589624,0.120662428981887,4.07406950260694,0.00824031831917836,1.0329641010333,0.0469818892628621,0.630252465827918,0.0486951634273811,0.00241779210729154,0.0240270039075022,2.48195786781874,2.48222810308378,-1.54288977957468,10,8.35005436011251,8.37071834624679,6.81269033139368,927,58.3242845861681,12.1431985765315,0.999999999999998,597.28558122808,13237.9743139744
165,"joint",-4529.09612431746,-4531.40521400233,0.0165129642724331,-2.1147584753758,-2.11306389779395,0.120662428981887,0.120867074173617,0.837931016884489,0.00169457758184606,0.932020408806354,0.0472165632422469,0.398173284366164,0.0473523687797489,0.00256239936848093,0.0169383899319571,2.48222810308378,2.48411254918942,-1.5269921435112,10,8.37071834624679,8.37136146864397,6.81636973404138,910,58.2731725481393,11.3447944750814,0.999999999999999,584.746692573412,13318.5058040619
166,"joint",-4529.7334502011,-4531.27944223857,-0.00135760428304277,-2.11306389779395,-2.11095970996014,0.120867074173617,0.121121668964294,1.04070461554998,0.00210418783380973,0.77787163325831,0.0380807276121719,0.381260894911247,0.0406290512346157,0.00210473888825893,0.0188987717425249,2.48411254918942,2.48589833669733,-1.52927956946256,10,8.37136146864397,8.3763070837124,6.8236218149661,902,58.2055525727111,11.709096772717,1.00000000000001,584.508215454352,13398.8281700611
167,"joint",-4529.45470832031,-4531.20709965441,-0.0231709616611955,-2.11095970996014,-2.10880655587037,0.121121668964294,0.121382743547224,1.06516964352629,0.00215315408976708,1.3393172897075,0.0598825708169001,0.841804501857005,0.0568607881459652,0.00294044069534039,0.0232197943718793,2.48589833669733,2.48854627833311,-1.5375415954081,10,8.3763070837124,8.38369945865984,6.83586809323151,902,58.3525709888056,11.6075038397063,1,582.453903884834,13479.6719341278
168,"joint",-4532.48025300808,-4531.21632946505,-0.0528350003945759,-2.10880655587037,-2.10734979753674,0.121382743547224,0.121559697728892,0.720737746815007,0.00145675833363629,0.911618175808153,0.044430230204617,0.455854481093554,0.0414041285267966,0.00224726521130148,0.0207016507691835,2.48854627833311,2.48885768940186,-1.54400739939942,10,8.38369945865984,8.38700086109209,6.84233970800478,909,58.5368557337629,11.5523649583392,1,581.346792372991,13560.0578899384
169,"joint",-4533.07486092489,-4531.3103630109,-0.0719128290393725,-2.10734979753674,-2.10665158411231,0.121559697728892,0.121644601978909,0.345452657035504,0.000698213424421464,0.601215079382745,0.0289541555479982,0.278177536575618,0.0336313798485965,0.00160736730187162,0.0171906387075633,2.48885768940186,2.48917359044679,-1.53114108675633,10,8.38700086109209,8.39225871231047,6.84652734040936,905,58.4510195691351,11.4825020471537,0.999999999999999,578.804416787594,13640.5156700611
170,"joint",-4531.74689427354,-4531.23502754839,-0.0811078814854698,-2.10665158411231,-2.10215264056016,0.121644601978909,0.122193107098254,2.22818296184074,0.00449894355215515,0.841378135197193,0.0439154367902242,0.40123547903517,0.0500883684289157,0.00250392317716226,0.0313738038192059,2.48917359044679,2.48721475610351,-1.52844130640678,10,8.39225871231047,8.40309144174128,6.85842591399046,953,59.0420830879276,11.9089036864213,1,578.738751166808,13721.318406105
171,"joint",-4532.14758307131,-4531.22076487547,-0.13711192570072,-2.10215264056016,-2.09630609737318,0.122193107098254,0.122909606858499,2.90056760712423,0.0058465431869814,1.57028235050163,0.0780454783360211,0.76757945202039,0.0878902552668969,0.00448375679847962,0.0384806970010589,2.48721475610351,2.49278295717752,-1.53261527480433,10,8.40309144174128,8.42781116353913,6.8875938129125,906,58.831035728208,11.6467976313369,1,571.265449755411,13801.5635240078
172,"joint",-4530.65132398206,-4531.22852148472,-0.21333091613081,-2.09630609737318,-2.09599750351369,0.122909606858499,0.122947541861401,0.153099290641046,0.000308593859486847,1.17229693990895,0.0612726346415314,0.568558749497699,0.0523395673524519,0.00300306616270461,0.0204647490015376,2.49278295717752,2.4923766759317,-1.54264741647887,10,8.42781116353913,8.4216156439434,6.88417240313199,885,58.6648364947396,11.2554194175156,0.999999999999999,565.526992965719,13881.8448300362
173,"joint",-4529.03244370791,-4531.0868761554,-0.21326005557217,-2.09599750351369,-2.09017031151039,0.122947541861401,0.123666072268271,2.89590179463824,0.005827192003298,0.623054125854589,0.0310889931838575,0.289700949991671,0.0334777439141975,0.00172626403992107,0.013759923768702,2.4923766759317,2.49085908392818,-1.54563403026759,10,8.4216156439434,8.43140290811541,6.89324306878237,900,58.672550707836,11.4727072986027,1.00000000000001,564.383590500467,13962.1286821365
174,"joint",-4528.86785518987,-4531.01012020904,-0.275887992483416,-2.09017031151039,-2.08474445233782,0.123666072268271,0.12433889061899,2.70043198093378,0.00542585917257452,0.965030797541564,0.0454522857889278,0.619711062676842,0.0444008310416751,0.00234968619009135,0.0155658970703253,2.49085908392818,2.48937382488246,-1.54747284393552,10,8.43140290811541,8.44076272569045,6.90430884789803,881,58.8000542726791,11.4987679853315,1,555.846943531248,14042.4662270546
175,"joint",-4531.33560591457,-4530.92169404192,-0.336481560380551,-2.08474445233782,-2.07615676723396,0.12433889061899,0.125411271903662,4.28991014211983,0.00858768510386183,0.955897715127611,0.0435266434682993,0.575156090636988,0.038174030279966,0.00198257374705404,0.0166798376336783,2.48937382488246,2.48840213898758,-1.55395712728075,10,8.44076272569045,8.46015562228317,6.92409288122595,846,58.2391346063844,11.1221318961255,0.999999999999998,547.770980238264,14122.5706789494
176,"joint",-4531.57028147428,-4530.9890899173,-0.4356484840524,-2.07615676723396,-2.0732572065073,0.125411271903662,0.125775437206917,1.44906189176678,0.00289956072665419,0.909981690421369,0.0446976047719109,0.416448439837216,0.0412335316731439,0.00222973514905321,0.0166686496173195,2.48840213898758,2.49063789757991,-1.56291375577597,10,8.46015562228317,8.4672330291015,6.93533837512129,876,59.0117942158505,11.1359557836604,0.999999999999998,535.437707724898,14203.0892219543
177,"joint",-4531.00169776024,-4531.00060244326,-0.471214126919231,-2.0732572065073,-2.07609069052662,0.125775437206917,0.125419558941358,-1.41660869666741,-0.0028334840193221,1.2868880774715,0.0557132923679989,0.797153193296203,0.0519185565940644,0.00255169024837399,0.0251737499485506,2.49063789757991,2.49211786626718,-1.56756212048942,10,8.4672330291015,8.46262415961045,6.93524662014578,837,58.6509816192605,10.7229276204939,0.999999999999998,532.418370865276,14283.8951370716
178,"joint",-4528.78929358924,-4530.99464235796,-0.447235876706165,-2.07609069052662,-2.07313683010241,0.125419558941358,0.125790578513181,1.47743592911667,0.00295386042421406,0.838185020958143,0.0456555310101715,0.306333208192118,0.051738121531066,0.00269753080902898,0.0227494890895087,2.49211786626718,2.49561087240508,-1.57282423061372,10,8.46262415961045,8.47130569866753,6.94520829418602,876,59.2310264968094,11.5896039358633,1,538.475011360245,14364.4428761005
179,"joint",-4531.73215177387,-4530.95000695625,-0.484702453839856,-2.07313683010241,-2.07233983800715,0.125790578513181,0.125890872571391,0.398645158120182,0.000796992095257188,1.27104586794543,0.0639663311672648,0.531375139102597,0.0577588808148564,0.00315821566939686,0.0206218032829687,2.49561087240508,2.49608630815049,-1.56893322216687,10,8.47130569866753,8.46563068043115,6.94581661153471,868,59.4924688088392,11.255207794495,0.999999999999997,536.450311413011,14444.6547670364
180,"joint",-4532.49435062634,-4531.05031454978,-0.490686500699685,-2.07233983800715,-2.06860588803702,0.125890872571391,0.126361821493947,1.86897692958192,0.00373394997012956,0.815946091275732,0.0418423995503235,0.468752913822201,0.0363312739287326,0.0020913495595035,0.0112097917266986,2.49608630815049,2.49704719634022,-1.57107496970258,10,8.46563068043115,8.47254729109811,6.95404378495915,881,59.1564181368282,11.2524746410096,1,535.67757586189,14525.1485769749
181,"joint",-4531.05798747258,-4530.85796449357,-0.533227962911199,-2.06860588803702,-2.06709458778215,0.126361821493947,0.1265529365267,0.756546809561579,0.00151130025487598,0.895018090238125,0.0426341992277939,0.533549960727219,0.037862367519234,0.00211629548711999,0.0145689675474731,2.49704719634022,2.4969848229874,-1.57701920024509,10,8.47254729109811,8.47257528896139,6.95386256309675,852,59.0751592783422,10.7998130680984,0.999999999999999,532.035200872927,14605.8413219452
182,"joint",-4531.00296959978,-4530.95007192886,-0.543562709452981,-2.06709458778215,-2.0657684889881,0.1265529365267,0.12672086954649,0.66389457248842,0.00132609879405047,0.991791807023174,0.0499995908631449,0.426756959842182,0.0485105804649774,0.00254623527599727,0.0206200394020925,2.4969848229874,2.49938485595208,-1.57704597287569,10,8.47257528896139,8.47797598038128,6.96450971459662,849,58.9885512767275,11.2155764882286,1,530.343537962341,14686.2706589699
183,"joint",-4534.10445149063,-4531.1142980353,-0.562736106638178,-2.0657684889881,-2.05817140292542,0.12672086954649,0.127687245069463,3.81440845081298,0.00759708606267557,0.709712156014745,0.0364423426919793,0.296211881247622,0.0371710977925983,0.0019445377700815,0.015097052583621,2.49938485595208,2.50027268184336,-1.57557891697996,10,8.47797598038128,8.49618660047486,6.98409862534117,878,59.4171452902142,11.3158620740206,0.999999999999999,529.806554896721,14766.9835989475
184,"joint",-4532.92948173689,-4531.11518842175,-0.654880738792501,-2.05817140292542,-2.05363146161394,0.127687245069463,0.128268255547101,2.28180440306626,0.00453994131147994,1.15677411627956,0.0570468261082733,0.480800683530202,0.0501405220126014,0.00266758442342334,0.0244551454395809,2.50027268184336,2.49975777307192,-1.58077538133355,10,8.49618660047486,8.50876166605503,7.00077646619452,839,59.220760128124,11.0169633837219,1,519.785269469007,14847.3200969696
185,"joint",-4531.56968355924,-4531.23886638384,-0.710034950765364,-2.05363146161394,-2.04984113625404,0.128268255547101,0.128755356521396,1.90641241107861,0.00379032535990492,1.31292610665201,0.0630256993880737,0.5346061134747,0.0658698913749573,0.00322732517407614,0.0262775199154724,2.49975777307192,2.49630696853068,-1.57392724276454,10,8.50876166605503,8.50464085351209,6.99776430435586,857,59.6519935393162,11.2771727159786,1.00000000000001,512.861611230102,14927.5772669315
186,"joint",-4531.03413431738,-4531.30390058965,-0.746827375258447,-2.04984113625404,-2.04398199346711,0.128755356521396,0.129511966919508,2.95203285437939,0.00585914278692656,0.941838600555279,0.0442058579498484,0.519505583322084,0.0404038547552498,0.00207735087766653,0.0228800971735261,2.49630696853068,2.49629377219387,-1.59680733993807,10,8.50464085351209,8.52201447267705,7.01547676502215,862,59.7509923948491,11.0685888211534,0.999999999999999,506.619339244257,15008.0035021305
187,"joint",-4531.93795273927,-4531.4280628106,-0.821159874470413,-2.04398199346711,-2.0358635004309,0.129511966919508,0.130567688556893,4.10391616654557,0.00811849303621608,0.9822702562672,0.0457328559979961,0.516236769011998,0.0417696386008468,0.00211276723777484,0.0169468863621511,2.49629377219387,2.49766121041148,-1.59577906031051,10,8.52201447267705,8.53838611976536,7.03482296088288,836,59.3675743956023,10.8706559742036,1,497.843683978512,15088.2456560135
188,"joint",-4529.9939789218,-4531.30374910628,-0.914169927299417,-2.0358635004309,-2.02982350411099,0.130567688556893,0.13135870337378,3.0588161008019,0.00603999631990545,1.03324475541467,0.0484053980231674,0.440561469434597,0.0445993455599091,0.0022668876061815,0.0188044809166416,2.49766121041148,2.49734347468813,-1.58763061132785,10,8.53838611976536,8.54434947574942,7.04621513688239,841,59.739019315793,11.0736104328967,1,487.595798296239,15167.9098269939
189,"joint",-4532.1246010265,-4531.25623611136,-0.987604992508024,-2.02982350411099,-2.02364685613836,0.13135870337378,0.132172570741289,3.13400414141324,0.00617664797262981,0.913002990268993,0.0476468836197768,0.405951333139509,0.0404568503335577,0.00220548626540726,0.0173362941940953,2.49734347468813,2.49580645969269,-1.59676482741654,10,8.54434947574942,8.55377488944643,7.0580411097626,856,60.1837784783956,11.2057550579586,1,480.359818112068,15247.2079470158
190,"joint",-4528.50100325397,-4531.09394156039,-1.06223547686312,-2.02364685613836,-2.02555999187788,0.132172570741289,0.131919948399886,-0.970894393203803,-0.00191313573952291,1.31255234108145,0.0636686008947847,0.74734877615159,0.0543764757461278,0.00296006236842122,0.0211836354447697,2.49580645969269,2.49587692357467,-1.59626372701435,10,8.55377488944643,8.54074457502097,7.04903703893808,814,59.7589332543044,10.7841019117868,0.999999999999997,471.37501597364,15327.4833090305
191,"joint",-4530.1705925349,-4530.99509203357,-1.03054317370822,-2.02555999187788,-2.02661115253047,0.131919948399886,0.131781352197036,-0.533481420414972,-0.00105116065258469,1.17154996609872,0.0464786585991827,0.805838040384864,0.0419954448327791,0.00191562763476515,0.0193202331335178,2.49587692357467,2.49636678044255,-1.59585296772404,10,8.54074457502097,8.54015598393823,7.05065765089523,825,59.5889544915839,10.6678616340847,0.999999999999999,474.925807738362,15407.4254901409
192,"joint",-4532.26786933959,-4531.07591930144,-1.01851612590542,-2.02661115253047,-2.02441301611234,0.131781352197036,0.132071344190747,1.11586020916344,0.00219813641813146,0.794434031480676,0.0395010605389779,0.384147593162026,0.0352780162139598,0.00190489128886441,0.0148538377133863,2.49636678044255,2.49621381707711,-1.59656461985347,10,8.54015598393823,8.5434991939552,7.05491294604821,833,59.8085606661309,10.6835293823231,0.999999999999999,477.321599171287,15487.7817411423
193,"joint",-4530.82937940902,-4531.1657660865,-1.04252214741638,-2.02441301611234,-2.02520628918582,0.132071344190747,0.131966617093707,-0.402709178178815,-0.000793273073480898,1.36014522395773,0.0607152029852614,0.699970244609738,0.0481789970334534,0.00251591228709553,0.019428510867942,2.49621381707711,2.49621484174487,-1.59195704869591,10,8.5434991939552,8.53360519419894,7.04999756735824,826,59.5590153158015,10.5655734135218,1,474.880524940026,15568.2291519642
194,"joint",-4528.85878799924,-4531.16531272697,-1.03009420920031,-2.02520628918582,-2.01683180062114,0.131966617093707,0.133076410509612,4.2663391083224,0.00837448856467725,0.897750380326707,0.0499130294653824,0.349944893049543,0.0480382892338572,0.00264663613219915,0.0192476421073499,2.49621484174487,2.49513561039239,-1.60054018834899,10,8.53360519419894,8.55142380930303,7.07156673549958,830,59.7262577803573,10.9797610647844,0.999999999999999,476.745799297544,15648.7470991611
195,"joint",-4532.07250525484,-4531.20215769398,-1.13858103002335,-2.01683180062114,-2.01123592213336,0.133076410509612,0.133823177392103,2.85526480652439,0.0055958784877819,0.910654682942418,0.0459065912837013,0.487007607334928,0.0441816765752062,0.00227119720974979,0.0215461549406566,2.49513561039239,2.49534647586195,-1.60326746251117,10,8.55142380930303,8.560069311529,7.08596340870982,824,59.9368347845783,10.3299440772865,0.999999999999999,465.044864235693,15728.8773570061
196,"joint",-4529.4386258431,-4531.09557491242,-1.20860310509606,-2.01123592213336,-2.00465839579842,0.133823177392103,0.134706304076182,3.36342860379958,0.00657752633493873,0.902669639488406,0.046329058764361,0.33445968384353,0.0411930128240862,0.0022334362703518,0.0160936392076917,2.49534647586195,2.49500615599744,-1.60962409175548,10,8.560069311529,8.56799923232976,7.09862163813667,818,60.1293831961071,10.8337365296677,0.999999999999994,457.709023449568,15808.3742790222
197,"joint",-4530.0293680955,-4531.04695842918,-1.28919387323807,-2.00465839579842,-2.01109700741491,0.134706304076182,0.133841768692384,-3.29924006126594,-0.00643861161649582,0.879173714225869,0.0464665121499544,0.391203266654271,0.0424996856637143,0.00235257776799305,0.0166516441875395,2.49500615599744,2.4962317614228,-1.60469222678146,10,8.56799923232976,8.54799467595356,7.07859137396774,818,60.257615205877,10.5671068896857,0.999999999999999,449.708558529203,15889.2214369774
198,"joint",-4531.50319448454,-4531.18265347395,-1.19658970054599,-2.01109700741491,-2.00584257728753,0.133841768692384,0.134546881775527,2.69617241629738,0.00525443012738108,1.24904688457469,0.0609429039232713,0.542354299575128,0.0533212158225028,0.00275496912717383,0.0234176173761765,2.4962317614228,2.4983164008881,-1.6151832568608,10,8.54799467595356,8.56526346086221,7.09738465038462,806,59.4557232610624,10.9269128292926,0.999999999999998,459.44224956012,15969.1863391399
199,"joint",-4528.65284531514,-4531.02868815101,-1.26363251289684,-2.00584257728753,-1.99786615396448,0.134546881775527,0.135624376224482,4.10597415583058,0.00797642332304926,0.974935096765073,0.0457128408632719,0.521157199853882,0.0433396337798837,0.00216608057455724,0.0181503441017937,2.4983164008881,2.50027783768163,-1.62081297407205,10,8.56526346086221,8.58622469126416,7.12069402928413,810,59.7262814997216,10.6054019209422,0.999999999999998,453.149368733403,16049.0159130096
200,"joint",-4528.98297982194,-4530.85311961079,-1.36722812202138,-1.99786615396448,-1.99080363938486,0.135624376224482,0.136585615747515,3.6446279010968,0.00706251457962651,0.936304652838148,0.0460242459184818,0.50840875164563,0.0394620657142061,0.00205953007237947,0.0203522020240932,2.50027783768163,2.49822678019544,-1.63069305618504,10,8.58622469126416,8.60023442690269,7.1342651683792,815,60.1673379485544,11.0288147953252,0.999999999999998,444.102901090468,16129.8350269794
201,"joint",-4529.59022333781,-4530.77973140405,-1.45438029801549,-1.99080363938486,-1.99479018558808,0.136585615747515,0.136042194785723,-2.05890361853763,-0.003986546203222,0.73763336694781,0.0378419719581346,0.364225649819106,0.0366645258226811,0.00192137479526342,0.0188102118922358,2.49822678019544,2.49945235083477,-1.62657081034262,10,8.60023442690269,8.59330746665121,7.1256607126397,804,60.0551901979765,10.7405201869654,1,434.538014266015,16210.5924339294
202,"joint",-4528.34683085548,-4530.64692446684,-1.40569314207678,-1.99479018558808,-1.98666359791194,0.136042194785723,0.137152258013203,4.21100995405394,0.00812658767614246,0.942024556994156,0.0447017811714557,0.431316262485148,0.0367993913171656,0.00191803872924171,0.0149311743180148,2.49945235083477,2.49952801656295,-1.63366194519402,10,8.59330746665121,8.61323315197797,7.14621346978294,801,60.0406830299708,10.7541467427299,0.999999999999997,440.621380945786,16291.529127121
203,"joint",-4528.52555973919,-4530.36797987927,-1.50908086034422,-1.98666359791194,-1.98809953154026,0.137152258013203,0.136955457803557,-0.744144348029957,-0.00143593362831895,1.16692088072084,0.0597142246606824,0.578167637161782,0.0434623056451184,0.00250324232462622,0.016077553739176,2.49952801656295,2.49893991082068,-1.63121540270431,10,8.61323315197797,8.60219515663303,7.13665065437466,774,60.0954440211123,10.4129009736268,1,431.266377391881,16372.2759020329
204,"joint",-4533.8267727871,-4530.41284443178,-1.48259802692973,-1.98809953154026,-1.98055910592668,0.136955457803557,0.137992063558182,3.91883393935898,0.00754042561357505,0.692166454062397,0.0356742863759301,0.335089227930657,0.0304212432393598,0.00166213627969757,0.0129917286199147,2.49893991082068,2.49761232913234,-1.63686746478637,10,8.60219515663303,8.61634444248226,7.15127076289844,796,60.2984816542616,10.881441524018,1,433.156941388172,16451.9875209332
205,"joint",-4532.71215123244,-4530.46996781544,-1.5778978958926,-1.98055910592668,-1.97515131790615,0.137992063558182,0.138740316760269,2.81459958639962,0.00540778802053239,1.01770187964844,0.0468935062951738,0.478323148497365,0.0408382122392624,0.00201427105310947,0.0201749279617138,2.49761232913234,2.49751967001638,-1.64700091473442,10,8.61634444248226,8.63187102466724,7.16806048806467,804,60.4997019766139,10.760998050355,1,423.283830275764,16532.0197060108
206,"joint",-4531.48020619069,-4530.4922714091,-1.65067650291406,-1.97515131790615,-1.97602040621657,0.138740316760269,0.138619791553899,-0.45235278732728,-0.000869088310417588,0.852364444426071,0.0354663588917987,0.618599544504232,0.0281280428400044,0.00146148477669571,0.0131253705577925,2.49751967001638,2.49785084094626,-1.64889437562291,10,8.63187102466724,8.6277079487074,7.16651823025381,774,60.4099753069419,10.8426626486031,1,416.832903533643,16612.6173379421
207,"joint",-4528.82623844317,-4530.3366856943,-1.63904328946309,-1.97602040621657,-1.9713610237001,0.138619791553899,0.139267181233952,2.42780422959665,0.00465938251646498,1.22668717729192,0.0606077027488736,0.603012487581118,0.0529754864640703,0.00272228125527926,0.0206636284020863,2.49785084094626,2.49917195876967,-1.66766634143985,10,8.6277079487074,8.63772686408022,7.17562919710526,787,60.363345556331,10.4742246722745,1,418.300624939825,16693.078523159
208,"joint",-4529.72620036707,-4530.32329676656,-1.69332628225365,-1.9713610237001,-1.97156903146072,0.139267181233952,0.1392382155921,-0.108384149989934,-0.000208007760618848,1.29563909250896,0.061400958700129,0.525774013655071,0.0622195080069032,0.00304717043368988,0.0226073070084645,2.49917195876967,2.50121512406827,-1.64628950308644,10,8.63772686408022,8.63244911300638,7.16950385368656,787,60.5699272148964,10.6094588798541,0.999999999999996,413.546205689028,16773.1532199383
209,"joint",-4531.27014707583,-4530.28057406903,-1.68255706857174,-1.97156903146072,-1.96048864572166,0.1392382155921,0.140789607870272,5.80929783200615,0.0110803857390566,0.751380332239622,0.0389140183262602,0.321402789090518,0.0339467446047698,0.00188469083277715,0.0122309483839355,2.50121512406827,2.4986718398617,-1.64970693891102,10,8.63244911300638,8.65413045310351,7.19159108831179,835,61.1413468353039,10.8390931818647,1,415.422049418881,16853.6233980656
210,"joint",-4529.4968652706,-4530.33036716986,-1.82083855628403,-1.96048864572166,-1.95914247210406,0.140789607870272,0.140979262751578,0.705844755929314,0.00134617361760249,0.890207329624253,0.0386407928884907,0.618908630547929,0.0325767057285305,0.00165476495363697,0.016450812471803,2.4986718398617,2.49931946596096,-1.65367595143275,10,8.65413045310351,8.65516384801537,7.19528399965001,782,60.6216832554287,10.529011888992,1,401.769962548363,16934.5465641022
211,"joint",-4528.73388766046,-4530.25853192614,-1.83629003404914,-1.95914247210406,-1.94915822896242,0.140979262751578,0.142393884199692,5.2613690066912,0.00998424314163834,1.15415572682151,0.0625269967760596,0.451390710765437,0.0571768858036414,0.00308588839441405,0.0247481835677963,2.49931946596096,2.49572448337692,-1.66380904706581,10,8.65516384801537,8.6725901211531,7.21356278279435,782,60.6592143069181,10.3008632108837,0.999999999999998,401.141833762221,17014.3284249306
212,"joint",-4529.60552251936,-4530.12541458513,-1.96290501070093,-1.94915822896242,-1.949448617683,0.142393884199692,0.142352540624986,-0.15302598649798,-0.000290388720576308,1.27696322687322,0.0607659434279134,0.629691113066398,0.0471900433968475,0.00245936275072081,0.0180555687880895,2.49572448337692,2.49599343995423,-1.6505581101792,10,8.6725901211531,8.66216482245904,7.20563014313916,765,60.8778523653725,10.256070144064,1,389.30581780757,17094.2727730274
213,"joint",-4530.02611876939,-4530.08525155314,-1.94913903644274,-1.949448617683,-1.9496491846446,0.142352540624986,0.14232399227146,-0.105692875501875,-0.000200566961604319,1.23759693178008,0.0521071188270062,0.702926641774853,0.0393098933098002,0.00200427751583224,0.018326050739842,2.49599343995423,2.49700038259697,-1.64066365384973,10,8.66216482245904,8.65835681327142,7.2055730482852,760,60.6294640224554,10.2804828851058,0.999999999999998,390.243987852333,17174.2265310287
214,"joint",-4531.10244087665,-4530.19743419702,-1.94773227300714,-1.9496491846446,-1.94767940383411,0.14232399227146,0.14260461563283,1.03821784829169,0.00196978081049669,0.855607586605991,0.0423051716349543,0.559092447205998,0.0371476406415835,0.00201583624503622,0.014946212242969,2.49700038259697,2.49758425567472,-1.643847347111,10,8.65835681327142,8.6580924353474,7.21045911115281,780,60.8397412016251,10.8765561042051,1,392.113373587371,17254.5358500481
215,"joint",-4529.79886904906,-4530.08375238673,-1.97245984675077,-1.94767940383411,-1.94504328538454,0.14260461563283,0.142981034215097,1.38990929659649,0.00263611844957083,1.31383510478323,0.0648062276662117,0.613913809918988,0.0494495668109364,0.00272285945444714,0.0188340870022809,2.49758425567472,2.49976904658856,-1.64926255167657,10,8.6580924353474,8.66281499927685,7.21963302726103,794,60.865125752978,10.503299868207,0.999999999999999,389.966698455492,17335.0243749619
216,"joint",-4531.03217569222,-4530.16342987918,-2.00839695641131,-1.94504328538454,-1.94235120684011,0.142981034215097,0.143366468967101,1.41992921792889,0.0026920785444276,0.917687954027418,0.0443265766639397,0.435856743060567,0.0364000459277531,0.00186087372954663,0.015846377910469,2.49976904658856,2.49748627584474,-1.65485874146199,10,8.66281499927685,8.66651629347274,7.22187137315005,784,60.9068042736362,10.2632902249582,1.00000000000001,388.510450012583,17414.6570141315
217,"joint",-4531.13706954365,-4530.21881495159,-2.04204250698116,-1.94235120684011,-1.93677699552768,0.143366468967101,0.144167855433951,2.94468038873392,0.00557421131243154,1.21563625159911,0.0644309574857573,0.507564956104944,0.0476865086607888,0.00263057622076611,0.0192709148374612,2.49748627584474,2.49601616930702,-1.66014920067726,10,8.66651629347274,8.67026508266566,7.23081055619757,784,60.8989505958927,10.3690177093231,1.00000000000001,384.633275230106,17494.478094101
218,"joint",-4529.22847708449,-4530.10507908159,-2.11188971387741,-1.93677699552768,-1.93186412256059,0.144167855433951,0.144877876487147,2.59845390677163,0.00491287296708497,1.0214143611002,0.0432954310803552,0.548624464099751,0.0335466041724465,0.00162529575042287,0.017428412258724,2.49601616930702,2.49708751740235,-1.6665143235188,10,8.67026508266566,8.68106262186837,7.24330575179793,746,60.8599562525357,10.2227112309919,1.00000000000001,377.790766328426,17574.8230421543
219,"joint",-4530.40585986021,-4530.19272980884,-2.17821978214412,-1.93186412256059,-1.92329614159223,0.144877876487147,0.146124520359747,4.54839255675898,0.00856798096835799,1.27066929913028,0.064681061046761,0.532382020484174,0.0547845875712559,0.00290515393979922,0.0254638674048995,2.49708751740235,2.49351063019518,-1.6737686793868,10,8.68106262186837,8.69269308728431,7.25739713704902,728,60.6378708054514,10.1529882314428,1,373.444995461959,17655.8469290733
220,"joint",-4530.10916725537,-4530.24903918051,-2.29009411555489,-1.92329614159223,-1.92340065103018,0.146124520359747,0.146109249766228,-0.0554798395363866,-0.000104509437949639,0.871549866941023,0.0420015159961408,0.478224783088565,0.0328266989300391,0.00177116651085466,0.0133617156511595,2.49351063019518,2.49428424639768,-1.66882180324577,10,8.69269308728431,8.68691124259913,7.25477422543945,739,61.0648969053788,10.1778241551767,0.999999999999999,362.98488925723,17735.0205769539
221,"joint",-4528.25918342097,-4530.18248718467,-2.28628320354844,-1.92340065103018,-1.92220381486666,0.146109249766228,0.146284223286606,0.635397489080012,0.00119683616352447,1.0940856861993,0.0526143717278732,0.642542788540712,0.0479964904479175,0.00245078762831227,0.0203276198655785,2.49428424639768,2.49795667437544,-1.66817655417394,10,8.68691124259913,8.69266505813748,7.26141214791929,741,60.6948840145644,9.70706017851667,1,363.988814330153,17813.9966659546
222,"joint",-4529.35717473807,-4530.2330043788,-2.30496190137053,-1.92220381486666,-1.91835656637585,0.146284223286606,0.146848099033424,2.04400838763127,0.00384724849081221,0.833295889553648,0.039145565940806,0.410886829725645,0.0343788308226177,0.00164613413240711,0.0161673024313247,2.49795667437544,2.49637671250426,-1.67406922724223,10,8.69266505813748,8.69730554512682,7.26708654526768,757,61.1759229771645,10.2393085854548,1,364.799952150519,17892.9709899426
223,"joint",-4527.54898556886,-4530.18417567028,-2.35130887856329,-1.91835656637585,-1.92009047538143,0.146848099033424,0.146593698409561,-0.921348709184541,-0.00173390900558001,1.4768652417383,0.0731383082911535,0.795788808875965,0.052220282113172,0.00290881190674921,0.0163499792135661,2.49637671250426,2.49541801477316,-1.66763611546857,10,8.69730554512682,8.68349275736013,7.25758166764049,725,61.0474162791277,10.0752693210579,1,360.021982025669,17971.7963409424
224,"joint",-4529.60959385816,-4529.97331672384,-2.32002153742138,-1.92009047538143,-1.91451548394424,0.146593698409561,0.147413239367204,2.96700234987903,0.00557499143718417,1.00438794795186,0.0524713862611486,0.426639350815052,0.040026352608982,0.00220788354112067,0.0165197938234683,2.49541801477316,2.49387962658187,-1.68415590929204,10,8.68349275736013,8.69950716625829,7.27200249841944,740,60.8196597468882,10.2322272039688,1.00000000000001,361.734600652365,18050.53480196
225,"joint",-4531.05457207086,-4529.89043776576,-2.40115515498935,-1.91451548394424,-1.91321584674303,0.147413239367204,0.147604947645658,0.69172345233351,0.00129963720121294,0.9319139519091,0.0406432108482694,0.508956916117142,0.0308911325313127,0.00156692476029087,0.0126171219261309,2.49387962658187,2.49449181222262,-1.68727188561234,10,8.69950716625829,8.70011770359171,7.27565405410177,752,61.3296948937546,10.4090227451771,0.999999999999999,355.105833072136,18129.207709074
226,"joint",-4530.05312412004,-4529.81908366223,-2.41632908726833,-1.91321584674303,-1.90494693821503,0.147604947645658,0.148830539626714,4.41619654862625,0.00826890852799739,0.991290368348924,0.0499876912924524,0.416889510019943,0.0397860326098096,0.00204651481242732,0.0159818853468669,2.49449181222262,2.49285153157858,-1.68408899550983,10,8.70011770359171,8.71428330109058,7.29305369703696,737,61.1118758722699,9.64197997961203,1,354.717395841946,18207.955119133
227,"joint",-4528.30798452374,-4529.79317096625,-2.52963791443825,-1.90494693821503,-1.90739464992479,0.148830539626714,0.148466690852214,-1.30764726571709,-0.00244771170975894,1.17347547252877,0.0559530085816324,0.721321712784023,0.0421808991080443,0.0022683587644512,0.0188092616884832,2.49285153157858,2.49299759170295,-1.6770534123037,10,8.71428330109058,8.70455382162024,7.28676110868565,746,61.4550897069035,10.2883304509435,1,345.938369282985,18286.7125430107
228,"joint",-4529.54051514933,-4529.78388670537,-2.49285253874327,-1.90739464992479,-1.90722741218492,0.148466690852214,0.148491522162346,0.089343968985404,0.000167237739867897,0.868372855182579,0.0400685872800819,0.534812686298237,0.0322882303483553,0.00164475664840022,0.0153353259174669,2.49299759170295,2.49458583123828,-1.67630762252686,10,8.70455382162024,8.70568261592348,7.28747847990696,755,61.5829955160243,10.5243567056437,0.999999999999996,349.292171505578,18365.458037138
229,"joint",-4530.82293039157,-4529.76152587115,-2.49360418680439,-1.90722741218492,-1.90688152836406,0.148491522162346,0.148542891860858,0.184783758991466,0.000345883820861322,1.50539744952548,0.0727929578399692,0.708943122330583,0.0508214189714464,0.0027198501627613,0.0189577449430465,2.49458583123828,2.49750565192883,-1.68994535354494,10,8.70568261592348,8.71086467914828,7.29634535688496,741,61.4634964114422,10.2986050775284,0.999999999999995,351.001356271216,18444.159124136
230,"joint",-4529.33892761384,-4529.75362898832,-2.50288625347379,-1.90688152836406,-1.90031204270887,0.148542891860858,0.149521954706571,3.51725708957023,0.00656948565519395,1.02405103927289,0.0530066972396351,0.421715112650951,0.0419991419907169,0.00227703195601113,0.019890967087246,2.49750565192883,2.49514212150817,-1.69368443430278,10,8.71086467914828,8.71656500688744,7.30460123961216,743,61.4413472290082,10.2961268794599,1,351.985273659831,18522.9823970795
231,"joint",-4529.64140669745,-4529.79900494017,-2.58722366445526,-1.90031204270887,-1.90630647037416,0.149521954706571,0.148628337203324,-3.21515676343722,-0.00599442766529573,1.27452966938749,0.0562244152569423,0.896914096407369,0.0382535705309874,0.00205275110782185,0.0170369564091191,2.49514212150817,2.49681633499358,-1.69859296239819,10,8.71656500688744,8.70264881138954,7.29239719748587,722,61.3338545958089,10.1665966472241,1,344.749690875456,18601.6562709808
232,"joint",-4531.03175357944,-4529.87031649317,-2.50007873067131,-1.90630647037416,-1.90649594315825,0.148628337203324,0.148600178846186,-0.101625347861656,-0.00018947278408236,1.24745732660533,0.0620868940947017,0.555211562393721,0.0454244171688637,0.00246485031321448,0.0220463919171877,2.49681633499358,2.4988386018289,-1.7108639039168,10,8.70264881138954,8.70421107095903,7.29336147579376,712,61.0324830563679,9.95634383266609,0.999999999999998,352.17874590372,18681.2216200829
233,"joint",-4527.90333583507,-4529.76417734645,-2.49310004049223,-1.90649594315825,-1.90822853277177,0.148600178846186,0.148342938629963,-0.929428765550881,-0.00173258961352374,1.30902973487139,0.0595331022707873,0.751282933926276,0.0399863267420612,0.00219432058600655,0.0147334893859512,2.4988386018289,2.50112819710222,-1.70831567583476,10,8.70421107095903,8.69600320722997,7.28878608908575,741,61.5764832121243,10.2711645553575,0.999999999999993,352.888831411848,18761.222438097
234,"joint",-4528.63037338942,-4529.64057397209,-2.46488105446184,-1.90822853277177,-1.9022202725158,0.148342938629963,0.149236904512944,3.22889886099296,0.00600826025596631,1.17052424800865,0.065291409761877,0.38884938995407,0.0465093657911745,0.00270200942565705,0.0144466541842491,2.50112819710222,2.49886770421415,-1.71294230769526,10,8.69600320722997,8.70081423556711,7.29911076922474,737,61.1535375477943,10.0193183176157,1,355.924218611557,18840.0908529758
235,"joint",-4528.84908212938,-4529.59308462611,-2.54380945658083,-1.9022202725158,-1.892629676922,0.149236904512944,0.150675060675483,5.17794980556053,0.00959059559380058,1.51510627393159,0.0703684041794863,0.705801400326477,0.0515065041782301,0.00261449968531284,0.0253646133816672,2.49886770421415,2.49856407385778,-1.72442675881343,10,8.70081423556711,8.72577578059599,7.32759493636443,737,61.4057167377125,10.1866801854693,0.999999999999996,348.732070771212,18919.0156259537
236,"joint",-4529.5627870809,-4529.51961519554,-2.68343790728069,-1.892629676922,-1.88821714184071,0.150675060675483,0.151341388683301,2.38464445974539,0.00441253508128999,0.897836039650847,0.0395619042210259,0.512067522953571,0.0356474156492765,0.00174141172966256,0.0148254506093589,2.49856407385778,2.49916415573694,-1.71723580431238,10,8.72577578059599,8.72861016856167,7.33340034725079,722,60.9399657304766,9.54570214210714,1,338.960877752047,18998.0523929596
237,"joint",-4528.82109219935,-4529.40381632833,-2.74059092433741,-1.88821714184071,-1.88604629887376,0.151341388683301,0.151670283933341,1.17345443437671,0.00217084296694832,1.24915501350661,0.0549063412545821,0.855844997421678,0.0376639603962273,0.00199838649656498,0.0154833273340157,2.49916415573694,2.49968587309388,-1.72097797959371,10,8.72861016856167,8.73022113731358,7.33872988037048,722,61.3963017477812,9.76248374969883,1,335.437361778765,19077.3749370575
238,"joint",-4532.41083636767,-4529.56293429248,-2.76878396154988,-1.88604629887376,-1.87475610961804,0.151670283933341,0.153392373207709,6.14221164082687,0.011290189255728,1.106814215599,0.052058677882536,0.515866052035047,0.0380561951387901,0.00199283963035936,0.0181565219875728,2.49968587309388,2.49731965032369,-1.72866170320346,10,8.73022113731358,8.75025362285541,7.35896349553897,707,61.2237080597718,9.67887905016035,0.999999999999998,333.663848996524,19157.6339690685
239,"joint",-4528.99957894029,-4529.49262024649,-2.92407618036546,-1.87475610961804,-1.86443198540395,0.153392373207709,0.154984218185628,5.64681706087379,0.0103241242140881,1.09485547496993,0.054951713787455,0.531554640701083,0.0399231794358007,0.00222479637458946,0.0175701930638349,2.49731965032369,2.49741449955617,-1.71941261745967,10,8.75025362285541,8.76599812479323,7.37682822926732,707,61.4739937980353,9.39086146692914,0.999999999999995,322.089338506271,19237.5814700127
240,"joint",-4530.68587552338,-4529.52145565989,-3.06876908393523,-1.86443198540395,-1.86213195009064,0.154984218185628,0.155341097620782,1.25834551594009,0.00230003531330397,1.22280864562167,0.0564962524675753,0.819188091487104,0.038932506630729,0.00216134672337825,0.0145988249654088,2.49741449955617,2.49778639143206,-1.72484814097837,10,8.76599812479323,8.7677194166319,7.3798601784178,718,62.0818276236725,10.2544762145698,0.999999999999999,313.112236581475,19317.5825390816
241,"joint",-4528.07518024011,-4529.51225550085,-3.0994770328227,-1.86213195009064,-1.86370485710592,0.155341097620782,0.155096952577636,-0.860641296148581,-0.00157290701527108,1.17505861265953,0.0572398393219977,0.535975705508218,0.0368199873261394,0.00200394849348512,0.0130205170066287,2.49778639143206,2.49983177431812,-1.71334132371285,10,8.7677194166319,8.76243396750933,7.37813391958829,684,61.442821248954,9.62269215544475,1,311.546461021687,19397.5475530624
242,"joint",-4529.58442100864,-4529.52361781438,-3.07863514215887,-1.86370485710592,-1.86508041684197,0.155096952577636,0.154883754121708,-0.75273078561083,-0.00137555973605682,1.02643941499377,0.0504938759668794,0.485402361232288,0.0404006565042111,0.0020611967767186,0.0167374259412963,2.49983177431812,2.50113926824495,-1.70885843996283,10,8.76243396750933,8.75315884872896,7.37213775351884,657,61.4670653060561,9.49463559778088,1,314.623777686536,19479.3804111481
243,"joint",-4530.20299255392,-4529.65631816363,-3.05637073270775,-1.86508041684197,-1.8668780181981,0.154883754121708,0.154605584968786,-0.983838446641451,-0.00179760135612415,1.87785248694435,0.0856859764459669,1.17849278220984,0.0536837545913009,0.00291484413127133,0.022732497777792,2.50113926824495,2.50260635836883,-1.70331178199656,10,8.75315884872896,8.74639482063081,7.37201711085083,698,61.7014702329596,9.65401134151242,0.999999999999997,317.269499286433,19560.0453159809
244,"joint",-4527.91808580531,-4529.57174276099,-3.03166823921067,-1.8668780181981,-1.86760065011495,0.154605584968786,0.15449390239612,-0.395511287165319,-0.000722631916852735,0.818277438616153,0.0396549474295381,0.376023898291286,0.0288448391570362,0.00154665421532432,0.0121267181486153,2.50260635836883,2.50399761552897,-1.69851123890676,10,8.74639482063081,8.7379377339529,7.36695713756018,699,61.6518094590188,9.70864717823888,0.999999999999995,320.218259495689,19640.8658599854
245,"joint",-4529.53875696543,-4529.49595200571,-3.01454260032021,-1.86760065011495,-1.8636643689702,0.15449390239612,0.155103232291226,2.15607849597496,0.00393628114474649,1.36911046686941,0.0642262848341935,0.785964498765096,0.048340738647214,0.00253316408272889,0.022287982255869,2.50399761552897,2.50152474832243,-1.69885720265176,10,8.7379377339529,8.73718372611834,7.37011862261665,716,61.7116911284793,9.73425290060334,1,322.016467258365,19721.9419710636
246,"joint",-4531.17024293166,-4529.55180794629,-3.06754790398154,-1.8636643689702,-1.86936278873769,0.155103232291226,0.154221902444923,-3.1263612822648,-0.00569841976748484,1.35775782054231,0.0615166322445803,0.859796406115807,0.040165286734111,0.00219260154856187,0.014662133145037,2.50152474832243,2.50241350585991,-1.68928092785198,10,8.73718372611834,8.7211626077258,7.35740787000004,713,61.9370197855648,9.6299607887063,0.999999999999998,317.664138889377,19802.2211489677
247,"joint",-4527.60903060018,-4529.51686025012,-2.9851863635893,-1.86936278873769,-1.86497318492263,0.154221902444923,0.154900363494449,2.41062061846195,0.00438960381505896,1.34069505577115,0.0611559218781434,0.729446347883542,0.044489666460371,0.00219471158903524,0.0187938044409861,2.50241350585991,2.50450318824005,-1.68966654880044,10,8.7211626077258,8.72927235216036,7.36764507405081,720,61.7732855624739,9.89679151146501,1,324.06470543881,19882.4848430157
248,"joint",-4531.49950509893,-4529.6148097476,-3.04902961309302,-1.86497318492263,-1.86380626023786,0.154900363494449,0.155081226058261,0.640878851304718,0.00116692468476466,1.02529244037669,0.0503756434684511,0.45567396978833,0.0392058868072995,0.00197992504452381,0.0170976438004951,2.50450318824005,2.50551578241676,-1.693023527157,10,8.72927235216036,8.73591576371209,7.37461033593407,686,61.7007532883756,9.77879354420244,0.999999999999999,322.188974109916,19962.7216830254
249,"joint",-4528.72024736135,-4529.50967559609,-3.06852674210144,-1.86380626023786,-1.86016796363797,0.155081226058261,0.155646485222447,1.99948820520706,0.00363829659989745,0.774504159181485,0.0386097397834469,0.35796361281737,0.0264493083052981,0.00147055621544509,0.0120467942935514,2.50551578241676,2.50522272131743,-1.69094165916314,10,8.73591576371209,8.74135513051809,7.37881129466377,707,61.6871197613029,9.6921681665252,0.999999999999999,322.079950869615,20042.9355900288
250,"joint",-4529.64609078871,-4529.52503375483,-3.11833170363123,-1.86016796363797,-1.86220980983009,0.155646485222447,0.155329003274234,-1.12236553223737,-0.0020418461921218,1.3334171880859,0.0581723363438599,0.706719943613301,0.0414169604187738,0.0020412532157134,0.0180706616425033,2.50522272131743,2.50522031544317,-1.68899826781872,10,8.74135513051809,8.7334142537521,7.37743801247891,711,61.9519622929052,9.62236107882555,1,319.272044262804,20123.1878299713
251,"joint",-4528.11953272448,-4529.44894005618,-3.08988900334441,-1.86220980983009,-1.85884895448061,0.155329003274234,0.155851919817038,1.84844499451732,0.00336085534947871,0.774006616784108,0.042239410362154,0.347524270643592,0.0307306440092997,0.00177258343628938,0.011753083382539,2.50522031544317,2.50568153593264,-1.6897798408912,10,8.7334142537521,8.74159149113139,7.3857474442668,695,61.7961383810094,9.60014417118258,0.999999999999999,321.218794328039,20204.0935120583
252,"joint",-4530.71516183934,-4529.43311046918,-3.13766891160028,-1.85884895448061,-1.85152715822257,0.155851919817038,0.156997223544117,4.03777002715498,0.00732179625803418,0.820161506423006,0.0402463858954781,0.399342842521009,0.0324742311374465,0.00168570394867049,0.011150512428334,2.50568153593264,2.50599021937135,-1.69096974962075,10,8.74159149113139,8.75396962622948,7.3963838756572,713,62.1592457306102,9.38435815026836,1,318.294383346914,20284.8372590542
253,"joint",-4528.51593343427,-4529.46374034914,-3.2355037559495,-1.85152715822257,-1.8467541561232,0.156997223544117,0.15774836279028,2.63518327217575,0.00477300209937543,1.05319349101032,0.0498392596397791,0.528469671208979,0.0378274777097594,0.00184810405329301,0.0196102206675118,2.50599021937135,2.50580448496931,-1.68238557811339,10,8.75396962622948,8.75311452546961,7.39951101902785,708,62.096262409932,9.53759967321611,1,312.113878307865,20365.0502660275
254,"joint",-4528.26312336157,-4529.44537784774,-3.2950614884053,-1.8467541561232,-1.83826928930241,0.15774836279028,0.159092531120173,4.70146482795415,0.00848486682079226,0.937954060945825,0.0468092611147515,0.431424537429624,0.0338191604085385,0.00178820499381896,0.013852582627527,2.50580448496931,2.50542130272471,-1.68430243536493,10,8.75311452546961,8.77046617479684,7.4164659039282,687,62.0225911684544,9.46568309307439,1,308.35624735922,20445.2155101299
255,"joint",-4531.18502535896,-4529.56217500922,-3.42148874535059,-1.83826928930241,-1.83257795123309,0.159092531120173,0.160000562003422,3.15869036469333,0.00569133806931489,1.02115736753161,0.0446357397298423,0.645138089080659,0.0378303657070381,0.00172862384849286,0.0212821512578052,2.50542130272471,2.50443540634162,-1.68817388718188,10,8.77046617479684,8.78065885584605,7.43058412860828,685,62.1737934748248,9.4484312676714,0.999999999999998,301.534038839042,20525.4566819668
256,"joint",-4528.2490358801,-4529.49648744918,-3.50546661590541,-1.83257795123309,-1.82718124830245,0.160000562003422,0.160866371662705,2.9995391542252,0.00539670293064147,1.6552471778902,0.071002975657557,0.865312655110677,0.0492342176936626,0.00238450585113207,0.0210164475790785,2.50443540634162,2.50272922308193,-1.68640186484163,10,8.78065885584605,8.78540449809039,7.43736750943969,659,61.7731066702507,9.39831329904839,0.999999999999999,295.968582507104,20605.9490721226
257,"joint",-4530.37206115839,-4529.57403589713,-3.58587808610452,-1.82718124830245,-1.823928326596,0.160866371662705,0.161390509402259,1.80896235635496,0.00325292170644766,0.976856838079165,0.0482887960720361,0.346301211443069,0.0341252111520569,0.00178271036361194,0.0125968642840637,2.50272922308193,2.50172124273797,-1.68047183277833,10,8.78540449809039,8.78741246074452,7.44140723368988,679,62.3770790584299,9.45235421080544,0.999999999999996,290.837119407774,20686.9373340607
258,"joint",-4529.4656651807,-4529.42677733779,-3.62876261448083,-1.823928326596,-1.82089419683619,0.161390509402259,0.161880932777633,1.68806849972934,0.00303412975981692,1.31190952261773,0.0514016649488672,0.935018435706153,0.0364526030967239,0.00177782304423556,0.0155497957669505,2.50172124273797,2.50167116384544,-1.68681002308792,10,8.78741246074452,8.79305604513492,7.44994321105685,689,62.3068753092917,9.49962967285746,1,288.078553005115,20767.9853010178
259,"joint",-4528.90293316554,-4529.42194504905,-3.67689867674315,-1.82089419683619,-1.82338016578983,0.161880932777633,0.161479001605765,-1.38352131862011,-0.0024859689536415,1.12953532340142,0.0609259878961631,0.42082571471408,0.0482069144194514,0.00261170939700806,0.0170465497429716,2.50167116384544,2.50453001017009,-1.68227552001756,10,8.79305604513492,8.78962867820968,7.45073771510998,678,62.3556194873592,9.30253390060969,0.999999999999993,286.306976634653,20848.4850370884
260,"joint",-4531.2541845394,-4529.45036049985,-3.64314551135554,-1.82338016578983,-1.82118781025367,0.161479001605765,0.161833409340835,1.22040937627711,0.00219235553615377,1.30215095709542,0.0602654996910453,0.637427583909484,0.0421237772370946,0.00218738078030758,0.0188136148910719,2.50453001017009,2.50724935020741,-1.68009191788644,10,8.78962867820968,8.79664163871889,7.4610734486061,680,62.308189194209,9.31683212201397,1,289.849302478941,20929.1062171459
261,"joint",-4532.23458547093,-4529.65833076139,-3.67918154891032,-1.82118781025367,-1.8273762931568,0.161833409340835,0.160834998564354,-3.45153242693256,-0.00618848290312581,1.20693119767018,0.0559526376528622,0.693608721371419,0.0359800029657706,0.00197780888628373,0.0127386649545825,2.50724935020741,2.5097487702632,-1.67207976217343,10,8.79664163871889,8.78146436528618,7.44962343143191,675,62.4337300137369,9.31375687261192,0.999999999999998,289.933289804309,21009.4176859856
262,"joint",-4531.83691423902,-4529.77095542291,-3.58750491045981,-1.8273762931568,-1.81975177084596,0.160834998564354,0.162065975441209,4.26487625830499,0.00762452231083933,1.1727871747265,0.0560883716971574,0.451267617399821,0.0368092234422704,0.00193163690705285,0.0169914898951159,2.5097487702632,2.51037942502529,-1.66743910578314,10,8.78146436528618,8.78757372266628,7.4615857029147,685,62.3725659700504,9.60853279686865,0.999999999999996,296.98328146445,21089.6061429977
263,"joint",-4528.79355000044,-4529.70048329524,-3.69309859493003,-1.81975177084596,-1.81142307156171,0.162065975441209,0.163421410886755,4.67500969781034,0.00832869928425128,1.17682184179629,0.0565409239004108,0.577502179993225,0.0454637233679404,0.00230793554620188,0.0205731004765189,2.51037942502529,2.51114450462789,-1.66587975767978,10,8.78757372266628,8.80205228278962,7.47701646726455,673,62.4470782065386,9.36454763387566,1,291.123390043513,21169.7975389957
264,"joint",-4527.39638675147,-4529.67439834254,-3.82177044521044,-1.81142307156171,-1.8024904139496,0.163421410886755,0.16488773774445,5.03414408106406,0.00893265761210958,1.56085861937426,0.0826223802015235,0.763732978800995,0.0511102630476721,0.00300889632474271,0.0147569266665686,2.51114450462789,2.50802861413297,-1.6737948984846,10,8.80205228278962,8.81196989144887,7.49034613382698,684,62.7446170178456,9.53174180464903,0.999999999999997,284.490746593989,21250.0996050835
265,"joint",-4527.34584622673,-4529.56475280561,-3.9510512361641,-1.8024904139496,-1.79423045933159,0.16488773774445,0.166255343379917,4.67099302677722,0.00825995461800559,1.95956668899932,0.0927712335827698,0.859520986889581,0.0635638696219142,0.00322016298946836,0.0279443867689114,2.50802861413297,2.50443185409177,-1.68597552769195,10,8.81196989144887,8.8152984935076,7.49753197198751,683,63.0108910414053,9.20264500348329,1,276.214622446256,21330.6037890911
266,"joint",-4528.858944523,-4529.44918788517,-4.06816411565487,-1.79423045933159,-1.79221039041819,0.166255343379917,0.166591530076591,1.14257935334101,0.00202006891340302,1.47513968983725,0.0651352458704563,0.862095903152973,0.0408590672610393,0.00208614061208673,0.0189418927997594,2.50443185409177,2.50366602107979,-1.69954445859471,10,8.8152984935076,8.81055361290672,7.49684953476325,674,62.9678767872792,9.3579165011373,1,267.74045476541,21411.2359900475
267,"joint",-4529.64825055877,-4529.5511488831,-4.09400853803975,-1.79221039041819,-1.7825085660802,0.166591530076591,0.168215637500933,5.51349748192483,0.00970182433799131,1.51683853376176,0.0702196284084271,0.655073902615546,0.0450161252481423,0.00227517011873316,0.0203975497262429,2.50366602107979,2.50349089266601,-1.70356581289873,10,8.81055361290672,8.82774902069824,7.5177913355418,652,62.7263649081807,8.89668795072797,1,266.36196899366,21491.7616391182
268,"joint",-4527.31378633441,-4529.34186294488,-4.23881773659917,-1.7825085660802,-1.77598661869875,0.168215637500933,0.169316316420932,3.71429751123547,0.00652194738144551,1.02169804743843,0.0486540214880057,0.593191440425802,0.0306626238431833,0.00168925450411722,0.012721826948521,2.50349089266601,2.50172755380535,-1.70608253976776,10,8.82774902069824,8.83810783573737,7.52894859370796,652,62.9664603272807,9.16852790340763,1,258.405907333325,21571.8913619518
269,"joint",-4531.06483116671,-4529.45909213515,-4.33757499600471,-1.77598661869875,-1.76641620160943,0.169316316420932,0.170944523069819,5.47555745813718,0.00957041708932829,1.02300427320513,0.0499864175014302,0.51533881090567,0.034110324014366,0.00185244618183454,0.0128225663068904,2.50172755380535,2.50133054295617,-1.7105912651216,10,8.83810783573737,8.85788394684491,7.54949367707836,632,62.6762560171075,8.87403832642416,1,253.07203296854,21652.0483291149
270,"joint",-4527.82452028279,-4529.36801360985,-4.49007544857693,-1.76641620160943,-1.76852265252482,0.170944523069819,0.170584815808567,-1.20543887049709,-0.00210645091539631,1.46237370764039,0.063286054837891,0.866511736905183,0.0425528964825925,0.00222155528563081,0.0160904974256558,2.50133054295617,2.50372008555287,-1.71110943077292,10,8.85788394684491,8.85231062775677,7.54865723000572,634,63.2660884061862,9.03212814339115,0.999999999999999,246.457583830379,21732.1631100178
271,"joint",-4528.77356722092,-4529.40071533467,-4.45369518606027,-1.76852265252482,-1.76811752135102,0.170584815808567,0.170653939036269,0.231842512347039,0.000405131173799036,0.710222678313516,0.0378300832975073,0.284335289585465,0.0258028445295942,0.00144893192277226,0.0085404449231116,2.50372008555287,2.50437411955685,-1.71662376870378,10,8.85231062775677,8.85160101570702,7.5493183003376,638,62.8407422639535,9.04239704017905,1.00000000000001,248.646677620253,21812.8040981293
272,"joint",-4529.20888567653,-4529.32540152653,-4.45913915286658,-1.76811752135102,-1.7668884361468,0.170653939036269,0.170863816219831,0.703415944797639,0.00122908520422657,1.11633024011766,0.0528350749126435,0.661401509176111,0.0364135556047762,0.00188109597485526,0.0202993931397054,2.50437411955685,2.5052036891205,-1.71851880391424,10,8.85160101570702,8.84730790247502,7.54536926622038,649,63.225967630643,9.30926228110894,1,248.726832765056,21892.9374239445
273,"joint",-4531.50539226888,-4529.47487446826,-4.46655956057184,-1.7668884361468,-1.76615427975723,0.170863816219831,0.170989303040093,0.420175286672726,0.00073415638956301,1.24011245557113,0.0559023423465431,0.61353609428039,0.0359452576705858,0.00184333369988187,0.012906638078792,2.5052036891205,2.50503635461583,-1.73065566384831,10,8.84730790247502,8.84178918836015,7.54266813054692,624,62.8810612879737,8.84705336375531,1,249.205132138984,21973.0793869495
274,"joint",-4528.74739523258,-4529.49908806181,-4.47265768026842,-1.76615427975723,-1.76514898429032,0.170989303040093,0.171161284242808,0.575383750535026,0.00100529546690971,1.18633069755239,0.052998038168803,0.819704105159136,0.0365278119515137,0.00195588217286215,0.0141320379564542,2.50503635461583,2.5063353216999,-1.72924980163241,10,8.84178918836015,8.8432601569455,7.54558804437804,636,62.9679045163978,8.90853471304782,1,248.767725676985,22053.0646951199
275,"joint",-4530.69032420881,-4529.47435300431,-4.48775203003458,-1.76514898429032,-1.75531079582175,0.171161284242808,0.172853511793301,5.65836568448549,0.00983818846857297,1.22992982310497,0.0595112032209482,0.706778680609003,0.0404303089799418,0.00210475200095976,0.0224813818658154,2.5063353216999,2.50543484208988,-1.74057859131848,10,8.8432601569455,8.86006434569399,7.56153753780458,642,62.8357689663278,9.19238269239939,1,248.57658840488,22133.0557250977
276,"joint",-4528.55266383328,-4529.48953440196,-4.63701666864952,-1.75531079582175,-1.74417682461125,0.172853511793301,0.174788811611006,6.44369037482323,0.0111339712104983,1.2313553269113,0.0628464000515303,0.623534751487595,0.0398058751710886,0.00215700621033829,0.0187733426145283,2.50543484208988,2.50335688441791,-1.74351910766512,10,8.86006434569399,8.88074486086447,7.58284311785431,628,63.0613818293343,9.22318795056003,1,241.596282343112,22213.1520371437
277,"joint",-4529.1160589137,-4529.42673428973,-4.81353008876043,-1.74417682461125,-1.73945653144842,0.174788811611006,0.175615816360272,2.73487770842553,0.00472029316282945,1.59353974710565,0.0700516873012793,0.900496903106221,0.0405575433917499,0.00216370828608528,0.0168505355387739,2.50335688441791,2.50330096363907,-1.73876855045644,10,8.88074486086447,8.88641179203156,7.59070603237392,619,63.2256763927938,9.07738272899508,1,232.76767667423,22293.2091021538
278,"joint",-4528.78063583373,-4529.39248282238,-4.8814022122861,-1.73945653144842,-1.73612460675787,0.175615816360272,0.176201930937431,1.9315471801459,0.00333192469055785,1.21032611869081,0.0652991502829665,0.682431057980676,0.0488912837899092,0.00266067162100338,0.0239982460021238,2.50330096363907,2.50602465198577,-1.74636104309781,10,8.88641179203156,8.88736914193033,7.59487302998266,607,63.0255633101786,8.50698084983712,1,229.73072372531,22373.3528490067
279,"joint",-4528.46121321697,-4529.37039682495,-4.92834447501111,-1.73612460675787,-1.7365058995572,0.176201930937431,0.176134759216795,-0.22104052566936,-0.000381292799336804,0.957088580402148,0.0458342702228289,0.444715568940291,0.028246186161423,0.0015383453117056,0.0116213929868125,2.50602465198577,2.50717385252551,-1.73544495976286,10,8.88736914193033,8.88829112892805,7.59493116612041,619,63.2309391942767,8.887022832535,1,228.31758981643,22453.6953589916
280,"joint",-4530.40023184555,-4529.32769919026,-4.9184213549508,-1.7365058995572,-1.73804495120408,0.176134759216795,0.175863887222013,-0.892314471189894,-0.00153905164687646,1.52011086052179,0.0667790451341821,0.807385354718383,0.0430601915918899,0.00213046435262674,0.0238728801675518,2.50717385252551,2.50573574115509,-1.74570117232515,10,8.88829112892805,8.87860292310788,7.58546652437967,599,62.8888883292165,8.45023557931001,1,229.328623435909,22533.6305289268
281,"joint",-4527.54692257386,-4529.09331604541,-4.88626964619815,-1.73804495120408,-1.73295911979903,0.175863887222013,0.17676057958295,2.95249448675983,0.00508583140505021,1.00181304188301,0.0449937832726101,0.498526902330626,0.0362104772021365,0.00170115697249428,0.0192981404760807,2.50573574115509,2.504585962818,-1.75537870983991,10,8.87860292310788,8.88875459406906,7.5931883614748,623,63.3410707103054,8.9704317395434,1,230.317879659808,22613.6752851009
282,"joint",-4529.80419713359,-4528.99168019014,-4.96957456339041,-1.73295911979903,-1.73225898717697,0.17676057958295,0.176884378763875,0.406460263407857,0.000700132622054284,1.17685003061758,0.0552023628253945,0.794199006674768,0.0355586908394175,0.0019799415417792,0.0152514281209546,2.504585962818,2.50434152227501,-1.75550765380298,10,8.88875459406906,8.88814728483573,7.59592591217459,600,63.0873953254171,8.7963409258268,1,226.866411606559,22693.3093249798
283,"joint",-4529.966402816,-4529.05032283091,-4.9794695842085,-1.73225898717697,-1.73326558259732,0.176884378763875,0.176706417340884,-0.584406091319425,-0.00100659542034138,1.6172574214362,0.063948158371327,1.02931596285855,0.0376662641131255,0.00191329951386346,0.0207345854344953,2.50434152227501,2.50674303854638,-1.75439437998655,10,8.88814728483573,8.88080176913902,7.59315264334357,625,63.461813813011,8.8815932140535,0.999999999999996,227.326957871529,22772.2312760353
284,"joint",-4530.07379318926,-4529.1841931528,-4.95556097009264,-1.73326558259732,-1.72194030701342,0.176706417340884,0.178719041464269,6.61777122120139,0.0113252755838922,1.41131667676924,0.0663732922036772,0.666301276612332,0.0421327397529484,0.0021362927871318,0.0177004386218609,2.50674303854638,2.50378592966068,-1.77037776713198,10,8.88080176913902,8.89633725359502,7.60865519229468,594,62.9004767319246,8.6597432764009,0.999999999999996,229.085855858764,22851.5838389397
285,"joint",-4531.81606956763,-4529.40770431985,-5.13024779899753,-1.72194030701342,-1.71913900615854,0.178719041464269,0.17922038915291,1.63754481028525,0.00280130085488533,1.04131579671969,0.0514044443012529,0.639394352418732,0.0356321699429384,0.00194693006543658,0.0153039061829189,2.50378592966068,2.50481298745279,-1.77408120267763,10,8.89633725359502,8.90218187815221,7.61448912393296,607,63.4459224601455,8.78056741217064,0.999999999999998,220.098429332586,22931.0751399994
286,"joint",-4529.30746074508,-4529.43013013095,-5.17618012752487,-1.71913900615854,-1.71160463769481,0.17922038915291,0.180575801276329,4.41688894613017,0.00753436846372474,1.21714839537497,0.0506147240223352,0.656561421375875,0.0364108592218126,0.00167133155460391,0.0144269923182045,2.50481298745279,2.5036637974194,-1.78766727507903,10,8.90218187815221,8.91368996823319,7.62487824550585,605,63.1520115600191,8.74619578153688,1,218.869118590416,23011.9941439629
287,"joint",-4532.09376885395,-4529.55240604571,-5.29551417279517,-1.71160463769481,-1.70369061111056,0.180575801276329,0.182010552810578,4.65405422465227,0.00791402658425464,1.0119908372073,0.0494942422254474,0.479903589987926,0.0326333038846299,0.00169808162710851,0.0137537989305564,2.5036637974194,2.50282605599798,-1.79263316522826,10,8.91368996823319,8.92874213257434,7.64052803553688,601,63.4693082717984,8.65405663091159,0.999999999999999,213.251968968152,23092.5353980064
288,"joint",-4529.23087446244,-4529.64826045211,-5.42593106899845,-1.70369061111056,-1.70073794758216,0.182010552810578,0.182548762917301,1.73714987802602,0.00295266352839361,0.755061748784946,0.0378929816328643,0.430350567493831,0.024221939564891,0.0013172621609095,0.0103298841118138,2.50282605599798,2.50339601203599,-1.78481054814185,10,8.92874213257434,8.9354981704998,7.6475174553295,595,63.3119633067736,8.41529774427516,0.999999999999998,207.873293345997,23172.9334480762
289,"joint",-4531.17071262658,-4529.65355452511,-5.47476707225281,-1.70073794758216,-1.70154825880892,0.182548762917301,0.182400901520245,-0.476748620464365,-0.000810311226754399,1.29032635173213,0.0618514286947727,0.684183633242558,0.0431084475829428,0.00223876251091572,0.019826811515837,2.50339601203599,2.50482619273143,-1.7880387194617,10,8.9354981704998,8.93072714308685,7.64210659025224,588,63.4812801770592,8.48439961711553,1,206.610210892338,23253.9179120064
290,"joint",-4529.10184092979,-4529.71742055746,-5.45654218097752,-1.70154825880892,-1.70100399585356,0.182400901520245,0.182500202594463,0.320223202877411,0.000544262955358943,1.29508649874678,0.0625670579887212,0.581206134753782,0.0392500985938627,0.00203905920102598,0.01736938283623,2.50482619273143,2.50305976982999,-1.79632465057313,10,8.93072714308685,8.92482431659694,7.63576244281926,581,63.429310145681,8.38304825596655,0.999999999999999,208.140052829616,23335.3071119785
291,"joint",-4529.10323850828,-4529.73390412182,-5.45763971644618,-1.70100399585356,-1.6965039363487,0.182500202594463,0.18332331500416,2.65034529395298,0.00450005950486172,1.16198414133882,0.056616505138872,0.584184011761348,0.0378306987186959,0.00202037910723353,0.0173253866117154,2.50305976982999,2.50257140702738,-1.79580719088221,10,8.92482431659694,8.93012288646013,7.64356314766515,589,63.4501496209347,8.63120727303271,1,207.413613767817,23415.9624841213
292,"joint",-4530.72669440033,-4529.80979455801,-5.5269489053271,-1.6965039363487,-1.69684438965894,0.18332331500416,0.183260912597879,-0.200513805871215,-0.000340453310238819,1.33241296676093,0.0493449516988127,0.847163822982093,0.0340503668990577,0.00157044760522276,0.0166051339330761,2.50257140702738,2.50427220790941,-1.79215877861785,10,8.93012288646013,8.93222269601262,7.64822563742191,588,63.7080073309825,8.75764603614522,0.999999999999999,204.097630320953,23496.9069330692
293,"joint",-4530.73835776875,-4529.77144283301,-5.53023056327728,-1.69684438965894,-1.69544954093527,0.183260912597879,0.183516712207319,0.821591771007206,0.00139484872366454,1.09438815534511,0.0565801323314282,0.383718534946569,0.0342208781826673,0.00181527763269084,0.0117131420743786,2.50427220790941,2.50333044754296,-1.79919423346918,10,8.93222269601262,8.927612754805,7.64544130031388,573,63.3908423698738,8.48509948545912,0.999999999999999,205.601052888358,23576.9400651455
294,"joint",-4529.74333091059,-4529.82123961691,-5.54252129228721,-1.69544954093527,-1.68915893342939,0.183516712207319,0.184674782478453,3.71263756265788,0.00629060750587943,1.73228620388181,0.0825680886454085,0.886131779480455,0.0512173651144085,0.00269063583918676,0.024809011267377,2.50333044754296,2.50126357626255,-1.81656211584434,10,8.927612754805,8.93097329091671,7.65396367149774,609,63.7569006814937,8.83528302965726,1,204.290791040634,23657.1833641529
295,"joint",-4528.89561070009,-4529.73150394147,-5.64157753037322,-1.68915893342939,-1.67759504563036,0.184674782478453,0.186822736355219,6.87095641405778,0.0115638877990338,1.33889660985904,0.0716018839419826,0.602521498048492,0.0449586126316279,0.0025477445504483,0.0166337788426854,2.50126357626255,2.49731791587038,-1.82466952404538,10,8.93097329091671,8.94947856860253,7.67091717747789,597,63.9354683796087,8.70397873775978,1,199.255521391074,23737.3341219425
296,"joint",-4526.74076655376,-4529.6409090775,-5.83125734124011,-1.67759504563036,-1.66812425209331,0.186822736355219,0.1886005010523,5.65270346773539,0.00947079353705096,1.10759592300232,0.0497801775242278,0.700717363068791,0.0335012714637925,0.00165854885863378,0.016531460394914,2.49731791587038,2.49644532283232,-1.83059656457072,10,8.94947856860253,8.96727093591458,7.68752035170797,562,63.647971163256,8.41676567546262,0.999999999999995,190.994464916194,23817.760226965
297,"joint",-4529.09666877736,-4529.63993957068,-5.99383615812578,-1.66812425209331,-1.66918400318452,0.1886005010523,0.188400737334112,-0.632554712448301,-0.00105975109120973,1.21826026197312,0.0452980073331429,0.786776868362673,0.0304353973137196,0.00129194911950775,0.0150795395727614,2.49644532283232,2.49736025163507,-1.83136754603731,10,8.96727093591458,8.9601158898923,7.68224004090743,562,63.7050599902946,8.61103646860373,1,185.566785773094,23898.1246960163
298,"joint",-4527.76343973375,-4529.58907976568,-5.96798275544966,-1.66918400318452,-1.66040410551717,0.188400737334112,0.19006215941351,5.26094881740922,0.00877989766735212,1.89949316131114,0.090097561972215,1.16187964917994,0.0500369289419002,0.00269694231774845,0.019284498643968,2.49736025163507,2.4958293437281,-1.84226849139954,10,8.9601158898923,8.97484172184862,7.69712259228112,574,63.8454811939162,8.38203513735263,1,186.916759308908,23978.6773850918
299,"joint",-4528.37340333979,-4529.58468927182,-6.11982798440342,-1.66040410551717,-1.6501893313253,0.19006215941351,0.192013550998958,6.15291684711864,0.0102147741918648,1.23305731019745,0.0592048882836317,0.478800245527433,0.0368016054084022,0.00191539824743659,0.0156336779980671,2.4958293437281,2.49371420572119,-1.84942798758822,10,8.97484172184862,8.98572900719575,7.70891181521164,558,64.0621913605075,8.42913364484191,1,181.616538733741,24059.5306191444
300,"joint",-4531.93662864893,-4529.66150911199,-6.28651316962731,-1.6501893313253,-1.65078792671944,0.192013550998958,0.19189864696566,-0.360573185831102,-0.000598595394142965,1.74909542059756,0.070384630959407,0.863788442072988,0.0424050702976368,0.00201859902615081,0.0237863029722324,2.49371420572119,2.49362664987208,-1.86778744685534,10,8.98572900719575,8.97901193707126,7.70217982553589,539,63.8145207318345,8.21205772814412,0.999999999999997,175.360010705434,24139.8034279346
301,"joint",-4529.32152983544,-4529.75023947507,-6.27048903040219,-1.65078792671944,-1.65240829288924,0.19189864696566,0.191587952677325,-0.976180762860301,-0.00162036616979252,1.50586620317931,0.0563472169230364,1.01767839044905,0.0333037122826129,0.00158324890419796,0.0190025246488015,2.49362664987208,2.49398778671945,-1.86236902038525,10,8.97901193707126,8.97524488252943,7.70082007675572,544,63.8860277783244,8.17837918903198,1,175.670650293022,24219.8476791382
302,"joint",-4530.1948491592,-4529.76977207635,-6.23932677020213,-1.65240829288924,-1.64418102440251,0.191587952677325,0.193170700119166,4.9733333507419,0.00822726848673143,1.15459010869914,0.0522859785116479,0.535518420213974,0.0338194679658399,0.00170981301992986,0.0144093874695659,2.49398778671945,2.49368316543014,-1.86089729892659,10,8.97524488252943,8.98663326064723,7.71180631712316,536,63.8312983588342,8.31895101009716,0.999999999999999,177.376089318931,24299.8577749729
303,"joint",-4529.04654982631,-4529.72377942686,-6.37754701106381,-1.64418102440251,-1.63511768048747,0.193170700119166,0.194929430558959,5.50137772818986,0.00906334391503345,1.2203230027049,0.0596193387620421,0.471575684601491,0.0359889447397339,0.00185178893254394,0.0134390806836479,2.49368316543014,2.49138036389199,-1.86446721839224,10,8.98663326064723,8.99986260642101,7.72618531462912,564,64.0798034938113,8.2556883833213,0.999999999999998,173.237065217164,24379.9797770977
304,"joint",-4528.15162281601,-4529.6276709082,-6.53477488739098,-1.63511768048747,-1.63674210363833,0.194929430558959,0.194613039725047,-0.986142060678895,-0.0016244231508551,0.961886218631782,0.0398490863855451,0.589974493908731,0.0241391663918427,0.00118585783053983,0.0103116920197172,2.49138036389199,2.49170539681749,-1.85416146809804,10,8.99986260642101,8.9965770524126,7.72327229799136,524,63.7330777138239,8.01654350774213,1,167.584848113943,24460.1554391384
305,"joint",-4527.00640661194,-4529.38718776042,-6.50321706184445,-1.63674210363833,-1.64506805506411,0.194613039725047,0.192999427758384,-5.07206398242817,-0.00832595142578412,2.34639679276838,0.0974071188971058,1.60637817820452,0.0506339795166355,0.00266025015356672,0.021596369699544,2.49170539681749,2.49271228134951,-1.84408170837995,10,8.9965770524126,8.97875441474491,7.71094545427508,516,63.7957720123432,8.09917740037798,1,169.044960178304,24540.223555088
306,"joint",-4529.27480275946,-4529.38555486114,-6.35378919240748,-1.64506805506411,-1.64153529351108,0.192999427758384,0.193682454491446,2.15345774085099,0.0035327615530273,0.780730787129104,0.0318971240379688,0.594765781891919,0.0193761745377988,0.0009760463343075,0.00797067239996306,2.49271228134951,2.49209090620383,-1.84638821145151,10,8.97875441474491,8.98162684689984,7.71276072969742,543,63.9293867316234,8.09369825660737,0.999999999999996,174.151786945091,24620.8583669662
307,"joint",-4529.64665589448,-4529.26319921316,-6.40607428813364,-1.64153529351108,-1.64087298507603,0.193682454491446,0.1938107745038,0.403730760592891,0.000662308435051857,1.09296977642129,0.0435241747568533,0.676509773008398,0.0264573157861667,0.00124000260316619,0.0158754157620482,2.49209090620383,2.49236477249026,-1.84767923540715,10,8.98162684689984,8.97983120474452,7.71323684592464,548,64.0007042603046,8.26520981191049,0.999999999999998,172.293839030125,24700.9576361179
308,"joint",-4527.15968852085,-4529.15963991608,-6.41209124303014,-1.64087298507603,-1.6393895214995,0.1938107745038,0.194098499090221,0.904391003221186,0.00148346357652737,1.65935651378898,0.0715276139732329,0.972155547384179,0.0404713770894235,0.002068888153161,0.019028813458442,2.49236477249026,2.49359551638135,-1.85552809859733,10,8.97983120474452,8.97437877816047,7.71167540849821,535,63.645600711224,8.16010562517969,1,172.130397374745,24781.0556221008
309,"joint",-4528.2036750045,-4529.01128803498,-6.42412764229092,-1.6393895214995,-1.63857954517651,0.194098499090221,0.194255777966297,0.493816863135225,0.00080997632299411,1.07958355259518,0.0502376106000776,0.647136112979298,0.0270339168206833,0.00149123844425954,0.0117555695849405,2.49359551638135,2.49441919772161,-1.85239087662917,10,8.97437877816047,8.97173530504069,7.71186467777913,527,63.5427515828704,7.83294794214018,1,172.143281283902,24861.1230621338
310,"joint",-4527.80998753732,-4528.94669536536,-6.43489305759958,-1.63857954517651,-1.63454250842542,0.194255777966297,0.195041580771232,2.46326129871924,0.004037036751092,0.668712142367908,0.033791253004196,0.292394073099667,0.0219336282191392,0.0011560282393603,0.00922483337153858,2.49441919772161,2.49450702484274,-1.853279792512,10,8.97173530504069,8.97669562976659,7.71878445791383,533,63.8603374327341,8.009462028229,1,172.726059713764,24941.1939899921
311,"joint",-4527.74906316277,-4528.87898659808,-6.5085305550777,-1.63454250842542,-1.62828930560259,0.195041580771232,0.196265036606737,3.8229715071052,0.00625320282282585,1.496486594584,0.0670936436624391,0.704123746672415,0.0361118034723506,0.00185303547789795,0.0139985732063365,2.49450702484274,2.49553706448484,-1.85203952415024,10,8.97669562976659,8.98634164117645,7.72941053179513,541,64.0517707956696,8.03026420245544,0.999999999999999,170.931586421461,25021.3584859371
312,"joint",-4527.2197818809,-4528.70364097211,-6.6151167995212,-1.62828930560259,-1.62520225659781,0.196265036606737,0.196871852546032,1.88820484122997,0.00308704900478229,1.44517863594516,0.0614888849994456,0.881198515527338,0.0343690834184673,0.00177739207274365,0.016131706768904,2.49553706448484,2.49668987584062,-1.85356222871394,10,8.98634164117645,8.98968448213318,7.73747282413228,528,63.7770270750189,8.10717227053155,1,168.492805663643,25101.5121560097
313,"joint",-4529.7092781988,-4528.65218699361,-6.67415893304089,-1.62520225659781,-1.62015162742507,0.196871852546032,0.197868694488265,3.0931835473338,0.00505062917274127,1.18203124318964,0.0515357659169951,0.719338457571724,0.028521489022177,0.00148572010674564,0.0129518318931611,2.49668987584062,2.49777024401327,-1.85430745360931,10,8.98968448213318,8.9959494779631,7.74575241079293,522,63.7978670768877,7.89169755239799,1,167.71980858275,25182.0302009583
314,"joint",-4529.26260013434,-4528.6281504548,-6.76385432229286,-1.62015162742507,-1.6118884283167,0.197868694488265,0.199510496836075,5.07804099461667,0.00826319910836406,1.08729485630419,0.0518697537188915,0.460610535744724,0.0329382393968322,0.0016590888781654,0.0155356558540029,2.49777024401327,2.49668084759814,-1.85339489911559,10,8.9959494779631,9.00964536307504,7.75858574807256,524,64.1467014553687,8.09325693409308,0.999999999999999,165.744275878681,25262.8395199776
315,"joint",-4530.05004970855,-4528.68587240522,-6.9068301354112,-1.6118884283167,-1.5969088336045,0.199510496836075,0.202521579313,9.31056585087406,0.0149795947122087,1.75155171299885,0.080169071459394,0.943828415094666,0.0512673784531963,0.0024994148771959,0.0271008253121269,2.49668084759814,2.49379319303882,-1.86697981347116,10,9.00964536307504,9.03700256840248,7.7835240382459,506,63.8910312093564,7.7390803333144,0.999999999999999,161.55683653466,25342.9840941429
316,"joint",-4529.20786476521,-4528.80922731579,-7.1823271965191,-1.5969088336045,-1.59217656444957,0.202521579313,0.203482237189031,2.94464051740479,0.00473226915492749,1.05254996323563,0.0539904183425396,0.493605452059977,0.0305809865255632,0.00167281327874397,0.0142085748603098,2.49379319303882,2.49347918160523,-1.87146876653349,10,9.03700256840248,9.03882217951752,7.78732444899821,525,64.4382691731532,7.74863564601258,1,153.331328710917,25423.3307790756
317,"joint",-4527.82708801315,-4528.74574827758,-7.25583486582852,-1.59217656444957,-1.59238280950594,0.203482237189031,0.203440274311017,-0.128335650681065,-0.000206245056375386,1.28850410393245,0.0518715555680221,0.921172060714925,0.034090882117847,0.00162408849101852,0.0166776985953425,2.49347918160523,2.49259368582499,-1.87087318445942,10,9.03882217951752,9.03744443598766,7.78536447402141,515,64.4289315604087,8.24758202841225,1,150.783347595419,25503.3716700077
318,"joint",-4528.57470334459,-4528.78631145813,-7.24946775939642,-1.59238280950594,-1.58771042142641,0.203440274311017,0.204393050359978,2.91056467187834,0.00467238807953516,1.54716382222436,0.0626765290705055,1.02064106261636,0.0335541104768961,0.00175335337094969,0.0137541986440482,2.49259368582499,2.49380152661286,-1.87170682948538,10,9.03744443598766,9.0435179948153,7.79478575669376,489,63.9604579279579,7.61600713282208,1,150.786222631457,25583.5614039898
319,"joint",-4527.1589219509,-4528.72558738868,-7.33431831834844,-1.58771042142641,-1.5857442360665,0.204393050359978,0.204795320322324,1.22503012103018,0.00196618535990855,1.74555234688728,0.071000351578682,1.1085153636616,0.0392882642533747,0.00196700111564668,0.0193736219750895,2.49380152661286,2.4940321852396,-1.89108045146047,10,9.0435179948153,9.03785730108732,7.7918729980764,493,64.3235549880949,7.79280935319421,1,149.12342397225,25663.6778709888
320,"joint",-4531.93909696387,-4528.72571080443,-7.35705590192786,-1.5857442360665,-1.58588399994995,0.204795320322324,0.204766699333181,-0.0870798541028894,-0.000139763883446943,1.41176596585842,0.0640160473852508,0.91248574911005,0.0337321748901132,0.00178136146180578,0.0113927420798218,2.4940321852396,2.4939897080479,-1.89771030663846,10,9.03785730108732,9.0306505180655,7.78599784023266,492,64.3569710641791,7.74024015432892,0.999999999999999,147.972827035798,25744.3003649712
321,"joint",-4527.26963535331,-4528.62311608032,-7.34169143202476,-1.58588399994995,-1.57720689859782,0.204766699333181,0.206551211737711,5.42673402566525,0.00867710135213172,1.52243060699816,0.0711214787482589,0.906263869738286,0.0442432434191139,0.00231313362406134,0.0208385963128467,2.4939897080479,2.49146460297487,-1.90047067946504,10,9.0306505180655,9.04614070557722,7.79953054751233,485,64.2531955366202,7.5632405888854,1,148.148160054316,25824.3564031124
322,"joint",-4526.40591937318,-4528.43366959102,-7.50190182538849,-1.57720689859782,-1.56837549406298,0.206551211737711,0.208383427657291,5.54490226827897,0.00883140453483819,1.55786164041266,0.0658715129383189,1.11141446353111,0.0367650610693805,0.00188005439689652,0.0160908806678127,2.49146460297487,2.49037467032744,-1.9015717670025,10,9.04614070557722,9.06178399316215,7.81705666169343,488,64.4450443203663,7.61351099522612,1,143.831779758153,25904.4715809822
323,"joint",-4530.35736454752,-4528.49921032708,-7.67096463805367,-1.56837549406298,-1.57159934327288,0.208383427657291,0.207712712631641,-2.02518471232854,-0.00322384920990143,1.58649366618913,0.0707582510576758,0.80801584585405,0.0394804353140022,0.00191927300194666,0.0212501334228803,2.49037467032744,2.49042571650195,-1.91066870529939,10,9.06178399316215,9.04699624078394,7.80472962378315,479,64.2283654078399,7.55327772158634,1,139.699043249428,25984.3596730232
324,"joint",-4527.52045187547,-4528.46765178006,-7.59752951881446,-1.57159934327288,-1.57001615194432,0.207712712631641,0.208041822049957,0.994667109134361,0.00158319132855888,1.89409704179359,0.0721849594334801,1.43728841831086,0.035668728528508,0.00187070666156891,0.0173206205599373,2.49042571650195,2.49148490981774,-1.91413542005631,10,9.04699624078394,9.04619880774732,7.80726059551454,515,64.6772517053548,7.91158236741363,0.999999999999999,141.091549992427,26064.497658968
325,"joint",-4527.19868272022,-4528.47726558547,-7.62404109449034,-1.57001615194432,-1.56572062173775,0.208041822049957,0.208937394082101,2.7012337870014,0.00429553020656917,1.60655406732403,0.0701771084715105,1.01402462715035,0.0366026818471719,0.00186325688659285,0.0166327965029115,2.49148490981774,2.49149798497805,-1.9192976550547,10,9.04619880774732,9.04734195967324,7.81150083251083,489,64.242102366823,7.9102385399726,0.999999999999999,140.861926806928,26144.6153099537
326,"joint",-4529.236751314,-4528.4753630132,-7.6932861781351,-1.56572062173775,-1.55742429986622,0.208937394082101,0.210678016351951,5.23516962640065,0.00829632187152632,1.45655425181937,0.071550622286392,0.688743904283962,0.0387920467909064,0.00205449476741986,0.0169844237441126,2.49149798497805,2.49217753036088,-1.90912809355669,10,9.04734195967324,9.06690168806072,7.83012936958156,489,64.268126987421,7.80635771337501,1,138.671780932541,26224.728605032
327,"joint",-4526.13751017376,-4528.29990572716,-7.85284398097806,-1.55742429986622,-1.54798001437178,0.210678016351951,0.21267714499736,5.98631817526626,0.00944428549444754,1.53222940137846,0.068792955571091,0.918969008097229,0.0376056801590699,0.00204787116150168,0.0153647623362401,2.49217753036088,2.49165678894521,-1.92347515146013,10,9.06690168806072,9.08051453399757,7.8423826192675,463,64.4611356510413,7.57616840620485,0.999999999999999,135.509491275205,26305.1951949596
328,"joint",-4525.98126436214,-4528.24098451922,-8.03219380659661,-1.54798001437178,-1.5462082131968,0.21267714499736,0.213054300636492,1.12324334367703,0.00177180117497257,1.40190006076664,0.057640178630134,0.864080009345686,0.0313257682951923,0.00155817122994864,0.0157023899789197,2.49165678894521,2.49250376488673,-1.92906796713481,10,9.08051453399757,9.08392893199934,7.84503847107769,466,64.4909159880252,7.60950719409515,1,131.347209753763,26385.3517529964
329,"joint",-4530.66078898647,-4528.36384021832,-8.06506542500976,-1.5462082131968,-1.54689944353426,0.213054300636492,0.212907081927249,-0.438219838528316,-0.000691230337450861,1.58314115844341,0.0656207898175261,1.01041653134005,0.0359202926533737,0.00172838977971354,0.0170245343150864,2.49250376488673,2.49463962342587,-1.91672318624087,10,9.08392893199934,9.07979254104473,7.84472554114167,473,64.7030854441502,7.55054754956348,1,131.2389914975,26465.4398739338
330,"joint",-4527.75469009921,-4528.36107534642,-8.04490591312911,-1.54689944353426,-1.54632360494621,0.212907081927249,0.213029717346405,0.365070893507433,0.000575838588046254,1.46520650294911,0.0655470453315437,0.797397812877186,0.0361020572495649,0.00188373380620592,0.0168535113579296,2.49463962342587,2.49471321726644,-1.92119052419222,10,9.07979254104473,9.07744170480792,7.8449802809708,481,64.7140517098569,7.45471933253608,1,132.721713328557,26545.4761850834
331,"joint",-4524.66034640216,-4528.20663950839,-8.05421935441846,-1.54632360494621,-1.54467818575994,0.213029717346405,0.213380529067593,1.04330622795682,0.00164541918627283,1.28930920380976,0.0631827534103253,0.714592474389422,0.0357725582817876,0.00201215739748259,0.0136581404184373,2.49471321726644,2.49518552811676,-1.92449687428458,10,9.07744170480792,9.0736683657162,7.84373465957206,484,64.6634681288062,7.49421829859312,0.999999999999998,132.322548861798,26625.4297540188
332,"joint",-4528.07806993518,-4528.2495539111,-8.07428724903701,-1.54467818575994,-1.54089884394534,0.213380529067593,0.214188492847461,2.3980696778094,0.00377934181459766,1.24194052968374,0.055147494504875,0.689471555620662,0.031779864627748,0.00155147458193933,0.0143202442874621,2.49518552811676,2.49516874106144,-1.92504804986602,10,9.0736683657162,9.0794900360792,7.84922247491345,494,64.7422028143095,7.68429070799399,1,131.341219911855,26705.1785280704
333,"joint",-4526.76454489799,-4528.10231724606,-8.15005840561144,-1.54089884394534,-1.53634856113489,0.214188492847461,0.215165331826007,2.89024119048739,0.00455028281044861,0.938430705852589,0.0422024499663196,0.607210775880935,0.0210676816469372,0.00114695901432465,0.00843193886843251,2.49516874106144,2.4947407737286,-1.92822375630343,10,9.0794900360792,9.08595900136974,7.85532937326293,469,64.5392610011781,7.45364512968878,0.999999999999997,130.147886265279,26785.8903529644
334,"joint",-4529.99458887227,-4528.13891668296,-8.23498353800826,-1.53634856113489,-1.53652524034885,0.215165331826007,0.215127319942363,-0.112222989199321,-0.000176679213958236,1.14400784947467,0.0611602503256826,0.496549800772617,0.0331145292762609,0.00186837251021837,0.0138882838141058,2.4947407737286,2.49633784064022,-1.93187074173329,10,9.08595900136974,9.08029158026262,7.85447510826738,485,64.6600376462613,7.67813564796019,1,128.67683932363,26866.0478971004
335,"joint",-4524.68250469881,-4527.87053943247,-8.22756854416463,-1.53652524034885,-1.5430859550948,0.215127319942363,0.213720550713927,-4.17622811922079,-0.00656071474595495,2.62458412537845,0.106667713304635,1.68999023210908,0.0485994322741384,0.00253030357649622,0.0220161957741136,2.49633784064022,2.49663031271368,-1.94197060242775,10,9.08029158026262,9.06470184262771,7.84376606560744,484,64.6558987974912,7.4936155982167,1,129.286315230748,26946.5864620209
336,"joint",-4526.99717366326,-4527.76000487737,-8.09670836145717,-1.5430859550948,-1.54623812331048,0.213720550713927,0.21304792825344,-2.00751274766315,-0.00315216821568159,1.77510491416953,0.0730105914350814,1.22681267140984,0.0363498133246717,0.00183923480571222,0.0152396120788618,2.49663031271368,2.4982044245751,-1.94420839985622,10,9.06470184262771,9.056574674414,7.8403574210786,489,64.7187240999677,7.67243834702129,0.999999999999999,132.057865213711,27026.8847539425
337,"joint",-4527.38696803238,-4527.73799887833,-8.03172629181977,-1.54623812331048,-1.540515670543,0.21304792825344,0.214270579906791,3.65042466466509,0.00572245276748506,1.11962479745917,0.0513546321716477,0.693782925943839,0.0256433823380909,0.00140374840037592,0.0111492105476142,2.4982044245751,2.49836391831189,-1.94722943531674,10,9.056574674414,9.06330597412221,7.84818004957932,474,64.6976871469844,7.23204020750778,1,133.936594506768,27106.9899201393
338,"joint",-4527.20657179753,-4527.66959230098,-8.13715395738863,-1.540515670543,-1.53706360264749,0.214270579906791,0.215011534673906,2.20343085184339,0.0034520678955072,1.71974227226819,0.0725566908427842,1.04652333357476,0.0373999897374156,0.00194608352628637,0.016403527876803,2.49836391831189,2.49756370270043,-1.96330665470525,10,9.06330597412221,9.0614557331469,7.84857377994369,494,64.8641296761389,7.69071778327006,0.999999999999997,131.301345178316,27187.3295681477
339,"joint",-4530.1062852285,-4527.81696046486,-8.19552581822467,-1.53706360264749,-1.5345376913931,0.215011534673906,0.215555321218316,1.61278610904654,0.0025259112543976,1.22301282526194,0.0552146094829134,0.667623483634832,0.0320185822836053,0.00166629236474244,0.0153191591998054,2.49756370270043,2.49869209577355,-1.95748729255458,10,9.0614557331469,9.06391584241027,7.85393033599928,463,64.7032363125933,7.45002315582514,1,129.509465296923,27267.5812289715
340,"joint",-4525.75972990369,-4527.50799211185,-8.24141252809557,-1.5345376913931,-1.53227281826504,0.215555321218316,0.216044079952285,1.44648516131898,0.00226487312805678,1.42108310413795,0.0640861286969689,0.874940532482705,0.0302027845664246,0.00164581439705697,0.0108026220463479,2.49869209577355,2.49949264977738,-1.96418756720555,10,9.06391584241027,9.06439256574973,7.85500875642379,472,64.8547638048574,7.54274915280705,1,129.199498363951,27348.3571109772
341,"joint",-4530.29289277405,-4527.65915498289,-8.27666054271474,-1.53227281826504,-1.52777659517086,0.216044079952285,0.217017649386473,2.87446738570069,0.00449622309418131,1.23145555931359,0.0530900710226065,0.912407073710519,0.0303416254841841,0.00159733298041701,0.0144279049748619,2.49949264977738,2.49947757468038,-1.96489438043983,10,9.06439256574973,9.07149806027025,7.86462213091125,463,64.4866600683539,7.3439213085904,0.999999999999996,128.592371875792,27428.4224281311
342,"joint",-4528.82547341895,-4527.78013268518,-8.36808692693028,-1.52777659517086,-1.52492475438455,0.217017649386473,0.217637432511681,1.82394394441015,0.00285184078630234,1.67897306204833,0.0746727648214135,0.902918870691051,0.0354064592080295,0.00188039927336196,0.0139426688156233,2.49947757468038,2.49861259491128,-1.97679835234696,10,9.07149806027025,9.07176288765807,7.86836289025033,482,64.8046523827763,7.68639034717998,0.999999999999996,126.733402244225,27508.9863779545
343,"joint",-4529.72237050781,-4527.74838298319,-8.4200885259613,-1.52492475438455,-1.52130111093621,0.217637432511681,0.218427503571504,2.31908671621122,0.00362364344834063,1.4623595033438,0.070334423588433,0.658227249419287,0.0371978550488545,0.00190778819945037,0.0179153026063873,2.49861259491128,2.49866982416025,-1.97855390652606,10,9.07176288765807,9.07384008434295,7.87528373869801,471,64.9030570951366,7.56492372973623,1,125.065862939148,27589.3043069839
344,"joint",-4529.54775323227,-4527.84974805103,-8.48362880973106,-1.52130111093621,-1.52215299569105,0.218427503571504,0.218241507745927,-0.545215426393262,-0.000851884754833529,1.7389969497744,0.0738074823813571,0.968028797377758,0.0368657182976411,0.00179705043856016,0.0220316161712734,2.49866982416025,2.49772324366719,-1.99059440846285,10,9.07384008434295,9.06838483677443,7.86986515760826,471,64.6793499856871,7.46656280554728,1,123.88334340731,27669.3711659908
345,"joint",-4528.04517469286,-4527.89207264966,-8.4646831106318,-1.52215299569105,-1.51695856734041,0.218241507745927,0.219378097031223,3.3289843208848,0.00519442835063363,1.23870255075852,0.0484217657774738,0.943264683818258,0.0250186622716332,0.00130517579534223,0.010547885164856,2.49772324366719,2.49761613415933,-1.99509115394583,10,9.06838483677443,9.07668000614185,7.87856590464688,448,64.638481912513,7.39113415945986,0.999999999999995,123.892468630653,27750.6122970581
346,"joint",-4528.53610057397,-4527.85704011266,-8.56462814580318,-1.51695856734041,-1.51940015261421,0.219378097031223,0.218843120061828,-1.56521994668691,-0.00244158527379524,1.6162270798153,0.080211824286102,0.700735317891094,0.0415783617524843,0.00222115024771143,0.0183844836988394,2.49761613415933,2.50065535408585,-1.99139077412247,10,9.07668000614185,9.07007726489666,7.87422279138999,482,65.0986301017402,7.48179928140675,1,122.112191623983,27831.2964389324
347,"joint",-4529.77899139774,-4528.03911417386,-8.51146914070265,-1.51940015261421,-1.51912350367592,0.218843120061828,0.218903671153957,0.177351206257375,0.000276648938289556,0.99563622147293,0.0416035470550892,0.647083357189985,0.0220779083986133,0.00115183999368179,0.00997819473942041,2.50065535408585,2.50155399762716,-1.99199824156079,10,9.07007726489666,9.06657464420666,7.8727173606767,468,64.7913394648681,7.49192259901441,0.999999999999999,124.359784118875,27911.4253180027
348,"joint",-4529.13486870582,-4528.19679439105,-8.50727179604548,-1.51912350367592,-1.51506857534463,0.218903671153957,0.219793111942553,2.60163075853147,0.00405492833128605,1.51019876987982,0.0677183573909,0.804875333269111,0.0330607054294177,0.00175234731056478,0.0148810061236691,2.50155399762716,2.50109070766786,-2.00510229099643,10,9.06657464420666,9.06752981348766,7.87632115822132,464,64.8445341458819,7.45044536518907,1,124.41476810154,27991.4567141533
349,"joint",-4527.47526915034,-4528.03751839924,-8.58141432000453,-1.51506857534463,-1.50610403369457,0.219793111942553,0.221772314516376,5.77487616009794,0.00896454165006797,1.493187679475,0.0629007534993494,0.780617444778193,0.0349785587448358,0.00169116125052297,0.0180202200714729,2.50109070766786,2.49886935660144,-2.01451559746951,10,9.06752981348766,9.08192797826655,7.88945535521728,457,64.6243674460495,7.48343042877733,1,122.28055788614,28071.7095420361
350,"joint",-4527.19731124068,-4528.00964945631,-8.75585349335641,-1.50610403369457,-1.49812359677303,0.221772314516376,0.223549235355042,5.15737406102807,0.00798043692153606,1.35376381615048,0.0707444643340003,0.618696864893048,0.0386233157036084,0.00207816148227514,0.0175953865970109,2.49886935660144,2.49850935742606,-2.0206549203427,10,9.08192797826655,9.0951624602306,7.90272760318612,458,64.8833982942675,7.29469050914219,0.999999999999997,118.233134280705,28152.027572155
351,"joint",-4527.78733187751,-4528.16599873008,-8.91826431437397,-1.49812359677303,-1.49342717481834,0.223549235355042,0.224601586099235,3.03842519895621,0.00469642195469408,1.1354868961827,0.052126133152082,0.551529050897338,0.0277441533023832,0.00149403623313544,0.0111919969193157,2.49850935742606,2.49780172975916,-2.0313749800377,10,9.0951624602306,9.09631514022331,7.90539737100118,445,64.8765493919257,7.0882143783781,0.999999999999998,115.23641309374,28232.5548200607
352,"joint",-4527.3804338991,-4528.13111692828,-9.00173345191669,-1.49342717481834,-1.49187148263697,0.224601586099235,0.224951268959573,1.00660172075789,0.00155569218136356,1.31466464578497,0.0606292844455054,0.811289986694915,0.029697023486386,0.00162511571564929,0.0123956029452536,2.49780172975916,2.49914708252398,-2.02971954031212,10,9.09631514022331,9.09317646608113,7.9054785690735,457,64.9970682459435,7.49513214475908,1,113.250165205424,28313.3397250175
353,"joint",-4525.10813430372,-4528.04829639856,-9.02396917233345,-1.49187148263697,-1.48591934231278,0.224951268959573,0.226294203180204,3.85813869097208,0.00595214032419086,1.85150048650335,0.087941350626976,0.864187973564679,0.0461386287371304,0.00236490699903899,0.0194057699382826,2.49914708252398,2.49963741571508,-2.02394898040763,10,9.09317646608113,9.10124494851536,7.91383240743709,438,64.9674420183171,7.17364559597938,0.999999999999996,113.116181953635,28393.5043189526
354,"joint",-4526.09513118891,-4527.8533235144,-9.13288398046153,-1.48591934231278,-1.48879863409624,0.226294203180204,0.22564357326652,-1.86711233767765,-0.00287929178345431,1.27168563026289,0.057710911056225,0.823472026845062,0.029297853868361,0.00157669121351284,0.0133831304049637,2.49963741571508,2.5008232269797,-2.01572701625388,10,9.10124494851536,9.09087927518401,7.90504091990513,453,64.9098599410402,7.42344162465933,1,111.37908076289,28473.6147019863
355,"joint",-4529.93711847769,-4528.11605420334,-9.05844296880726,-1.48879863409624,-1.48549706907198,0.22564357326652,0.226389781345386,2.14210844183611,0.00330156502425683,0.975349809321015,0.0499112337484528,0.448475281971488,0.0291090941532561,0.00146449597810167,0.0169078898799564,2.5008232269797,2.50128285461014,-2.01964578181343,10,9.09087927518401,9.09131398199578,7.90916570060544,441,64.8028423920299,7.18771320911026,0.999999999999999,112.880963975853,28553.7571389675
356,"joint",-4526.24555688294,-4528.07847336432,-9.12278108662608,-1.48549706907198,-1.47298288842451,0.226389781345386,0.22924066499734,8.1837349409396,0.0125141806474666,1.48468414145092,0.0739724706870909,0.595611559901585,0.0397646356933366,0.00211821590920089,0.0155304395379839,2.50128285461014,2.49894789079385,-2.02642903059199,10,9.09131398199578,9.11535097516507,7.92836381604711,433,64.6485324986969,7.10505588090041,0.999999999999999,111.597702752536,28633.7894561291
357,"joint",-4525.94938741961,-4528.00659433368,-9.37868822902563,-1.47298288842451,-1.47285005541376,0.22924066499734,0.229271117747581,0.0868671422535045,0.000132833010756954,1.42095024751827,0.0683104448797705,0.791777828495241,0.0328851392986355,0.0018529586871992,0.011814373260418,2.49894789079385,2.50087606018036,-2.02213744531686,10,9.11535097516507,9.11033510493061,7.92588980216611,424,65.0252993454488,7.09000362010999,0.999999999999995,106.677172825749,28713.8274800777
358,"joint",-4527.71605667933,-4528.03206857778,-9.36252021180945,-1.47285005541376,-1.46807880912439,0.229271117747581,0.230367640527339,3.12374984725979,0.00477124628936579,1.50511795651205,0.0730449943168743,0.594358294397057,0.0372354633943783,0.00195233470974918,0.0128410104740007,2.50087606018036,2.50090206962997,-2.0330166119881,10,9.11033510493061,9.10852403349714,7.92688430209481,429,64.8921026049488,7.19813029379852,0.999999999999996,107.197017889585,28793.9112770557
359,"joint",-4528.40156681109,-4527.9468326569,-9.44627124360602,-1.46807880912439,-1.47387983823706,0.230367640527339,0.22903513981251,-3.80435847422882,-0.00580102911266895,1.19187500874751,0.0529647241158148,0.671463803122534,0.0261872460356574,0.00136257942124466,0.0116552757265674,2.50090206962997,2.50174246006225,-2.03071747981414,10,9.10852403349714,9.09570866987814,7.91367147233637,446,65.2159241850655,7.33834074132389,1,105.439769820643,28874.1203141212
360,"joint",-4529.54544039846,-4528.13611818164,-9.31538844610746,-1.47387983823706,-1.47247247093973,0.22903513981251,0.229357703307638,0.923053465228258,0.00140736729733044,1.39921603729554,0.068273256296875,0.690052045782751,0.0359953300731787,0.00181341044835845,0.0156021616358753,2.50174246006225,2.50311280009328,-2.02849586740842,10,9.09570866987814,9.10059718348197,7.91803976145817,434,64.6768532571622,7.14388000643771,0.999999999999998,107.805838374237,28954.46758008
361,"joint",-4527.97447006311,-4528.0201970461,-9.34811969887376,-1.47247247093973,-1.46513251316547,0.229357703307638,0.231047372629954,4.82709678158044,0.0073399577742555,1.13631006220381,0.0524081009282344,0.586993472326122,0.0344670336655173,0.00150300745433229,0.0236503660802525,2.50311280009328,2.5027864664549,-2.02636005101203,10,9.10059718348197,9.11264558765717,7.92963808352179,445,64.9847879298594,7.27827083489475,0.999999999999996,107.944962564893,29034.4949829578
362,"joint",-4524.64246785356,-4527.81104676783,-9.5050563416192,-1.46513251316547,-1.46102066753957,0.231047372629954,0.231999359628976,2.70642934439663,0.00411184562590273,1.0639214563222,0.0518044200663727,0.474310916749232,0.0248507182225913,0.00134621749566041,0.0100748492337637,2.5027864664549,2.50255212206104,-2.02514922205964,10,9.11264558765717,9.11983921774451,7.93651395747543,417,65.0867499809877,7.22024960365449,1,105.738790312011,29114.6055159569
363,"joint",-4529.01489536883,-4527.77567301088,-9.59258935312326,-1.46102066753957,-1.45633819675505,0.231999359628976,0.233088237181611,3.08540087487639,0.0046824707845145,0.69457527805196,0.034523610471759,0.280709830335576,0.0192997260817498,0.000978614924986564,0.00774214880287408,2.50255212206104,2.50212101675472,-2.03051220065504,10,9.11983921774451,9.1253119270581,7.94246904071702,444,65.2791298036715,7.23598600777927,1,104.533905719418,29194.6117620468
364,"joint",-4527.93137969915,-4527.69485433422,-9.68687924970388,-1.45633819675505,-1.45726457667989,0.233088237181611,0.232872408902898,-0.610441840376273,-0.000926379924833713,1.82124061120972,0.0830702740578501,0.820514211095562,0.0418327831818867,0.00207630850600611,0.0209405333097109,2.50212101675472,2.50299165996768,-2.04114696699261,10,9.1253119270581,9.11867924804941,7.93573940837443,443,65.3085112219066,7.15642699157993,0.999999999999999,102.8803660697,29274.6518521309
365,"joint",-4529.29022449354,-4527.75710682426,-9.66071132290148,-1.45726457667989,-1.45018260454935,0.232872408902898,0.234527458402618,4.67844145296763,0.00708197213054277,1.2722233220182,0.0634223981503626,0.535920933757512,0.0333585583807746,0.00176205757188338,0.0145143619166522,2.50299165996768,2.50131787007416,-2.04180722239898,10,9.11867924804941,9.12866647422894,7.9467457756351,435,65.2568539053189,7.00593256068404,0.999999999999998,103.322229926547,29354.7243790627
366,"joint",-4525.33519965787,-4527.59706177845,-9.80517098535411,-1.45018260454935,-1.44659646912274,0.234527458402618,0.235370015488648,2.37057178417295,0.00358613542660206,1.36526593431611,0.0629574657794618,0.812216767374694,0.0352748976301292,0.00175204139245247,0.0175308162780895,2.50131787007416,2.5018501908298,-2.04366240711444,10,9.12866647422894,9.13178891603433,7.94949969351016,410,65.1501024906103,7.02880630603295,1,100.802757434456,29434.6482920647
367,"joint",-4526.3628756579,-4527.42625599146,-9.87710264879941,-1.44659646912274,-1.43836131535902,0.235370015488648,0.237316326844684,5.46230312747851,0.0082351537637213,1.21947006548004,0.058636909592862,0.649555660645612,0.0299286324348627,0.00159763892060295,0.0138841641425703,2.5018501908298,2.50013698631057,-2.04071074319034,10,9.13178891603433,9.14422087724116,7.96083091736221,419,65.0043062809507,7.11478054167806,0.999999999999998,100.150159301688,29515.1974041462
368,"joint",-4530.33132141271,-4527.4860786268,-10.0483806523532,-1.43836131535902,-1.43618785536671,0.237316326844684,0.237832685325584,1.44197701644937,0.00217345999231664,0.866552468872052,0.0440177335834013,0.350388968969249,0.0222286484516709,0.00122218321321821,0.00998771856299099,2.50013698631057,2.50075801329707,-2.03407336229189,10,9.14422087724116,9.14892714930018,7.96442253691121,414,65.2041086201662,6.94199942230968,1,97.2950267728591,29595.2923910618
369,"joint",-4528.00428997543,-4527.51252966806,-10.0936230619371,-1.43618785536671,-1.43585317002696,0.237832685325584,0.23791229776049,0.222047459967887,0.000334685339748957,1.92806932489813,0.0887110237702033,1.02556796347375,0.0462624383937608,0.00228181063557183,0.0249563468637629,2.50075801329707,2.50271506446062,-2.02815014815333,10,9.14892714930018,9.14658107499552,7.96255497062859,408,65.2773376702359,6.79605241228652,0.999999999999995,96.8416232125299,29675.2464339733
370,"joint",-4527.77794969809,-4527.54156159093,-10.100627108011,-1.43585317002696,-1.43296407655538,0.23791229776049,0.238600642494103,1.91757358528772,0.00288909347157652,1.63180511021313,0.0588901428710479,1.27142677388054,0.0248302296986767,0.0012266286158757,0.0132227892904817,2.50271506446062,2.50266661463989,-2.03560184612778,10,9.14658107499552,9.1492167609665,7.96719457405848,392,65.0328192894361,6.72353982384842,0.999999999999997,97.7051490918347,29755.2825779915
371,"joint",-4528.03969395732,-4527.55417969492,-10.1591587910487,-1.43296407655538,-1.43150337629254,0.238600642494103,0.238949421183856,0.969611794314873,0.00146070026284192,1.25835439059612,0.0489712665316087,1.03295721871402,0.0257820444797743,0.00134500681388701,0.0106812579169952,2.50266661463989,2.50237702532749,-2.03669642236858,10,9.1492167609665,9.14603559693515,7.9660660206545,419,65.3051128868414,6.97958591320994,0.999999999999995,96.8096236543998,29835.2622849941
372,"joint",-4529.49319631912,-4527.65981781592,-10.1785693056506,-1.43150337629254,-1.42694831582499,0.238949421183856,0.240040332944313,3.02678760182106,0.00455506046755053,1.48769922079092,0.0696923001706128,0.660195098403536,0.0344920126240708,0.00179140010890802,0.0140595972499502,2.50237702532749,2.50378737670794,-2.03521122101286,10,9.14603559693515,9.15338274930501,7.97595112309321,419,65.4895650141016,6.98215937267769,0.999999999999996,96.4225302349591,29915.427531004
373,"joint",-4527.70190952859,-4527.78950657716,-10.2780768511243,-1.42694831582499,-1.41687018836319,0.240040332944313,0.242471721357497,6.7310754541032,0.0100781274617954,1.46182952755269,0.0717428399978669,0.598674031741442,0.0327652948410407,0.00181988306232232,0.0118729393216289,2.50378737670794,2.50467673930324,-2.04127546784925,10,9.15338274930501,9.16630428324116,7.99301590529738,424,65.4410029013521,6.97622862222636,0.999999999999996,95.502311863548,29995.9978780746
374,"joint",-4528.34961778255,-4527.90223090685,-10.4989952415174,-1.41687018836319,-1.41711975491396,0.242471721357497,0.2424112160767,-0.166683396472738,-0.000249566550768791,1.2833046989086,0.0570067554241055,0.663474143356028,0.0281129269483841,0.00144621657154308,0.0113319498078962,2.50467673930324,2.50579207275176,-2.02995489412044,10,9.16630428324116,9.16503811183578,7.98919756989284,370,65.3733367908613,6.65579525726591,1,92.843949665949,30076.6983449459
375,"joint",-4526.20832337084,-4527.7157911515,-10.4831772545065,-1.41711975491396,-1.4090941453272,0.2424112160767,0.244364541686222,5.37758361693751,0.00802560958676134,2.09515492520189,0.0861424427079138,1.42291254037154,0.0477964092603116,0.00215675171215488,0.0284149548759386,2.50579207275176,2.50383725800868,-2.02468283415995,10,9.16503811183578,9.1791036096101,8.0057143734349,390,65.3394747174619,6.64020112903268,0.999999999999997,93.5305739948299,30156.5360150337
376,"joint",-4523.10895361152,-4527.55896098793,-10.6601403690298,-1.4090941453272,-1.40564255901897,0.244364541686222,0.24520944428083,2.31412456121052,0.00345158630823408,1.98054993888398,0.0846319170589974,1.25121232562563,0.0364463147339872,0.00186030240647507,0.0145507575281493,2.50383725800868,2.50513502454228,-2.01295366447586,10,9.1791036096101,9.18518360106633,8.01199165062988,405,65.5378543717437,6.82376977983853,0.999999999999992,90.6824316172547,30238.4585881233
377,"joint",-4528.50229471729,-4527.68660635282,-10.7295327224679,-1.40564255901897,-1.40445636588223,0.24520944428083,0.245500482620413,0.795342073288155,0.00118619313673259,1.15949386411064,0.0531913341639773,0.648303009546067,0.0293125009690454,0.00151210432883063,0.012986872653883,2.50513502454228,2.50547724854684,-2.00830513854384,10,9.18518360106633,9.18593531455406,8.01179436368835,406,65.6112888680296,6.72649970416113,1,90.5050855923038,30319.0098221302
378,"joint",-4529.66989267405,-4527.78429815255,-10.7554559924159,-1.40445636588223,-1.39908490254893,0.245500482620413,0.246822727476814,3.60677123923833,0.00537146333330271,1.72373209599377,0.0708423849118874,0.885909694125916,0.0371745269893879,0.0016516023236182,0.0197559943080299,2.50547724854684,2.50384554618074,-2.01738943048819,10,9.18593531455406,9.1877193540566,8.0141330929888,408,65.8909168438461,6.85199161456705,1,90.5168744389314,30398.3732740879
379,"joint",-4525.8784152383,-4527.65814057391,-10.8592465917071,-1.39908490254893,-1.39304935905305,0.246822727476814,0.248316941445065,4.06008223460589,0.00603554349588194,1.33373360528859,0.0570239961467428,0.748015760598003,0.0282872067193817,0.00144722110691083,0.0126383039699099,2.50384554618074,2.50311038926292,-2.01540531084611,10,9.1877193540566,9.19466772120205,8.02275450436463,390,65.6592152610696,6.66890837960609,0.999999999999993,88.5034881072884,30477.5842950344
380,"joint",-4527.51753178399,-4527.55674514319,-10.9928146344034,-1.39304935905305,-1.39087600522373,0.248316941445065,0.248857208904153,1.46235049237286,0.00217335382931379,1.33156841038113,0.0594039086402725,0.763424603569285,0.0292188695444252,0.00152569214333658,0.011134588452759,2.50311038926292,2.50418312489293,-2.01560614145728,10,9.19466772120205,9.19418467326771,8.02447698925912,407,65.9004502140756,6.68789583143512,0.999999999999998,86.9884984636337,30557.409487009
381,"joint",-4526.87053002632,-4527.50154814135,-11.031973579875,-1.39087600522373,-1.39655788183004,0.248857208904153,0.247447242371743,-3.82926130363376,-0.00568187660630523,1.41731018484315,0.0615735754601851,0.717196877021428,0.0300026626881333,0.00152068587087579,0.0140266886152518,2.50418312489293,2.50596424653396,-2.01932777634241,10,9.19418467326771,9.17859805808803,8.01175895695849,386,65.5312790220728,6.67722058593455,0.999999999999999,86.6046608758793,30638.4982430935
382,"joint",-4526.36931195313,-4527.58789034633,-10.8938247935075,-1.39655788183004,-1.39561182017297,0.247447242371743,0.247681453491509,0.637620222804249,0.000946061657067518,1.36610728993494,0.0619172901302226,0.892209483743453,0.0312724783898872,0.00165184206014185,0.017664782640206,2.50596424653396,2.50532723043649,-2.02274556564558,10,9.17859805808803,9.17668404700266,8.00813153451386,383,65.5504366232305,6.38359566307397,1,88.5986642955441,30718.7521970272
383,"joint",-4524.72601001169,-4527.37344607847,-10.9037947149958,-1.39561182017297,-1.3865507781597,0.247681453491509,0.249935903958059,6.13212469193178,0.00906104201327637,1.13031867587748,0.0534347260247883,0.52700818137621,0.0258654673009258,0.00129005709869948,0.0101826467613219,2.50532723043649,2.50515816100602,-2.02908363031605,10,9.17668404700266,9.18931744593453,8.02078947154756,398,65.5283868132506,6.81108668652774,1,88.2279768080536,30798.9076590538
384,"joint",-4523.17390445059,-4527.13557231604,-11.1006423183652,-1.3865507781597,-1.37375334698678,0.249935903958059,0.253154995604925,8.73255624998619,0.0127974311729129,2.00300703397251,0.092826518600797,0.956366730316276,0.0385751191325833,0.00208484136553929,0.0167434455885409,2.50515816100602,2.50392988575471,-2.04086150185713,10,9.18931744593453,9.20660975884376,8.03908508919758,396,65.8676181537581,6.64554964431808,1,85.7324251615929,30879.4415929317
385,"joint",-4525.85579722499,-4526.96385095261,-11.3797870689902,-1.37375334698678,-1.37295909218757,0.253154995604925,0.253356145046508,0.541991076112779,0.000794254799211615,1.5114174039236,0.0649682673640317,0.815306043306465,0.0302921147121758,0.00153038533218333,0.017632295819006,2.50392988575471,2.50427935286324,-2.04474226077343,10,9.20660975884376,9.20424689707124,8.0394437382583,394,65.6734351622057,6.79652250254494,0.999999999999997,81.8751679233603,30959.7110049725
386,"joint",-4528.68771005914,-4527.13147647268,-11.38841742317,-1.37295909218757,-1.37505704781456,0.253356145046508,0.252825172269791,-1.43193789749921,-0.00209795562698916,1.8726625251542,0.0810674716922682,1.25158815541814,0.0359398296722742,0.00181117903193376,0.0164858150856156,2.50427935286324,2.50462342518777,-2.03245351983517,10,9.20424689707124,9.2020668383706,8.0370318588761,357,65.7222388222762,6.31197197331717,0.999999999999999,81.7647283152518,31040.079515934
387,"joint",-4525.17641614808,-4527.07215349719,-11.3384977987331,-1.37505704781456,-1.37254112239863,0.252825172269791,0.253462062394565,1.71776259826126,0.00251592541593412,1.41175130841323,0.0683636204551123,0.793501663227788,0.0343316839110926,0.00175842909553045,0.0187780706204295,2.50462342518777,2.50551053830184,-2.02587752209495,10,9.2020668383706,9.20641644941113,8.03865146161363,400,65.9151434201122,6.76262108904304,0.999999999999998,82.8709312186315,31120.4609820843
388,"joint",-4527.89192041114,-4526.95018344711,-11.3894342316066,-1.37254112239863,-1.37000912127422,0.253462062394565,0.254104641784111,1.7292927972462,0.00253200112440349,1.25946406774296,0.0649705749062483,0.468044380952203,0.0347237031748792,0.00189872935977045,0.015286394332532,2.50551053830184,2.50590945265309,-2.03273219138519,10,9.20641644941113,9.20572623686534,8.04014836850692,362,65.524447794823,6.17597198819771,0.999999999999994,82.55482439058,31200.5001909733
389,"joint",-4530.12456121117,-4527.0561970089,-11.4464230674184,-1.37000912127422,-1.36927549699115,0.254104641784111,0.254291127516631,0.501060334232694,0.000733624283070367,1.72894191323041,0.0734350244155126,0.926913798426429,0.0336657729888056,0.00158500299257707,0.0148044294240677,2.50590945265309,2.50765389894692,-2.03686676984193,10,9.20572623686534,9.20046331311691,8.03965650092334,370,65.7539110484906,6.4790679312658,0.999999999999999,82.0075252822039,31280.9005150795
390,"joint",-4525.69893343724,-4526.95224619585,-11.4543763007068,-1.36927549699115,-1.36994926262229,0.254291127516631,0.254119852600662,-0.460187732563348,-0.000673765631142091,1.38453138859777,0.0673956416958695,0.730263945438404,0.029410641099278,0.00165136081881478,0.0125140150141673,2.50765389894692,2.50739223883106,-2.0317505905209,10,9.20046331311691,9.19744595022219,8.03843023611428,365,65.5881016726409,6.43849692538375,0.999999999999998,82.1329933965459,31361.9353039265
391,"joint",-4527.12358214785,-4526.90644060538,-11.434492532739,-1.36994926262229,-1.36600116771826,0.254119852600662,0.255125125045433,2.69868694713109,0.00394809490402989,1.14432702018777,0.0529055621715625,0.58912660991724,0.0223827102745334,0.00120381791706795,0.0086773426741374,2.50739223883106,2.50711037840548,-2.03634765234733,10,9.19744595022219,9.19936653695588,8.0407864862593,390,66.0000940087204,6.67543291881873,1,82.455386348114,31442.3057610989
392,"joint",-4527.31870670092,-4526.79771612447,-11.5099527166985,-1.36600116771826,-1.35576244732778,0.255125125045433,0.257750698183136,7.03556546626299,0.010238720390482,1.66399088583058,0.0757704615770513,0.926656535109336,0.0371344120628399,0.00187149211546464,0.0173419911658386,2.50711037840548,2.50689445667996,-2.02636343208287,10,9.19936653695588,9.216024394345,8.05950113764919,380,65.6410159773362,6.66828729732178,1,81.2635545872292,31522.6893210411
393,"joint",-4530.89953062619,-4526.95759717935,-11.750188104147,-1.35576244732778,-1.35648092237115,0.257750698183136,0.257565577249429,-0.493714886605904,-0.000718475043369757,1.96835686695813,0.0769161176097825,1.23593498670276,0.0374829147557963,0.00173776900043612,0.0208315738884979,2.50689445667996,2.50793871803365,-2.02663707337534,10,9.216024394345,9.21106921087388,8.05706301045421,364,65.8673433626505,6.40016302190214,0.999999999999992,78.852747195938,31603.0660419464
394,"joint",-4528.84515682969,-4526.98237413171,-11.7226151304346,-1.35648092237115,-1.35133440179246,0.257565577249429,0.258894560680032,3.54123022729321,0.00514652057869228,1.3343452343105,0.05154113531,0.932983127587839,0.0236797836983362,0.00116383028142333,0.0137347476473541,2.50793871803365,2.50712976048116,-2.02831642139409,10,9.21106921087388,9.21770564222314,8.06323196392389,354,65.4381911088738,6.24272522741236,1,79.2381951628463,31683.1549699306
395,"joint",-4528.55845728574,-4527.09988082745,-11.83422348887,-1.35133440179246,-1.34868731478306,0.258894560680032,0.259580784955392,1.82205245459065,0.00264708700939683,1.50161102343071,0.0678238897502313,0.653419086279865,0.0332648992142032,0.00159499147293235,0.017230716709962,2.50712976048116,2.50593451417853,-2.03424954475984,10,9.21770564222314,9.21612620024689,8.06319773974604,377,66.0824496463175,6.28038230263095,0.999999999999999,77.8542532581099,31763.2438390255
396,"joint",-4528.82537603695,-4527.38570194872,-11.8840523939233,-1.34868731478306,-1.34426027152597,0.259580784955392,0.260732507801505,3.05022883711719,0.00442704325708869,0.923911011046333,0.04514902768137,0.454849598272349,0.0240470106744633,0.00125081747257286,0.0106677278333056,2.50593451417853,2.50559167365333,-2.02956854189798,10,9.21612620024689,9.22228315912538,8.07171407837678,378,65.9831161424704,6.65524735292486,1,76.8620228686509,31843.2893779278
397,"joint",-4529.92189541254,-4527.45668198348,-11.9881448132003,-1.34426027152597,-1.34054870681315,0.260732507801505,0.261702031488911,2.55902799041216,0.00371156471282491,1.59291679323412,0.0780066817455917,0.993217606618331,0.0355970339787505,0.00204673250009036,0.0135710264614091,2.50559167365333,2.50466282655372,-2.02903011271191,10,9.22228315912538,9.22363512334536,8.07588092122614,373,66.0310381762553,6.66008934232238,0.999999999999997,75.9011981383987,31923.5484600067
398,"joint",-4526.2532459584,-4527.2858496477,-12.0733928272114,-1.34054870681315,-1.33394382646642,0.261702031488911,0.263436262984583,4.56386005185103,0.00660488034672612,1.50546135700569,0.0688406164936495,0.684227932530307,0.0303656411269489,0.00157005454362426,0.0115224603671862,2.50466282655372,2.50453586680292,-2.03393984075397,10,9.22363512334536,9.2288535726508,8.08407476454951,363,65.9633675052964,6.4262036276826,0.999999999999996,75.1401466140694,32004.230476141
399,"joint",-4526.00686504182,-4527.29227213788,-12.2219179684993,-1.33394382646642,-1.3322671328332,0.263436262984583,0.263878335395921,1.15872968900668,0.00167669363322065,1.38725256156266,0.0622506753056858,0.698083004762381,0.0330450341656875,0.00154164839995725,0.0170807917662537,2.50453586680292,2.50471871649425,-2.04165362883371,10,9.2288535726508,9.22690362765303,8.08112003996553,363,66.0668364616105,6.41778635075152,0.999999999999997,73.5983471417367,32084.8027529716
400,"joint",-4523.77660192743,-4527.10522564505,-12.2448190234301,-1.3322671328332,-1.32502963556326,0.263878335395921,0.265795081985238,5.01484216444459,0.00723749726993868,2.04695780986219,0.0935866422983433,0.912755012923782,0.0381582326668327,0.00196828585309397,0.0163012431757258,2.50471871649425,2.50361940709705,-2.05764178036746,10,9.22690362765303,9.23190502534616,8.08934400800562,342,65.797418746702,6.3441226679232,0.999999999999999,73.1703056523744,32164.913531065
401,"joint",-4526.13943078888,-4527.06867068318,-12.4095375138982,-1.32502963556326,-1.32082794566612,0.265795081985238,0.266914219984882,2.91391277242493,0.00420168989714129,1.35174538318979,0.0543659089093007,1.04372234943542,0.0300894006993016,0.00143527906875544,0.0165855643817607,2.50361940709705,2.50407504583846,-2.05687806049073,10,9.23190502534616,9.23849626175868,8.09630848682156,352,66.0420576067908,6.32090776819029,1,71.1111389815785,32244.9391980171
402,"joint",-4528.57928162245,-4527.17916916664,-12.5069263126846,-1.32082794566612,-1.31952770866803,0.266914219984882,0.267261497451604,0.901803226253395,0.0013002369980951,1.43181234397921,0.0622235564326628,0.844683612503109,0.0283564538004869,0.00139933512537606,0.0136003372565245,2.50407504583846,2.50506516196149,-2.05312191633716,10,9.23849626175868,9.23922082931234,8.09837532303902,349,66.01218220633,6.31415580628927,0.999999999999999,70.3068015137297,32325.0309770107
403,"joint",-4528.99908626949,-4527.39282297953,-12.531873339408,-1.31952770866803,-1.31602083809603,0.267261497451604,0.268200394264622,2.43375141918273,0.00350687057199429,2.73346957354672,0.109493880890302,1.85560768370716,0.0450251325065707,0.00219493026520812,0.0239816597045757,2.50506516196149,2.50438836260306,-2.05896332226329,10,9.23922082931234,9.23820443073863,8.10243186905554,350,66.0471039301669,6.23996524277971,0.999999999999999,70.4534619188314,32405.1771299839
404,"joint",-4524.53984914025,-4527.46112021402,-12.6121746856157,-1.31602083809603,-1.31131341742995,0.268200394264622,0.26946590264644,3.27055319911276,0.00470742066608615,1.35879286419514,0.0652389509958738,0.648520221061559,0.0299559280038091,0.00156928004646849,0.0112888532590194,2.50438836260306,2.5043166508745,-2.05690339988109,10,9.23820443073863,9.24185061918043,8.10816865044227,340,65.96835919212,6.18365590671029,0.999999999999996,69.5168377892527,32485.295840025
405,"joint",-4528.47610039617,-4527.59213537258,-12.7137631122604,-1.31131341742995,-1.31197144917497,0.26946590264644,0.26928864385565,-0.457187614438788,-0.000658031745017694,1.55193146680591,0.068920707223659,0.66645817609157,0.0366970358137181,0.0016765023939684,0.0195883543624686,2.5043166508745,2.50481523560378,-2.05490743030977,10,9.24185061918043,9.23811253139798,8.10547530257689,340,65.9964870355182,6.11389577517955,0.999999999999999,68.5437851045238,32565.3792791367
406,"joint",-4524.88344508772,-4527.401922124,-12.6892929595284,-1.31197144917497,-1.30744504131369,0.26928864385565,0.270510316899545,3.14808645691379,0.00452640786127345,1.36447605570366,0.0601892610940401,0.870649773165881,0.027445040844935,0.0013836780266372,0.0134813203259042,2.50481523560378,2.5047162508059,-2.04800121416557,10,9.23811253139798,9.24747101191168,8.11201366118257,348,66.2468407980197,6.41359186036452,0.999999999999995,68.7893029832434,32645.7858660221
407,"joint",-4528.39730537475,-4527.56296658534,-12.8016851163639,-1.30744504131369,-1.30702883100587,0.270510316899545,0.270622929515452,0.289473998485292,0.00041621030782587,1.26070652319009,0.0628638054652654,0.467049198279002,0.0284139948230673,0.00150466413734997,0.00985244918558255,2.5047162508059,2.50640867069005,-2.03988983136218,10,9.24747101191168,9.24656060355166,8.11341493598744,353,66.2217918566829,6.24007074012453,1,68.0907547968259,32726.0079200268
408,"joint",-4530.10420647082,-4527.67358088832,-12.8073364017992,-1.30702883100587,-1.29883267870769,0.270622929515452,0.272850110952349,5.71966243061578,0.00819615229817959,1.81037929595997,0.0813557648137545,1.02177236281402,0.0368358898288616,0.00189789682969129,0.0174724539564858,2.50640867069005,2.50509687440789,-2.05736228531867,10,9.24656060355166,9.25226992551151,8.12151592932658,348,66.1890666655327,6.36595785876221,0.999999999999998,68.4765914183963,32806.0728271008
409,"joint",-4527.06685151968,-4527.52069540375,-12.9924212355758,-1.29883267870769,-1.2960501860645,0.272850110952349,0.273610371598082,1.94250698514967,0.00278249264318622,1.63695847106396,0.0780429659355869,0.787825682274541,0.0356251137331771,0.00189668208459056,0.0141168910850101,2.50509687440789,2.50522538856864,-2.05699918278687,10,9.25226992551151,9.253626460133,8.12002976229312,339,66.1547950272283,6.16715612566694,0.999999999999998,66.2078909893345,32886.093765974
410,"joint",-4526.7982885365,-4527.57566315871,-13.0490478120554,-1.2960501860645,-1.28436621474796,0.273610371598082,0.27682597626661,8.21303845767955,0.0116839713165428,2.02819088048825,0.0891897677936904,0.936730710542338,0.0384184989001888,0.00194261004141109,0.0165535214284015,2.50522538856864,2.50241984875709,-2.07113082622639,10,9.253626460133,9.26811744877683,8.13448955432815,338,66.2012611121747,6.13488107909588,1,65.8938409498544,32966.4530620575
411,"joint",-4527.30315812008,-4527.58464195732,-13.3278043601403,-1.28436621474796,-1.27365997384928,0.27682597626661,0.27980566402116,7.5692662190584,0.0107062408986736,1.4982535542548,0.0752109657063019,0.668062110363289,0.033222838976258,0.00181071029285224,0.0112376024553038,2.50241984875709,2.50191393775144,-2.08236842868169,10,9.26811744877683,9.28498247765643,8.14855868172367,335,66.3736845220042,6.10445942133581,0.999999999999995,62.8055142909405,33046.9084210396
412,"joint",-4527.61006284841,-4527.5992097647,-13.5900011968607,-1.27365997384928,-1.26825428114521,0.27980566402116,0.281322303006663,3.82739767617665,0.00540569270407848,1.78546922580143,0.0729772719307243,1.13714136895282,0.0334152557345453,0.00159014559035848,0.0196820992341331,2.50191393775144,2.50253887093452,-2.08648194216843,10,9.28498247765643,9.28926933374557,8.15694258646678,327,66.3545182904072,6.1532419346571,0.999999999999999,60.3969628686093,33126.9479119778
413,"joint",-4525.88685738039,-4527.34857610241,-13.7128447787948,-1.26825428114521,-1.26795455838009,0.281322303006663,0.281406634342588,0.212213943747089,0.000299722765117311,1.79254384191348,0.0706416736352017,1.15521910754371,0.0330311079724543,0.00151715898947024,0.0211741753758616,2.50253887093452,2.50132905819427,-2.09073452074335,10,9.28926933374557,9.28592189150365,8.15164411194162,335,66.4791534912237,6.04481738149859,0.999999999999999,59.2649932201872,33206.216547966
414,"joint",-4525.62242244961,-4527.1874393834,-13.7090229140329,-1.26795455838009,-1.26541371032387,0.281406634342588,0.282122554980085,1.79958810595273,0.00254084805621937,2.05567673102905,0.0911774443198382,0.993621716988256,0.0374983723747087,0.00187761580650557,0.0181458072247427,2.50132905819427,2.49935977979596,-2.10324293787179,10,9.28592189150365,9.28361736548695,8.1493867304894,327,66.4734419126326,5.8834625858008,0.999999999999992,59.0194533422581,33285.2252521515
415,"joint",-4524.68711318918,-4526.99387217858,-13.7580137473042,-1.26541371032387,-1.25950971944434,0.282122554980085,0.283793130650742,4.18888398121376,0.00590399087952998,1.53701333263509,0.072839387639134,0.637965621483518,0.0319626461051523,0.0016675071656807,0.0145495699719464,2.49935977979596,2.49904217957581,-2.11298793723988,10,9.28361736548695,9.29123075903019,8.15564991582811,309,66.3037520893574,5.82843524890485,0.999999999999998,58.1812019888959,33364.2687239647
416,"joint",-4529.21012302659,-4527.01310952806,-13.9010851857645,-1.25950971944434,-1.25827821583883,0.283793130650742,0.284142838203217,0.873818583833808,0.00123150360551241,1.20086667033368,0.0495579742650188,0.696850490510695,0.0242119012775736,0.00109355453805559,0.0151153655262399,2.49904217957581,2.49996361553986,-2.11138704844668,10,9.29123075903019,9.29051100352093,8.15505376457601,318,66.3630124053662,5.95925875871063,0.999999999999997,56.9020462550766,33443.3793981075
417,"joint",-4524.71810685548,-4526.7529201002,-13.9237748271949,-1.25827821583883,-1.24917971888416,0.284142838203217,0.28673990774998,6.48276572546969,0.00909849695466524,1.5524127391392,0.0705497726631086,0.825387833109591,0.0302297587844355,0.00152648560350951,0.0142679957417599,2.49996361553986,2.4995440094464,-2.12494436570145,10,9.29051100352093,9.30128134920095,8.16552849347988,313,66.1430250131992,5.96895230581892,0.999999999999999,56.862811938597,33522.4295101166
418,"joint",-4525.78730651103,-4526.72962312784,-14.1565258466211,-1.24917971888416,-1.24633382233249,0.28673990774998,0.287557102138473,2.02855003526439,0.00284589655167441,1.66824781659917,0.076065386710459,0.874876604500998,0.0327322085292258,0.00166796976049953,0.0155965646213724,2.4995440094464,2.49877623310341,-2.13053828413936,10,9.30128134920095,9.3021986746255,8.16671717053979,309,66.3736068348511,5.85697208285726,1,55.1786043913695,33601.4116940498
419,"joint",-4524.01085800212,-4526.62982277585,-14.2229338509511,-1.24633382233249,-1.23892573155467,0.287557102138473,0.289695261315088,5.29502350456152,0.00740809077781657,1.35331511207803,0.0583244986419838,0.925103376982185,0.0305367839798488,0.00142591342282874,0.0140011131142698,2.49877623310341,2.49805861495716,-2.13749620695713,10,9.3021986746255,9.31272611844945,8.17640054824183,304,66.2596560128039,5.72489373036773,1,54.6496741094279,33680.3221280575
420,"joint",-4523.9490199753,-4526.63844367825,-14.4124500161422,-1.23892573155467,-1.2388777704668,0.289695261315088,0.289709155748165,0.0342807781927459,4.79610878703491e-05,1.57823346846963,0.073140443266761,0.721080838624644,0.0311780232209503,0.00164546661008491,0.0115520040996865,2.49805861495716,2.49779956129972,-2.14479230255221,10,9.31272611844945,9.31019982998911,8.17436599969356,309,66.5494838463097,5.85832306900008,0.999999999999997,53.3481984540581,33759.431540966
421,"joint",-4525.90555114719,-4526.62674969616,-14.4074643940608,-1.2388777704668,-1.23350669749079,0.289709155748165,0.291269391083569,3.84459007766054,0.00537107297600648,1.6851441482041,0.0640903289796614,1.05903968344371,0.0310152091327926,0.00135162161635432,0.0193414948079442,2.49779956129972,2.49891316357159,-2.14614276284987,10,9.31019982998911,9.3149059418761,8.17958482503246,286,66.5418691926847,5.5977658402644,0.999999999999999,53.324548111768,33839.7069590092
422,"joint",-4528.16097206035,-4526.60583421806,-14.5467774129002,-1.23350669749079,-1.23258696027549,0.291269391083569,0.291537405614804,0.658371643037241,0.000919737215305884,1.38913368100139,0.0644515351056928,0.787728102421728,0.026157603269609,0.00143041603398519,0.00965544046553407,2.49891316357159,2.49983227757619,-2.13994125939099,10,9.3149059418761,9.31496754478299,8.18005709145424,298,66.3296273526683,5.73054439131455,0.999999999999998,52.6410889909354,33920.2986540794
423,"joint",-4522.36024866001,-4526.27389233758,-14.559818616572,-1.23258696027549,-1.2387094686229,0.291537405614804,0.289757918436582,-4.39088690663205,-0.00612250834741308,1.52954045124642,0.0657036109208213,0.687827620818488,0.0289785435447863,0.00132672165947058,0.0128367031873448,2.49983227757619,2.50064219043111,-2.14058006230083,10,9.31496754478299,9.30228640140058,8.16728912393195,305,66.4695139598066,5.64834142044063,0.999999999999995,52.7612813536606,33999.8526229858
424,"joint",-4524.06907048153,-4526.25035340465,-14.3944447799007,-1.2387094686229,-1.22661587974554,0.289757918436582,0.293283406509569,8.73730314714938,0.0120935888773626,1.78962988960639,0.0850349397249897,0.825752081384519,0.0379593878079993,0.00194006512422986,0.0169883617072999,2.50064219043111,2.49865448999798,-2.15002257857724,10,9.30228640140058,9.3180884025548,8.18280846953677,317,66.5104757562042,5.98662509492362,0.999999999999998,53.9624254012719,34079.1095759869
425,"joint",-4529.42610535438,-4526.29785365256,-14.7016434507082,-1.22661587974554,-1.22542421009,0.293283406509569,0.29363311177077,0.861011442213984,0.00119166965554097,1.61364128221915,0.0686348699533757,0.830237261626758,0.0279136661194784,0.00134694082734782,0.0143970118266285,2.49865448999798,2.49826955556937,-2.15326110034191,10,9.3180884025548,9.315969965293,8.1808806631787,284,66.394506012876,5.61090122873175,0.999999999999995,51.5361944770703,34158.499571085
426,"joint",-4527.01385637777,-4526.40437421706,-14.7194416313035,-1.22542421009,-1.2241146917159,0.29363311177077,0.294017881602473,0.946241255679817,0.00130951837409182,1.84814656142545,0.0898064499434828,0.764911452858401,0.0371677700933289,0.0019808866196723,0.015293989421789,2.49826955556937,2.49891925732989,-2.14950861415192,10,9.315969965293,9.31922803275209,8.18204132634754,311,66.5991755829881,5.90287863989879,0.999999999999992,51.3419523619423,34238.1078619957
427,"joint",-4527.42350646377,-4526.35568427151,-14.7632953039626,-1.2241146917159,-1.22328526648884,0.294017881602473,0.294261848612892,0.59935269449371,0.000829425227062175,1.32882910389144,0.0607558891050109,0.722558900182991,0.0270835632268736,0.00138104937958779,0.013459708585592,2.49891925732989,2.49877788232215,-2.14578653476051,10,9.31922803275209,9.31896332892165,8.18101450773353,294,66.4082184081665,5.53405955825156,0.999999999999994,51.523447813317,34317.3128590584
428,"joint",-4525.89156620687,-4526.14505225831,-14.7708706700404,-1.22328526648884,-1.21640345023852,0.294261848612892,0.296293888627849,4.98470123450392,0.00688181625032491,1.43925647460566,0.0646641173915532,0.781358971143471,0.0277684899644874,0.00145322914852605,0.0130111787890386,2.49877788232215,2.49810281016177,-2.14749980572906,10,9.31896332892165,9.32786683891746,8.18967804082422,294,66.5226483360084,5.77672089399627,0.999999999999999,51.4725739067757,34396.4611051083
429,"joint",-4528.39211249744,-4526.2113153072,-14.9427019053458,-1.21640345023852,-1.20433008484392,0.296293888627849,0.299892834989731,8.80953475668311,0.0120733653945998,2.17143294611086,0.0948592912889572,1.22577371431216,0.0412511042222271,0.0019750243998453,0.0199992027676371,2.49810281016177,2.49607125526953,-2.15976440788139,10,9.32786683891746,9.34553089249394,8.20875939429316,310,66.9617922315636,5.82532385455856,0.999999999999999,50.1890437317108,34475.4465601444
430,"joint",-4527.12268490568,-4526.22753512566,-15.2662188404654,-1.20433008484392,-1.19530429824981,0.299892834989731,0.302611855912056,6.61280811193746,0.00902578659410661,1.3612503847436,0.0650493127003779,0.589543629716606,0.0274369064353655,0.00141096624291484,0.0100979383003871,2.49607125526953,2.49444264005373,-2.16853976173542,10,9.34553089249394,9.35793380930419,8.21917776019762,307,66.9905839245752,5.74973808802691,0.999999999999999,47.8985094230484,34554.5871860981
431,"joint",-4524.77943740513,-4526.10134908991,-15.507846252101,-1.19530429824981,-1.1910536382022,0.302611855912056,0.303900893727814,3.11709423424064,0.00425066004761036,1.53120809278252,0.0601253177319368,1.07651433759132,0.0236088203076352,0.00124556964645454,0.00981500290032862,2.49444264005373,2.49501045876352,-2.17375415709254,10,9.35793380930419,9.36048127599732,8.22232905119763,264,66.5628789211111,5.38114668780996,0.999999999999996,46.3181017978645,34633.59841609
432,"joint",-4524.87513127794,-4525.96460251139,-15.6141732972925,-1.1910536382022,-1.18703896738377,0.303900893727814,0.305123408132011,2.94641401211439,0.00401467081842753,1.79915720530279,0.0663912760780267,1.1446377591519,0.0261493401214273,0.0012161549105095,0.0122274816777737,2.49501045876352,2.49592828803871,-2.17531078752258,10,9.36048127599732,9.36178385131883,8.22432946619402,278,66.867019791595,5.69278347956683,0.999999999999999,45.7156471900726,34712.7503790855
433,"joint",-4522.43450585016,-4525.79198493488,-15.7094104016702,-1.18703896738377,-1.18119469096326,0.305123408132011,0.306911854669019,4.29652681927102,0.00584427642051295,2.03416775294016,0.0868087570581884,1.02653775931697,0.0355420972213993,0.00176978926990465,0.0140883205624311,2.49592828803871,2.49454123349016,-2.18939910808501,10,9.36178385131883,9.3654523204501,8.22614300360241,263,66.7336916201667,5.34455884657468,1,45.299353968728,34791.701941967
434,"joint",-4524.49929994274,-4525.73582880953,-15.8566320950863,-1.18119469096326,-1.17167535574519,0.306911854669019,0.309847401555758,7.0302392960184,0.00951933521806712,1.65347194110552,0.0651859774344483,1.203806282351,0.0287732354701694,0.00136715780688143,0.0155766472365808,2.49454123349016,2.49437875413301,-2.19351505720263,10,9.3654523204501,9.37865567160836,8.23999151296815,265,66.7795700787578,5.40012689541539,1,44.3886923385062,34871.3644421101
435,"joint",-4525.98640464155,-4525.80079338215,-16.1252166315315,-1.17167535574519,-1.17051679918394,0.309847401555758,0.310206585322997,0.855677036263068,0.0011585565612563,2.01580997127365,0.0708538929563684,1.49513785324847,0.0278167772240419,0.00130975033628526,0.0181280347319019,2.49437875413301,2.49552795374667,-2.19726250232342,10,9.37865567160836,9.37731201581057,8.24047665214926,265,66.8702656177462,5.40651096128847,1,43.1543188320874,34951.2448959351
436,"joint",-4526.95475495405,-4525.68802497853,-16.1499264419952,-1.17051679918394,-1.16524487188091,0.310206585322997,0.311846290294722,3.89911829280773,0.00527192730302244,1.77356449421162,0.0771812294253612,0.830586154690813,0.0314412577240925,0.00157187081946072,0.01647722215087,2.49552795374667,2.49696458759272,-2.19181708992452,10,9.37731201581057,9.38155959154229,8.24691596153126,285,66.9773953923776,5.694351713461,0.999999999999997,43.1869540979934,35030.4926490784
437,"joint",-4527.70910723915,-4525.83757499771,-16.2814023173217,-1.16524487188091,-1.16580475045008,0.311846290294722,0.311671743107088,-0.41409277123968,-0.000559878569161269,1.42907075278771,0.0639441435991308,0.715604654164432,0.0264680472070206,0.00133298362440854,0.0140674210292653,2.49696458759272,2.49732787216173,-2.18680371782493,10,9.38155959154229,9.37855529887378,8.24277084346667,287,67.3097938967505,5.75078638581027,0.999999999999998,42.7080692004442,35109.5416491032
438,"joint",-4525.12651986135,-4525.80453566522,-16.2590534593947,-1.16580475045008,-1.15868264152191,0.311671743107088,0.313899426697429,5.28100631640553,0.00712210892816223,1.85061260414248,0.0797711454256119,0.98035854410444,0.0327430726413736,0.00158465255312344,0.0123461711101113,2.49732787216173,2.49719578561045,-2.18567745732084,10,9.37855529887378,9.38680051360101,8.25363100445612,267,66.9708778290887,5.4414450781943,0.999999999999998,43.0261033803675,35188.7379870415
439,"joint",-4526.35841244953,-4525.9219133876,-16.4598252316858,-1.15868264152191,-1.15450398803919,0.313899426697429,0.315213847972936,3.10115825430573,0.00417865348272452,1.83613933504659,0.0766414838047577,1.1559110916348,0.0307075769434581,0.00150432097662153,0.0151725328830673,2.49719578561045,2.49568274879208,-2.19296329765675,10,9.38680051360101,9.38863199563315,8.2547728467475,266,67.1161383932977,5.44185246714619,0.999999999999994,42.1623003141996,35268.0123860836
440,"joint",-4526.38209792498,-4526.04356728508,-16.5624669353544,-1.15450398803919,-1.15198514373923,0.315213847972936,0.316008823366476,1.86993585009829,0.00251884429995965,2.81283635966353,0.110400520262597,1.65605675166906,0.0401216010559818,0.0020206572316843,0.0194859688745956,2.49568274879208,2.49709895546038,-2.20551618910757,10,9.38863199563315,9.38372420272605,8.25373961229336,255,66.9973139766876,5.23568310737093,0.999999999999997,41.4083375507552,35347.1314539909
441,"joint",-4527.36734068884,-4526.11665676216,-16.6154064007247,-1.15198514373923,-1.14144001511795,0.316008823366476,0.319358809026095,7.87236938832841,0.0105451286212819,1.535526232315,0.0643909699589383,0.815840119351043,0.0257712134649191,0.00120126620792192,0.0134175943231587,2.49709895546038,2.49618499419248,-2.21443244695662,10,9.38372420272605,9.39421589180595,8.26374226408807,266,67.0946958752504,5.46021102758947,0.999999999999995,41.1958821836219,35426.3125360012
442,"joint",-4524.62386198109,-4525.9398012582,-16.8998075599807,-1.14144001511795,-1.13287122466658,0.319358809026095,0.322107085626778,6.42056685817874,0.00856879045136735,1.46056877075024,0.0654576722337271,0.820336584190011,0.0247330449111113,0.00132237674416068,0.0113934027237013,2.49618499419248,2.49525287015272,-2.21829291669953,10,9.39421589180595,9.4052637934631,8.27608444090274,249,67.124921082655,5.17005688184725,1,39.7371853122518,35505.4509420395
443,"joint",-4523.1575600612,-4525.97966682826,-17.1416154881511,-1.13287122466658,-1.12526096406139,0.322107085626778,0.324567755785745,5.71892849763291,0.00761026060518541,1.83854130677347,0.0752414929463118,0.898519631401162,0.0315657911875707,0.00143209228610302,0.0170495052457279,2.49525287015272,2.49402065838303,-2.2201856415891,10,9.4052637934631,9.41425158513997,8.28571984574747,264,67.3686805959416,5.52608900519319,0.999999999999998,38.6122279278599,35584.7176301479
444,"joint",-4524.1993394852,-4525.98618027844,-17.3593993715748,-1.12526096406139,-1.11841048948303,0.324567755785745,0.326798832186619,5.16008963501922,0.00685047457836157,1.99132282576489,0.085995630754504,1.12003914451197,0.0327098062294928,0.00163523043450333,0.011282402742379,2.49402065838303,2.49252643426697,-2.23146804433148,10,9.41425158513997,9.41853080030152,8.2915640524202,238,67.0557094101868,5.10660927780389,0.999999999999997,37.6590520296286,35663.7775530815
445,"joint",-4524.36606723036,-4525.73317837224,-17.5436774939262,-1.11841048948303,-1.11460241584363,0.326798832186619,0.328045678739847,2.87049667239406,0.00380807363939882,1.35638916771337,0.0592690498474832,0.674897676650826,0.0261916139206199,0.00129068354502385,0.0114256061247897,2.49252643426697,2.49061114002011,-2.22996610603139,10,9.41853080030152,9.42305499478882,8.2945561883331,250,67.324230764632,5.25604155100279,0.999999999999995,36.6138322379395,35742.8156659603
446,"joint",-4526.63383092445,-4525.71417709957,-17.6455017790086,-1.11460241584363,-1.10596289272559,0.328045678739847,0.330892115186703,6.53684785028501,0.0086395231180466,1.73412146393362,0.0755092143878732,0.837559846893371,0.0293227970639979,0.00146439836759631,0.0137104037086445,2.49061114002011,2.48918279082306,-2.23339303768366,10,9.42305499478882,9.43328812564937,8.30556540402004,233,67.310999006491,4.99552392111043,0.999999999999998,36.0109636787841,35822.1247279644
447,"joint",-4523.93700672478,-4525.53985211263,-17.8905308467921,-1.10596289272559,-1.10088550220434,0.330892115186703,0.332576456085655,3.84662366868714,0.00507739052124461,1.96845166164989,0.0723389936732517,1.52084216738538,0.02744749926983,0.00128008092717092,0.0130127470252715,2.48918279082306,2.48900934906101,-2.22901584546103,10,9.43328812564937,9.44113751408475,8.31323700161697,258,67.5915018085485,5.30780109156519,0.999999999999996,34.9172006990874,35901.4539680481
448,"joint",-4523.19161789798,-4525.40485469718,-18.0322265103904,-1.10088550220434,-1.0904839874542,0.332576456085655,0.336053808513856,7.92314987322526,0.010401514750143,1.86417170609424,0.070701313275953,1.36757037863768,0.0330346263914803,0.00140081097096323,0.0218411228152469,2.48900934906101,2.48874032353262,-2.22923971069924,10,9.44113751408475,9.45500227543108,8.32553290463105,247,67.6864831153202,5.23093869175884,0.999999999999999,34.3881740081978,35980.8141291142
449,"joint",-4526.09041164823,-4525.28976965472,-18.3382748475452,-1.0904839874542,-1.08716825204912,0.336053808513856,0.33716992337298,2.52708595275843,0.00331573540508444,2.44250597479352,0.105452969241152,1.43484843988059,0.0438803929340939,0.00215518619007844,0.0223366313338939,2.48874032353262,2.48878443334559,-2.22054378414571,10,9.45500227543108,9.46069965487243,8.32509723450525,240,67.7697829152514,5.21965786744918,0.999999999999997,33.3055548956508,36060.1175820827
450,"joint",-4527.76988484607,-4525.32212965174,-18.4323681498336,-1.08716825204912,-1.0867705479337,0.33716992337298,0.337304043907475,0.303112374466931,0.000397704115414313,1.76037215961852,0.0728196240583722,1.20508110911182,0.0331751536689203,0.00161241499699066,0.0182864316190772,2.48878443334559,2.48952044976934,-2.2220475682063,10,9.46069965487243,9.46115812160824,8.32393755889132,239,67.638138576739,5.11177629743373,0.999999999999998,33.1021470552702,36140.6221959591
451,"joint",-4527.81128475169,-4525.47372201907,-18.4465861085105,-1.0867705479337,-1.08256726921871,0.337304043907475,0.338724810663256,3.20638564485138,0.00420327871499271,1.3516900013212,0.0615825138327003,0.642378859262011,0.0291736581057743,0.00139091375690867,0.0116031010068137,2.48952044976934,2.4902387623841,-2.23183781903264,10,9.46115812160824,9.46428437993408,8.32756785947632,232,67.585026272107,5.04180235646664,0.999999999999998,33.2447714765394,36224.411921978
452,"joint",-4527.54476102762,-4525.60720350655,-18.5679492027849,-1.08256726921871,-1.07370057192324,0.338724810663256,0.341741535454518,6.79052527973203,0.00886669729546728,1.50414262453774,0.0599702057103513,0.845540140493805,0.027600822963086,0.00124732922021046,0.0128843983711959,2.4902387623841,2.489471476587,-2.23372101184568,10,9.46428437993408,9.47799812441353,8.34136666016675,237,67.647894736982,5.17739334991058,0.999999999999996,32.7930379100804,36306.9531159401
453,"joint",-4526.67188243923,-4525.819072336,-18.8387179811419,-1.07370057192324,-1.06000857863283,0.341741535454518,0.346452838225619,10.5856536954198,0.0136919932904157,1.82298584721148,0.0777903819508903,1.01656112820577,0.0336726971274006,0.0016100372992132,0.0185024566060234,2.489471476587,2.48722673435493,-2.24300157994919,10,9.47799812441353,9.49775949743189,8.35997487440148,235,67.861512195421,5.04210383659382,0.999999999999999,31.770934435772,36388.5288491249
454,"joint",-4524.82820067313,-4525.83551737252,-19.2588974920847,-1.06000857863283,-1.05118174021854,0.346452838225619,0.349524457848598,6.85101103732977,0.00882683841429054,1.55036182238346,0.0670680166576688,0.798370738424242,0.028281973772994,0.0013219878591703,0.0114129322981196,2.48722673435493,2.4867254886423,-2.24468496590801,10,9.49775949743189,9.50873417939877,8.37296198566047,228,67.977684558124,5.07011164459427,0.999999999999998,30.2255270199047,36472.0355679989
455,"joint",-4525.03192992022,-4525.78779363646,-19.5300728827779,-1.05118174021854,-1.04827403590119,0.349524457848598,0.350542250626833,2.25778925671806,0.00290770431734851,1.91376163418601,0.0891639763872443,0.855052116114758,0.0335011093952242,0.00177322987072797,0.0132875434244273,2.4867254886423,2.48735321585866,-2.25694069306695,10,9.50873417939877,9.51037769357236,8.3728820906243,212,67.993035669031,4.90720441553087,1,29.3653466961905,36555.5937480927
456,"joint",-4523.64641518117,-4525.62237664781,-19.6129936125786,-1.04827403590119,-1.04397003261501,0.350542250626833,0.352054237088766,3.34509442411155,0.00430400328617592,2.16913979525811,0.0886218947781998,1.49923396078858,0.0359572934049537,0.0016759177465517,0.0218715010988212,2.48735321585866,2.48656729867338,-2.25978281768611,10,9.51037769357236,9.51416884952238,8.37332034665139,238,68.2511142065751,5.15169904224625,1,29.0427399940896,36637.4164199829
457,"joint",-4528.40027500959,-4525.65693503634,-19.7435456782806,-1.04397003261501,-1.03315292657135,0.352054237088766,0.355883116466984,8.45673441390417,0.01081710604366,2.33942083186514,0.101830409284829,1.16607908343884,0.0374098014579025,0.00180459585826845,0.0207635752216279,2.48656729867338,2.48520777194242,-2.2705450298076,10,9.51416884952238,9.52632069746611,8.38775685822973,223,68.1376554458685,5.01349672146645,1,28.7605888987664,36754.3772859573
458,"joint",-4524.50968779749,-4525.62609343314,-20.0710615733677,-1.03315292657135,-1.02333729601442,0.355883116466984,0.359393533955567,7.7110246597351,0.00981563055692662,2.00122199169337,0.0827581487724831,1.23942786491058,0.0346683540351945,0.0015761442022433,0.0181580474437946,2.48520777194242,2.48374454913411,-2.27559040225355,10,9.52632069746611,9.53859441091581,8.39667658855349,196,68.0295528039513,4.66524952793897,0.999999999999993,27.5327730564098,36836.1021699905
459,"joint",-4527.77373628768,-4525.69685962505,-20.3865431915494,-1.02333729601442,-1.01733742708523,0.359393533955567,0.361556329811026,4.72192144086881,0.00599986892919133,2.13002458979347,0.0899485317302407,1.19899528507463,0.0315784244486641,0.00155737584398071,0.0135419970278762,2.48374454913411,2.4840147311903,-2.26949702539178,10,9.53859441091581,9.54655912557806,8.40576716912443,192,68.1592422014869,4.68940717181505,0.999999999999997,26.7041315435089,36952.1223671436
460,"joint",-4526.10530250407,-4525.683019854,-20.5719825743862,-1.01733742708523,-1.01753609089242,0.361556329811026,0.361484508788388,-0.156349539120073,-0.000198663807188898,2.80861560981808,0.0938329887619116,2.33864923553454,0.0371347033390089,0.00152527537166404,0.0255379118328046,2.4840147311903,2.48401709625738,-2.25812665566656,10,9.54655912557806,9.54760336551052,8.40374659463625,197,68.0582211535154,4.54227496479195,0.999999999999999,26.2520045946535,37043.0862910748
461,"joint",-4522.6064257003,-4525.44497410458,-20.5590230819647,-1.01753609089242,-1.01065018704116,0.361484508788388,0.363982246079724,5.43213897881591,0.00688590385125668,1.94208530008699,0.079214814790031,0.957056579956006,0.0351689879986586,0.00147982058688206,0.0164719716337973,2.48401709625738,2.48202770942344,-2.26124964897554,10,9.54760336551052,9.55539375209688,8.41056954495443,207,68.2689286475358,4.8033886103741,0.999999999999995,26.3283949138274,37138.9289319515
462,"joint",-4524.0797582385,-4525.41776891745,-20.7615943918664,-1.01065018704116,-0.999397846925555,0.363982246079724,0.368101027615753,8.9334608096764,0.0112523401156102,1.94929770325017,0.0694032027614131,1.24750513100881,0.0280633203952211,0.00120568873662166,0.0178684487843682,2.48202770942344,2.48072746557258,-2.26395070134088,10,9.55539375209688,9.57112340626426,8.42320310197942,197,68.1301182920978,4.63987643020645,0.999999999999995,25.5200297665438,37255.1479289532
463,"joint",-4527.17806439808,-4525.61879413429,-21.1181793795207,-0.999397846925555,-0.995388425329892,0.368101027615753,0.369579862480404,3.18572267063,0.0040094215956624,1.40769005236079,0.0601049134377979,0.878483132261965,0.0259542078371477,0.00121523739549915,0.0158417885866587,2.48072746557258,2.48029823718433,-2.25994200430848,10,9.57112340626426,9.57454572237304,8.42745697732716,187,68.3313785602937,4.51481447787751,0.999999999999993,24.5161411356906,37369.0866420269
464,"joint",-4522.181828496,-4525.51791858483,-21.2519214580161,-0.995388425329892,-0.992098351503097,0.369579862480404,0.370797809982813,2.6155743175965,0.00329007382679521,1.62058241408586,0.0708476001442167,0.838317702565949,0.0293192659672506,0.00136140109246813,0.0149476402543046,2.48029823718433,2.4803294897102,-2.25231285632649,10,9.57454572237304,9.57974534009891,8.43012857119596,199,68.6063137499667,4.60318015317694,1,24.322323520763,37450.3826680183
465,"joint",-4527.26271021374,-4525.662750734,-21.3558246040422,-0.992098351503097,-0.989460942686977,0.370797809982813,0.371777046151287,2.09744206256774,0.00263740881611975,1.65132256850554,0.0715086845630444,0.866176938032549,0.0265954895224961,0.00126913698202375,0.0152634192531372,2.4803294897102,2.48065856337218,-2.26213653023812,10,9.57974534009891,9.57815092862981,8.43007949627017,185,68.338801303899,4.49911782147011,0.999999999999992,24.1564049961218,37595.3786871433
466,"joint",-4525.6060140203,-4525.61135988879,-21.4280896467449,-0.989460942686977,-0.98628663031296,0.371777046151287,0.37295905767364,2.52569610896182,0.00317431237401738,1.50483454214976,0.0601847129442642,0.916906727226446,0.0256810516206517,0.00121794344475442,0.0129734078232665,2.48065856337218,2.48059168319366,-2.2602599593043,10,9.57815092862981,9.58043542267553,8.43202597111412,190,68.4115694843388,4.69477073171566,0.999999999999993,23.9819591440712,37712.0395829678
467,"joint",-4524.93074913114,-4525.66104700911,-21.5190678251854,-0.98628663031296,-0.982399085150961,0.37295905767364,0.374411774776018,3.09553203958735,0.00388754516199874,1.75269186200215,0.068771395427759,1.0710198708281,0.0267836421376003,0.00119534107413373,0.0150840062729385,2.48059168319366,2.48038349996074,-2.25521939390356,10,9.58043542267553,9.58562829189841,8.43698419613571,174,68.1947791293957,4.33205363798344,0.999999999999998,23.7897459291273,37837.5484950542
468,"joint",-4523.48988521603,-4525.67596037501,-21.6418830258134,-0.982399085150961,-0.974108967897561,0.374411774776018,0.377528593837169,6.62396529236131,0.00829011725339988,1.48120280406983,0.0625329410679676,0.787081477652811,0.0244863709035516,0.00126515914835931,0.0110368007965548,2.48038349996074,2.47952469200024,-2.25722649169388,10,9.58562829189841,9.59684444145945,8.44736142416068,176,68.3364965371061,4.41327492457644,1,23.4927790405822,37926.25167799
469,"joint",-4524.2710888304,-4525.58499423412,-21.9189172724046,-0.974108967897561,-0.969680711278585,0.377528593837169,0.379204094366866,3.54173764424968,0.00442825661897588,2.08264358116963,0.0814432810307637,1.1306513508504,0.0319043085073564,0.00136135965243172,0.0193311505606857,2.47952469200024,2.47959473464394,-2.25934413911431,10,9.59684444145945,9.59928218470629,8.45230580261829,185,68.5656523997457,4.59195552445705,0.999999999999996,22.9066971981949,38067.2429230213
470,"joint",-4525.25519942838,-4525.45925996324,-22.055581025815,-0.969680711278585,-0.9686569125953,0.379204094366866,0.379592521821206,0.818881265731775,0.00102379868328529,2.4958524885098,0.111402664187996,1.43767593430709,0.0388696503720478,0.00193338599391159,0.0156627526179458,2.47959473464394,2.47961319459008,-2.26754580181022,10,9.59928218470629,9.59364774234163,8.44830934066736,171,68.4586450526179,4.41303672682551,0.999999999999995,22.6536764225483,38193.8857769966
471,"joint",-4525.31900217485,-4525.3346458344,-22.0692134136437,-0.9686569125953,-0.959402514479056,0.379592521821206,0.383121727288432,7.43399543702149,0.00925439811624428,2.13042836652092,0.0952608002877421,1.19833238201579,0.0334901467867071,0.00166962516110303,0.0164818936122016,2.47961319459008,2.47745538065027,-2.27004824753941,10,9.59364774234163,9.60479150639012,8.45805766786157,194,68.6769483018127,4.61703346542981,1,22.6359769553239,38319.7357540131
472,"joint",-4524.51365701605,-4525.18309063382,-22.3702254255003,-0.959402514479056,-0.955221519066023,0.383121727288432,0.384726910766926,3.36150470892067,0.00418099541303277,1.71275899066593,0.0616596383868522,1.3982483565017,0.0231977065150934,0.00109298946030503,0.0116027299282286,2.47745538065027,2.47797781257421,-2.27176052737535,10,9.60479150639012,9.60829028030788,8.46153153724599,172,68.5737767883736,4.26277056835833,0.999999999999997,21.8008188715476,38436.8767199516
473,"joint",-4524.60740071952,-4525.07986654783,-22.5028148799802,-0.955221519066023,-0.947501786098236,0.384726910766926,0.387708393100708,6.22521357030703,0.00771973296778687,2.02909690145033,0.0810264713335959,1.12688026605681,0.0318784369668143,0.00141462055696534,0.0167557051786697,2.47797781257421,2.47633217096486,-2.27321811179725,10,9.60829028030788,9.6176640335006,8.47231070367412,176,68.7418615803079,4.36917062228116,0.999999999999993,21.5606210555887,38547.4276821613
474,"joint",-4525.74933703635,-4525.12592336599,-22.7640479822037,-0.947501786098236,-0.942607345097369,0.387708393100708,0.38961066042639,3.95162648514635,0.00489444100086761,1.90005788589576,0.0800198393066089,0.818249421123428,0.0283071128716766,0.00127824058054963,0.0118110596266264,2.47633217096486,2.47648842665764,-2.27834564642078,10,9.6176640335006,9.62119663397867,8.47694019595175,172,68.6813427034061,4.29567733438623,1,20.9801308774795,38647.9675130844
475,"joint",-4527.12026114887,-4525.23033992743,-22.925961980546,-0.942607345097369,-0.935980395581157,0.38961066042639,0.392201164694041,5.36218984625182,0.00662694951621152,1.87178799770922,0.0727152060969035,1.03080343963674,0.0283946690080791,0.00124097779783796,0.0148408905865058,2.47648842665764,2.47520509086291,-2.27817830589322,10,9.62119663397867,9.62968557509689,8.4857259785036,171,68.8876362488562,4.37627228129149,0.999999999999993,20.696082271529,38749.6167480946
476,"joint",-4525.44046129682,-4525.32004223321,-23.1448719885396,-0.935980395581157,-0.924864681156463,0.392201164694041,0.396585080878693,9.05035615221647,0.0111157144246944,3.1073189988189,0.125301726414838,1.60361923781836,0.0485371231967045,0.00213401673578357,0.0240144778389441,2.47520509086291,2.47222634821028,-2.300938068401,10,9.62968557509689,9.63945337499739,8.4931392426826,165,68.8069490591894,4.32554456781231,1,20.1867276655485,38853.1110579967
477,"joint",-4524.32240936798,-4525.11614895113,-23.512617050455,-0.924864681156463,-0.919276744212431,0.396585080878693,0.398807376545011,4.55678869284426,0.00558793694403216,2.12170432515828,0.0892581799727207,1.11551191121214,0.0313652341797291,0.00146026750447487,0.0149236485637279,2.47222634821028,2.47088938662345,-2.30545821327877,10,9.63945337499739,9.64601286768453,8.49626212354551,177,68.9544354275605,4.44277491796855,0.999999999999999,19.2231201098784,38957.9957771301
478,"joint",-4524.99933366945,-4525.14063124473,-23.7000584863315,-0.919276744212431,-0.910322340137538,0.398807376545011,0.402394495229422,7.33148947314343,0.00895440407489281,1.49565195735745,0.0591567085695847,0.829226467672739,0.0206073364288764,0.000928387232496085,0.0109437099074978,2.47088938662345,2.47031479417463,-2.30785942861365,10,9.64601286768453,9.65736787516952,8.50844277970843,154,68.8533789365215,4.24177522038127,0.999999999999994,18.8056794235066,39070.0425269604
479,"joint",-4527.34841667768,-4525.11936526423,-24.0156903716978,-0.910322340137538,-0.905019789318574,0.402394495229422,0.40453387957399,4.34762202495254,0.00530255081896429,2.26801168231988,0.0870475962403915,1.41157582888238,0.0307882768207833,0.00133608573521412,0.0183141753981348,2.47031479417463,2.4701351318579,-2.29791817601774,10,9.65736787516952,9.66528451705828,8.51677975666641,145,68.8756064641179,4.13788218822551,0.999999999999992,18.2292771050219,39180.4651911259
480,"joint",-4524.66922375982,-4525.04756132701,-24.1993230080182,-0.905019789318574,-0.901322729701785,0.40453387957399,0.406032233489006,3.03333516541288,0.00369705961678844,1.52841001121137,0.0624773461208286,0.800359794631469,0.0207542856267301,0.000995134504342675,0.0111446876517171,2.4701351318579,2.47054129039359,-2.29215036348521,10,9.66528451705828,9.66982054289896,8.52024371470665,166,68.937241790831,4.34084641223577,1,17.9487067955422,39293.7060389519
481,"joint",-4526.36461457649,-4525.23547077082,-24.3328247697924,-0.901322729701785,-0.902938321402233,0.406032233489006,0.405376780796999,-1.32572133451903,-0.00161559170044804,2.41966528396579,0.0809025531397956,1.94128955487368,0.0301712861437996,0.00132416624740648,0.0157665713351458,2.47054129039359,2.47142325025798,-2.29737124229833,10,9.66982054289896,9.65932766813437,8.51083256355851,161,69.1695702142819,4.19670655723916,0.999999999999993,17.7904015603824,39403.6901659966
482,"joint",-4524.77175509635,-4525.27007061372,-24.2375134270196,-0.902938321402233,-0.894676570750649,0.405376780796999,0.408739775663562,6.80267884479324,0.00826175065158463,2.41041415569075,0.0972240137341051,1.41358484037216,0.0346938061436812,0.00155844506278175,0.017951446577443,2.47142325025798,2.47079071266364,-2.29147100534708,10,9.65932766813437,9.67026370226394,8.5232826680369,157,68.836891624636,4.11417121620544,1,17.8996882731185,39514.0851180553
483,"joint",-4525.73252063616,-4525.19779342562,-24.5240541127472,-0.894676570750649,-0.892259135059377,0.408739775663562,0.409729073085354,1.99108478008901,0.00241743569127118,1.97878357656928,0.0680396048017936,1.38273797150539,0.0284403178673649,0.00112668751136959,0.0172950976460688,2.47079071266364,2.4699213543248,-2.28761007164762,10,9.67026370226394,9.67182199561708,8.52284749353844,166,69.1324054311868,4.23137015732734,0.999999999999997,17.3907667990946,39623.5146329403
484,"joint",-4524.8466018256,-4525.3310320921,-24.6075716679936,-0.892259135059377,-0.882473563083409,0.409729073085354,0.4137581878656,8.09860848333933,0.00978557197596857,3.02206913146324,0.1121030639292,2.17805702271185,0.0384329416210784,0.00168905513007453,0.0218673282547695,2.4699213543248,2.46931127809506,-2.30162227554956,10,9.67182199561708,9.67947308710609,8.53446122426897,159,68.96406742291,4.1420953623049,0.999999999999992,17.3707549614577,39733.1566879749
485,"joint",-4525.61655300109,-4525.24872423147,-24.9610393895927,-0.882473563083409,-0.876006889790677,0.4137581878656,0.416442496808864,5.36308988741258,0.00646667329273172,1.18719791017441,0.0465501940091839,0.74694900627419,0.0171716819390846,0.000782337715552063,0.00814414475609276,2.46931127809506,2.4687273203861,-2.30014124882733,10,9.67947308710609,9.68848761835005,8.54257039453316,144,69.0273107681772,4.03603219476298,1,16.8609330105464,39841.9135811329
486,"joint",-4524.67155223505,-4525.2020011422,-25.1997975603905,-0.876006889790677,-0.874412084296786,0.416442496808864,0.417107171463182,1.32280892118366,0.00159480549389139,0.913060178908112,0.0364935997195789,0.628655373945898,0.0154918354945847,0.000683916174795564,0.00818604501472869,2.4687273203861,2.46845221349287,-2.29791912098435,10,9.68848761835005,9.6881661285047,8.5420689460899,149,69.2012971751938,4.00132589767109,0.999999999999996,16.5264442293452,39950.0961010456
487,"joint",-4523.42006713436,-4525.12646704237,-25.2466859321798,-0.874412084296786,-0.864715798267398,0.417107171463182,0.421171233214002,8.08064527062626,0.0096962860293877,1.7691271467287,0.0748497260484969,0.957749113974859,0.026647735303178,0.00123967530633336,0.0123754746183729,2.46845221349287,2.46769925684454,-2.3034178920492,10,9.6881661285047,9.70023693726918,8.55157180611756,145,69.2477193105739,4.04508690427628,0.999999999999993,16.4714845040902,40060.6886210442
488,"joint",-4524.62878309564,-4525.18341193635,-25.5908024922597,-0.864715798267398,-0.861317367680812,0.421171233214002,0.422604989295497,2.8338050071084,0.00339843058658594,1.56324689171313,0.0596784304831158,1.04540487557641,0.0213680043807731,0.000931539490342145,0.0115514470567554,2.46769925684454,2.468073426971,-2.30426834552925,10,9.70023693726918,9.70272334048139,8.55432826561383,147,69.339286710037,4.04403051329765,0.999999999999989,15.8956312649091,40171.0892641544
489,"joint",-4524.04898629273,-4525.17230680946,-25.7072973378885,-0.861317367680812,-0.856642842621042,0.422604989295497,0.424585091320983,3.90215093124563,0.00467452505977014,2.57412690904293,0.0940568376995894,1.54796804160943,0.0336587869963113,0.00137866463195909,0.0199693801593023,2.468073426971,2.46684288827654,-2.30933413179634,10,9.70272334048139,9.70658627285796,8.55350499268668,152,69.3439844893263,3.99278999962899,0.999999999999996,15.7415417394725,40277.0821530819
490,"joint",-4527.59904453782,-4525.28949906493,-25.8598483375001,-0.856642842621042,-0.848929886320508,0.424585091320983,0.427872559327212,6.45777786353717,0.00771295630053377,1.61305668681165,0.0694541382781611,0.964078384840036,0.023702597668213,0.00116344067769998,0.00951008728642985,2.46684288827654,2.46578516837603,-2.31244780522362,10,9.70658627285796,9.71499050832765,8.56301430527219,146,69.319518085634,4.04130407170494,0.999999999999991,15.4371161491659,40383.4839191437
491,"joint",-4526.56948967653,-4525.35202344002,-26.1554296478388,-0.848929886320508,-0.842946809650066,0.427872559327212,0.430440227272328,5.01840284156328,0.00598307667044168,1.48229226598403,0.0592590485584973,0.900454579714922,0.0202809273272634,0.000940382599508233,0.0114589413494233,2.46578516837603,2.46624772072563,-2.31476204977457,10,9.71499050832765,9.71885887810095,8.56906595265674,137,69.349855655451,3.84020939511689,0.999999999999992,15.0878279043084,40491.4083430767
492,"joint",-4526.27294796981,-4525.43998798771,-26.3756206028172,-0.842946809650066,-0.842998344300136,0.430440227272328,0.430418045257416,-0.0432255314342615,-5.15346500697771e-05,2.50295715789869,0.0958483630416847,1.24528247091887,0.0360658817351257,0.00153310517876692,0.0190888790140571,2.46624772072563,2.46644572110185,-2.31981973003263,10,9.71885887810095,9.71319745044421,8.5607011087735,138,69.4196481541876,3.83467252666171,1.00000000000001,14.8616948927527,40596.2644400597
493,"joint",-4524.6817082486,-4525.44370336416,-26.3518691969505,-0.842998344300136,-0.836405369629258,0.430418045257416,0.433265155678118,5.54202340194032,0.00659297467087809,1.98366882964879,0.0685000575618891,1.15269442772885,0.0259136672637611,0.00105249153557519,0.0134977663620077,2.46644572110185,2.46584080464163,-2.32521833281148,10,9.71319745044421,9.72053429522503,8.56558068679368,144,69.4308600629657,3.95160639970355,0.999999999999998,14.9549430919353,40701.7545590401
494,"joint",-4524.86428900077,-4525.39945096238,-26.6006298296257,-0.836405369629258,-0.833054475646408,0.433265155678118,0.434719416457343,2.8183283951798,0.00335089398284975,2.8129830450224,0.0850577040186395,2.39811338061433,0.0297027038483156,0.00116417694287146,0.0228343298956203,2.46584080464163,2.46704127861435,-2.3221870655043,10,9.72053429522503,9.72213003823362,8.57073087686842,132,69.4726088168199,3.85938875908851,0.999999999999994,14.6866988302405,40806.497303009
495,"joint",-4525.65704789385,-4525.32629029963,-26.7198777434673,-0.833054475646408,-0.831143180445671,0.434719416457343,0.43555108812354,1.60782218695055,0.00191129520073772,2.59908770197652,0.112505010740271,1.54933608536579,0.0385529701597471,0.00190226032170191,0.0208924091870706,2.46704127861435,2.46730232771608,-2.30129465631723,10,9.72213003823362,9.72749194603577,8.57531444630188,127,69.3814388499695,3.84709659788333,0.999999999999988,14.6255844616258,40911.4999160767
496,"joint",-4524.06493976979,-4525.25751422328,-26.792458125297,-0.831143180445671,-0.82709823566987,0.43555108812354,0.437316436182755,3.40548069676282,0.00404494477580064,1.56765573250963,0.0518871000545461,0.940123815381542,0.0176965811837969,0.00073903942037766,0.0100141587062356,2.46730232771608,2.4676130349619,-2.2998485637162,10,9.72749194603577,9.7293528049677,8.57841178177391,131,69.678199244577,3.77514929746369,0.999999999999997,14.6081221025071,41033.4641420841
497,"joint",-4521.58448940232,-4525.120618225,-26.934606061642,-0.82709823566987,-0.820312711033445,0.437316436182755,0.44029394820042,5.72600054742354,0.00678552463642532,2.34529634060389,0.0829766367959796,1.57979826465397,0.0288439366112707,0.00122973722433914,0.0145053789759614,2.4676130349619,2.46802973717963,-2.2966070294833,10,9.7293528049677,9.73837170355964,8.58842479917931,144,69.638814657048,4.03333679279373,0.999999999999988,14.4625112108462,41153.2214159966
498,"joint",-4523.67708029067,-4525.05450555606,-27.1950850325459,-0.820312711033445,-0.813975564279053,0.44029394820042,0.443093015247157,5.35840486854065,0.00633714675439164,2.47385717985453,0.0981448433190856,1.33272352077358,0.0344935611685131,0.00150455997855606,0.0151154426786909,2.46802973717963,2.46636187586729,-2.3111298623556,10,9.73837170355964,9.74286180205094,8.59359198034532,137,69.7237885330897,3.88625559502623,0.999999999999997,14.1475718438334,41260.0487580299
499,"joint",-4526.50721559967,-4525.01244550216,-27.4379086599936,-0.813975564279053,-0.806359390893981,0.443093015247157,0.446480572212697,6.45865127892372,0.00761617338507193,2.55682831255999,0.103384428830557,1.63003433836828,0.032797942883088,0.00160919999163177,0.0151688021452095,2.46636187586729,2.46367527005458,-2.31930203874962,10,9.74286180205094,9.75323036991781,8.59987181111817,132,69.6958926142603,3.85206376030019,0.999999999999993,13.8206319743995,41366.0317790508
500,"joint",-4524.54318738763,-4525.00614368355,-27.7377845146291,-0.806359390893981,-0.802131650199788,0.446480572212697,0.448372172076363,3.58840809736835,0.00422774069419321,2.17102532645921,0.0734497154800895,1.63053990454251,0.0224929043601967,0.000980479720597837,0.0126612859777891,2.46367527005458,2.46414751712056,-2.31438401872123,10,9.75323036991781,9.75594655822354,8.6051155506934,120,69.7010950865496,3.6985365709309,1,13.4462942293068,41478.8234920502
501,"joint",-4525.67878913481,-4524.97185241146,-27.8939543288424,-0.802131650199788,-0.791346072232217,0.448372172076363,0.453234298384331,9.20826398651979,0.0107855779675706,2.52360853013492,0.0861102888522006,1.4456276095449,0.0318935219915854,0.00123979481331385,0.0204256519440093,2.46414751712056,2.46278528213886,-2.3152401384146,10,9.75594655822354,9.77048794845717,8.61662810049265,119,69.8210645356357,3.72300812618764,0.999999999999998,13.3080078543349,41584.8217451572
502,"joint",-4522.06467151325,-4524.83649823231,-28.3207915627184,-0.791346072232217,-0.786532017602203,0.453234298384331,0.45542145337479,4.11480423817657,0.00481405463001438,2.99293643949759,0.128645224339706,1.56433382060077,0.0400669346922553,0.0020076287070264,0.015051363853344,2.46278528213886,2.46100478451023,-2.32047617309401,10,9.77048794845717,9.77457107844141,8.62348460091005,125,69.8403211465768,3.60986385065843,1,12.7921064816785,41691.6075670719
503,"joint",-4524.77203850388,-4524.78847412569,-28.5191827968037,-0.786532017602203,-0.785238480115452,0.45542145337479,0.456010939275861,1.10574127245221,0.00129353748675056,1.56129878739582,0.0620245499080591,0.80583232734669,0.0207400968805197,0.000938181498341776,0.0106201081272854,2.46100478451023,2.46112708350843,-2.3310962812213,10,9.77457107844141,9.77138326448701,8.62010064458413,119,69.9592632510992,3.74092491461098,1,12.5795323393486,41796.8888659477
504,"joint",-4524.20099681996,-4524.75619387541,-28.5461955197052,-0.785238480115452,-0.781174552854035,0.456010939275861,0.457867905295176,3.47679715245767,0.00406392726141771,1.87573229086512,0.0605368310703457,1.32573306426865,0.0188890673727912,0.00076970220186157,0.0120256504988845,2.46112708350843,2.46126172959554,-2.33469945288192,10,9.77138326448701,9.77527949338767,8.62583220472568,116,69.7905426693648,3.63139748123759,0.999999999999999,12.5416499864134,41902.2980360985
505,"joint",-4521.96236538576,-4524.57348449465,-28.7060751809507,-0.781174552854035,-0.779817943650367,0.457867905295176,0.458489474627575,1.16072183301586,0.00135660920366744,2.8276950252294,0.0959340344595978,1.73676272815766,0.0330195360125887,0.0013126713310839,0.0167975345337639,2.46126172959554,2.46229844703657,-2.33130104955283,10,9.77527949338767,9.77517515637546,8.6270729023597,125,69.9883012652115,3.69754563358388,0.999999999999984,12.3812565427679,42007.456510067
506,"joint",-4524.23380480013,-4524.5515971229,-28.7651025771983,-0.779817943650367,-0.770954768686908,0.458489474627575,0.462571208902305,7.61334081148417,0.0088631749634589,1.71757223275313,0.0705610625261099,1.02176589845973,0.0268970208719248,0.00122227794086332,0.0133293764408636,2.46229844703657,2.46012535747433,-2.3446304259937,10,9.77517515637546,9.78587786607535,8.63613433032629,124,70.0054876264718,3.74560325915027,0.999999999999996,12.478878791272,42112.8971209526
507,"joint",-4524.04416691059,-4524.58280211171,-29.1311356603514,-0.770954768686908,-0.763868426780263,0.462571208902305,0.46586078842151,6.10240785515982,0.00708634190664567,2.10535003982137,0.088084965335521,0.976239618584476,0.0298849920988663,0.00133721347906816,0.0142263786422532,2.46012535747433,2.46042420077545,-2.33603049778637,10,9.78587786607535,9.79620046954795,8.64561758141267,115,70.1369793258569,3.63455721899891,0.999999999999989,12.104311998224,42217.4374029636
508,"joint",-4522.88657856873,-4524.49569188536,-29.4158226245062,-0.763868426780263,-0.762767658165417,0.46586078842151,0.466373875699669,0.947985030157516,0.0011007686148452,1.23269321099401,0.0456077579500748,0.840653295770078,0.0146611096895061,0.000641106004148747,0.00671595948254489,2.46042420077545,2.46072860788078,-2.3308191829595,10,9.79620046954795,9.79712695569112,8.64513434925117,102,69.9695927936655,3.3963361992679,0.999999999999996,11.8538467409675,42327.1064341068
509,"joint",-4522.88462612081,-4524.43747387677,-29.4507571138221,-0.762767658165417,-0.759595663671582,0.466373875699669,0.467855559769977,2.73310589836348,0.0031719944938358,1.60741344013048,0.063117486475943,1.17496176650936,0.0215366837885751,0.00100477930436672,0.00999424302984219,2.46072860788078,2.46099014667695,-2.33305657802069,10,9.79712695569112,9.79720617392843,8.64493370982544,121,70.0945333199813,3.65135576863553,0.999999999999987,11.8309764412369,42432.3057219982
510,"joint",-4525.05253233514,-4524.31014826664,-29.5656006861046,-0.759595663671582,-0.759854049588946,0.467855559769977,0.467734688098413,-0.222635453366788,-0.000258385917364103,2.79659978449017,0.0945433973717225,2.17924365077697,0.0336695191459726,0.0013428496942101,0.0242921888432501,2.46099014667695,2.4623931329266,-2.32905995793344,10,9.79720617392843,9.79452994068059,8.64210009624137,112,70.2430687402883,3.58641312929558,0.999999999999998,11.7319866821439,42537.0953309536
511,"joint",-4525.36713312811,-4524.25003043922,-29.551343329703,-0.759854049588946,-0.75489338348169,0.467734688098413,0.470060728297269,4.27957360161881,0.00496066610725604,1.88471670814474,0.0775647145552555,0.971726351302047,0.0260300093672493,0.00116811318860967,0.0142328867808039,2.4623931329266,2.46138248284284,-2.33292380789794,10,9.79452994068059,9.79788124810624,8.64689526000184,123,70.2147403436758,3.71152607681661,0.999999999999998,11.8832620503832,42640.7162530422
512,"joint",-4527.65988517151,-4524.3193772993,-29.7448502238039,-0.75489338348169,-0.75199943377163,0.470060728297269,0.471423030672149,2.49766057743492,0.00289394971005963,1.83725841734182,0.0672716429497487,0.926893467902169,0.0226548362278405,0.000924288783371031,0.0126276571443909,2.46138248284284,2.46167494052759,-2.3331325117716,10,9.79788124810624,9.79911889678204,8.64599071701174,103,70.0832196278501,3.39445885686719,0.999999999999983,11.6823676864194,42751.1301209927
513,"joint",-4519.13074198224,-4524.04182898598,-29.8468952009515,-0.75199943377163,-0.740181755199768,0.471423030672149,0.477027205466247,10.271375657192,0.0118176785718623,2.63875683729618,0.096680899739488,1.5050008201622,0.0331530128977208,0.00128320652733106,0.0212874288708362,2.46167494052759,2.45979507863875,-2.34537796707306,10,9.79911889678204,9.81297596784895,8.65707724138411,110,70.0358281039859,3.48625000930307,0.999999999999995,11.6028562761701,42857.0684599876
514,"joint",-4524.96481739639,-4524.04685540576,-30.3327004281513,-0.740181755199768,-0.737701377362896,0.477027205466247,0.478211881789348,2.15649232958876,0.00248037783687245,1.89246426638618,0.0824741898606991,0.944469979063487,0.0264251020216341,0.00126775919700106,0.010322670905971,2.45979507863875,2.45909909790946,-2.33847273445021,10,9.81297596784895,9.81565398739238,8.6597785586776,108,70.2200266318281,3.46304367083151,0.999999999999993,11.093409051653,42961.8495950699
515,"joint",-4523.28435747014,-4523.92822088458,-30.427641181729,-0.737701377362896,-0.734466242879416,0.478211881789348,0.479761466744888,2.81416658433713,0.0032351344834793,1.5427639329631,0.0556219274473327,1.02355368889601,0.0182608277385376,0.000796551867741969,0.0111176712987517,2.45909909790946,2.45906102989347,-2.33789521066536,10,9.81565398739238,9.81930137553844,8.66211748770641,109,70.377592726127,3.50044943775825,0.999999999999994,11.0171101483218,43067.0892779827
516,"joint",-4523.16380525669,-4523.88316415892,-30.5624438400561,-0.734466242879416,-0.72788836965676,0.479761466744888,0.482927678904936,5.73435482398657,0.0065778732226561,1.37103894946176,0.0554866059684019,0.700898905544597,0.0166642001335692,0.000753792090963186,0.00803140422850244,2.45906102989347,2.45845408234724,-2.34232119331238,10,9.81930137553844,9.825197469284,8.66685616446898,109,70.3741063943536,3.48255569248089,0.999999999999982,10.9363057617821,43171.4750730991
517,"joint",-4520.8934245901,-4523.84861091831,-30.8195594074186,-0.72788836965676,-0.722145190501831,0.482927678904936,0.485709198821873,5.01497591882044,0.00574317915492864,1.08064496730071,0.0353075629530813,0.853955160969171,0.0159022328473266,0.000613128567353684,0.0101187728512879,2.45845408234724,2.45841270317916,-2.34265874255381,10,9.825197469284,9.83136280130414,8.67258471552739,97,70.2313765883627,3.4075576797055,1,10.6853006891694,43277.3434839249
518,"joint",-4522.35486041055,-4523.7824999243,-31.0716470451196,-0.722145190501831,-0.714333506302848,0.485709198821873,0.489518263932638,6.84211406549731,0.00781168419898331,2.26006858656839,0.0847076927856837,1.29078010220239,0.0263126229091436,0.00112203020550711,0.0129432046859149,2.45841270317916,2.45832997558189,-2.35560194723972,10,9.83136280130414,9.83555700398557,8.67815100673919,101,70.465809120835,3.35783087096106,1.00000000000001,10.5395491233242,43383.3457500935
519,"joint",-4522.06755360568,-4523.5605168246,-31.3938840574489,-0.714333506302848,-0.704541136975034,0.489518263932638,0.494335354437728,8.61838121884163,0.0097923693278146,2.82858607518031,0.103971852209353,1.62182378685181,0.0361078740515176,0.00147124010895789,0.0205743719520776,2.45832997558189,2.45683165326459,-2.37578668883612,10,9.83555700398557,9.84192290728532,8.68521026412847,102,70.6167512627769,3.4884756097601,1,10.2990506724454,43488.7714850903
520,"joint",-4520.23241599823,-4523.34497825513,-31.801853629323,-0.704541136975034,-0.700244058138992,0.494335354437728,0.496464122894509,3.785406884,0.00429707883604181,1.20745222466758,0.0444209976003953,0.670398116863326,0.0157622440431582,0.000630383336404561,0.00787149539773265,2.45683165326459,2.45656151562998,-2.37593933829433,10,9.84192290728532,9.84492082087835,8.6887373738958,105,70.6109641320559,3.39620702852036,0.999999999999993,9.98285384223166,43593.686234951
521,"joint",-4526.00655043703,-4523.36136632025,-31.9746973407905,-0.700244058138992,-0.692959719417827,0.496464122894509,0.500093739357028,6.43405344236922,0.00728433872116528,2.00084316912169,0.084972651823596,1.1242995850089,0.0262664384231524,0.0012630980176619,0.0155217327743696,2.45656151562998,2.45518081110143,-2.37950071255743,10,9.84492082087835,9.85172172458549,8.69280610037558,103,70.5382721121631,3.38476930695761,0.999999999999982,9.85811309690709,43698.7746829987
522,"joint",-4524.97821089475,-4523.50704328932,-32.2869726853358,-0.692959719417827,-0.692341235012917,0.500093739357028,0.500403135204204,0.546300491895658,0.000618484404909968,1.49569428852994,0.057991449345972,0.981064891762023,0.0197678648900712,0.000829585747279937,0.012112443648993,2.45518081110143,2.45577411724314,-2.36738826890844,10,9.85172172458549,9.85306522755656,8.69353079168357,95,70.6515393905172,3.23677369039007,1.00000000000001,9.65177420989754,43802.9130110741
523,"joint",-4525.17008677208,-4523.52694570273,-32.3044019060817,-0.692341235012917,-0.692225579525372,0.500403135204204,0.500461012919649,0.102157292070585,0.000115655487545036,2.26259798859656,0.0790204030754572,1.5768702588893,0.0249472600601716,0.00103211030355991,0.0135666449017066,2.45577411724314,2.45625067486921,-2.3694877950835,10,9.85306522755656,9.84973116124109,8.69210940718429,103,70.7369855101779,3.4730354021715,0.999999999999984,9.64788016015814,43907.97834301
524,"joint",-4524.51440024541,-4523.542615874,-32.3107539873203,-0.692225579525372,-0.689921907139012,0.500461012919649,0.501615240105761,2.03535005752781,0.00230367238635933,1.40940827916703,0.0518418773501798,0.735820934484275,0.0185456615936827,0.000751672744304146,0.00856120486151938,2.45625067486921,2.45614491765243,-2.36356346035475,10,9.84973116124109,9.85140827975262,8.69303464241512,109,70.7186523537759,3.48534428318874,0.999999999999994,9.73797151259909,44012.3958539963
525,"joint",-4521.01508216674,-4523.49525171305,-32.3909827835439,-0.689921907139012,-0.686022101249394,0.501615240105761,0.503575261540937,3.44819555394502,0.00389980588961783,1.93560803925128,0.0718585090261021,1.18110938523176,0.0233672926383155,0.000960274939398537,0.012575801062819,2.45614491765243,2.45571517521168,-2.35368583031459,10,9.85140827975262,9.85617392430616,8.69735938395738,101,70.7816356596059,3.41274692688517,0.999999999999981,9.6514222199096,44117.2819581032
526,"joint",-4525.22200731588,-4523.54466183884,-32.5544583119761,-0.686022101249394,-0.685801825170643,0.503575261540937,0.503686199342929,0.194767857589731,0.000220276078751295,1.4536125008694,0.0560697916345267,0.860592582257323,0.0188089786092914,0.000826240349914033,0.0115442918279778,2.45571517521168,2.45677861980981,-2.34964672987614,10,9.85617392430616,9.85417931158747,8.69631911613593,104,70.742597651872,3.41628254262044,0.999999999999997,9.5354754949951,44222.8955199718
527,"joint",-4527.05857016002,-4523.69538200131,-32.552379109383,-0.685801825170643,-0.68319751043874,0.503686199342929,0.504999666330469,2.30351342185699,0.002604314731903,1.81364338388447,0.0599295679902592,1.09508522628547,0.0184852589960699,0.000745675350015857,0.00922549649803255,2.45677861980981,2.45687975243808,-2.34987430182915,10,9.85417931158747,9.85477898729453,8.69643643986812,97,70.6465694619433,3.25825958901345,0.999999999999989,9.55387063373335,44328.956567049
528,"joint",-4524.67325617885,-4523.78471588182,-32.6517324959574,-0.68319751043874,-0.681224998243224,0.504999666330469,0.505996767404758,1.74502430658903,0.0019725121955157,2.12045973033035,0.0767553387289118,1.27228736202208,0.0228089804917377,0.00100949446265457,0.0106389486051251,2.45687975243808,2.45684380866993,-2.34060278366637,10,9.85477898729453,9.85631969314277,8.69741375437959,94,70.7395828522985,3.2757860879795,0.999999999999983,9.45936421821755,44433.5930991173
529,"joint",-4524.79003773644,-4523.8799864626,-32.7247595693028,-0.681224998243224,-0.674134849830395,0.505996767404758,0.509597107974081,6.28827413418796,0.00709014841282917,1.72330575592692,0.0686673015968963,0.840855197637361,0.0234602123214173,0.00098278030238362,0.0112010642942856,2.45684380866993,2.45705833945285,-2.33754462219357,10,9.85631969314277,9.86522390667249,8.70713951204836,104,70.6681078690486,3.38949151991861,1,9.38272997886325,44542.9585959911
530,"joint",-4520.84500765677,-4523.66961022868,-33.0459213026549,-0.674134849830395,-0.661665633640041,0.509597107974081,0.515991166083654,11.1459746773433,0.0124692161903541,3.17875211984497,0.105009345143393,1.64319757213041,0.0404480434843177,0.00145779312836867,0.0216841159303116,2.45705833945285,2.45532817965339,-2.35707351435692,10,9.86522390667249,9.87684475118789,8.71622467839142,96,70.7676310368463,3.22432825921949,1.00000000000001,9.21326664023806,44670.4816441536
531,"joint",-4522.67368551299,-4523.53493784792,-33.582047683654,-0.661665633640041,-0.65789476739499,0.515991166083654,0.51794057292085,3.37309844220572,0.00377086624505119,2.27332723641311,0.0792553784256898,1.27569623549814,0.0260644874758197,0.000983146969085103,0.0140129587058072,2.45532817965339,2.45391299760377,-2.3616696375467,10,9.87684475118789,9.87944101788572,8.71806665711557,93,70.754500139175,3.19314242442312,0.99999999999999,8.8155183547888,44795.778676033
532,"joint",-4525.32240028109,-4523.4180636034,-33.7421604174109,-0.65789476739499,-0.653999930012514,0.51794057292085,0.51996180084808,3.48663812727995,0.00389483738247593,1.42573236182926,0.0533308452634837,0.92299431991601,0.0158767196410713,0.000716583532148882,0.00960341783808975,2.45391299760377,2.45375547687896,-2.35825084214106,10,9.87944101788572,9.88215065337948,8.72011347650038,91,70.8513360296636,3.13417662084855,0.999999999999978,8.66499759515555,44928.3372709751
533,"joint",-4524.72697881006,-4523.69787544479,-33.9009735760038,-0.653999930012514,-0.650341955436022,0.51996180084808,0.521867290888647,3.27679281346583,0.00365797457649198,1.29320833727529,0.0433768439250033,0.82719050509993,0.0136167540609414,0.000566217248207165,0.00857491400321313,2.45375547687896,2.45364202150953,-2.35737521907732,10,9.88215065337948,9.88502886578374,8.72278757495151,83,70.6674895705823,3.10774438927583,0.999999999999982,8.55341573746911,45075.167566061
534,"joint",-4523.01353766973,-4523.60031145846,-34.0532790143892,-0.650341955436022,-0.639637210794266,0.521867290888647,0.527483754747015,9.64466844570224,0.0107047446417562,2.05267277641434,0.0781858665703615,1.44884372321196,0.0224967746906323,0.00103833708974616,0.0106084392108494,2.45364202150953,2.45267384204756,-2.36566310903964,10,9.88502886578374,9.89600939693383,8.73411107935217,86,70.7765635083532,3.15040530419318,0.999999999999982,8.43433007263861,45207.623360157
535,"joint",-4523.91042058431,-4523.63161461417,-34.54560593896,-0.639637210794266,-0.641374401000478,0.527483754747015,0.52656821060174,-1.56539486268095,-0.00173719020621221,1.71259830006423,0.0640470509232968,1.07810754444229,0.0197403881938868,0.000834141929131386,0.0103017438081224,2.45267384204756,2.45271485438902,-2.35914165530695,10,9.89600939693383,9.89295086990699,8.73039570841249,83,70.9338293508581,3.10336211501676,0.999999999999995,8.17777237766865,45328.126611948
536,"joint",-4522.7957545903,-4523.61321208085,-34.4494366003734,-0.641374401000478,-0.635920593529003,0.52656821060174,0.529447857625503,4.92179113924854,0.00545380747147539,1.80048986423184,0.0686842613087793,0.985199341808333,0.0207403323451381,0.000898140272524621,0.0103010168825408,2.45271485438902,2.45196033716169,-2.36019498731868,10,9.89295086990699,9.89688148863964,8.73182922973735,78,70.8557338104733,3.12014758536339,0.999999999999993,8.23230656267602,45441.4200870991
537,"joint",-4522.08486542171,-4523.67278412243,-34.6802048432421,-0.635920593529003,-0.633316224933871,0.529447857625503,0.530828532110902,2.3511111574081,0.00260436859513165,2.00833167162172,0.0743029721811513,0.940124803524359,0.0238061578413739,0.000968379554780737,0.0128810177476487,2.45196033716169,2.4510708600384,-2.37078751911788,10,9.89688148863964,9.89683761951778,8.73196656482499,93,70.9735590357837,3.25256878223024,0.999999999999987,8.07888575349613,45553.8368771076
538,"joint",-4523.39775514379,-4523.72492885909,-34.7868495106101,-0.633316224933871,-0.630859048403456,0.530828532110902,0.532134475331118,2.21890249347205,0.00245717653041443,1.26002341384997,0.047630105463911,0.638243629094636,0.0154647947374928,0.000640205141290918,0.00831886266501352,2.4510708600384,2.45067547694168,-2.37136379341409,10,9.89683761951778,9.89808063867504,8.73268504946972,88,70.9478416210135,3.17780843416965,0.999999999999977,8.00419347935476,45665.5882890224
539,"joint",-4522.00121219119,-4523.72161178837,-34.8886726686584,-0.630859048403456,-0.623550902302473,0.532134475331118,0.536037636887683,6.61716479448276,0.0073081461009837,1.66644304780296,0.0627166816239181,0.986905046126982,0.019163975800716,0.000787188315731108,0.0126006916328476,2.45067547694168,2.44993647893054,-2.37741272935906,10,9.89808063867504,9.905405281655,8.739076613797,79,70.8736681583701,2.99611511497457,0.999999999999992,7.95302773606554,45779.22625494
540,"joint",-4523.15978119084,-4523.867980048,-35.2234424741535,-0.623550902302473,-0.622095739590609,0.536037636887683,0.536818226673871,1.31771737608491,0.00145516271186377,2.14142529031281,0.06975679882167,1.68965321795005,0.0203157009018802,0.000860578287350353,0.0121754919532678,2.44993647893054,2.45088301282106,-2.3706856263442,10,9.905405281655,9.90668640388493,8.74156510578528,82,70.8507823221544,3.0521046521752,0.999999999999993,7.75166682819996,45890.1057150364
541,"joint",-4522.52234159633,-4523.69376960596,-35.2891647386748,-0.622095739590609,-0.615331260523931,0.536818226673871,0.540461831983021,6.139612744259,0.00676447906667773,2.94762650339646,0.087724450006278,2.38985843014411,0.028177888348182,0.00100238049349725,0.0197048680691427,2.45088301282106,2.44968278121766,-2.38255082320607,10,9.90668640388493,9.91293328733583,8.74546953448194,85,70.9659132051322,3.10216742502727,0.999999999999997,7.74166457689162,45998.8637440205
542,"joint",-4521.63199512548,-4523.5264588175,-35.6009317475623,-0.615331260523931,-0.606114162947884,0.540461831983021,0.545466349558141,8.40143476635675,0.0092170975760476,3.31694522999186,0.0872063631656172,2.45288435159297,0.0371717906957632,0.00107759350257644,0.0304280950608137,2.44968278121766,2.4478621526595,-2.38289390989046,10,9.91293328733583,9.92436121238581,8.75183121847003,84,71.021494223668,3.09201829649619,0.999999999999992,7.53852305131379,46109.2477359772
543,"joint",-4524.69602595211,-4523.5027557765,-36.0313164371839,-0.606114162947884,-0.601240704697324,0.545466349558141,0.548131145150626,4.44746844555954,0.00487345825055918,2.40290738889464,0.070678078858437,1.99008676845405,0.0233014098084863,0.000837704777831659,0.0160083087989239,2.4478621526595,2.4467667041284,-2.38502400074234,10,9.92436121238581,9.92993184813622,8.75460908953516,78,71.0902922888213,2.98890697119942,0.999999999999993,7.3097295575974,46214.8868060112
544,"joint",-4523.05492558385,-4523.42978204342,-36.2495012247467,-0.601240704697324,-0.597901787997934,0.548131145150626,0.549964368170984,3.04876133844353,0.00333891669939038,2.06833046558901,0.0771995078828254,1.17463164999751,0.021344241868143,0.00092356171194007,0.00915752293903536,2.4467667041284,2.44672481702119,-2.37814523713958,10,9.92993184813622,9.93329260103817,8.75855924827072,81,71.1069093017105,3.08178302454461,1,7.16569910235292,46317.3617060184
545,"joint",-4521.58383634208,-4523.45821975219,-36.4121915075409,-0.597901787997934,-0.589042870360851,0.549964368170984,0.554858101798365,8.12099814656121,0.00885891763708329,2.09497781103038,0.0782737401898845,1.4542756998699,0.0236646567842701,0.00104430238721706,0.016005352132179,2.44672481702119,2.44493357490663,-2.38246338746322,10,9.93329260103817,9.9433645386839,8.76584155413383,82,71.2168904944879,3.11823961339047,1.00000000000002,7.13085733840001,46420.9040989876
546,"joint",-4525.28647830736,-4523.46144330177,-36.8377532215346,-0.589042870360851,-0.58673784869435,0.554858101798365,0.556138536893235,2.11358229871542,0.00230502166650066,2.17197414833402,0.0790771911371425,1.47759493909372,0.0279166440694545,0.0010673190645943,0.0196092670386653,2.44493357490663,2.44343879365911,-2.39008912745508,10,9.9433645386839,9.94305970430624,8.76398627740972,75,71.2664360679614,2.91958382741096,0.999999999999989,6.94001651702262,46529.0617959499
547,"joint",-4522.93592265979,-4523.25531092675,-36.9299278786017,-0.58673784869435,-0.585873234750352,0.556138536893235,0.556619589959654,0.792834645841594,0.00086461394399772,2.10535823510083,0.0673926302311737,1.55890455270877,0.0234532718792361,0.00085426860854749,0.0158170493169365,2.44343879365911,2.44355296404366,-2.38986988512264,10,9.94305970430624,9.94217934105076,8.76211612013894,76,71.2831515268174,2.93718498401862,1.00000000000001,6.88691509780707,46646.6888780594
548,"joint",-4521.07069811835,-4523.07518302373,-36.9735132422265,-0.585873234750352,-0.578119831220858,0.556619589959654,0.560952060244286,7.13119148552641,0.00775340352949448,2.96773088970215,0.113115375614457,1.46605196107749,0.0327127787441404,0.00137059106065861,0.0158877771994971,2.44355296404366,2.44194711101656,-2.39907759431674,10,9.94217934105076,9.94876043931085,8.76487156684042,82,71.3986334953544,3.07892025981814,0.999999999999979,6.92836989057061,46755.7806780338
549,"joint",-4524.44760699913,-4523.05806148686,-37.3421378085021,-0.578119831220858,-0.57468523560704,0.560952060244286,0.562882016141775,3.16083357131264,0.0034345956138175,1.93539223813008,0.0642112680679746,1.32899666364783,0.0202286544262816,0.000765037292018199,0.0132539912279379,2.44194711101656,2.44102845123191,-2.39539173203934,10,9.94876043931085,9.95256281227511,8.7675738272734,73,71.3349557176019,2.97102737210929,0.99999999999999,6.7915829067877,46863.8442440033
550,"joint",-4523.82047286525,-4523.20683474729,-37.5033373146501,-0.57468523560704,-0.568569128280754,0.562882016141775,0.566335212259169,5.63916649157292,0.00611610732628649,2.30875568222987,0.0854771045539185,1.26038192519306,0.0243703329168931,0.000987312912095592,0.012471563610747,2.44102845123191,2.44080166046974,-2.38865416708561,10,9.95256281227511,9.96048201064093,8.77473341371156,69,71.2835167770192,2.85123535051492,1.00000000000002,6.69190058664079,46972.2873210907
551,"joint",-4522.36594027841,-4523.19144748556,-37.7948609771338,-0.568569128280754,-0.56343916998121,0.566335212259169,0.569247953013172,4.73615450938807,0.00512995829954346,1.65939134545239,0.0691604130412505,0.855923032945609,0.0211373457125617,0.00093818081145293,0.011703827790803,2.44080166046974,2.44027234481294,-2.39474430594291,10,9.96048201064093,9.96575259533434,8.77949641730623,76,71.453115760128,3.0100403526954,1,6.54027062253582,47080.7583470345
552,"joint",-4521.74533084428,-4523.01259401372,-38.0442261317249,-0.56343916998121,-0.557667765472094,0.569247953013172,0.572542812052426,5.33725615999042,0.00577140450911677,2.42528285038228,0.0893420227791936,1.23206809176717,0.0245519994211893,0.0010515892750561,0.0117693888784935,2.44027234481294,2.44006257354644,-2.38550982996502,10,9.96575259533434,9.97247970201597,8.78458332007709,65,71.3173249096043,2.73696171429273,1,6.44320853392209,47188.796505928
553,"joint",-4522.13122950509,-4522.88280654847,-38.3181788683645,-0.557667765472094,-0.554607315225891,0.572542812052426,0.574297734899794,2.83155720142029,0.00306045024620283,2.29425542605202,0.0867292742390548,1.28360421056783,0.0276259255242877,0.00114958497085285,0.0154404484014973,2.44006257354644,2.43974768059538,-2.38909032695724,10,9.97247970201597,9.97392432152266,8.78457906925121,73,71.5484168366829,2.95868373161663,1.00000000000002,6.3128668413472,47296.0089409351
554,"joint",-4523.85220886064,-4522.92474010801,-38.4602402264102,-0.554607315225891,-0.54774622092023,0.574297734899794,0.578251594208742,6.36294296578826,0.0068610943056607,1.86571709747681,0.0756180352545639,0.963140726871333,0.024002069842674,0.00106666977898374,0.0117130994179994,2.43974768059538,2.4387260306614,-2.39873380202699,10,9.97392432152266,9.9792631567685,8.79017955077563,72,71.4576322706591,2.85664065294777,1.00000000000002,6.25581975767501,47404.3853480816
555,"joint",-4522.987883871,-4522.87861327235,-38.7862085826315,-0.54774622092023,-0.541915696325306,0.578251594208742,0.581632952317534,5.4164123967356,0.005830524594924,1.91494797515043,0.0590736448681821,1.32559475296346,0.0203318432832651,0.000682156595974029,0.0141141037363933,2.4387260306614,2.43797785326974,-2.39560594521614,10,9.9792631567685,9.98502804727836,8.79484841205046,69,71.3956189907627,2.75178862425346,0.999999999999971,6.10469688210541,47511.3203799725
556,"joint",-4522.10599460514,-4522.84412527309,-39.0729482866639,-0.541915696325306,-0.53852409121778,0.581632952317534,0.583608970652082,3.15253052393983,0.00339160510752584,1.82209832959875,0.0767669062814083,1.06912447665036,0.0198699692249183,0.00099951115429952,0.00834709567922651,2.43797785326974,2.43797039130703,-2.40015171523145,10,9.98502804727836,9.98622592830662,8.79610846259253,69,71.5618866003516,2.82953341507638,1.00000000000001,5.99599172929377,47618.8007450104
557,"joint",-4522.03588142164,-4522.84167607309,-39.2319269318197,-0.53852409121778,-0.536592807806023,0.583608970652082,0.584737174065654,1.79548192635469,0.00193128341175706,1.57375932072222,0.0588667018780972,0.889952377734533,0.0185360489176235,0.000764964642184001,0.0114843397896054,2.43797039130703,2.43717092631973,-2.40206600871775,10,9.98622592830662,9.98730431520621,8.7966146424892,71,71.5689479750784,2.80332011443139,1.00000000000001,5.96502076433347,47727.0577731133
558,"joint",-4521.66068876991,-4522.75482275439,-39.3205093958844,-0.536592807806023,-0.532338507209023,0.584737174065654,0.587230120886944,3.95873629354063,0.0042543005970003,1.57411722374897,0.054136974849072,1.02205201574589,0.017952505778561,0.000678411601326974,0.0107910190908064,2.43717092631973,2.43665335234611,-2.40035830712827,10,9.98730431520621,9.99032430051997,8.79861902306767,69,71.529633544727,2.85043523629469,0.999999999999992,5.90682783386156,47834.8526549339
559,"joint",-4524.00859042076,-4522.85519166587,-39.5226163063853,-0.532338507209023,-0.529226011208473,0.587230120886944,0.589060719677467,2.89766161837036,0.00311249600054995,1.90043633901424,0.0577677245561058,1.21909911382984,0.0181469012968735,0.000629079398803596,0.0116961620448265,2.43665335234611,2.43664952195372,-2.40064239177978,10,9.99032430051997,9.9920270339222,8.79986134933717,65,71.5864334775843,2.7595373681029,0.999999999999961,5.8513640915579,47942.4458551407
560,"joint",-4524.09252396371,-4522.90182880452,-39.6767020941743,-0.529226011208473,-0.519885272842877,0.589060719677467,0.594588759535299,8.73419701350073,0.00934073836559628,2.52925706731591,0.0991575348355744,1.10134663540718,0.0299667649168901,0.00122949301396182,0.0130602821366273,2.43664952195372,2.43513394205845,-2.4117547644831,10,9.9920270339222,10.0009732759362,8.80700866653997,61,71.4582620088776,2.6609524534832,0.999999999999989,5.81930245267546,48049.6079630852
561,"joint",-4524.08584562067,-4522.98000400573,-40.1584810747086,-0.519885272842877,-0.512107059814659,0.594588759535299,0.599231630783949,7.29523613099495,0.00777821302821786,2.57084002176828,0.0785170221938012,2.03626025266666,0.0247690869866497,0.000894641230843733,0.015616298296201,2.43513394205845,2.4347324945749,-2.40841857398246,10,10.0009732759362,10.011503190965,8.81480453786493,73,71.7709421570093,2.88542844435196,0.999999999999985,5.66127883911158,48158.4471459389
562,"joint",-4522.96409599587,-4523.04660904925,-40.5688016861456,-0.512107059814659,-0.505009818028084,0.599231630783949,0.603499650221439,6.6733772138792,0.0070972417865748,2.92710886227729,0.100821773970654,1.73374341271347,0.0294288430810123,0.00117358993209881,0.0137963728497367,2.4347324945749,2.43375931551205,-2.41720555272353,10,10.011503190965,10.0175770453069,8.8183605668123,61,71.7948908024155,2.67152209068527,0.999999999999966,5.52175626648915,48265.7807440758
563,"joint",-4523.61622622201,-4522.99261906275,-40.9519724260118,-0.505009818028084,-0.504848862010579,0.603499650221439,0.603596794939508,0.151343527994196,0.000160956017504661,3.07319567729754,0.0858071038858662,1.93680984067179,0.0259053597412301,0.000841108160304104,0.0164560806977782,2.43375931551205,2.43467604892175,-2.4193902926541,10,10.0175770453069,10.0142146812329,8.81662715868755,59,71.8364764410825,2.63518530230851,1,5.4363456496938,48394.0622329712
564,"joint",-4520.73302888121,-4522.87652422761,-40.9527002387787,-0.504848862010579,-0.499482542783579,0.603596794939508,0.606844594596413,5.0531171761986,0.00536631922700023,2.24335326431192,0.0644237161479921,1.72665296252988,0.0191817456860759,0.000664731584505044,0.0128782106581903,2.43467604892175,2.43396474251437,-2.42003572147819,10,10.0142146812329,10.0199224940222,8.82095704107465,67,71.8421041766543,2.70034612966296,1.00000000000001,5.50131840708409,48512.1144900322
565,"joint",-4523.65723044762,-4522.98019393289,-41.2315831809152,-0.499482542783579,-0.489982456554216,0.606844594596413,0.612637141856623,8.9862624662035,0.00950008622936277,2.12972083338133,0.0734871781443701,1.3633485794574,0.0198981009068756,0.000809715208651468,0.00951414639709235,2.43396474251437,2.43335142639082,-2.42171914295215,10,10.0199224940222,10.0297410405377,8.83071936953439,67,71.9039004143906,2.72067915132333,1.00000000000001,5.38782638275805,48621.4686250687
566,"joint",-4522.43446214152,-4522.8375931246,-41.7317504470721,-0.489982456554216,-0.484694389630385,0.612637141856623,0.615885388967439,5.00906385649325,0.00528806692383101,2.37746741836968,0.0706205998001743,1.99618359522413,0.0205602967002874,0.000763666530789541,0.0146965122456489,2.43335142639082,2.43343457778466,-2.41780163212691,10,10.0297410405377,10.0352975143019,8.83453418368251,60,72.052192334322,2.63808549272827,0.999999999999961,5.22526268784705,48736.6833040714
567,"joint",-4522.35893827695,-4522.80874390546,-42.0042941699342,-0.484694389630385,-0.482082861717903,0.615885388967439,0.617495892874256,2.47458538742293,0.00261152791248209,2.07745538121437,0.0740379436956663,1.06023166308718,0.0228497496302383,0.000844202057087305,0.0108858652804535,2.43343457778466,2.4334665986298,-2.40775130422322,10,10.0352975143019,10.0392084647385,8.83680642353946,60,71.967870400722,2.58475157542233,1,5.13233093393447,48846.6619319916
568,"joint",-4523.05897543686,-4522.90815777138,-42.1405090286187,-0.482082861717903,-0.481564420216586,0.617495892874256,0.617816111372122,0.491262222003189,0.000518441501317346,1.4394414247847,0.0572276048849019,0.774298618253354,0.0149977574760258,0.000697991357139797,0.00712294493220187,2.4334665986298,2.43358573072162,-2.41007499002733,10,10.0392084647385,10.036874929094,8.83467289949423,63,72.094245793524,2.67159438032899,1.00000000000002,5.11077865849903,48956.9461579323
569,"joint",-4523.68859300196,-4522.87020707152,-42.1525089326163,-0.481564420216586,-0.474344709876214,0.617816111372122,0.622292705150143,6.85911691473634,0.00721971034037195,2.43697527812185,0.082673690414008,1.64114598609086,0.0231632426635326,0.000924215052863599,0.0113481647600044,2.43358573072162,2.43259542329702,-2.42087272057493,10,10.036874929094,10.0420182017869,8.8385908121467,59,72.0322899428716,2.55268545276306,0.999999999999971,5.1279155160723,49065.974668026
570,"joint",-4523.20251282229,-4522.83930906938,-42.5347872552557,-0.474344709876214,-0.468788461262892,0.622292705150143,0.62575994162413,5.28690508213752,0.00555624861332193,2.34059075168397,0.0842798174082245,1.25942860693201,0.0243387420101608,0.000958980995976973,0.0133535888205562,2.43259542329702,2.43184567157933,-2.42015013688317,10,10.0420182017869,10.0460143992087,8.84033683646141,60,72.1282720680886,2.64516141771707,0.999999999999976,5.01915453233498,49174.9875979424
571,"joint",-4522.91332451004,-4522.86667828096,-42.8096522444898,-0.468788461262892,-0.466327175007796,0.62575994162413,0.627302012928411,2.34268316183017,0.00246128625509595,2.33774463262341,0.0777334524575362,1.50806327559438,0.0231781586710877,0.000914883777972821,0.013713708409547,2.43184567157933,2.43139928473991,-2.42248768268612,10,10.0460143992087,10.0483253150739,8.84216787446476,65,72.0356106860958,2.59820202014051,0.999999999999977,4.92037925838262,49283.9946191311
572,"joint",-4522.59934098079,-4522.90937878778,-42.9574287179863,-0.466327175007796,-0.462834571080244,0.627302012928411,0.629496760864145,3.32633366873882,0.00349260392755238,2.02671342022069,0.0581788006419401,1.58421498688578,0.0171832125220228,0.000622785454642129,0.0114501431467865,2.43139928473991,2.43102986014173,-2.42050478528322,10,10.0483253150739,10.0514754754766,8.84343185027954,60,72.1809193903425,2.56472455349775,1.00000000000002,4.93840670759037,49392.6420991421
573,"joint",-4521.6214032975,-4522.8838874774,-43.1313347832518,-0.462834571080244,-0.457227348456354,0.629496760864145,0.633036403852311,5.3486980320726,0.00560722262389001,2.35318510402766,0.0903822345207542,1.30771719306372,0.0256039418105862,0.00109566746604352,0.0118075531227852,2.43102986014173,2.43026878328885,-2.4306850895239,10,10.0514754754766,10.0546307616481,8.84534411603258,59,72.1937240664122,2.62299818297291,1,4.87380696205501,49500.4605870247
574,"joint",-4522.29273713846,-4522.8059138913,-43.4395672907651,-0.457227348456354,-0.451292836751525,0.633036403852311,0.636804335158395,5.67089204351181,0.00593451170482826,2.47568506051881,0.0838988806177667,1.43089758074763,0.0261595525104058,0.000928057011865964,0.0174621701474512,2.43026878328885,2.42933650953799,-2.4324861153416,10,10.0546307616481,10.058802363945,8.84665577639543,61,72.2295229620577,2.64716218916724,0.999999999999988,4.83481498418975,49608.1697101593
575,"joint",-4521.53168456381,-4522.73310392594,-43.7492230678082,-0.451292836751525,-0.442277939450899,0.636804335158395,0.642571014798801,8.64966131631665,0.00901489730062666,2.21725860959249,0.0821402269164412,1.3287096644915,0.0225699703792522,0.000958734140926383,0.0106522920624383,2.42933650953799,2.42911908094091,-2.42987098453962,10,10.058802363945,10.0702262247634,8.85680377742628,53,72.2377806331984,2.53123239246206,0.999999999999985,4.7490353722311,49716.9077091217
576,"joint",-4522.11561587839,-4522.7335849896,-44.2651701731463,-0.442277939450899,-0.437277140980809,0.642571014798801,0.645792431059861,4.80420348407028,0.00500079847008973,1.85524131584333,0.060587723306143,1.18794522246133,0.0203107527937942,0.000723309582963375,0.0112461146625619,2.42911908094091,2.42850436412888,-2.43405073589006,10,10.0702262247634,10.0761047333986,8.86164911909528,63,72.5214800633598,2.70049821577083,1.00000000000001,4.62567087405115,49824.4232740402
577,"joint",-4522.5242569997,-4522.7580037685,-44.5544093175838,-0.437277140980809,-0.431516746632685,0.645792431059861,0.649523185120908,5.54314189081633,0.00576039434812421,1.84673717779078,0.0623323074821622,1.18776250368925,0.0178993111470246,0.000670222787238867,0.00877961922418934,2.42850436412888,2.42783991078875,-2.44107653588275,10,10.0761047333986,10.0805147615176,8.86479458172922,55,72.4874793248272,2.53139615961009,1.00000000000003,4.58010057208029,49932.2937459946
578,"joint",-4524.6168555565,-4522.90581210783,-44.8608664182065,-0.431516746632685,-0.43035582204611,0.649523185120908,0.650277670421595,1.11721576883603,0.00116092458657485,2.25430791221035,0.0778275583941687,1.29760979347161,0.0248959379831037,0.000897352709741486,0.012940279447143,2.42783991078875,2.42810637146753,-2.43663441724883,10,10.0805147615176,10.0786018625479,8.86217729857136,54,72.5226783691226,2.49089384402093,1.00000000000001,4.48902878949227,50036.7421269417
579,"joint",-4523.09307668567,-4522.86003642108,-44.9201327749745,-0.43035582204611,-0.426781456741289,0.650277670421595,0.652606159321137,3.44198989028434,0.00357436530482134,2.08145659620977,0.0625403864940566,1.56468992934485,0.0184808784517923,0.000629386685363565,0.0138428758626172,2.42810637146753,2.42789845770954,-2.43803989350879,10,10.0786018625479,10.0818982788352,8.86366618738558,60,72.5823461920415,2.51782393345669,0.999999999999968,4.5168899138815,50136.4536290169
580,"joint",-4521.26864824607,-4522.71884263519,-45.1292443338167,-0.426781456741289,-0.427795193762078,0.652606159321137,0.651944923513674,-0.976243775600975,-0.00101373702078934,2.5841311715334,0.0948382665861497,1.71822845029333,0.0284905556892611,0.00109741962756158,0.0202277159124441,2.42789845770954,2.42802363985793,-2.44125540224667,10,10.0818982788352,10.0754967105177,8.85729754002794,57,72.5395738680345,2.50938100585911,1.00000000000003,4.49495221582174,50241.1724169254
581,"joint",-4522.51189423413,-4522.64014506587,-45.0435696164122,-0.427795193762078,-0.425754312161525,0.651944923513674,0.65327682457653,1.9658086709353,0.00204088160055279,1.33304813726362,0.0439953921473929,0.805629861752873,0.0120833240909514,0.000441104780144829,0.00573480667633802,2.42802363985793,2.42839946168477,-2.43552059557033,10,10.0754967105177,10.0766131023399,8.8584571285899,52,72.5018452548463,2.47026045938472,0.999999999999975,4.54122516716697,50347.7923920155
582,"joint",-4524.26429442517,-4522.70515498733,-45.1549438321674,-0.425754312161525,-0.421984603117915,0.65327682457653,0.655744135730851,3.63362469549004,0.00376970904361029,1.44193107952104,0.0425750281517269,1.17672173314415,0.0140750552580624,0.00048672263096623,0.0103403406569258,2.42839946168477,2.42799658630294,-2.43261518615105,10,10.0766131023399,10.0818128043889,8.86341122702959,53,72.4594832773851,2.40794425005564,1.00000000000002,4.53604627342844,50454.308330059
583,"joint",-4524.94751179601,-4522.77171926603,-45.3805721318969,-0.421984603117915,-0.417291474709519,0.655744135730851,0.65882886000458,4.52869922958435,0.00469312840839571,2.26641931218014,0.0727481708175694,1.78469480627587,0.0196053879652516,0.00073742989104622,0.0125800700466805,2.42799658630294,2.42755575437776,-2.42814002304469,10,10.0818128043889,10.085694388136,8.86486465477239,48,72.5813618034721,2.41610607626532,0.99999999999997,4.47195154829021,50560.6825220585
584,"joint",-4522.95997510367,-4522.88306657715,-45.6380800176602,-0.417291474709519,-0.417821668053565,0.65882886000458,0.658479645911815,-0.511624598421351,-0.000530193344045425,1.66079002813933,0.0611840894204292,0.923924610535176,0.0171412411484286,0.000711808466545372,0.00900889530965471,2.42755575437776,2.42773415116747,-2.42528603792941,10,10.085694388136,10.0824776024763,8.86101787449849,44,72.5867736509463,2.39844623254082,1.00000000000004,4.40523377340066,50667.9887061119
585,"joint",-4522.2114761548,-4522.81077886251,-45.5973480407447,-0.417821668053565,-0.417074836805923,0.658479645911815,0.658971602768829,0.7206953798442,0.000746831247641593,1.61776454147541,0.0578979751534184,0.942228711299096,0.0181642070696784,0.000693339297950148,0.0109568370018391,2.42773415116747,2.42775634587394,-2.42644872337261,10,10.0824776024763,10.0819012221732,8.85946654644328,53,72.5861961464782,2.42849925474277,1,4.42896004213387,50774.0477900505
586,"joint",-4521.64796544713,-4522.7714540278,-45.6373017695004,-0.417074836805923,-0.415129579888757,0.658971602768829,0.660254719428497,1.87753659325918,0.00194525691716608,1.02604668529175,0.0380268398808016,0.520262283973134,0.0121380932784393,0.000496739055093373,0.00629597113339198,2.42775634587394,2.42756890442657,-2.42542667322172,10,10.0819012221732,10.0833835979953,8.86039381920092,52,72.5726970640624,2.43484481797952,1.00000000000001,4.43326688667712,50881.1618051529
587,"joint",-4521.3334841288,-4522.72018132039,-45.7412934762699,-0.415129579888757,-0.410927570250178,0.660254719428497,0.663034953317398,4.05931019414788,0.00420200963857917,2.36249554690843,0.0779183460026492,1.76742841984766,0.0220403693582235,0.000852426367018733,0.0152643225664913,2.42756890442657,2.42684309887124,-2.42194833610711,10,10.0833835979953,10.0865402823377,8.8623328694983,57,72.5893159813945,2.47038545468131,1.00000000000003,4.40656019276557,50989.276515007
588,"joint",-4519.37783736912,-4522.536124417,-45.9620064000934,-0.410927570250178,-0.402814312619881,0.663034953317398,0.668436207968734,7.86365692389134,0.00811325763029684,2.81001783607163,0.090215864119708,1.89107013786648,0.0247916943480466,0.000905745067444545,0.0131606106159243,2.42684309887124,2.42646827513273,-2.43186413706997,10,10.0865402823377,10.0925586488697,8.86689502268746,47,72.5963507661066,2.37762477391183,1.00000000000003,4.33114026887123,51096.3018550873
589,"joint",-4524.2657789363,-4522.56498371372,-46.4234361162673,-0.402814312619881,-0.399703287124842,0.668436207968734,0.670518968133689,3.016776444747,0.00311102549503842,2.42313167025272,0.080470529054956,1.60491196620824,0.0216063646131221,0.000847745332459379,0.0112765808476551,2.42646827513273,2.42621123066314,-2.43095139578815,10,10.0925586488697,10.0928596195296,8.86606448229658,49,72.6958808987587,2.46640450596018,0.999999999999983,4.23971798030992,51203.3287961483
590,"joint",-4524.16408545492,-4522.61306234535,-46.5929005917072,-0.399703287124842,-0.399819159822346,0.670518968133689,0.670441277793305,-0.112362389715548,-0.000115872697503835,1.76207365899497,0.0663958357827084,0.986031727351768,0.0198769989927387,0.000772986045475345,0.00906351347749086,2.42621123066314,2.42682972394024,-2.42473032071224,10,10.0928596195296,10.0923210680401,8.86520465223133,41,72.6027271755867,2.24476742611567,0.999999999999959,4.20512803602628,51321.4798650742
591,"joint",-4520.37430662162,-4522.48611145093,-46.5801608417809,-0.399819159822346,-0.395974141983595,0.670441277793305,0.673024098780571,3.73129409077667,0.00384501783875148,2.01163938781774,0.0617801868094464,1.44167868311312,0.0168124226927474,0.000633624522395201,0.00973380571793584,2.42682972394024,2.42694271277177,-2.42991686028325,10,10.0923210680401,10.0951906880171,8.86893676037882,50,72.6416081812425,2.36901887374502,0.999999999999969,4.19956361237678,51430.1356739998
592,"joint",-4526.49864040017,-4522.6810764219,-46.8146107721442,-0.395974141983595,-0.392123420463769,0.673024098780571,0.675620723391668,3.73960265506005,0.00385072151982606,0.960476342245315,0.0360470792372632,0.514029796564829,0.0100381465774915,0.000433202733326544,0.00409528944586397,2.42694271277177,2.42660378079632,-2.42965494524439,10,10.0951906880171,10.0989973456902,8.87272362879939,48,72.7353483236464,2.34313184528866,0.99999999999998,4.18041033705281,51537.9017310143
593,"joint",-4520.53338374018,-4522.62667544403,-47.0385609824933,-0.392123420463769,-0.385790738305106,0.675620723391668,0.679912790497433,6.16231099081994,0.00633268215866251,1.75382406385178,0.055089229296595,1.42803206327558,0.0152545307210286,0.000598193611155386,0.00977594395119494,2.42660378079632,2.42588521360191,-2.43287765092043,10,10.0989973456902,10.1050829585518,8.87766457166474,47,72.6872748910173,2.32562538735144,0.999999999999991,4.12979177316015,51646.1805300713
594,"joint",-4523.23352180302,-4522.67371467726,-47.4181044594154,-0.385790738305106,-0.385687536485732,0.679912790497433,0.679982962355297,0.100425385095297,0.000103201819373892,1.68828557495087,0.0543487803908294,1.23971543242065,0.0192489749565959,0.000671168034351566,0.0137775193213798,2.42588521360191,2.42566356376286,-2.43114915646061,10,10.1050829585518,10.1042713450107,8.87545924487469,55,72.8499846886105,2.4107988987995,1.00000000000001,4.05904239251693,51754.8595011234
595,"joint",-4519.68043983487,-4522.58115244081,-47.4070580160678,-0.385687536485732,-0.378428056849366,0.679982962355297,0.684937245826015,7.08286617811858,0.0072594796363667,2.65149518144072,0.0689597649342789,2.38904385824051,0.0199442361670997,0.000657681865079093,0.0161322954918976,2.42566356376286,2.42517678353532,-2.42812896095348,10,10.1042713450107,10.1121471642081,8.88156079757317,39,72.7365089435309,2.27070359095357,0.999999999999957,4.06325597187553,51863.2466900349
596,"joint",-4520.38696537638,-4522.49471991571,-47.840040695263,-0.378428056849366,-0.373305168173566,0.684937245826015,0.688455106196264,5.00482727217327,0.00512288867579945,1.45760883559011,0.0478151966710277,1.09462417618379,0.0130651228882525,0.000497403139902865,0.00735795012637102,2.42517678353532,2.42498064817803,-2.4320225795385,10,10.1121471642081,10.1146893897023,8.88429896454341,43,72.7933351655539,2.26983980106092,0.999999999999981,3.96852063416397,51989.7474291325
597,"joint",-4523.02723593531,-4522.51986886249,-48.1343789252286,-0.373305168173566,-0.373613173689437,0.688455106196264,0.688243090878745,-0.30090868948948,-0.000308005515870858,2.45561759764054,0.0721669873799585,1.69888338159098,0.0233924882224686,0.000736758062192823,0.015237786293572,2.42498064817803,2.42562032999777,-2.43054106556672,10,10.1146893897023,10.1141291176476,8.88523123149984,46,72.8847301697014,2.28114919355839,0.999999999999986,3.91797445425354,52113.8925070763
598,"joint",-4522.30560066206,-4522.40430611777,-48.1330621976241,-0.373613173689437,-0.367257432224129,0.688243090878745,0.692631316471315,6.22187684745556,0.00635574146530804,1.79647340998062,0.0617460895269006,1.00028213630361,0.0179454933893165,0.000653939123499513,0.00844739259796478,2.42562032999777,2.42491955979029,-2.43794968002985,10,10.1141291176476,10.119197442075,8.89107131511849,42,72.9003605496871,2.25395039107358,0.999999999999949,3.95981940959231,52223.3465721607
599,"joint",-4518.86298898674,-4522.19280173282,-48.5101734817276,-0.367257432224129,-0.363403033947054,0.692631316471315,0.695306145039961,3.77602289119249,0.00385439827707496,2.47499208563557,0.0715436595614844,1.90906153252281,0.0191160563683031,0.000672547813715607,0.0127637161062186,2.42491955979029,2.42466625216435,-2.43684979021381,10,10.119197442075,10.1216446879097,8.89162635449751,41,72.9693927666959,2.23527706134244,1.00000000000002,3.88647959028875,52339.0339441299
600,"joint",-4523.63280421026,-4522.31100953103,-48.7357256746214,-0.363403033947054,-0.365338203510494,0.695306145039961,0.69396191083087,-1.89617488050635,-0.00193516956344037,2.02611015402288,0.0584227956170797,1.31808513300174,0.0233761806069212,0.000653427198904828,0.0165221031762747,2.42466625216435,2.42473492754548,-2.4368773689514,10,10.1216446879097,10.1173198042879,8.88644979946342,51,72.9981380550707,2.36359410141568,1.00000000000005,3.83969121665535,52449.8919920921
601,"joint",-4525.803101872,-4522.47556991293,-48.6182051001019,-0.365338203510494,-0.363202439719413,0.69396191083087,0.695445633428915,2.09320448982616,0.00213576379108185,1.57702194470149,0.0570072237715045,0.872404688227984,0.0164632705086211,0.000629808202979291,0.00977812280701316,2.42473492754548,2.42375651299763,-2.44031727358476,10,10.1173198042879,10.1183675257481,8.88658687989965,43,73.058282303052,2.28954251439941,0.999999999999964,3.88024329483515,52563.0243320465
602,"joint",-4524.19826693649,-4522.47226853849,-48.7386571595958,-0.363202439719413,-0.360367030956497,0.695445633428915,0.697420304248589,2.78002538856786,0.00283540876291576,1.56980281518602,0.0458951889649465,1.11740504447685,0.0169934041486213,0.00050318369422587,0.0124270634111969,2.42375651299763,2.4229406929911,-2.44684686362566,10,10.1183675257481,10.1195329277174,8.88704430163882,41,72.9577526870287,2.17653786483604,1.00000000000002,3.85508201943383,52672.1416709423
603,"joint",-4521.86398863784,-4522.31809238058,-48.9052134211721,-0.360367030956497,-0.353099497216681,0.697420304248589,0.702507292379532,7.1444711803329,0.00726753373981561,3.42319685876117,0.112176668265238,2.56731843370429,0.031791762443988,0.00121796600635029,0.0169000172106545,2.4229406929911,2.42142326491847,-2.44267248227122,10,10.1195329277174,10.1296799619132,8.89419488365239,46,73.0781326786176,2.28225328798946,0.999999999999971,3.82884054775774,52780.8382639885
604,"joint",-4523.57073345423,-4522.34863029811,-49.3670643866488,-0.353099497216681,-0.348387988991497,0.702507292379532,0.705824970763091,4.63687674247785,0.00471150822518445,3.34703929002573,0.0882104088884448,3.05513528562603,0.0245529105951398,0.000882933877930891,0.0197164208182368,2.42142326491847,2.42077429365788,-2.44506223667414,10,10.1296799619132,10.1329942905951,8.89617206119342,46,73.1712819538645,2.35623788574982,0.999999999999994,3.73292584421889,52889.4620881081
605,"joint",-4523.78442193268,-4522.427277587,-49.6557845081365,-0.348387988991497,-0.341025230026545,0.705824970763091,0.711040968397593,7.26585193419442,0.0073627589649518,2.6765674151883,0.082388266602366,2.07162923861603,0.0214422021400321,0.000798466029385389,0.0132514278241578,2.42077429365788,2.41994855483647,-2.4437559413264,10,10.1329942905951,10.1402258890005,8.90146134518124,42,73.1865814672763,2.21371084430392,1.00000000000005,3.6706750927659,52997.3004789352
606,"joint",-4523.35746001267,-4522.51275231528,-50.0975298434953,-0.341025230026545,-0.337336684347949,0.711040968397593,0.713668518428972,3.64247654859951,0.00368854567859559,2.41108044974065,0.0640960310681551,2.05578533656497,0.0177985128549124,0.000562635972453802,0.0130378354171881,2.41994855483647,2.41982686251651,-2.43899963229168,10,10.1402258890005,10.1439747584077,8.90308856179964,39,73.2047980071154,2.18599758377535,0.999999999999966,3.57400337059013,53105.0591700077
607,"joint",-4520.23817924027,-4522.45798707086,-50.3191558079431,-0.337336684347949,-0.334283567852048,0.713668518428972,0.715850761180713,3.01638993240618,0.00305311649590147,3.04051905557391,0.0823137041453117,2.5525838591122,0.0219569433821004,0.000746314284304129,0.0159804971452351,2.41982686251651,2.42002096721653,-2.43596325285929,10,10.1439747584077,10.1459833150404,8.90347280264292,41,73.1354273184044,2.21200916099912,1.00000000000002,3.5275627524783,53212.5877590179
608,"joint",-4523.36943505933,-4522.65756695537,-50.4963081230495,-0.334283567852048,-0.331032195093351,0.715850761180713,0.718182046730322,3.21396058636331,0.00325137275869657,2.42083737405223,0.0722409238201606,2.06419221553161,0.0217067347690449,0.000748735293529647,0.016958677693995,2.42002096721653,2.41943302779394,-2.43347423716341,10,10.1459833150404,10.1487719438409,8.90619896078798,42,73.2262847021629,2.22839454839404,0.999999999999988,3.49575952121464,53319.020647049
609,"joint",-4522.14611020245,-4522.55158351867,-50.6984834755576,-0.331032195093351,-0.329902585856999,0.718182046730322,0.718993770182531,1.11668254780289,0.0011296092363527,2.37770948324491,0.0664024184333999,1.99100284774949,0.0214735764035948,0.000691455054527281,0.0161428430806986,2.41943302779394,2.4191469307058,-2.4370837464485,10,10.1487719438409,10.148457687192,8.9044978800175,41,73.1918430663116,2.14332877553031,0.999999999999997,3.45528039261234,53425.2143559456
610,"joint",-4524.84917232536,-4522.5858378622,-50.7744415350368,-0.329902585856999,-0.327274068539833,0.718993770182531,0.72088614373717,2.59933597621418,0.00262851731716609,1.06941774143397,0.0348834757817803,0.56333434321633,0.0113395435848625,0.000384418303531193,0.00595782583449672,2.4191469307058,2.41942763167608,-2.433684899955,10,10.148457687192,10.1507444955612,8.90713671261122,37,73.2358312968637,2.15337108529047,0.99999999999996,3.47408436597544,53533.8876330853
611,"joint",-4521.64831287607,-4522.64953817492,-50.9339445777705,-0.327274068539833,-0.324623403556598,0.72088614373717,0.722799506116325,2.62215909236351,0.00265066498323432,1.31204567606244,0.0415113385049975,0.824749249040058,0.0135671536758187,0.000445987924741249,0.0102353975080565,2.41942763167608,2.41958617221275,-2.4330230417812,10,10.1507444955612,10.150923992179,8.90662153801575,42,73.345645811038,2.18378282973808,0.99999999999997,3.45138957475198,53640.0637750626
612,"joint",-4522.37411241692,-4522.44331177576,-51.0867645234881,-0.324623403556598,-0.323881790143926,0.722799506116325,0.723335742740293,0.733658098596267,0.000741613412672493,1.29669618147527,0.038073773847772,0.751764104849241,0.012771567246714,0.000385657241926922,0.00799331727576167,2.41958617221275,2.41961205781397,-2.43320262984654,10,10.150923992179,10.1499700588123,8.906034265452,40,73.3148801829463,2.1727966097822,1.00000000000002,3.43410688887852,53746.1167850494
613,"joint",-4518.57167198835,-4522.34522618816,-51.1319032360041,-0.323881790143926,-0.322315434584877,0.723335742740293,0.724469631506649,1.54974333002382,0.00156635555904867,1.84942918691422,0.0609177683491872,1.20857446855642,0.0161382664070897,0.00062497716400168,0.00975046498886471,2.41961205781397,2.41991432724845,-2.43504603236163,10,10.1499700588123,10.1518260629984,8.90815539334885,42,73.3167358573036,2.16225004956912,1.00000000000002,3.43319964186055,53849.4781279564
614,"joint",-4521.423517883,-4522.25472599216,-51.2432843477042,-0.322315434584877,-0.318215816120204,0.724469631506649,0.727445776947162,4.05955217261719,0.00409961846467273,1.35728659891027,0.0468688292617151,0.65181264007944,0.0145110699799131,0.000525532890750343,0.00806153091640178,2.41991432724845,2.41960307761112,-2.43065345284697,10,10.1518260629984,10.156861812078,8.9122766271024,49,73.4769486140308,2.34356164354456,0.999999999999967,3.43767738908446,53948.7583479881
615,"joint",-4517.59487730107,-4522.15044786547,-51.504877152126,-0.318215816120204,-0.315858124243197,0.727445776947162,0.729162893366738,2.33529889256529,0.0023576918770073,2.92089759931197,0.0795675614132511,2.45871003729837,0.02178386667359,0.000699521533057785,0.0151811846872092,2.41960307761112,2.41967392220443,-2.43939205456453,10,10.156861812078,10.1571425734267,8.9144335257434,39,73.3973663136887,2.18433978321523,1.00000000000002,3.40046445437654,54048.7276260853
616,"joint",-4521.69413174424,-4522.21580618387,-51.6597011293344,-0.315858124243197,-0.312584204127194,0.729162893366738,0.731554026484792,3.24456425858767,0.0032739201160034,1.46329517932298,0.053368255516644,0.872381944455141,0.01445746445614,0.000546923571215339,0.00826801051790709,2.41967392220443,2.41956749169858,-2.43498119014448,10,10.1571425734267,10.1599168755033,8.91663937893092,39,73.4752425954705,2.16574125731049,1.00000000000004,3.40838083108557,54154.0081119537
617,"joint",-4520.40773448911,-4522.08483111156,-51.858313137719,-0.312584204127194,-0.309546917892723,0.731554026484792,0.733779343210403,3.01144153713868,0.00303728623447032,1.12551482816148,0.0385586648778882,0.59502249038518,0.0111877712957005,0.000414238601273723,0.00645505125857941,2.41956749169858,2.41908093531329,-2.43793357508908,10,10.1599168755033,10.1621213891597,8.91846960765996,38,73.3393429882414,2.09448583338127,1.00000000000002,3.38310600498757,54258.4714069366
618,"joint",-4521.10064645715,-4522.02458340131,-52.048270507059,-0.309546917892723,-0.311071320661191,0.733779343210403,0.732661620094722,-1.51160705423204,-0.00152440276846773,3.21678965294393,0.0674094227527331,3.057112072825,0.0264471528387944,0.000626895021008296,0.0238853556932115,2.41908093531329,2.41956917120865,-2.44101525806,10,10.1621213891597,10.159097593052,8.91451763756497,36,73.432820910559,2.06915716531468,0.999999999999977,3.35426147979024,54363.3275289536
619,"joint",-4522.3245979422,-4522.19766384909,-51.9556856555153,-0.311071320661191,-0.313012195292467,0.732661620094722,0.731240994816709,-1.92494568284428,-0.00194087463127609,2.60474825982709,0.0711164753636282,1.91612823672544,0.0203348080476626,0.000622887185067041,0.011743812621107,2.41956917120865,2.41961355810104,-2.44150865131129,10,10.159097593052,10.1563025387246,8.91176097638765,36,73.432897291134,2.09734824965506,1.00000000000001,3.40055300071059,54467.8371219635
620,"joint",-4526.28964729397,-4522.33050600327,-51.8369323730828,-0.313012195292467,-0.311274529538272,0.731240994816709,0.732512751875806,1.72366480935884,0.00173766575419493,1.88936382375287,0.0628310852291162,1.2455810043402,0.0178169271343436,0.000682407956641822,0.00992045987917462,2.41961355810104,2.41914315222608,-2.44020006105949,10,10.1563025387246,10.1562124671526,8.91061273429989,40,73.3944205247295,2.13543470780369,1.00000000000002,3.45014471776866,54572.9400770664
621,"joint",-4516.96378586969,-4521.88854020316,-51.9256732111762,-0.311274529538272,-0.304909371475261,0.732512751875806,0.737190181822883,6.32670128776457,0.00636515806301124,2.8398819205292,0.0959809577561436,2.13109059934929,0.022630357663163,0.000909846460388033,0.0129143479501138,2.41914315222608,2.41846494535619,-2.43445445535831,10,10.1562124671526,10.1628562194509,8.91456272141961,43,73.5310827980374,2.19862229192384,1.00000000000002,3.43254028406816,54676.7389390469
622,"joint",-4514.23086191574,-4521.39016995212,-52.3353726117578,-0.304909371475261,-0.304397608703024,0.737190181822883,0.737567544865942,0.508677484158192,0.000511762772237436,2.37469477068126,0.0805870147038694,1.61282154717753,0.0200436870054493,0.000760463479143575,0.0097273030913205,2.41846494535619,2.41879534156696,-2.44171887001561,10,10.1628562194509,10.1610777800934,8.91354473739574,37,73.4539758690985,2.04693782753895,0.999999999999954,3.36274145176366,54780.7633631229
623,"joint",-4519.41881715699,-4521.26791137808,-52.3709669876608,-0.304397608703024,-0.298757770143711,0.737567544865942,0.741739059021556,5.61477418866943,0.00563983855931272,1.08953821928848,0.0392838609937022,0.628242023329345,0.011151242539467,0.00042558787357353,0.00670895519720504,2.41879534156696,2.4186763189134,-2.44459978009673,10,10.1610777800934,10.1664901548046,8.91912911977965,38,73.4914537465257,2.04309571233325,0.999999999999988,3.3858242450287,54885.1055879593
624,"joint",-4517.94174877182,-4520.98646214396,-52.7321341397331,-0.298757770143711,-0.294526062225322,0.741739059021556,0.744884532740093,4.21667868122076,0.00423170791838911,2.75556376507833,0.086503945607514,2.07906128676835,0.0220056004386657,0.000802658133379133,0.0124415375325587,2.4186763189134,2.41784304385502,-2.45105952388728,10,10.1664901548046,10.1692203292923,8.92038121347902,39,73.5542926460724,2.09432168684481,1.00000000000001,3.33378683571626,54990.1797950268
625,"joint",-4520.1564225952,-4520.80506217708,-53.0070925607562,-0.294526062225322,-0.291260010145657,0.744884532740093,0.747321341623581,3.2561896114892,0.00326605207966497,1.4176253144928,0.0510044568917726,0.960677131047522,0.0116595894294056,0.000518219070882022,0.00573941636204755,2.41784304385502,2.41796675808969,-2.44875155232412,10,10.1692203292923,10.1726043187259,8.92360764022559,43,73.6509676735276,2.17010262768065,0.999999999999983,3.29807746433237,55094.2219190598
626,"joint",-4521.34870354186,-4520.70462435354,-53.223527584105,-0.291260010145657,-0.287626486307405,0.747321341623581,0.750041690766986,3.62494542551605,0.003633523838252,2.18420905233651,0.072385231255185,1.13975556939182,0.0205553259918799,0.000712313026344303,0.0114425264581383,2.41796675808969,2.41744833654121,-2.45505290117492,10,10.1726043187259,10.1742271055331,8.92397402093095,36,73.6667044480565,2.09407583438218,1.00000000000002,3.26871605919605,55200.604651928
627,"joint",-4521.51568393941,-4520.7684995885,-53.4567646527963,-0.287626486307405,-0.287109889204375,0.750041690766986,0.7504292602316,0.515384342332059,0.000516597103029695,2.4956670698092,0.0690271840418684,2.09903598612493,0.0194434318144207,0.000613099187852586,0.0159508243673043,2.41744833654121,2.41718849428802,-2.4565046656416,10,10.1742271055331,10.1735599358055,8.92175972319497,42,73.8179905924042,2.19428689366502,1.00000000000001,3.25765555776178,55305.2117590904
628,"joint",-4524.09929893916,-4520.80499278249,-53.4824085672155,-0.287109889204375,-0.284331492243079,0.7504292602316,0.752517149757732,2.77294490351225,0.00277839696129584,2.89320671523762,0.0784419431695664,1.88767856465415,0.0230452297116226,0.000721569401601893,0.014199347880304,2.41718849428802,2.41745032831777,-2.45705545394916,10,10.1735599358055,10.1747418973233,8.92097748202724,40,73.7588641694646,2.11609522761761,0.999999999999956,3.27055300193805,55410.2119309902
629,"joint",-4521.32955757999,-4520.76416515136,-53.6644121710754,-0.284331492243079,-0.282224994381414,0.752517149757732,0.754103996282188,2.1028308735987,0.00210649786166547,2.02894548037285,0.074789742432525,1.17271972870989,0.0210228303904767,0.000814547738568509,0.0122558089611894,2.41745032831777,2.41660687508119,-2.46495462627095,10,10.1747418973233,10.1745004144971,8.91959512978006,45,73.7160442529314,2.10958966234139,1.00000000000003,3.26191159561138,55538.1990759373
630,"joint",-4519.39102118365,-4520.49125759428,-53.77909534825,-0.282224994381414,-0.278967536545529,0.754103996282188,0.756564463512405,3.25351387362765,0.00325745783588469,1.61878184177246,0.0550812923155201,0.898217681238726,0.0146926170298307,0.000594581851592213,0.0070286529578113,2.41660687508119,2.41638589134573,-2.46024286000322,10,10.1745004144971,10.177038453571,8.92166626391358,38,73.7363583455776,2.04793082865909,1.00000000000001,3.24310232756639,55650.7772619724
631,"joint",-4520.33669596305,-4520.42567674863,-53.985001157456,-0.278967536545529,-0.279808821996694,0.756564463512405,0.755928244494809,-0.84029660304246,-0.000841285451164984,3.44734375891823,0.108316567694403,2.18632924624129,0.0315914040760102,0.00103220262292637,0.0200695384117912,2.41638589134573,2.41596098312617,-2.46634149342636,10,10.177038453571,10.1738111921468,8.91595485881405,35,73.6665449090116,1.96134518377677,1.00000000000004,3.21180088371649,55759.0644481182
632,"joint",-4521.65052151008,-4520.38949720329,-53.9256237026573,-0.279808821996694,-0.277840523491832,0.755928244494809,0.757417602197662,1.96636590552552,0.00196829850486192,2.21503240601586,0.0679199162022059,1.53457535629147,0.017323248567537,0.000608519623987183,0.0102605356632581,2.41596098312617,2.41567272311378,-2.46445706515789,10,10.1738111921468,10.1754032328961,8.91594819991104,38,73.7073438743587,2.04487866061807,1.00000000000002,3.24443068096305,55864.9989080429
633,"joint",-4518.38528141276,-4520.38017767451,-54.0621459601912,-0.277840523491832,-0.273080529965847,0.757417602197662,0.761031499320546,4.76071622876827,0.00475999352598481,3.45194489916595,0.107866430023493,2.59966261551905,0.0266504645725343,0.000993565881638994,0.015147937807441,2.41567272311378,2.41491406518948,-2.45974138773406,10,10.1754032328961,10.1803966386481,8.91929228327808,41,73.8653391833584,2.15206442581,0.999999999999976,3.23403255556526,55977.7011759281
634,"joint",-4523.97668566576,-4520.50783606365,-54.3529066028103,-0.273080529965847,-0.267005764338512,0.761031499320546,0.765668657879321,6.08692956111688,0.00607476562733502,1.60086225765036,0.0558336348927967,0.706829542545633,0.0156304958078838,0.000548999314426446,0.00741535662763406,2.41491406518948,2.41404761622827,-2.4663211709003,10,10.1803966386481,10.1851334029463,8.92311865023822,34,73.7630221669147,1.99235732174578,0.999999999999961,3.16053961501342,56083.5609560013
635,"joint",-4521.25529657611,-4520.6908570274,-54.7546168016377,-0.267005764338512,-0.269350599238149,0.765668657879321,0.763875394563622,-2.35017631051529,-0.00234483489963698,2.42028391825958,0.071886996623389,1.51003640390795,0.0214359830927053,0.000692423381911772,0.014786729598551,2.41404761622827,2.41402640246161,-2.46816546313945,10,10.1851334029463,10.1818768150686,8.918082263516,35,73.8754249245995,2.0083081525034,1.00000000000003,3.11241442472347,56191.0770609379
636,"joint",-4521.6971900336,-4520.69100994186,-54.5973325355343,-0.269350599238149,-0.262234378049689,0.763875394563622,0.769330688348775,7.15055998076596,0.00711622118846031,2.6911992993748,0.0936557200528423,1.7884217093837,0.0241088337548156,0.000944582026491677,0.0105603609791945,2.41402640246161,2.41278118195152,-2.47593779330241,10,10.1818768150686,10.1864052144867,8.92174377534002,40,73.8220042554245,2.0738928684852,0.999999999999999,3.13422075139937,56296.9200429916
637,"joint",-4522.78972069205,-4520.81010925201,-55.0620398766792,-0.262234378049689,-0.260210221556172,0.769330688348775,0.770889511175697,2.034340707759,0.0020241564935167,0.759604270108821,0.0287573140037566,0.418726363687573,0.0094229067842455,0.000360803774548058,0.00480894977375329,2.41278118195152,2.41276275044287,-2.47982028027811,10,10.1864052144867,10.1879680244953,8.92317867066255,39,73.9739887179806,2.11058774854077,0.999999999999964,3.07570830747618,56402.4255430698
638,"joint",-4520.54061155743,-4520.78210750703,-55.1849693128028,-0.260210221556172,-0.257293254309857,0.770889511175697,0.7731414534545,2.93289151260474,0.00291696724631549,1.69203928684438,0.0571247462313316,1.1267286866533,0.0166307192687265,0.000587955683436904,0.0111885788142215,2.41276275044287,2.4122408658318,-2.48590573396093,10,10.1879680244953,10.1888724276255,8.92323295187561,40,73.9675628451733,2.13042082031031,0.999999999999965,3.05809424893548,56508.8666949272
639,"joint",-4519.04983146695,-4520.61836918326,-55.3822366992411,-0.257293254309857,-0.255402577322954,0.7731414534545,0.774604596938171,1.90133840618104,0.00189067698690269,2.96098207787909,0.0944940855771465,2.04867188190242,0.0248644467317614,0.000886726986071897,0.0148278274435705,2.4122408658318,2.41241761498028,-2.48817954641638,10,10.1888724276255,10.1877095258224,8.9209201181601,41,73.944502414506,2.11113876379215,1.00000000000004,3.05128807848569,56613.1510870457
640,"joint",-4520.12022642431,-4520.30989813978,-55.5021059066367,-0.255402577322954,-0.253814076563804,0.774604596938171,0.775836034739445,1.5976598082174,0.00158850075915023,2.29684356937387,0.0641172313824348,1.90094713232235,0.0199101249468376,0.000667730195683163,0.0136302237002412,2.41241761498028,2.41277119727673,-2.49307576839312,10,10.1877095258224,10.1876310876463,8.92031795737424,39,73.9590982690869,2.06705139360637,1.00000000000001,3.06565589750052,56717.8018369675
641,"joint",-4519.95612336355,-4520.45951501447,-55.6100902689091,-0.253814076563804,-0.251070178061069,0.775836034739445,0.777967773373272,2.76075887650908,0.00274389850273447,2.82208678180921,0.078591084486929,2.00117601722278,0.0236157699179636,0.000717726025705453,0.0132834247498503,2.41277119727673,2.41282883486672,-2.50165088919226,10,10.1876310876463,10.1899948345915,8.92463678505539,36,73.8536756031252,1.98384219333433,0.999999999999962,3.07558059971354,56821.7891449928
642,"joint",-4522.60358532901,-4520.87815118514,-55.7998507284792,-0.251070178061069,-0.247403139959917,0.777967773373272,0.780825847971174,3.6920540895967,0.00366703810115264,2.40169397977242,0.0692287286085057,1.76479982983652,0.0187926325618758,0.000611134853203914,0.0131762641762746,2.41282883486672,2.41200011528924,-2.5067014480184,10,10.1899948345915,10.1925249529953,8.92531665767022,32,73.9287266808537,1.93120259293074,1.00000000000003,3.06798733689059,56925.9139871597
643,"joint",-4521.40703284305,-4520.97756196944,-56.0428750599239,-0.247403139959917,-0.246608514767755,0.780825847971174,0.781446558444092,0.80007126683697,0.000794625192162133,3.67620398357151,0.107343770596817,2.63398824973347,0.0296892373975434,0.000950425615248686,0.0171627933604754,2.41200011528924,2.41145916193467,-2.5108101509334,10,10.1925249529953,10.1910736732389,8.92057230371644,35,73.9723688022527,2.02623277602303,0.999999999999988,3.03248695845,57029.7413499355
644,"joint",-4519.49706111852,-4521.05532758677,-56.0834191331269,-0.246608514767755,-0.244977234714359,0.781446558444092,0.782722356937077,1.64267883803873,0.00163128005339526,2.71802377731336,0.0933818672105037,1.59473139109933,0.0230559265437028,0.000907773040974009,0.0113242845446742,2.41145916193467,2.41148654022874,-2.51670133479,10,10.1910736732389,10.1892969083758,8.91789244301244,37,74.0283064282742,2.10325397131501,0.999999999999999,3.02864070595428,57133.3835849762
645,"joint",-4519.42760389406,-4521.01888665172,-56.1752515330484,-0.244977234714359,-0.241828584017132,0.782722356937077,0.785190760262595,3.17222517162375,0.00314865069722748,1.50321976428768,0.0443392032582076,1.15125322185199,0.0153625657100218,0.000415712644412706,0.0130727397587601,2.41148654022874,2.41087665735179,-2.52079468743009,10,10.1892969083758,10.1932220589792,8.92137719488432,35,73.9509657240423,2.01003167997517,0.99999999999996,3.02736075011775,57236.6749000549
646,"joint",-4519.70028768705,-4520.93646585898,-56.3861395089455,-0.241828584017132,-0.243260692577264,0.785190760262595,0.78406708665683,-1.44297897683549,-0.00143210856013208,1.86106962854872,0.0476683106200474,1.33618995739569,0.0153538863089603,0.000400318047730291,0.0127774459482805,2.41087665735179,2.41067201771098,-2.52092265990768,10,10.1932220589792,10.1903204935513,8.91876588203833,35,74.0007515419024,1.96263219083875,1.00000000000004,2.99680158898629,57341.2038519382
647,"joint",-4521.71357596357,-4520.94636046019,-56.2832319197148,-0.243260692577264,-0.243564328288803,0.78406708665683,0.783829052028815,-0.305941868016013,-0.000303635711538616,4.77056041866235,0.131079443366105,3.01284173203279,0.0359589163008034,0.00106767473958804,0.0191017764240648,2.41067201771098,2.41051673877482,-2.5261922882132,10,10.1903204935513,10.1877557535517,8.91262641833074,35,74.0209417274736,1.95389432992976,0.999999999999947,3.02062857512253,57444.9490261078
648,"joint",-4522.36624887564,-4520.85970795701,-56.2597415625094,-0.243564328288803,-0.245739567389514,0.783829052028815,0.782125889491007,-2.19227906940157,-0.00217523910071182,1.89320781681302,0.0495206917900487,1.61910052153756,0.0137326146710259,0.000438997583282338,0.0112032363156919,2.41051673877482,2.4110839554956,-2.52696337981127,10,10.1877557535517,10.1845282930578,8.91002175991312,36,73.994630496311,1.93253231765658,1.00000000000001,3.04295821968999,57551.4328141212
649,"joint",-4518.71446814428,-4520.72895348522,-56.1103474108733,-0.245739567389514,-0.244458136415672,0.782125889491007,0.783128772256532,1.29157524765187,0.00128143097384272,2.64924838377968,0.0800728332791981,1.74890256002053,0.0189181921290782,0.000651409771344187,0.0106362082299532,2.4110839554956,2.41150373348372,-2.53101368636186,10,10.1845282930578,10.1839540609712,8.90875098839603,37,73.9763871745812,1.95964904736485,1.00000000000004,3.08016035460954,57656.0807311535
650,"joint",-4520.73927337845,-4520.79636609496,-56.1963710052733,-0.244458136415672,-0.243625346803079,0.783128772256532,0.783781225403783,0.839411386870138,0.000832789612592796,1.08644306987895,0.04037936283244,0.656252244787665,0.0109568401568052,0.000431671337540366,0.00618429757231962,2.41150373348372,2.41145264435005,-2.53333800674992,10,10.1839540609712,10.183771660469,8.90884525227834,38,74.088992312804,2.03842663569171,0.999999999999948,3.08154020740636,57759.7211620808
651,"joint",-4520.75458718978,-4520.8172606563,-56.2533254814606,-0.243625346803079,-0.240710915859488,0.783781225403783,0.786068833578904,2.93885289056533,0.00291443094359075,1.47237962501742,0.0448184875781259,1.09816123273754,0.013898923790397,0.000452110083191813,0.0102937235203489,2.41145264435005,2.41069219170497,-2.53924459140276,10,10.183771660469,10.1868197557826,8.91059366735269,34,73.9543753727441,1.93286180802379,1.00000000000002,3.07626784407433,57866.7405631542
652,"joint",-4518.13402633347,-4520.64143589747,-56.4630445044166,-0.240710915859488,-0.237285870369123,0.786068833578904,0.788765771022719,3.45577378275047,0.00342504549036547,1.35228346700567,0.0500445448399356,0.726070322524973,0.0138269909659858,0.000530486378949026,0.00804854897816054,2.41069219170497,2.41042142503913,-2.54308107004494,10,10.1868197557826,10.1911209177885,8.91418401219993,38,74.0371921533471,1.97875981091863,1.00000000000003,3.06122705058572,57971.5633699894
653,"joint",-4519.63425514818,-4520.70388458424,-56.6940822657036,-0.237285870369123,-0.234149241360127,0.788765771022719,0.791243720794383,3.16632770087913,0.00313662900899537,2.5694629206398,0.0785303288788357,1.8081750657019,0.0202030243450418,0.000674514913868096,0.0123328418958188,2.41042142503913,2.40972645357602,-2.54405570781943,10,10.1911209177885,10.1950488377142,8.91692377087557,36,74.0648905366578,1.95249514066691,0.999999999999965,3.03248200012544,58078.4283030033
654,"joint",-4520.94834971199,-4520.55246778655,-56.8958251071908,-0.234149241360127,-0.230544096575114,0.791243720794383,0.794101417077366,3.64164685304958,0.00360514478501319,1.51456227943307,0.0483413089477377,0.8003717871425,0.011257510425754,0.000404152520887407,0.00637069064461663,2.40972645357602,2.40983672968278,-2.54646637585136,10,10.1950488377142,10.1975807777241,8.91981524853495,37,74.1320264786938,1.98460194579097,1.00000000000004,2.98498069347474,58183.3657820225
655,"joint",-4520.90310232596,-4520.53485807404,-57.1409533810774,-0.230544096575114,-0.228505597160364,0.794101417077366,0.795721843409257,2.05956717733045,0.00203849941474972,1.93906400879151,0.0489993665573428,1.48815690665683,0.0137464543636836,0.000440679419293819,0.00962520064062725,2.40983672968278,2.41011039663865,-2.54702886353074,10,10.1975807777241,10.1980755618059,8.92014650805427,36,74.1212464627277,1.90741995312931,0.999999999999978,2.95036017311438,58288.7651779652
656,"joint",-4521.75444526196,-4520.53772083546,-57.2788710017593,-0.228505597160364,-0.22555786941463,0.795721843409257,0.798070875217165,2.97948705982977,0.00294772774573414,2.35191782018265,0.0764706303764453,1.46171154956144,0.0207341443005738,0.000710696971329681,0.0135564927875874,2.41011039663865,2.40928144942783,-2.55040401681878,10,10.1980755618059,10.2001096313572,8.9210423879239,41,74.1824081124965,2.02959038057511,0.999999999999954,2.95149656924366,58393.3585619926
657,"joint",-4519.45682982787,-4520.37107629225,-57.4661859401444,-0.22555786941463,-0.224147635666629,0.798070875217165,0.799197135657279,1.42556960617452,0.00141023374800116,1.18551511977987,0.0415786709132884,0.592302896629505,0.0117228296530771,0.000432208133041793,0.00538814036886165,2.40928144942783,2.40955267478674,-2.55579215718764,10,10.2001096313572,10.2010613720745,8.92146531053002,37,74.1583906380772,2.00109727774627,0.99999999999996,2.92083783695984,58498.8047001362
658,"joint",-4519.92352524818,-4520.34022197679,-57.5631208275369,-0.224147635666629,-0.228078788249692,0.799197135657279,0.796061537069425,-3.97697684839843,-0.00393115258306268,2.85456395717496,0.0778690077032554,2.54413283612938,0.0216880478191987,0.000738811092842963,0.0169948527705029,2.40955267478674,2.41015905128348,-2.56074201577931,10,10.2010613720745,10.1961017147719,8.91547033571145,33,74.1671543167685,1.9128720829897,0.999999999999958,2.91947290489219,58603.7594261169
659,"joint",-4522.65430904136,-4520.52044585551,-57.282647758827,-0.228078788249692,-0.224758376806247,0.796061537069425,0.798709182109689,3.36096975042796,0.00332041144344518,3.24213875523557,0.100423474249837,2.25926101901088,0.0252632242599716,0.000823665698500171,0.0149229144755648,2.41015905128348,2.41067786788472,-2.55970237901619,10,10.1961017147719,10.1975446834598,8.91644382009459,36,74.1588126280185,1.96284338349181,1.00000000000005,2.97351853056821,58709.4280581474
660,"joint",-4523.42699041506,-4520.68578405505,-57.5151393654895,-0.224758376806247,-0.222035613026434,0.798709182109689,0.800886841822507,2.7570440628351,0.00272276377981238,2.16613616772838,0.0680824419393024,1.45752467050131,0.0176647681368424,0.000591492167033738,0.0105690239338445,2.41067786788472,2.41029341663933,-2.56234820912919,10,10.1975446834598,10.1998841718254,8.91893281285869,37,74.1017659505273,1.89842154267616,0.999999999999941,2.96473613849126,58814.4823379517
661,"joint",-4520.1984027077,-4520.69789802226,-57.6943278762182,-0.222035613026434,-0.224526335544768,0.800886841822507,0.798894537100032,-2.5228640191366,-0.00249072251833373,3.40947803713986,0.0901444074843232,2.63879196415225,0.0223344089384228,0.00070114785743536,0.0142561126244272,2.41029341663933,2.4108414803601,-2.56247012197484,10,10.1998841718254,10.1962511783981,8.91665429972945,38,74.134868588242,1.90312692394273,0.999999999999952,2.93774897076564,58919.9443991184
662,"joint",-4522.02043756275,-4520.66874063394,-57.5181889994926,-0.224526335544768,-0.224152791167433,0.798894537100032,0.799193015406425,0.378367416354329,0.000373544377334857,3.24554214997849,0.0907774530527046,2.54298011501141,0.022175805785658,0.000722016697758736,0.0136106404119197,2.4108414803601,2.41096542873477,-2.56293302624051,10,10.1962511783981,10.1959066437048,8.91399428818446,35,74.1568760405442,1.89342109666598,0.999999999999988,2.97509503789652,59051.0724880695
663,"joint",-4521.1334678999,-4520.65506238679,-57.5422513284745,-0.224152791167433,-0.223058685968533,0.799193015406425,0.800067895157474,1.10829813636999,0.00109410519889992,2.02429730978939,0.0658208820560257,1.41910842261731,0.0154123319038067,0.00056612309610052,0.00757359444768954,2.41096542873477,2.41075569415471,-2.56395589790836,10,10.1959066437048,10.1969835885736,8.91395771847567,37,74.2594846352951,2.00922257296856,1.00000000000002,2.97589129693758,59167.8790230751
664,"joint",-4519.67601395705,-4520.66401002871,-57.6161977182039,-0.223058685968533,-0.219674119890342,0.800067895157474,0.802780365493874,3.43043669794295,0.00338456607819116,2.86302166386721,0.0939054128719152,1.79030767230575,0.0214643958158941,0.000793844480816849,0.00956205047235667,2.41075569415471,2.40998424136773,-2.56621460537771,10,10.1969835885736,10.1982946035464,8.91428124514616,32,74.1757322185978,1.94507004757905,0.999999999999967,2.96833182006897,59274.6646709442
665,"joint",-4518.61613257824,-4520.62343646292,-57.8436202970384,-0.219674119890342,-0.217739126292622,0.802780365493874,0.804335244216519,1.9615855976463,0.00193499359772006,1.7524189972223,0.0547329244047751,1.2744486196191,0.0122333253819137,0.000472716029192015,0.00675526272967705,2.40998424136773,2.4099866507162,-2.56658740525784,10,10.1982946035464,10.199776284799,8.91510224755189,32,74.1214194897444,1.86490860181582,0.999999999999959,2.95217151431033,59381.1620731354
666,"joint",-4523.24529942135,-4520.80068704964,-57.9659988767738,-0.217739126292622,-0.210006193599679,0.804335244216519,0.810579225551408,7.86274809918344,0.00773293269294248,2.72261259298491,0.0831906847981221,2.18326319176401,0.020978000169171,0.000809882640585633,0.0140538731924078,2.4099866507162,2.40945919940728,-2.57084745688843,10,10.199776284799,10.2063817301315,8.92175884011774,38,74.2556503381433,1.97322476357349,0.999999999999962,2.92427288425045,59488.8245530128
667,"joint",-4521.93292691445,-4520.81165459718,-58.500710393274,-0.210006193599679,-0.209220875184233,0.810579225551408,0.811216038362098,0.798526450285294,0.000785318415446857,1.71986141900823,0.0425742681837453,1.52962762943471,0.0104947302594769,0.000331776648047069,0.00807026172020008,2.40945919940728,2.40972624381302,-2.5719966676293,10,10.2063817301315,10.2061693372529,8.92226265276345,31,74.2137119037184,1.84464038797572,0.99999999999996,2.84815476020655,59602.556014061
668,"joint",-4518.36398641107,-4520.61154147395,-58.5553615030793,-0.209220875184233,-0.21061441209646,0.811216038362098,0.810086366171611,-1.41711199586915,-0.00139353691222789,2.00547712122631,0.0577728568060015,1.52448721710002,0.0151129463724503,0.000483702107337463,0.00976580135675824,2.40972624381302,2.41032771914472,-2.5724241751011,10,10.2061693372529,10.2038093641808,8.91924557642105,33,74.2151469346282,1.84960050564099,1.00000000000002,2.85225236990521,59709.4381599426
669,"joint",-4519.49420423759,-4520.65052827862,-58.4553570931289,-0.21061441209646,-0.209036818108773,0.810086366171611,0.811365362155314,1.60448252117704,0.0015775939876879,3.69916275903897,0.103421961014908,2.86069149912896,0.0272673959060545,0.000829402333002953,0.0180253039122155,2.41032771914472,2.4114241350454,-2.57478735517706,10,10.2038093641808,10.2036381397902,8.918337598113,32,74.2921126559656,1.93998484607352,1.00000000000005,2.87941191716494,59816.3038380146
670,"joint",-4521.19401683024,-4520.67326545121,-58.5781712244287,-0.209036818108773,-0.205948640627686,0.811365362155314,0.813874875312264,3.14231116366597,0.00308817748108694,2.04165250030212,0.0671392335036903,1.43927291810338,0.0160825334281841,0.000601083548265658,0.00777373417091682,2.4114241350454,2.41106560467444,-2.57626743076545,10,10.2036381397902,10.2049555972387,8.91886326053513,36,74.233191131832,1.83695757553319,0.999999999999972,2.89655256629067,59922.8131330013
671,"joint",-4518.79312238927,-4520.57519221118,-58.797436483874,-0.205948640627686,-0.205993464250656,0.813874875312264,0.813838395309297,-0.0456093556370843,-4.48236229704059e-05,1.26321310562677,0.051310959800711,0.516969464622149,0.0130942843311228,0.000556017078256995,0.00528905124573805,2.41106560467444,2.41142695297425,-2.57946364506698,10,10.2049555972387,10.2033889349794,8.91701141368839,37,74.3531625325657,1.96186629030596,0.999999999999952,2.87595889590098,60029.03905797
672,"joint",-4521.82204257691,-4520.75959302335,-58.7823437073518,-0.205993464250656,-0.205113227385584,0.813838395309297,0.814555081247476,0.895701618564531,0.000880236865072102,3.05745129628088,0.0807718127746622,2.11395335639081,0.0203672525241346,0.000600525962879661,0.0118458422175599,2.41142695297425,2.4108285472776,-2.58119634507375,10,10.2033889349794,10.2037045384331,8.91599934222666,35,74.3971297589296,1.97753660801715,1.00000000000002,2.8793106358756,60135.4970541
673,"joint",-4521.17978723636,-4520.83686962776,-58.8305991256242,-0.205113227385584,-0.203061105661304,0.814555081247476,0.81622836372778,2.08861497791991,0.00205212172428044,2.11347558088434,0.0678887422835583,1.44569452300147,0.0186267240057057,0.000607822440497579,0.0127951659577208,2.4108285472776,2.41013750191309,-2.58342922069055,10,10.2037045384331,10.2058326862261,8.91719238891582,33,74.2887039203104,1.86961115656122,1.00000000000002,2.85342405113755,60241.1481990814
674,"joint",-4517.1263287894,-4520.64576858163,-58.973033174068,-0.203061105661304,-0.202875392444481,0.81622836372778,0.816379962199354,0.189016114667551,0.000185713216822594,2.52607769842339,0.0758364587739992,1.52877203302201,0.0188006627533228,0.000604155697779136,0.0128489009801894,2.41013750191309,2.41068971181625,-2.58355978510936,10,10.2058326862261,10.2044797262812,8.91635393997961,33,74.3072137847261,1.90731008836258,1.00000000000002,2.8361458324479,60347.2560670376
675,"joint",-4522.68606141643,-4520.73491653616,-58.9980155653607,-0.202875392444481,-0.201244042378869,0.816379962199354,0.817712850612451,1.66058450424296,0.00163135006561172,2.14831394741629,0.0728809232769609,1.25624864376424,0.0186396431646479,0.000655438855178896,0.0110500117362901,2.41068971181625,2.4108899917248,-2.58909375319911,10,10.2044797262812,10.2040584401303,8.91501252319564,34,74.2997118006114,1.8793603770139,0.999999999999965,2.85823566858141,60452.3253819942
676,"joint",-4519.78147617216,-4520.63626808167,-59.1118950986861,-0.201244042378869,-0.204417750543721,0.817712850612451,0.815121782483856,-3.23221049062048,-0.00317370816485177,2.48256277620492,0.0659743626398442,2.00015055254308,0.0197844842373955,0.00052290183640078,0.0173272815858229,2.4108899917248,2.41069484529034,-2.59070452974813,10,10.2040584401303,10.1999324537102,8.91122645823523,29,74.316885578685,1.8299676102398,0.999999999999947,2.86105368829021,60558.5581920147
677,"joint",-4519.69638645035,-4520.64824591279,-58.8889282477719,-0.204417750543721,-0.205119486850069,0.815121782483856,0.814549982584831,-0.714689310168257,-0.000701736306347865,1.34552051275308,0.03607944327465,1.10283824696114,0.0118687124797976,0.000329991659842152,0.00951056925127634,2.41069484529034,2.41059523667895,-2.59350006083525,10,10.1999324537102,10.1987421245275,8.90963985538468,36,74.2608025329307,1.85605933065073,1.00000000000003,2.90259144155513,60664.1902971268
678,"joint",-4519.6202039812,-4520.63307984944,-58.8470719551965,-0.205119486850069,-0.203308105542605,0.814549982584831,0.816026780315389,1.84511942630202,0.0018113813074637,1.60314725249331,0.0470311962428311,0.974880440131376,0.0140333439124484,0.000455244586155707,0.00953843582105845,2.41059523667895,2.41041818997288,-2.59425423951004,10,10.1987421245275,10.199194266519,8.90931716529383,30,74.2949472247722,1.82404030435865,0.999999999999933,2.91942470352218,60771.8012290001
679,"joint",-4520.39755295486,-4520.52024204512,-58.9664957374886,-0.203308105542605,-0.202245820994177,0.816026780315389,0.81689409354038,1.08213132605471,0.00106228454842799,1.25615559450797,0.0432639764584339,0.777289484122459,0.0105326850433172,0.000395921732495833,0.00700910228909492,2.41041818997288,2.41036817674334,-2.60126334179913,10,10.199194266519,10.1995997098129,8.90969208936903,34,74.3374926474831,1.88239488966798,0.999999999999987,2.91390177900038,60877.7007679939
680,"joint",-4519.74376736296,-4520.33608089251,-59.0457439802623,-0.202245820994177,-0.20194703442803,0.81689409354038,0.817138206988588,0.30437018663398,0.000298786566146682,1.85778520650167,0.0530027246429951,1.33469201461931,0.0145640639618991,0.000443661397880758,0.0087549496402558,2.41036817674334,2.410584690022,-2.60514741744852,10,10.1995997098129,10.1982765192114,8.90762803956176,35,74.3622794085512,1.86977223432257,1.00000000000003,2.91865846884249,60984.3438611031
681,"joint",-4522.19722975719,-4520.43602224499,-59.0670898928684,-0.20194703442803,-0.201031940841696,0.817138206988588,0.817886307159582,0.932233573507132,0.000915093586334514,1.61753928900255,0.0497418922117529,1.27915889285935,0.0132196341649252,0.000475575025562992,0.00792320732617061,2.410584690022,2.41032499844787,-2.60721448067292,10,10.1982765192114,10.1984770958291,8.90792561288354,32,74.309267848531,1.84889501014578,0.99999999999997,2.93763033993899,61089.5848839283
682,"joint",-4518.58154462779,-4520.26407759824,-59.1317872603891,-0.201031940841696,-0.198974946862189,0.817886307159582,0.819570425886548,2.09596558774358,0.00205699397950722,2.74028362573795,0.0659043073540848,2.43329364286719,0.0164330647734179,0.000458936023700041,0.0125287801919012,2.41032499844787,2.41000471399978,-2.60592154076873,10,10.1984770958291,10.1991974342835,8.90683082683126,33,74.3989699614136,1.85096580219609,1.00000000000004,2.94521870609899,61195.9505269527
683,"joint",-4522.61236264371,-4520.33802233543,-59.263513446568,-0.198974946862189,-0.199258556058443,0.819570425886548,0.819338021134409,-0.288983590762613,-0.000283609196253862,1.1554716477069,0.0407137784074098,0.765586036643285,0.0109100189603302,0.000414497864096682,0.0054663100787443,2.41000471399978,2.41008318067564,-2.60865968867176,10,10.1991974342835,10.1988641242421,8.90662915320683,33,74.3697296776967,1.83745802149133,1.00000000000004,2.92533263017481,61301.5126440525
684,"joint",-4520.99853756727,-4520.40414851594,-59.2521990516424,-0.199258556058443,-0.195159971725364,0.819338021134409,0.82270303830408,4.17976465180857,0.00409858433307822,3.8085325285473,0.0948658253878725,3.33461162672,0.0225792879991027,0.000699048975616023,0.0169092046880073,2.41008318067564,2.40930231823056,-2.61292669065157,10,10.1988641242421,10.2017306996333,8.90674120279863,32,74.3699007125704,1.79813976888997,0.999999999999931,2.93815338306813,61399.959594965
685,"joint",-4517.28512072884,-4520.33759792347,-59.5337529943084,-0.195159971725364,-0.191000755654906,0.82270303830408,0.826131963880286,4.24527087004248,0.00415921607045824,1.60004252582419,0.0542245007092087,0.792767419017569,0.0128149896308379,0.000435921231680305,0.00734316959215462,2.40930231823056,2.40888969819412,-2.61661489988333,10,10.2017306996333,10.2046080024677,8.90837544245622,33,74.354738861948,1.79612766196017,0.999999999999938,2.90980707847583,61499.0026619434
686,"joint",-4520.87509552886,-4520.21908772884,-59.8318308938219,-0.191000755654906,-0.189699410064497,0.826131963880286,0.827207746899502,1.32838311000149,0.00130134559040929,1.25545450590428,0.0372337737192653,0.803228005462372,0.00879488005167167,0.000293670713560104,0.00495264202139039,2.40888969819412,2.40894167940372,-2.61758739012176,10,10.2046080024677,10.2059239742539,8.9104142277133,35,74.4057595722705,1.86482269974767,1.00000000000004,2.88959050948001,61599.8491489887
687,"joint",-4522.48598506306,-4520.24674063628,-59.9226258841122,-0.189699410064497,-0.189045530922905,0.827207746899502,0.82774881766913,0.667478787767299,0.000653879141592196,1.81330551258956,0.0505197495170239,1.33027136930154,0.0139784211915534,0.000416351135565593,0.0112266040855758,2.40894167940372,2.4086389260435,-2.61850147111623,10,10.2059239742539,10.2055977038703,8.91044717204013,36,74.5003419065974,1.87631523740589,0.99999999999997,2.87512168364524,61705.4952509403
688,"joint",-4519.15280019117,-4520.28618132528,-59.968163738064,-0.189045530922905,-0.185879030666888,0.82774881766913,0.830374038700201,3.23398014305337,0.00316650025601708,2.66417228471734,0.0828660242988257,1.83425715284252,0.0204480689686974,0.000707778975448661,0.0106870878038849,2.4086389260435,2.40805838068248,-2.62043072272817,10,10.2055977038703,10.2065292918956,8.91003818798016,39,74.5076242157999,1.87544218641781,1.00000000000005,2.86990715383126,61811.3702399731
689,"joint",-4520.63301394282,-4520.34312181054,-60.1925341052903,-0.185879030666888,-0.184790347224643,0.830374038700201,0.831278545438421,1.11194979162858,0.00108868344224499,1.74690963750183,0.0513948597146559,1.28628677389322,0.0151299930102286,0.00043610884999365,0.0107309102175052,2.40805838068248,2.40768006040351,-2.62444074201898,10,10.2065292918956,10.2073745854844,8.91028509077124,32,74.4706513703461,1.79851680602935,1.00000000000001,2.85062911643258,61916.3302359581
690,"joint",-4519.37970780378,-4520.25240635922,-60.2702878996291,-0.184790347224643,-0.184021378739143,0.831278545438421,0.831918018278255,0.785425400423083,0.000768968485499861,3.10770549171622,0.0797335865039391,2.67427426572599,0.0243578979290807,0.000671848239724888,0.0217749232818597,2.40768006040351,2.40659815979758,-2.62773250717024,10,10.2073745854844,10.2069583943069,8.90823733719379,35,74.5910633393605,1.92230532517199,1.00000000000005,2.85070183747321,62021.6261799335
691,"joint",-4522.43654667632,-4520.43457757357,-60.316818483909,-0.184021378739143,-0.182481169996444,0.831918018278255,0.83320033294585,1.57335782180341,0.00154020874269913,1.06749115301682,0.0325577587082679,0.716199482176024,0.0071886877015624,0.00026485395719744,0.00440211894727037,2.40659815979758,2.40660375899712,-2.6286949725379,10,10.2069583943069,10.207508571416,8.90855808946375,32,74.4964757705976,1.86201289761083,1.00000000000003,2.8486712076159,62126.6659259796
692,"joint",-4522.48230273367,-4520.46759058141,-60.4269710201156,-0.182481169996444,-0.179939850412025,0.83320033294585,0.835320454081359,2.59685372943734,0.00254131958441807,0.998657690919044,0.0367855313610802,0.573860633734684,0.00858549808810425,0.000336238595156476,0.0035003471816542,2.40660375899712,2.40649642329319,-2.63169329087869,10,10.207508571416,10.2092875016599,8.91017771489998,36,74.6175252990902,1.92247565879527,0.999999999999996,2.8443191893982,62232.2560350895
693,"joint",-4521.49659033201,-4520.48343073619,-60.6078199146043,-0.179939850412025,-0.17505402407531,0.835320454081359,0.839411671104896,4.9985634523921,0.00488582633671555,2.64047057649365,0.0669488334264642,2.060799329074,0.0161583220157874,0.000469779404648669,0.0103020063936517,2.40649642329319,2.4066138988646,-2.63284452839924,10,10.2092875016599,10.2129346587593,8.91302692479607,35,74.576672658189,1.88443672060196,1.00000000000001,2.82936513092204,62337.608438015
694,"joint",-4521.42002205142,-4520.69811539929,-60.9551010712785,-0.17505402407531,-0.176960723901495,0.839411671104896,0.83781268989053,-1.95105031111331,-0.00190669982618479,1.86305443560667,0.0628095550331204,1.08784851734392,0.0160487432205642,0.000575666918804596,0.0101657155496254,2.4066138988646,2.4069123114791,-2.63451180551624,10,10.2129346587593,10.210055387531,8.90982200941512,34,74.579419696865,1.83241917671657,0.999999999999966,2.79421911812225,62442.7179760933
695,"joint",-4520.81417350552,-4520.60452100375,-60.8218949202044,-0.176960723901495,-0.175433111978891,0.83781268989053,0.839093520601568,1.56332711377313,0.00152761192260324,1.72888078734339,0.050487084451445,1.21680030783244,0.0143506124891977,0.000443061883819652,0.00977315426712417,2.4069123114791,2.40624429613061,-2.63549707534712,10,10.210055387531,10.2109594709788,8.91074996413491,37,74.6139907288638,1.90975867525366,1.00000000000004,2.82465082729616,62548.0739979744
696,"joint",-4522.28496297208,-4520.72969534374,-60.9331040881007,-0.175433111978891,-0.173338932773634,0.839093520601568,0.840852574047378,2.14361070125828,0.00209417920525718,1.48129626019124,0.0504824259447806,0.872480959975467,0.0120930350500606,0.000439334868340276,0.00558532172723007,2.40624429613061,2.4058100068452,-2.63962465734352,10,10.2109594709788,10.2132695449999,8.91209940183169,31,74.6044500841374,1.7687884342588,1.00000000000003,2.81326227548304,62691.6580159664
697,"joint",-4517.54344982568,-4520.62204851251,-61.0905763290013,-0.173338932773634,-0.173844043584379,0.840852574047378,0.840427957570199,-0.517040160362105,-0.000505110810744745,3.24547131420487,0.101301762810666,2.01903061023313,0.0228713377444545,0.000813435163807484,0.0122144047518594,2.4058100068452,2.40563106295991,-2.64252376844602,10,10.2132695449999,10.2125173340004,8.908801680693,30,74.6095474215873,1.80449701314509,1.00000000000001,2.80884791558759,62801.1173889637
698,"joint",-4523.8022044936,-4520.83114853813,-61.0589301327493,-0.173844043584379,-0.173503111910128,0.840427957570199,0.840714534929734,0.348985585438724,0.000340931674250726,1.22577634766983,0.0425167745205712,0.73162034552222,0.0103417123086733,0.000369609425731944,0.00581577427229983,2.40563106295991,2.40546441242256,-2.64690809986558,10,10.2125173340004,10.2129321074525,8.90884885149607,31,74.6283181614572,1.82921663711152,0.999999999999954,2.82713345049602,62909.3703861237
699,"joint",-4524.25316358424,-4521.0239290696,-61.0812595409992,-0.173503111910128,-0.17073910021335,0.840714534929734,0.843041494127701,2.83038799280644,0.00276401169677792,2.18851523392278,0.055769943543971,1.74789389043284,0.0135359856123022,0.000396699130972774,0.0105804902483271,2.40546441242256,2.40556335419858,-2.65026739108536,10,10.2129321074525,10.2154762628049,8.91048117661348,34,74.6291110422188,1.79250236769551,1.00000000000005,2.82900176626717,63017.6762509346
700,"joint",-4521.50351736991,-4521.11191656995,-61.288363487455,-0.17073910021335,-0.172333822175011,0.843041494127701,0.841698148758299,-1.63322606511855,-0.00159472196166022,2.18497335169211,0.0644229170161907,1.53527053793808,0.0169217188131742,0.000540298683070777,0.00923659866267883,2.40556335419858,2.40589302838277,-2.65577265568922,10,10.2154762628049,10.2149303623072,8.91013168945493,36,74.6851142500049,1.82516170182056,0.999999999999988,2.82174818931112,63126.0210590363
701,"joint",-4519.36241528311,-4520.97017584624,-61.1855080237552,-0.172333822175011,-0.172787539294347,0.841698148758299,0.841316342521456,-0.464676771714158,-0.000453717119336595,2.4440100452722,0.0618157410260201,2.20235580797466,0.0160081309342391,0.000489232840647786,0.0132140571622191,2.40589302838277,2.40598071122205,-2.65832890491854,10,10.2149303623072,10.213476365352,8.90781091754171,31,74.6792218382305,1.77334756156804,1.00000000000004,2.8456624332337,63241.3069150448
702,"joint",-4519.78998680585,-4521.03059795515,-61.1553792974077,-0.172787539294347,-0.16831843556425,0.841316342521456,0.845084686814721,4.58163377683428,0.00446910373009725,3.09856145185658,0.086795598023217,2.5427103006407,0.0186509219146895,0.000622728373109613,0.0124778998767955,2.40598071122205,2.40567767270054,-2.65856616841061,10,10.213476365352,10.2156601931488,8.90844131060974,31,74.6555808402289,1.75843472683906,0.999999999999949,2.87174547287011,63349.4458861351
703,"joint",-4517.06789512838,-4520.75337457938,-61.4727833511071,-0.16831843556425,-0.166143727171089,0.845084686814721,0.846924499378887,2.22999396868602,0.00217470839316079,1.9391134858952,0.0399062232201775,1.87437305291133,0.0108032798218714,0.000312045606627531,0.0091594875761939,2.40567767270054,2.40530718265895,-2.65818983625717,10,10.2156601931488,10.2170311849876,8.90893674622394,34,74.7070099831932,1.80453104169549,1.00000000000003,2.84698902342119,63457.128057003
704,"joint",-4520.16481311873,-4520.71168835695,-61.6172525126705,-0.166143727171089,-0.167841702764475,0.846924499378887,0.845487662451733,-1.74139268765558,-0.00169797559338557,1.87011049516895,0.049356561396567,1.24046930355868,0.0129727977930288,0.000371310966167026,0.00977432469053326,2.40530718265895,2.40537741454385,-2.65933957187296,10,10.2170311849876,10.2144061717207,8.90633911601781,32,74.6550414337426,1.77303558377044,0.999999999999961,2.82305878547036,63563.8225090504
705,"joint",-4520.12812800618,-4520.85383872082,-61.4938898682173,-0.167841702764475,-0.168076229068376,0.845487662451733,0.845289396605451,-0.240523783399487,-0.000234526303901548,3.50999132935141,0.116523020914637,1.9056356460967,0.0254605278823078,0.000936716996603355,0.0148490630609642,2.40537741454385,2.40550166108133,-2.66304723043951,10,10.2144061717207,10.211920881398,8.90407504499457,33,74.7414357201342,1.8333335000217,1.00000000000001,2.85396428268856,63672.6624081135
706,"joint",-4517.22079412113,-4520.67112365043,-61.4958799224438,-0.168076229068376,-0.16757656818658,0.845289396605451,0.845711860186205,0.512444975050413,0.000499660881796456,1.90283377839446,0.0523969222291739,1.19458972015393,0.0157030375685563,0.000414132071738338,0.0117486948971591,2.40550166108133,2.40553504694744,-2.66318667827148,10,10.211920881398,10.2112452070777,8.90293744296045,30,74.7148000461717,1.7722281085969,1.00000000000004,2.89438754329786,63780.3574309349
707,"joint",-4524.38158867966,-4520.76590383126,-61.5344599618812,-0.16757656818658,-0.169813033145052,0.845711860186205,0.843822568700521,-2.29425996155377,-0.00223646495847235,2.04709882718834,0.0615721476211005,1.28276102983664,0.0144724046703263,0.000487289498047,0.00760449151057366,2.40553504694744,2.40584543263463,-2.665666150731,10,10.2112452070777,10.2084939160934,8.89991423743333,31,74.6919648464265,1.74620478628499,0.999999999999944,2.89507350293368,63887.7159831524
708,"joint",-4518.58110277976,-4520.73731896069,-61.3788391354061,-0.169813033145052,-0.167586278079033,0.843822568700521,0.845703648454864,2.28486568335663,0.00222675506601964,1.21843469729657,0.0389102407715601,0.839512748691723,0.010347408876443,0.000349797171355218,0.00649489672373104,2.40584543263463,2.40541888278863,-2.67042402982334,10,10.2084939160934,10.2095657857272,8.90099741540969,32,74.8391899538937,1.8666471513743,0.999999999999995,2.93506011289359,63994.138231039
709,"joint",-4522.62190028305,-4520.8367632777,-61.5437774320269,-0.167586278079033,-0.167747938466501,0.845703648454864,0.84556694272562,-0.16587938205822,-0.000161660387468609,1.6333319306061,0.0471361578992714,1.30422660360018,0.0128187594305232,0.000385449497184223,0.0100391832735941,2.40541888278863,2.40503846673989,-2.67253917701146,10,10.2095657857272,10.2091335802704,8.90063200522803,30,74.7522301528689,1.75562134221111,0.999999999999968,2.92618207139699,64101.0584070683
710,"joint",-4523.99686622019,-4521.06762119852,-61.5371792113058,-0.167747938466501,-0.162636069688422,0.84556694272562,0.849900436669498,5.25214448522971,0.00511186877807964,3.85645366559628,0.107941422869069,3.21935095726862,0.0245496999384018,0.000824329379772602,0.0154507141131581,2.40503846673989,2.40434440066769,-2.6772495637896,10,10.2091335802704,10.2128839922875,8.90193163983455,32,74.7711096779315,1.77247923938635,1.00000000000005,2.93989622794662,64208.190103054
711,"joint",-4520.2690276295,-4520.95924524618,-61.9240668671239,-0.162636069688422,-0.163754924955702,0.849900436669498,0.848950052859376,-1.14962993488343,-0.0011188552672802,3.35215149155398,0.0823576796092953,2.97397051305496,0.0209836057595179,0.000583223587750246,0.0173366761800056,2.40434440066769,2.40450791505803,-2.6799762053422,10,10.2128839922875,10.2117633034138,8.89928019213751,30,74.8428618355539,1.75339908666232,0.999999999999931,2.91199109050627,64314.683339119
712,"joint",-4522.46347134549,-4520.95830367677,-61.8471697767504,-0.163754924955702,-0.166538371458726,0.848950052859376,0.846590331406225,-2.86111512588521,-0.00278344650302462,2.71682241155502,0.0790026920664842,2.2490043293601,0.021049161095557,0.000660388761584434,0.0169678646187231,2.40450791505803,2.4046238007564,-2.68385664332168,10,10.2117633034138,10.2084700623345,8.89634451308423,28,74.804677943654,1.72607280510942,1.00000000000003,2.94996531676836,64420.981292963
713,"joint",-4521.83870214396,-4520.97540926737,-61.6487188117764,-0.166538371458726,-0.169658667134658,0.846590331406225,0.843952836278116,-3.20892618224124,-0.00312029567593138,1.77719994798805,0.0473226523037332,1.55163187928263,0.0140211858047005,0.000410750059609823,0.011627061960491,2.4046238007564,2.40460498760683,-2.68260476304679,10,10.2084700623345,10.2046883306363,8.8926080523676,30,74.7730022253125,1.69177011598864,1.00000000000003,2.98184025024215,64527.3722610474
714,"joint",-4524.68239041943,-4521.13852768577,-61.4250711461268,-0.169658667134658,-0.171128772132971,0.843952836278116,0.842713048527534,-1.51202602669297,-0.00147010499831337,2.3740762757979,0.0652654887346965,1.67057966367322,0.0182319873645633,0.000516567897108648,0.0136705146038114,2.40460498760683,2.40512961201085,-2.68387801849237,10,10.2046883306363,10.2016767001246,8.88951954743013,28,74.7080830273709,1.65414953105184,1.00000000000001,3.01758175591326,64633.2923941612
715,"joint",-4515.97392922054,-4520.89651547152,-61.3258526671008,-0.171128772132971,-0.172412796875035,0.842713048527534,0.841631678524257,-1.32074844901814,-0.00128402474206435,2.54313976778928,0.0586386064114208,2.22504994309316,0.0160543292367773,0.000429666101792626,0.0127939161450104,2.40512961201085,2.40526802250997,-2.68722119343373,10,10.2016767001246,10.1999479733635,8.8872136150218,32,74.7913138900258,1.71791493186607,1.00000000000003,3.05544875482216,64739.1386311054
716,"joint",-4518.82986060505,-4520.72376035317,-61.2435071643999,-0.172412796875035,-0.169227963357942,0.841631678524257,0.84431640824236,3.27758391760742,0.00318483351709342,2.86551871330179,0.0771405525691623,1.94628943882375,0.0188459424330123,0.000552434934313843,0.0138605233252991,2.40526802250997,2.40432998633782,-2.69173636526659,10,10.1999479733635,10.2021094634926,8.88781395461735,26,74.8110613953001,1.67385643142225,1.00000000000005,3.09732224021047,64845.2385210991
717,"joint",-4520.99562117097,-4520.89636892044,-61.4740337167446,-0.169227963357942,-0.172132918874599,0.84431640824236,0.84186726568184,-2.99081736933128,-0.00290495551665663,2.94401812747194,0.0719638768689113,2.71749325680332,0.0228969128378821,0.000628101755778702,0.0196916128574108,2.40432998633782,2.40431837272688,-2.69283081899544,10,10.2021094634926,10.1972814169207,8.88221845982463,31,74.8880464693682,1.76394961277294,0.999999999999936,3.07955569282366,64951.6872711182
718,"joint",-4523.2391991337,-4520.86821865244,-61.2501174764031,-0.172132918874599,-0.173342828040144,0.84186726568184,0.840849298708886,-1.24576167072853,-0.00120990916554564,1.6470941628182,0.0409623735967727,1.49725133596848,0.0121379697956029,0.000333924371314765,0.0107861486084026,2.40431837272688,2.40421360079499,-2.69376205144028,10,10.1972814169207,10.1955299810757,8.8803797194754,36,74.9026627877813,1.824677639215,0.999999999999949,3.11940341253335,65058.097769022
719,"joint",-4517.44190591273,-4520.52765576887,-61.1699871483898,-0.173342828040144,-0.170450141784127,0.840849298708886,0.843285133272711,2.97965036712312,0.00289268625601706,2.42718979571445,0.075097304138459,1.5412877876091,0.0190992396943895,0.000591706296621562,0.0145761602993871,2.40421360079499,2.40380609586233,-2.69557171891019,10,10.1955299810757,10.1981681963226,8.88383791206656,36,74.824556802328,1.76188504623177,1.00000000000001,3.14438973286836,65164.6450021267
720,"joint",-4522.21466613932,-4520.56321320734,-61.3840445468637,-0.170450141784127,-0.167000830196586,0.843285133272711,0.846198908825451,3.55512530221676,0.00344931158754098,2.02436118857619,0.0608908645421787,1.4059196119638,0.0152654231714488,0.000470229383683273,0.0107743924358553,2.40380609586233,2.40334620806707,-2.69849036768736,10,10.1981681963226,10.2018197962242,8.88716648084697,33,74.819860062448,1.7381163448544,1.00000000000003,3.11820451223179,65266.1502361298
721,"joint",-4520.42913613103,-4520.61654924973,-61.6297866543923,-0.167000830196586,-0.167433055687401,0.846198908825451,0.845833239118335,-0.445488931139532,-0.000432225490814636,2.4015107016124,0.0667956091639701,1.98949572849273,0.0178703758766655,0.000557238487522745,0.0141450691607003,2.40334620806707,2.40296236714982,-2.69911941809103,10,10.2018197962242,10.2017556853533,8.88651307066564,34,74.9114054943779,1.78701428802525,1.00000000000003,3.07726447849388,65367.3804380894
722,"joint",-4519.71191446562,-4520.61264563272,-61.607251883566,-0.167433055687401,-0.165800933959289,0.845833239118335,0.847214869113726,1.68242975283286,0.00163212172811214,1.20436531335865,0.0406257148960692,0.669799088541972,0.00970565255959144,0.000358694172632674,0.00495744913152957,2.40296236714982,2.40287422081957,-2.70359810728766,10,10.2017556853533,10.2023657574523,8.88694270664059,33,74.8362250095567,1.74582011857437,1.00000000000003,3.0946829869061,65467.5107879639
723,"joint",-4520.45615327132,-4520.78205853987,-61.7278412249948,-0.165800933959289,-0.16224960691047,0.847214869113726,0.850228955029205,3.66310274318821,0.00355132704881845,2.49809423622317,0.0842416697873298,1.58273520190397,0.0185191547937922,0.000683860083395235,0.0111699717585227,2.40287422081957,2.40229327416508,-2.70731808052843,10,10.2023657574523,10.2033712540113,8.88761494842464,31,74.9274286994643,1.75045950474801,1.00000000000002,3.08794622778999,65573.1665461063
724,"joint",-4518.36439775023,-4520.69203777144,-61.9902600246819,-0.16224960691047,-0.16479398412642,0.850228955029205,0.848068401644683,-2.6253097547902,-0.00254437721594982,3.00715246221679,0.0727189240858185,2.3331488217593,0.0187093184590087,0.000495566697464682,0.013204520641355,2.40229327416508,2.40253122704746,-2.71002125571237,10,10.2033712540113,10.2003385459048,8.88445633035578,31,74.9540066036447,1.71175267127803,0.999999999999972,3.07550392279629,65678.3823170662
725,"joint",-4519.72101742804,-4520.67168224254,-61.8150509356651,-0.16479398412642,-0.164445702845304,0.848068401644683,0.848363819435339,0.359361726927444,0.000348281281116115,2.48377093620655,0.0783190705776576,1.4567257289099,0.0166946228022131,0.000582739955492018,0.00837374968051706,2.40253122704746,2.40247032442115,-2.71128713928745,10,10.2003385459048,10.1991978764699,8.88256852511157,29,74.9822545221664,1.73626578604217,0.999999999999976,3.13222961300721,65788.3384420872
726,"joint",-4520.51437793056,-4520.83636143301,-61.8455680105008,-0.164445702845304,-0.162655558649377,0.848363819435339,0.849883873154475,1.84739303355567,0.00179014419592739,0.810208886625076,0.0276609390309866,0.558089872098667,0.00846211112171148,0.000313772550963119,0.00519684468064437,2.40247032442115,2.40212126599354,-2.71419495629013,10,10.1991978764699,10.2011961937282,8.88415730509417,32,74.976453761539,1.79900657321661,1.00000000000003,3.15135458644114,65893.6339290142
727,"joint",-4518.42181159013,-4520.53837257853,-61.9759444126163,-0.162655558649377,-0.161024219615354,0.849883873154475,0.851271453390313,1.68373333835537,0.00163133903402263,1.55027653001929,0.052642973925264,0.959334875495844,0.0130387190303846,0.000469465998627923,0.006866673839863,2.40212126599354,2.40192137494738,-2.71894817648223,10,10.2011961937282,10.2025852427408,8.88504567693563,32,74.9865958417371,1.75740628030791,0.999999999999969,3.13604451869202,65999.5743820667
728,"joint",-4521.57324715496,-4520.68797979729,-62.0929099180061,-0.161024219615354,-0.159851052720444,0.851271453390313,0.852270722918367,1.21092925355391,0.00117316689490965,1.4792547750438,0.0504817471295846,1.01918812049289,0.0127187852648145,0.000499141546720097,0.00745498683392995,2.40192137494738,2.40208691911056,-2.72145374766071,10,10.2025852427408,10.2021454703238,8.88422292391476,35,74.98577729278,1.77118757890103,0.999999999999975,3.13281494695018,66105.3508739471
729,"joint",-4520.85061771774,-4520.59941566902,-62.1717470047421,-0.159851052720444,-0.159732400971628,0.852270722918367,0.852371852329578,0.122471044305707,0.00011865174881639,0.942683386478381,0.0278722345004912,0.67396328595213,0.00707110836882435,0.000228606127905722,0.00468845839956804,2.40208691911056,2.4019250920615,-2.72136672160544,10,10.2021454703238,10.2018639090765,8.88406424749012,32,74.9545577731824,1.6782581816739,1.00000000000004,3.14122238945828,66226.9806201458
730,"joint",-4518.9005749309,-4520.34460110456,-62.1810366880899,-0.159732400971628,-0.160589401755276,0.852371852329578,0.851641681907174,-0.88461937154237,-0.000857000783647537,2.80215954881798,0.0879838234730525,1.4021322234313,0.0198668164005279,0.00065457120570276,0.0127991036566251,2.4019250920615,2.40222718338555,-2.72222579081416,10,10.2018639090765,10.1985186356159,8.88014894842497,29,74.9532526946292,1.68034039409248,1.00000000000001,3.14752418206335,66351.0781431198
731,"joint",-4521.1328227219,-4520.38779085918,-62.1107911256364,-0.160589401755276,-0.159976013260015,0.851641681907174,0.852164229362855,0.633168094659911,0.000613388495260285,3.01144732544134,0.0858334497861553,2.138064230588,0.0198834584070421,0.000612509420721992,0.0146615063467989,2.40222718338555,2.40169105890854,-2.7239510859973,10,10.1985186356159,10.1989294020725,8.87960086557176,35,74.8822178327593,1.68267117888795,1.00000000000002,3.17509520453352,66458.9743571281
732,"joint",-4519.65541728453,-4520.24738815613,-62.1479502881908,-0.159976013260015,-0.158100752469519,0.852164229362855,0.853763758827945,1.93607173728786,0.00187526079049673,3.29711409638337,0.0826707665805265,2.39794491954479,0.0206981668368706,0.000615984139618528,0.0135958609601917,2.40169105890854,2.4010292792573,-2.72536485571022,10,10.1989294020725,10.1999188099772,8.87878691358092,35,75.0518093208485,1.79152968168771,1.00000000000004,3.16276711177555,66566.5489850044
733,"joint",-4517.87306132012,-4520.04910611494,-62.2935880158437,-0.158100752469519,-0.15438174117214,0.853763758827945,0.856944827440916,3.84226942513419,0.00371901129737898,1.56783924381148,0.0540445022375967,0.966761217604629,0.0114094878377731,0.000452462195547281,0.00540263312687928,2.4010292792573,2.40045211861467,-2.72767706590671,10,10.1999188099772,10.2028989330594,8.88125575794886,35,75.0579765771552,1.77877531634111,0.999999999999946,3.15908733536976,66674.1057200432
734,"joint",-4519.62286293787,-4519.79612974086,-62.5765721919997,-0.15438174117214,-0.155101562830242,0.856944827440916,0.856328201951141,-0.743697768788254,-0.000719821658102446,1.59738801885417,0.0402986414880599,1.09554339023616,0.0133130561597431,0.000355303549347003,0.00978904578453603,2.40045211861467,2.40046468897909,-2.72955278807022,10,10.2028989330594,10.2010378830725,8.87903341817196,27,74.9787202341029,1.64083866276704,1.00000000000006,3.1289682514012,66783.9973499775
735,"joint",-4519.77591411697,-4519.98622898568,-62.5227844583655,-0.155101562830242,-0.15512522071677,0.856328201951141,0.856307943275349,-0.0244426070251898,-2.36578865276318e-05,3.51075563365683,0.0759519580123276,2.81750071484554,0.0213993489811298,0.000481858171872923,0.018730416746689,2.40046468897909,2.39981223887058,-2.73186297379,10,10.2010378830725,10.2001547524593,8.87661513203122,31,75.0115473809987,1.69981630765624,1.00000000000002,3.14618918335334,66897.1038630009
736,"joint",-4517.57064699548,-4519.9232683052,-62.5177446803449,-0.15512522071677,-0.14968606841956,0.856307943275349,0.860978222257526,5.6278973706691,0.00543915229721007,1.68718530576048,0.0472532592438094,1.3806182748223,0.010904697451774,0.000381069546897751,0.00768792029071901,2.39981223887058,2.39924572655781,-2.73616437914801,10,10.2001547524593,10.2049984882382,8.8809458114238,33,75.0675066966352,1.70222001485125,0.999999999999947,3.16305985480809,67004.9230940342
737,"joint",-4522.10660434948,-4519.97881746413,-62.9248487697042,-0.14968606841956,-0.151121533684814,0.860978222257526,0.859743204549914,-1.48543067130133,-0.00143546526525493,2.72940850315938,0.0684690980843218,1.94732912379645,0.0175325332355415,0.000479562031093604,0.0109882029755804,2.39924572655781,2.39932614399359,-2.74064927113512,10,10.2049984882382,10.2027623228211,8.8779380074844,29,75.1837982635901,1.73675166933637,1.00000000000004,3.11113045294054,67113.5745141506
738,"joint",-4521.65569687552,-4519.89964235122,-62.8271219918747,-0.151121533684814,-0.152828422250644,0.859743204549914,0.858276970409648,-1.76655898272734,-0.00170688856582965,3.30516840845499,0.0655675542599032,3.20355527294305,0.0187717247694324,0.000450562013967692,0.0174624187788657,2.39932614399359,2.39983857642938,-2.74206936305136,10,10.2027623228211,10.200672018692,8.87519054836309,30,75.1065776117526,1.66689152442325,1.00000000000004,3.15683935770041,67221.1090979576
739,"joint",-4522.52626444076,-4520.15386027762,-62.7070201440577,-0.152828422250644,-0.154642987080751,0.858276970409648,0.85672098335129,-1.87830871303707,-0.00181456483010728,2.3906266827693,0.0702749773784709,1.86393774658131,0.0197940696187833,0.00055353874570509,0.0167044581329852,2.39983857642938,2.40046282569157,-2.74428738668865,10,10.200672018692,10.1981331110833,8.87232430627831,34,75.1469036085638,1.75224465667476,1.00000000000002,3.20525541079039,67328.4069981575
740,"joint",-4520.9667986286,-4520.09146690209,-62.5857268907619,-0.154642987080751,-0.150990124970347,0.85672098335129,0.859856189722651,3.78370879391971,0.0036528621104044,2.34696202240308,0.0632727137658107,1.84252595664827,0.0138687687339553,0.000455825420971469,0.0099878956825037,2.40046282569157,2.40015618857474,-2.74676723483664,10,10.1981331110833,10.2015422155263,8.87539476186294,33,75.1105335070101,1.68916517705949,1.00000000000003,3.24490328439755,67435.1118910313
741,"joint",-4522.34454541682,-4520.18723736638,-62.8535600556252,-0.150990124970347,-0.155333144355452,0.859856189722651,0.856129915120723,-4.50283631003595,-0.00434301938510466,4.42012853262243,0.0950531486530621,3.51453468918847,0.0271155931020949,0.000624732870111901,0.0225711897609164,2.40015618857474,2.40004979603904,-2.74721831742125,10,10.2015422155263,10.197506760453,8.87044817585201,30,75.0956277840207,1.67266198630349,0.999999999999979,3.19533013985068,67545.1550760269
742,"joint",-4521.58956659437,-4520.28111997281,-62.555343755446,-0.155333144355452,-0.15066108296467,0.856129915120723,0.860139165080748,4.84928202861126,0.00467206139078167,1.9791632086405,0.0503512262921253,1.59738482145571,0.0107275764776684,0.000319044170047679,0.00741932040051924,2.40004979603904,2.39967511374441,-2.75065203789571,10,10.197506760453,10.2007876541836,8.87333196668589,31,75.1392325045144,1.65175879091807,1.00000000000004,3.28279699061724,67651.7935299873
743,"joint",-4519.55537360391,-4520.23608098944,-62.8982973209849,-0.15066108296467,-0.152141719099073,0.860139165080748,0.858866554321546,-1.53696810860142,-0.00148063613440254,4.072459927598,0.109393398031059,3.37281139841542,0.0242886838241198,0.000723031526546942,0.0177926718329236,2.39967511374441,2.40009368058227,-2.75105844292688,10,10.2007876541836,10.1973921944032,8.86938948402127,29,75.1623974015417,1.64213376172545,0.99999999999997,3.2361414710681,67758.5370099545
744,"joint",-4519.97291056893,-4520.31650663038,-62.7952326218165,-0.152141719099073,-0.154615854452632,0.858866554321546,0.856744228758487,-2.56905221547942,-0.00247413535355901,3.84418770134418,0.108231331435111,2.73393333871269,0.025934749896493,0.00075180821565766,0.0172434222054659,2.40009368058227,2.3994273961928,-2.7536230330574,10,10.1973921944032,10.1964279601589,8.86833854932393,28,75.2009836015634,1.66004852776591,0.999999999999945,3.29294438155227,67865.0236251354
745,"joint",-4519.43454495874,-4520.30218300691,-62.6101843654412,-0.154615854452632,-0.152044136595731,0.856744228758487,0.858950368759298,2.67126183648955,0.00257171785690071,3.02749988524572,0.0723987642313307,2.44858182446991,0.0184133519095685,0.000497188724548923,0.0152627171564978,2.3994273961928,2.39859874786109,-2.75610621520666,10,10.1964279601589,10.198342905811,8.86886159201859,35,75.2240478246493,1.76122054315967,1.00000000000006,3.30895489309653,67970.9424829483
746,"joint",-4518.44340726686,-4520.19863447373,-62.8017249242763,-0.152044136595731,-0.148942473704264,0.858950368759298,0.861618679204271,3.22327037233793,0.0031016628914668,2.44764252656964,0.0740206922881482,1.47011197448381,0.0161899060167998,0.000532629568716295,0.00992399917549881,2.39859874786109,2.39810183925467,-2.75817309341031,10,10.198342905811,10.2011419816357,8.87094765340023,32,75.2249909530204,1.71549413454696,0.999999999999929,3.30093171679261,68077.5285999775
747,"joint",-4519.1914398248,-4520.23711588546,-63.0299561864847,-0.148942473704264,-0.148570554055657,0.861618679204271,0.86193919171943,0.386504245438207,0.000371919648607444,3.55398706370748,0.0813230370899662,3.24797944456565,0.0217020733929322,0.000523514080225889,0.0197731581280361,2.39810183925467,2.39750096338911,-2.76055240246303,10,10.2011419816357,10.2002858490335,8.86977275312721,29,75.1540176884811,1.58364454901546,1.00000000000005,3.27534213527544,68184.7862620354
748,"joint",-4522.46397789735,-4520.28165242258,-63.0600511592266,-0.148570554055657,-0.147459670454824,0.86193919171943,0.862897237872783,1.15451744723975,0.00111088360083252,1.99489898802981,0.0621993472189553,1.12352204931985,0.0128793094049655,0.000452734897110173,0.00728691952611301,2.39750096338911,2.3973343965931,-2.76062736707922,10,10.2002858490335,10.2004001381647,8.86889828045746,36,75.2368440970581,1.6883479734624,1.00000000000005,3.28604136398567,68290.8873479366
749,"joint",-4519.6751468178,-4520.22287887759,-63.1448122242939,-0.147459670454824,-0.145602564930892,0.862897237872783,0.864501218019027,1.93038275929102,0.00185710552393185,3.6891768904239,0.0829282682344252,3.51114899287675,0.0233475697720935,0.000630943958926459,0.0208884038302644,2.3973343965931,2.39674800169285,-2.76575678062943,10,10.2004001381647,10.2006733438648,8.86899038800917,29,75.2043497023408,1.62926925914165,0.999999999999993,3.29430259360279,68397.8345279694
750,"joint",-4517.66976874155,-4520.16133856812,-63.2984623410879,-0.145602564930892,-0.150527639158862,0.864501218019027,0.860253952983158,-5.12562688065613,-0.00492507422796956,3.9970336482543,0.0994478196480651,2.89187388330297,0.0230993992103637,0.00068112392172807,0.0152391128351061,2.39674800169285,2.39711567357112,-2.76718070362028,10,10.2006733438648,10.195315648015,8.86302638395013,36,75.2825129612825,1.6681385708677,0.999999999999951,3.3083465426903,68504.5731620789
751,"joint",-4518.5194281288,-4520.03066883846,-62.9349021675531,-0.150527639158862,-0.148687792290334,0.860253952983158,0.861838145413555,1.91509094918261,0.00183984686852771,2.42520820200179,0.0592554947637802,1.77094572020563,0.0136669298536456,0.000393273194662469,0.00887950731488425,2.39711567357112,2.39684960954162,-2.77042805803246,10,10.195315648015,10.1958917836761,8.86225688327215,32,75.2580203811408,1.70421731290092,1.00000000000005,3.39447055544778,68613.6839470863
752,"joint",-4516.04287797011,-4519.85004187274,-63.0636163344851,-0.148687792290334,-0.144404373001163,0.861838145413555,0.865537677216221,4.46269385325013,0.00428341928917136,4.55256507484715,0.118033652218299,3.0926331416043,0.0254460306537051,0.000717160638749986,0.0178219103836572,2.39684960954162,2.39568292205339,-2.77156853875178,10,10.1958917836761,10.198726521017,8.8643350981861,28,75.1977858397689,1.6169334361787,0.999999999999967,3.38907790326408,68721.933660984
753,"joint",-4519.31296785876,-4519.92203719967,-63.3791542003575,-0.144404373001163,-0.143325758193573,0.865537677216221,0.866471762640018,1.12382360366828,0.00107861480758995,2.50991606209009,0.0661081370133663,1.9299927003515,0.0180416115732011,0.000546317657021669,0.0117843311586826,2.39568292205339,2.39494917408909,-2.77413673471419,10,10.198726521017,10.2013729193508,8.86666742491662,32,75.2353152050687,1.61252193518456,0.999999999999966,3.34563616439931,68829.3955090046
754,"joint",-4517.64027676779,-4519.82290789117,-63.4778523651561,-0.143325758193573,-0.147407910422179,0.866471762640018,0.862941902617899,-4.25679879081372,-0.00408215222860589,3.32255958137643,0.0900238019602273,2.06659594944808,0.0184733945069797,0.000546747151105244,0.0112384293768774,2.39494917408909,2.3952541279069,-2.77452956567351,10,10.2013729193508,10.1970345658401,8.86272257386304,32,75.3007533659592,1.62379144118241,0.999999999999951,3.34100622053975,68936.7445681095
755,"joint",-4521.34413218737,-4519.90131879469,-63.1899783525246,-0.147407910422179,-0.144365216021423,0.862941902617899,0.865571569721071,3.17433961893485,0.00304269440075521,1.00034494904171,0.0361352580635865,0.564716809015345,0.00686306305643139,0.00027827129193022,0.00274392479565601,2.3952541279069,2.39511334445429,-2.77654986691715,10,10.1970345658401,10.1991478832968,8.86443908558673,34,75.3420584132818,1.68681912871401,1.00000000000001,3.41864334213788,69074.5974900723
756,"joint",-4520.55610412618,-4520.05059165122,-63.4192263861296,-0.144365216021423,-0.140564116114374,0.865571569721071,0.868867954709674,3.96842619732375,0.00380109990704944,2.03510908291721,0.0566480344222445,1.26694210637466,0.0111661697096943,0.000364974386883254,0.00643972275144771,2.39511334445429,2.39525303771609,-2.77831362981936,10,10.1991478832968,10.2015309417375,8.86619720619164,30,75.339484813014,1.70701445280643,0.999999999999919,3.40252577672602,69176.6167459488
757,"joint",-4522.46493244058,-4520.06850805578,-63.7031928290844,-0.140564116114374,-0.138463271766339,0.868867954709674,0.870695229779702,2.19380872840348,0.00210084434803472,1.27853219857122,0.0373140984329884,1.09618279056266,0.00883762082484849,0.000317561081134185,0.00622364607805433,2.39525303771609,2.39502572663371,-2.78074796104779,10,10.2015309417375,10.203149110393,8.86770596841919,29,75.447759186936,1.61971006487265,0.999999999999925,3.38432634718255,69279.4447071552
758,"joint",-4518.5109577633,-4519.91127110017,-63.8684441249305,-0.138463271766339,-0.13422432636295,0.870695229779702,0.874393892999124,4.43050511051687,0.00423894540338952,1.88842596559374,0.0600170125878398,1.20904811366751,0.0124484787230341,0.000445945127985012,0.00674527909820119,2.39502572663371,2.39489829199216,-2.78160703509518,10,10.203149110393,10.2074363154231,8.87130610828802,33,75.3704295806622,1.65995035682646,0.999999999999947,3.37754424197682,69384.9966731071
759,"joint",-4521.81831977158,-4519.87587386671,-64.1866945115186,-0.13422432636295,-0.136088987585124,0.874393892999124,0.872764963786487,-1.94926494433694,-0.00186466122217406,3.9910232519877,0.106726271632258,3.03403023838274,0.0227983866318341,0.000672531426953885,0.0169532982013332,2.39489829199216,2.39478323127229,-2.78230910026321,10,10.2074363154231,10.2058746596701,8.8687058463887,30,75.5005887465752,1.65553016250986,0.999999999999948,3.33431585666895,69493.6848700047
760,"joint",-4518.98339330562,-4519.77670360056,-64.054211847897,-0.136088987585124,-0.13548417572972,0.872764963786487,0.873292982043322,0.632265044642594,0.00060481185540379,2.35361699347508,0.0712871817268045,1.37348115649888,0.0134901091671305,0.00047582876489063,0.00765211979327466,2.39478323127229,2.39461126583521,-2.78672162891077,10,10.2058746596701,10.2064576397102,8.86919524459677,35,75.5079133768799,1.7011364233527,0.999999999999967,3.38408879364422,69601.7868230343
761,"joint",-4516.89452038001,-4519.50420234872,-64.1212917227165,-0.13548417572972,-0.135454020721917,0.873292982043322,0.873319316597067,0.0315237838862894,3.01550078029938e-05,2.60119755445273,0.0592331423536665,2.44987491801743,0.0154707265949389,0.00042753125862909,0.0135236772694756,2.39461126583521,2.39422255075516,-2.789540928063,10,10.2064576397102,10.2068095837502,8.86933455058094,32,75.4536616143889,1.62098366141831,0.999999999999955,3.41294763961574,69709.8404140472
762,"joint",-4521.34132129114,-4519.49179008356,-64.1395056441426,-0.135454020721917,-0.136783435301689,0.873319316597067,0.872159084550363,-1.38988130858017,-0.00132941457977206,3.59435606485783,0.102210114269697,2.61271879014109,0.0199852014253581,0.000685958211203508,0.013076102834328,2.39422255075516,2.39445926098626,-2.79067562914475,10,10.2068095837502,10.2044599080585,8.86616016161184,35,75.5198868870769,1.6598348740782,0.999999999999932,3.43351330914827,69841.998939991
763,"joint",-4517.80084163084,-4519.4040634849,-64.0456883556823,-0.136783435301689,-0.135225591949513,0.872159084550363,0.873518830642981,1.62889754133791,0.00155784335217624,1.49346062341572,0.0442828381230067,1.12063024056541,0.00909898380113416,0.000324466817244688,0.00505724954400387,2.39445926098626,2.39449239179579,-2.7926781581569,10,10.2044599080585,10.2049711759581,8.86737384998259,28,75.4798461077482,1.56900444865577,0.999999999999933,3.48254563179792,69960.6991169453
764,"joint",-4520.40446791406,-4519.42564135216,-64.164758384252,-0.135225591949513,-0.13067942303178,0.873518830642981,0.8774990352861,4.75844230048002,0.0045461689177326,2.50709031020866,0.0662483636068063,1.95854118834748,0.0138126442328727,0.000435905975114483,0.00880430267796851,2.39449239179579,2.39385275631709,-2.79850213769975,10,10.2049711759581,10.2084914952518,8.87000837165675,29,75.5213526824459,1.60116364593963,1.00000000000006,3.47993489753283,70070.9594089985
765,"joint",-4516.75535312594,-4519.29168176052,-64.5190546414338,-0.13067942303178,-0.13061246220862,0.8774990352861,0.877557795311113,0.0700874275896479,6.69608231599254e-05,2.50051440946944,0.0724101660226332,1.60297584562757,0.0144653611560746,0.000516116780892704,0.008695344764666,2.39385275631709,2.39367865484772,-2.80127800338042,10,10.2084914952518,10.2082120358413,8.87014480411341,37,75.599130455036,1.65983265569421,0.999999999999943,3.45145905959888,70180.5185210705
766,"joint",-4521.1225221761,-4519.42563750598,-64.5322716357093,-0.13061246220862,-0.128392959860936,0.877557795311113,0.879507700006593,2.32371008321338,0.00221950234768472,1.14169075163272,0.0364544026825074,0.886504172656638,0.00819248797561078,0.000309645646313946,0.00397966511719366,2.39367865484772,2.39330627896897,-2.80262605123148,10,10.2082120358413,10.2094619854954,8.87119451864035,33,75.610924708943,1.65277910060944,1.00000000000005,3.45379121664485,70290.395868063
767,"joint",-4518.24423691719,-4519.3782773606,-64.6958344501706,-0.128392959860936,-0.123845589221003,0.879507700006593,0.883516254783749,4.76580404756491,0.00454737063993252,2.12019743998615,0.055526037902204,1.39994635208165,0.012108364425978,0.000354135020487205,0.0071566115504606,2.39330627896897,2.39277360807006,-2.80600271482622,10,10.2094619854954,10.2132634785546,8.87466778386743,29,75.5485875270519,1.56693852546902,0.999999999999954,3.43663204817105,70402.667443037
768,"joint",-4520.72755227589,-4519.29145607953,-65.0341946993781,-0.123845589221003,-0.122331129534804,0.883516254783749,0.884855318256606,1.58738896133697,0.00151445968619937,2.4115675096015,0.0673477150959219,1.71679505782604,0.0182893548723533,0.000530764901057714,0.0144976499763682,2.39277360807006,2.39273624053189,-2.80850905486726,10,10.2132634785546,10.2158276391487,8.87688606650893,34,75.5678720276909,1.63195393440935,1.00000000000001,3.38227527115342,70516.628549099
769,"joint",-4522.18228697964,-4519.41681308762,-65.1571639298009,-0.122331129534804,-0.123793656462538,0.884855318256606,0.883562139411456,-1.53311933954068,-0.00146252692773424,3.43366165749042,0.0772416223007528,3.1511707877848,0.0191361682393331,0.000491537379776314,0.0169706148512215,2.39273624053189,2.3924276003733,-2.80952217030086,10,10.2158276391487,10.2139497793531,8.87439376264847,31,75.6286152472406,1.57457107561234,1.00000000000004,3.38203341223168,70626.7898459435
770,"joint",-4519.3472872025,-4519.50068901067,-65.0575666613436,-0.123793656462538,-0.12239919428687,0.883562139411456,0.884795092848391,1.46191142007631,0.00139446217566758,3.18727751069976,0.0804401137518551,2.71246101579743,0.0190826778103298,0.000561990209990022,0.0144545354503514,2.3924276003733,2.39183574342542,-2.8089854361764,10,10.2139497793531,10.2155735751741,8.8763712228076,27,75.6238147146246,1.52504238451352,1.00000000000005,3.43316999646341,70738.7050540447
771,"joint",-4517.30479250873,-4519.43995722967,-65.1807978711628,-0.12239919428687,-0.121595685539194,0.884795092848391,0.885506319145406,0.842401146634198,0.000803508747676132,2.82852559777962,0.0775235039355722,2.1201240691069,0.0171711218229447,0.000531701369728273,0.0112265851571738,2.39183574342542,2.39115705388971,-2.81008891868417,10,10.2155735751741,10.2157792737738,8.87662801529108,30,75.689077853464,1.61184671015296,1.00000000000002,3.43276517091993,70850.1500380039
772,"joint",-4517.83112200645,-4519.52936943148,-65.2295556769164,-0.121595685539194,-0.119674165289194,0.885506319145406,0.887209473267677,2.01489999841754,0.00192152025000039,3.51228855333962,0.100092309798483,2.48242359414933,0.0220165649521054,0.000675464170941583,0.0130329340748157,2.39115705388971,2.39011704623132,-2.81068256775149,10,10.2157792737738,10.218117681057,8.87923317099625,30,75.7102335379327,1.66585380523695,1.00000000000005,3.42804461123205,70962.454102993
773,"joint",-4519.87295807364,-4519.55736894223,-65.3864564681661,-0.119674165289194,-0.116892891686873,0.887209473267677,0.889680480235762,2.91756327466955,0.00278127360232101,2.72279675617207,0.0709540530204101,2.0747456623009,0.0148086437323664,0.000420662724805583,0.0108285403201313,2.39011704623132,2.38953374597625,-2.81132266788838,10,10.218117681057,10.2203369915988,8.88100678378563,26,75.663683759305,1.46859510661845,1.00000000000001,3.41633472301581,71074.8803870678
774,"joint",-4518.57733531493,-4519.60422186958,-65.6015403976081,-0.116892891686873,-0.116064288694032,0.889680480235762,0.890417977648443,0.869236544803684,0.000828602992840941,3.34570097206294,0.0960223818020436,2.14551175058575,0.0182453621986103,0.000587255410467435,0.0111283304785085,2.38953374597625,2.38919944764073,-2.8139594956292,10,10.2203369915988,10.2207646882458,8.88045380506648,26,75.6957422257829,1.50036318436999,0.999999999999949,3.39839028243243,71189.1222980022
775,"joint",-4521.93135881871,-4519.63358320115,-65.664726029116,-0.116064288694032,-0.115942052735675,0.890417977648443,0.890526825395698,0.128230337556424,0.000122235958357333,3.70731879802172,0.081155084614286,3.4392217898485,0.0198808071332039,0.000485193201177774,0.0175613155159921,2.38919944764073,2.38874706947206,-2.81530576314536,10,10.2207646882458,10.219842438805,8.87886883641806,29,75.7240143747633,1.53580759995425,1.00000000000007,3.39072451425083,71301.050629139
776,"joint",-4520.16729777804,-4519.61414288374,-65.6826664319596,-0.115942052735675,-0.112269722293646,0.890526825395698,0.893803146350591,3.85501967669962,0.00367233044202879,2.82516203249548,0.0735252378114069,2.32280152522368,0.014045417731631,0.000426831987777425,0.0102918414671782,2.38874706947206,2.38854694213439,-2.81599302534737,10,10.219842438805,10.2212650650545,8.87949654174064,32,75.7932265936635,1.57554135323012,1.00000000000003,3.41515187502313,71416.744423151
777,"joint",-4521.01607439717,-4519.54169998157,-65.952667749197,-0.112269722293646,-0.112066497659318,0.893803146350591,0.893984807626567,0.213334991035843,0.000203224634327548,1.81429008406903,0.0530445706128281,1.26605423409077,0.0109084607334928,0.000363440944887681,0.00711423589066477,2.38854694213439,2.3885565127511,-2.81764740009112,10,10.2212650650545,10.2219474346974,8.88025644547514,29,75.7622365797037,1.53457852070655,1.00000000000004,3.38423206074299,71532.49269104
778,"joint",-4517.35621173159,-4519.48396267999,-65.9894709987281,-0.112066497659318,-0.110252717896941,0.893984807626567,0.89560777058226,1.90432795946373,0.00181377976237743,2.0608509688191,0.0515495523836495,1.43536353226358,0.0110656175962177,0.000327857020498299,0.00729668805188323,2.3885565127511,2.38800879382467,-2.81910209959295,10,10.2219474346974,10.2233829743197,8.88125146881573,35,75.8165092286661,1.59222178843163,1.00000000000006,3.39172500953543,71650.697247982
779,"joint",-4521.27090579672,-4519.45659198124,-66.1278352397971,-0.110252717896941,-0.110670646726089,0.89560777058226,0.895233548479875,-0.438796661841207,-0.000417928829147873,3.93172821648586,0.0953770130251363,3.38646384714167,0.0200820664961434,0.000614515654274181,0.016338090821683,2.38800879382467,2.38800508309352,-2.82025071777681,10,10.2233829743197,10.2227957134345,8.87965365738108,32,75.8240093230867,1.59235438605437,0.999999999999959,3.37672655218215,71767.7920620441
780,"joint",-4520.24636574805,-4519.51974060337,-66.1132383886913,-0.110670646726089,-0.113858975211609,0.895233548479875,0.892383795244853,-3.34922940912098,-0.00318832848552058,3.38642067914896,0.0957203714323638,2.32165431237129,0.0196288435744919,0.000659166268717068,0.0116735447985175,2.38800508309352,2.38859633836482,-2.82197016325696,10,10.2227957134345,10.2184801877908,8.87543084117207,28,75.7722493998351,1.48947097066958,0.999999999999945,3.42952732165772,71885.8613510132
781,"joint",-4519.16429144425,-4519.63322915658,-65.8736345557329,-0.113858975211609,-0.113457945416421,0.892383795244853,0.892741739503849,0.42127139368887,0.000401029795188479,3.34935935099233,0.0741299097216414,2.81344380583766,0.0167842715591809,0.0004164817142168,0.0140068616601597,2.38859633836482,2.38810505272832,-2.82295590771789,10,10.2184801877908,10.2181581949701,8.87503709010872,29,75.8027153633963,1.56236607771841,0.999999999999956,3.4987996900321,72003.7694671154
782,"joint",-4518.32359557089,-4519.48234287057,-65.9006385650671,-0.113457945416421,-0.111817273085672,0.892741739503849,0.89420763837539,1.72371572132672,0.00164067233074882,5.00805478317082,0.119336621224103,4.4018645477259,0.0254968513884705,0.000731892000961737,0.0214068709779926,2.38810505272832,2.38747759780036,-2.82414142941053,10,10.2181581949701,10.2180921033519,8.87390089360803,31,75.8421712539022,1.56360420582686,1.00000000000004,3.49924706828579,72121.7099781036
783,"joint",-4519.09107948534,-4519.54685476329,-66.019303335954,-0.111817273085672,-0.112560537960263,0.89420763837539,0.89354325218524,-0.780907141389085,-0.000743264874591246,2.9917126871231,0.0689784007395427,2.19253431182864,0.0150425950038528,0.00041062767163622,0.0106024950083038,2.38747759780036,2.38750464228428,-2.82727020164776,10,10.2180921033519,10.2176022117187,8.87272601539713,31,75.8061027224159,1.52349878116016,0.99999999999995,3.52207134755583,72239.1091880798
784,"joint",-4520.37204302617,-4519.5452335189,-65.9791919600398,-0.112560537960263,-0.11188583619002,0.89354325218524,0.894146330825513,0.708887829198089,0.000674701770243108,3.24322205387569,0.0898646137091365,2.38437235372202,0.0173294314682921,0.000538496742495926,0.0114542831938269,2.38750464228428,2.38734838067031,-2.82707607778507,10,10.2176022117187,10.2170823797403,8.87079083109015,31,75.8533854366555,1.52275902893481,1.00000000000002,3.56850926403905,72357.7487981319
785,"joint",-4520.96199666136,-4519.75556569567,-66.0288814828845,-0.11188583619002,-0.112950302258088,0.894146330825513,0.89319504879001,-1.11846422795865,-0.0010644660680677,1.2413476215187,0.0357458674496701,0.757005716624491,0.00776845360705234,0.000256370890996914,0.0047614845997197,2.38734838067031,2.38741082564292,-2.82861326625786,10,10.2170823797403,10.2160864943162,8.87025548564295,30,75.919148963108,1.57089661130244,0.999999999999948,3.59025850901333,72475.7604401112
786,"joint",-4516.67720095837,-4519.53329963478,-65.9566780881176,-0.112950302258088,-0.117441833358319,0.89319504879001,0.889192231568168,-4.72414478976714,-0.00449153110023131,4.56712885195578,0.125539687479591,3.0523025927539,0.025658299332678,0.000815019532061914,0.0144984390744336,2.38741082564292,2.38794193810586,-2.83114910806748,10,10.2160864943162,10.2117601075835,8.86480261184477,29,75.8590566083201,1.54407595661419,1.00000000000005,3.60869322822591,72594.6099431515
787,"joint",-4521.13323565297,-4519.67774957157,-65.6195658882219,-0.117441833358319,-0.112597112048842,0.889192231568168,0.893510572252809,5.10161710995304,0.00484472130947754,4.38622646394342,0.12035506691059,3.03389871337254,0.023477960836763,0.000730717398047155,0.0142636695699256,2.38794193810586,2.38680837781891,-2.83227401425527,10,10.2117601075835,10.2161220840664,8.86837472523202,31,75.8632608935273,1.58895951839065,1.00000000000006,3.70241082944188,72713.3790681362
788,"joint",-4518.93550614334,-4519.58814726494,-65.9913063857189,-0.112597112048842,-0.11090668845372,0.893510572252809,0.895022260943777,1.78031424342497,0.0016904235951217,2.32156670368961,0.0607629413661699,1.80766542583402,0.0127060750974723,0.000398985167196756,0.00846809071693528,2.38680837781891,2.38654358860676,-2.83334556654767,10,10.2161220840664,10.2172720709992,8.86864984874689,34,75.9044908443832,1.55378762374588,0.999999999999974,3.66003384535105,72832.605353117
789,"joint",-4519.92935483234,-4519.47550065758,-66.1308193743073,-0.11090668845372,-0.111915129860637,0.895022260943777,0.894120138381053,-1.06212070251893,-0.00100844140691683,2.49769216262169,0.0555419369000074,2.31753299760941,0.0126704948186339,0.000341315516212836,0.0107931677118554,2.38654358860676,2.38660559796885,-2.83359339665926,10,10.2172720709992,10.2157691637766,8.86751081798614,33,75.9736547973033,1.58774657461859,1.00000000000003,3.66208456124559,72958.4150500298
790,"joint",-4517.86841888695,-4519.4015572418,-66.0562416504629,-0.111915129860637,-0.108568516132579,0.894120138381053,0.897117425694704,3.52672933301535,0.00334661372805764,1.96626920462185,0.0609682544835105,1.24175654712184,0.0113907168019072,0.000401583061492828,0.0057734371285818,2.38660559796885,2.38634782615048,-2.83495430901162,10,10.2157691637766,10.2177562499293,8.87006849538473,31,75.9408359620713,1.5117955301682,0.999999999999925,3.69105650970144,73113.2124350071
791,"joint",-4516.76060513612,-4519.37434787317,-66.3188759406789,-0.108568516132579,-0.111800114329531,0.897117425694704,0.894222981997835,-3.40730326347507,-0.00323159819695191,2.75502756896802,0.0695594201972406,2.24228256934148,0.0151255104735814,0.000428271626746324,0.00974318631284727,2.38634782615048,2.38692757743491,-2.83479785569746,10,10.2177562499293,10.2148924030595,8.86826872770756,27,75.9360608759291,1.48509581810869,1.00000000000004,3.66814092758755,73269.5202839375
792,"joint",-4518.6954876624,-4519.41756615597,-66.0782055642832,-0.111800114329531,-0.109534141399203,0.894222981997835,0.8962515645573,2.38978964645689,0.00226597293032749,1.38371630468474,0.0408651050912248,0.815429755177275,0.00806326980657623,0.000283930980754149,0.00382281949982613,2.38692757743491,2.3868948147638,-2.83742722809753,10,10.2148924030595,10.2162130105495,8.86935415246172,30,75.9276185133701,1.55841192709547,0.999999999999929,3.69579701950905,73446.2894120216
793,"joint",-4517.90233168624,-4519.3190348366,-66.2562699443063,-0.109534141399203,-0.108107510148267,0.8962515645573,0.897531097541852,1.50473800835224,0.00142663125093646,1.48494939570024,0.0416293409689664,1.14560069274161,0.00878516889523165,0.000272704716120389,0.00536296619528035,2.3868948147638,2.38685534565359,-2.83796160548193,10,10.2162130105495,10.2168428450581,8.86967407615509,31,75.9244050069534,1.49834342276459,0.999999999999925,3.69677079765976,73606.949639082
794,"joint",-4519.15454952809,-4519.34789554726,-66.3589974739495,-0.108107510148267,-0.109368721827234,0.897531097541852,0.896399834370512,-1.3303676779693,-0.00126121167896687,2.00634832189665,0.0490646169643597,1.39509615332312,0.00973596129210229,0.000275868811380695,0.00614365075121668,2.38685534565359,2.38678785160447,-2.83957174572289,10,10.2168428450581,10.2160654520329,8.86956898622796,32,75.9187759015391,1.52750094985141,1.00000000000004,3.69667155748117,73766.6236331463
795,"joint",-4517.01772951273,-4519.10221408196,-66.2724173864626,-0.109368721827234,-0.110330092361908,0.896399834370512,0.895538476091038,-1.01413221502291,-0.000961370534673899,3.01343660533177,0.0758018231433916,2.19978894588584,0.0198013450831743,0.000479892041748517,0.0172276362314588,2.38678785160447,2.38711544189554,-2.84124598419204,10,10.2160654520329,10.2143919388559,8.86678658616324,33,76.0043686729015,1.5353679300757,1.00000000000004,3.71894817928159,73925.9516739845
796,"joint",-4519.68512490747,-4519.07810543843,-66.2062651486662,-0.110330092361908,-0.107598391472848,0.895538476091038,0.897988163725972,2.88269712841839,0.00273170088905953,2.42078127382656,0.0550146159272867,2.27817089478567,0.0125225630889509,0.000375627733993216,0.0105708866965758,2.38711544189554,2.38702807238435,-2.84457920561082,10,10.2143919388559,10.2174778604286,8.86930951349,28,75.9564703532578,1.45413720084475,1.00000000000001,3.75704736921697,74088.308027029
797,"joint",-4519.63105668403,-4519.00885455277,-66.4407845043197,-0.107598391472848,-0.109046284218207,0.897988163725972,0.896688913992405,-1.5280859793111,-0.00144789274535886,2.66339502635405,0.0688464600056858,1.81992084178967,0.0170174100221056,0.000468403233846998,0.0135388355100645,2.38702807238435,2.38757665393134,-2.84603627889423,10,10.2174778604286,10.2160138563485,8.86741213217005,30,75.9794477846414,1.46536348225551,0.999999999999958,3.76088645630867,74247.3412020206
798,"joint",-4520.73779927392,-4519.17793392989,-66.3492339636705,-0.109046284218207,-0.105839246052914,0.896688913992405,0.899569245760221,3.38640564978849,0.00320703816529278,3.00275647986706,0.077637893083905,2.66032405166208,0.01574925635158,0.000470879561685684,0.0122343379916209,2.38757665393134,2.38693107242016,-2.84621231807139,10,10.2160138563485,10.2179943908466,8.86914944243644,36,76.111546409098,1.5993077834772,0.999999999999984,3.80836741001997,74405.6719019413
799,"joint",-4518.6455290368,-4519.04666509189,-66.601908452272,-0.105839246052914,-0.106529130894747,0.899569245760221,0.898948860595159,-0.728486972417511,-0.000689884841832642,2.87617858947339,0.0815073158589799,2.0635949518131,0.0166491226458681,0.000542378541856569,0.00962609407558072,2.38693107242016,2.38704148429487,-2.84804956692665,10,10.2179943908466,10.2165198588213,8.86683561804913,31,76.0280447025206,1.4444323335391,1.00000000000005,3.79848282720946,74564.2571260929
800,"joint",-4519.15110377289,-4518.99190199313,-66.5444896728225,-0.106529130894747,-0.106864486398885,0.898948860595159,0.898647443690553,-0.354122130016749,-0.000335355504138186,2.35014713525153,0.0630718646959243,1.55751390166392,0.0124216748366027,0.000407550339108961,0.00717829907039836,2.38704148429487,2.38750285747382,-2.84927292312694,10,10.2165198588213,10.2164428453339,8.86657658771093,33,76.1069743305541,1.5175071860671,0.999999999999996,3.81789630493686,74722.7578160763
801,"joint",-4521.19043295354,-4519.0932090686,-66.5279118962545,-0.106864486398885,-0.103847493867186,0.898647443690553,0.901362750287045,3.1872755183003,0.00301699253169923,0.91936624325922,0.0301471720206697,0.451505898114195,0.00671758903745753,0.000216503710751696,0.00397896281934875,2.38750285747382,2.38736653172883,-2.8508716050134,10,10.2164428453339,10.2183797199352,8.86862316106157,31,76.0740098778294,1.45006572589075,1.00000000000004,3.83227215128226,74879.5065131187
802,"joint",-4519.47114762297,-4519.1505866712,-66.7600794749101,-0.103847493867186,-0.106439224916103,0.901362750287045,0.89902968510547,-2.73893175805994,-0.00259173104891754,1.83999773722053,0.0533273927514316,1.15299515449251,0.00969089787824644,0.000309083858664965,0.0053064576432322,2.38736653172883,2.38771893008181,-2.85069482665148,10,10.2183797199352,10.2159277941393,8.86666536022678,28,76.0865218638808,1.41175811651732,1.00000000000003,3.80547893437302,75035.7224609852
803,"joint",-4520.87281786955,-4519.23967359041,-66.5644246794866,-0.106439224916103,-0.107991775442779,0.89902968510547,0.897634979050324,-1.6409274147282,-0.00155255052667587,4.5986164742756,0.100154874313231,3.99411630789723,0.0214546902352096,0.000574907300904827,0.0179270008937019,2.38771893008181,2.38754538607811,-2.85417461634383,10,10.2159277941393,10.2145448589457,8.86457427803929,32,76.0454359710802,1.45780316305742,1.00000000000001,3.8497075553383,75192.2158110142
804,"joint",-4518.84585244121,-4519.16336406116,-66.4580819826686,-0.107991775442779,-0.104760145861648,0.897634979050324,0.900540495048777,3.41737074625972,0.00323162958113114,1.51140113921228,0.0453748975775777,1.26703378176716,0.00819323300906185,0.000324576617015724,0.00546563807308943,2.38754538607811,2.38719762042875,-2.85519585978804,10,10.2145448589457,10.2169454788885,8.86622374728046,31,76.1180713695796,1.52119231753433,0.999999999999977,3.92042187051894,75347.8527920246
805,"joint",-4518.90724279584,-4519.06062636789,-66.7142486750698,-0.104760145861648,-0.103271299351948,0.900540495048777,0.901882260215013,1.57459398939461,0.00148884650970047,4.69053731918506,0.109442656479204,3.68332517274537,0.0219049094142655,0.000613338232161759,0.0163079131482706,2.38719762042875,2.38657269752369,-2.85478562459609,10,10.2169454788885,10.2181201246335,8.86670842783342,28,76.1386278378687,1.44231474509469,1.00000000000002,3.9038463205975,75502.4923570156
806,"joint",-4515.1373081046,-4518.9836317252,-66.8263079746218,-0.103271299351948,-0.101221301251846,0.901882260215013,0.903733013507187,2.16851981975735,0.00204999810010185,7.22630794895433,0.170355478745689,6.27131204499543,0.0338018734173917,0.000968595390479483,0.0267540463117746,2.38657269752369,2.38567029044903,-2.85446602362394,10,10.2181201246335,10.2194580121813,8.86817235905424,29,76.1772813535601,1.47668160768268,1.00000000000002,3.88852853805773,75657.0577471256
807,"joint",-4520.85672775789,-4518.96980633045,-66.9864456723398,-0.101221301251846,-0.102197541591701,0.903733013507187,0.902851183392044,-1.03273140233473,-0.000976240339854638,2.01580671531481,0.0558794910743134,1.25225744965078,0.0121039230119895,0.000355585805677678,0.00926148341093685,2.38567029044903,2.38602156019326,-2.85426878952669,10,10.2194580121813,10.2176727721749,8.86601006438803,30,76.1558741982998,1.46022062993702,0.999999999999937,3.87997699915475,75811.1598200798
808,"joint",-4518.37661140196,-4518.94186159338,-66.9116321159247,-0.102197541591701,-0.101213978794156,0.902851183392044,0.90373963107817,1.04052791223642,0.000983562797544691,2.53955466272442,0.0619570027275864,2.3002550449871,0.0123038275918796,0.000383235870807245,0.00975243435233701,2.38602156019326,2.38589516317803,-2.85491160187528,10,10.2176727721749,10.2178777785675,8.8655385232207,32,76.204876382087,1.48803712673933,0.999999999999995,3.91128875291135,75965.0944120884
809,"joint",-4518.49949094703,-4518.87036839911,-66.9894009390562,-0.101213978794156,-0.100040167447402,0.90373963107817,0.904801073756496,1.24188066574869,0.00117381134675368,3.90499676382916,0.0954953627569234,3.42921746740246,0.0180445028584014,0.00051324310037187,0.0143876494989615,2.38589516317803,2.38568946063622,-2.85699570037263,10,10.2178777785675,10.2178433464712,8.86480887023533,30,76.1619122336161,1.47200291293242,1.00000000000003,3.92580999286964,76118.4544129372
810,"joint",-4518.59032193727,-4518.90646355163,-67.0854108132925,-0.100040167447402,-0.0960314386773891,0.904801073756496,0.908435455610539,4.24460684095269,0.00400872877001303,3.86655386017507,0.0899855216671483,3.3755122052546,0.0170303560994431,0.000488690026305622,0.0140223968723456,2.38568946063622,2.3848435784169,-2.85995658968232,10,10.2178433464712,10.2212105165179,8.86756131160314,31,76.1536497029203,1.43156035542991,1.00000000000003,3.93808805954564,76271.7548689842
811,"joint",-4519.2705751222,-4519.03196205093,-67.4127796609929,-0.0960314386773891,-0.0947433337227498,0.908435455610539,0.90960636979016,1.3640116506104,0.00128810495463931,3.00473863542902,0.0681585268516696,2.6369319617042,0.0155194413169789,0.000459546496621408,0.0108890840049211,2.3848435784169,2.38426593129469,-2.86143662415382,10,10.2212105165179,10.2221544157098,8.86855494310282,31,76.282660997154,1.48792104321582,1,3.91715454178024,76424.9898490906
812,"joint",-4516.07974744603,-4518.90117504011,-67.5119140073668,-0.0947433337227498,-0.0919936877358198,0.90960636979016,0.912110907011926,2.91278110799417,0.00274964598693006,2.90690072589524,0.0772392822367165,2.21979752233167,0.0135559193648298,0.000403950438120685,0.00912827713338532,2.38426593129469,2.38402427777639,-2.86271265622845,10,10.2221544157098,10.2231764455232,8.86914245549589,30,76.2632258901041,1.48605822957634,0.999999999999982,3.9163376665185,76562.6278851032
813,"joint",-4518.74582453869,-4518.94334968274,-67.728292528013,-0.0919936877358198,-0.09188078947255,0.912110907011926,0.912213888562347,0.119596536978167,0.000112898263269746,3.37163073067471,0.0763236971222434,2.82430520250433,0.0164535427703546,0.00042168972825958,0.0115365937056931,2.38402427777639,2.38355992665762,-2.86296068638353,10,10.2231764455232,10.2235839962383,8.86953099235117,30,76.2435633607133,1.41317370295769,0.999999999999983,3.90332158739517,76673.7805850506
814,"joint",-4519.02701684045,-4518.93697304835,-67.7329287331186,-0.09188078947255,-0.0904165804766809,0.912213888562347,0.91355053867289,1.55124706718154,0.00146420899586908,4.16809358691249,0.103056362884097,3.41394573537459,0.0194454276518068,0.000566199165762316,0.0138114835526492,2.38355992665762,2.38282588954353,-2.86368820363125,10,10.2235839962383,10.2241638756318,8.86868491856386,27,76.2754904231621,1.40826198029299,1.00000000000006,3.90254835234992,76781.9431300163
815,"joint",-4520.74366229959,-4519.1232696877,-67.8324850648572,-0.0904165804766809,-0.0888960595784569,0.91355053867289,0.914940667951005,1.61109261186509,0.00152052089822407,5.01971397455922,0.115650886054567,4.31407834967483,0.0211761518966244,0.000566814903896533,0.0171931707035611,2.38282588954353,2.38228587299056,-2.86458724692525,10,10.2241638756318,10.2248458911258,8.86855731239678,25,76.2146322478454,1.31940271469052,0.99999999999994,3.91801284140065,76889.526417017
816,"joint",-4517.9349319223,-4519.03576003844,-67.9630140006587,-0.0888960595784569,-0.0877717720307067,0.914940667951005,0.915969902820472,1.19133242623674,0.00112428754775014,3.12738404748139,0.0754094588291608,2.64629450326438,0.0132900830623095,0.000407438482257725,0.0104882777602132,2.38228587299056,2.3820491575006,-2.86633910565383,10,10.2248458911258,10.2248053794965,8.8677805686058,31,76.3268773834868,1.47026936236237,0.999999999999917,3.9523983905217,77009.2800941467
817,"joint",-4522.55153710579,-4519.18178405953,-68.0514743574971,-0.0877717720307067,-0.0885153733863664,0.915969902820472,0.915289039535795,-0.787966478803769,-0.000743601355659702,2.58715908648205,0.0752060393049056,1.82474855259039,0.0140274360655694,0.000503842990420496,0.00721333692786668,2.3820491575006,2.38233797327758,-2.86686693443148,10,10.2248053794965,10.2246352787887,8.86738951364403,33,76.3008665717551,1.48362734584221,0.999999999999987,3.97601509646925,77136.9326789379
818,"joint",-4512.65376929176,-4518.77758256042,-68.013480290336,-0.0885153733863664,-0.0860128900290985,0.915289039535795,0.91758240348004,2.65261851604288,0.002502483357268,3.62732384511049,0.091161309076804,2.72564518804134,0.0157950427917938,0.000462719145902471,0.0107126301224886,2.38233797327758,2.3820289462048,-2.8671339763575,10,10.2246352787887,10.2259794822677,8.86779102998408,28,76.3054681021773,1.37125421496089,0.999999999999926,4.01224956383052,77246.2835781574
819,"joint",-4517.77934411386,-4518.73427331427,-68.2062978534081,-0.0860128900290985,-0.0852781369146126,0.91758240348004,0.918256847753467,0.778855261024042,0.000734753114485854,2.51914647509523,0.0663877772298476,2.00774789798523,0.013475577056547,0.000410990193571023,0.00918751546453114,2.3820289462048,2.38179566371841,-2.86878773992886,10,10.2259794822677,10.2258888715404,8.8673099277816,30,76.3394104599474,1.45032551622981,0.999999999999943,3.99676169535061,77355.0580170155
820,"joint",-4520.42138891238,-4518.79778757125,-68.2743161834289,-0.0852781369146126,-0.0863426392302575,0.918256847753467,0.91727988129646,-1.12846096401252,-0.00106450231564495,2.81368473270031,0.0735045699364,2.4060702410356,0.0195133699492217,0.000550737004785725,0.0175806775918091,2.38179566371841,2.38231104064861,-2.86973730040841,10,10.2258888715404,10.2237155587512,8.86441278156471,33,76.3591647407181,1.46764706914425,1.00000000000002,4.00770842820815,77464.2467169762
821,"joint",-4523.84092973754,-4518.93031241045,-68.192013057508,-0.0863426392302575,-0.0863706146551257,0.91727988129646,0.917254220360997,-0.0296562775738219,-2.79754248681768e-05,2.43262044225913,0.0646474811303552,1.79274169690261,0.0123455568564818,0.000350958133588319,0.0082833531572971,2.38231104064861,2.38221552106818,-2.87107128555116,10,10.2237155587512,10.2232421593694,8.86304256614513,32,76.3557601645043,1.45761938065347,1.00000000000001,4.04293216579893,77571.8132300377
822,"joint",-4518.36016069698,-4518.87476306415,-68.1957066016603,-0.0863706146551257,-0.0827314695395822,0.917254220360997,0.920598322723024,3.86035360771089,0.00363914511554349,2.37604575166769,0.060699781223133,1.8230329596402,0.010733106702075,0.000313547275403362,0.00770828096473203,2.38221552106818,2.38204879833911,-2.87254974491915,10,10.2232421593694,10.2252774504718,8.86426448561581,27,76.3694755066056,1.42401846979817,0.999999999999995,4.06889007554448,77687.050276041
823,"joint",-4520.10941836846,-4518.83659308909,-68.4833135546831,-0.0827314695395822,-0.0816354346069822,0.920598322723024,0.92160788379966,1.16272817741177,0.00109603493260007,2.10681103331953,0.0501642459652537,1.77809893628586,0.00945434843197959,0.000261344910237804,0.00692373429531628,2.38204879833911,2.38175587143255,-2.87372026622259,10,10.2252774504718,10.2260955501346,8.86474782035604,31,76.3509275303246,1.36119567284323,1.00000000000005,4.0591430473194,77794.8394579887
824,"joint",-4517.69230175824,-4518.77891555494,-68.5712131419392,-0.0816354346069822,-0.0828461950970556,0.92160788379966,0.920492712625445,-1.28452889035343,-0.00121076049007345,3.59484690573277,0.0817201491465252,2.79363215195483,0.0151117205840624,0.000402307695071191,0.0108143195516926,2.38175587143255,2.38177653672714,-2.87425416089772,10,10.2260955501346,10.2248722943387,8.86324817044989,30,76.4307668924217,1.4422843163961,1.00000000000003,4.0629323000563,77901.8219370842
825,"joint",-4520.37203857498,-4518.8521553439,-68.482817732589,-0.0828461950970556,-0.0786909989651453,0.920492712625445,0.924325497856955,4.41217172256556,0.00415519613191035,2.28190347652908,0.0591056834199186,1.61877044241023,0.0132283953188261,0.000382408980498763,0.0100828241533407,2.38177653672714,2.38121124924868,-2.87643848876904,10,10.2248722943387,10.2280408347106,8.86608241905389,28,76.3668674095654,1.35069781688579,0.999999999999938,4.11517908455064,78007.7717809677
826,"joint",-4518.62833376308,-4519.02670662682,-68.8015531560805,-0.0786909989651453,-0.0800318453544908,0.924325497856955,0.923086949887422,-1.42389822788926,-0.00134084638934555,3.47983469698047,0.0726649078999902,3.14430676935599,0.0141633124321439,0.00033775811032249,0.0120825914165425,2.38121124924868,2.38127182930729,-2.87511965222621,10,10.2280408347106,10.2262958197175,8.86451945177518,26,76.3856752365241,1.30696796237923,0.99999999999997,4.06677330220365,78118.3176629543
827,"joint",-4517.15452347917,-4518.84159641289,-68.7029237604811,-0.0800318453544908,-0.0804052264006535,0.923086949887422,0.922742351053714,-0.396510980097959,-0.000373381046162716,3.15440929577897,0.0793548014551358,2.5182871342374,0.0161145256449391,0.000471832783977107,0.0112131425574691,2.38127182930729,2.38143115436331,-2.87527528209494,10,10.2262958197175,10.2249107562445,8.86305784157946,33,76.4400936823091,1.4034297249111,1.00000000000006,4.11202881350777,78223.987210989
828,"joint",-4517.37026550289,-4518.79127911794,-68.6886537269133,-0.0804052264006535,-0.0791848455574704,0.922742351053714,0.923869135555398,1.29607661430703,0.00122038084318314,1.89932134664736,0.0526757147426179,1.28127458869513,0.00922767479271381,0.000311801317590323,0.0053928486592088,2.38143115436331,2.38124673250173,-2.87377226109716,10,10.2249107562445,10.2249283229508,8.86232614273436,36,76.4491423093975,1.44943498625025,1.00000000000001,4.14986046614401,78330.0151259899
829,"joint",-4519.25496105296,-4518.82905262323,-68.7663443128637,-0.0791848455574704,-0.0800027456559154,0.923869135555398,0.923113811830258,-0.86866051289776,-0.000817900098445055,3.10646205081418,0.0649515466952504,2.92263286035204,0.0138000673532648,0.000379070791838504,0.0110984184976449,2.38124673250173,2.38125221962764,-2.87651870006151,10,10.2249283229508,10.2235961436136,8.8605918616031,32,76.458116913181,1.45306159015502,1,4.14337680368322,78435.6226670742
830,"joint",-4519.37347748796,-4518.86821040077,-68.7048223209008,-0.0800027456559154,-0.0758442018846623,0.923113811830258,0.926960614026542,4.42045470651266,0.00415854377125315,2.48078395375679,0.0710219444587315,1.66053872232714,0.0146380449821748,0.000442016172764823,0.0118278995622169,2.38125221962764,2.38072410403329,-2.87859732962256,10,10.2235961436136,10.2272883478029,8.86363925965812,34,76.4294990771913,1.38230904087614,0.999999999999962,4.17470132615769,78543.0903949738
831,"joint",-4521.84943914045,-4518.99715360168,-69.0331561008257,-0.0758442018846623,-0.0726773039624068,0.926960614026542,0.92990085693633,3.36804297696519,0.00316689792225552,1.74086673244244,0.0528324197176291,1.17744693475336,0.0097397574316321,0.000321378180754314,0.00626914042718292,2.38072410403329,2.38032774177935,-2.87972752851797,10,10.2272883478029,10.2293032596324,8.86588579403649,29,76.4691253935929,1.39196411427731,0.999999999999999,4.13996292383689,78649.3829770088
832,"joint",-4519.581551258,-4519.17224379228,-69.2803757425759,-0.0726773039624068,-0.0720204059216267,0.92990085693633,0.930511907664411,0.698635896766317,0.000656898040780106,1.82246766783477,0.0496441928256069,1.43884747639252,0.00979433473181651,0.000305505220162579,0.00629830805903443,2.38032774177935,2.38059489448678,-2.88185102748486,10,10.2293032596324,10.2290207959263,8.86537925999962,28,76.4784802676571,1.36226686161359,0.999999999999961,4.10428742958912,78753.7223570347
833,"joint",-4520.4441271033,-4519.25715892051,-69.3371452808238,-0.0720204059216267,-0.0691812959637343,0.930511907664411,0.933157487055728,3.02071843439035,0.00283910995789231,2.11998710067437,0.0495111863707927,1.92876436109606,0.00948770846608624,0.00026324835715935,0.00807927917779954,2.38059489448678,2.3804720122448,-2.88230797383605,10,10.2290207959263,10.230622190246,8.86630710552166,30,76.5000583685418,1.3796220606144,0.99999999999996,4.12125692355353,78859.0329389572
834,"joint",-4518.40630816902,-4519.22612348694,-69.5590153088687,-0.0691812959637343,-0.0679608128339036,0.933157487055728,0.934297085314919,1.29865012582679,0.00122048312983073,1.28084881707918,0.0360268980898227,0.871476700594864,0.00659873770294097,0.000223290308604997,0.00431837274960613,2.3804720122448,2.38072765193316,-2.88216258775831,10,10.230622190246,10.2308300755262,8.86693433544765,33,76.5355515077245,1.46312361770461,0.999999999999982,4.09402689772576,78963.1471159458
835,"joint",-4517.6253559344,-4519.07020816868,-69.6512776469456,-0.0679608128339036,-0.0688836206170267,0.934297085314919,0.93343530638215,-0.98195169121896,-0.0009228077831231,2.66561080523271,0.0757107870949273,1.98850904196692,0.0132431771546739,0.000456298873249783,0.00772065523925886,2.38072765193316,2.38080018941543,-2.88505033943714,10,10.2308300755262,10.2303149874048,8.86627435305543,31,76.5149060330264,1.37110414592198,1.00000000000005,4.07705155557388,79067.2731330395
836,"joint",-4521.1417442328,-4519.2305487842,-69.5984844509646,-0.0688836206170267,-0.0644125309137209,0.93343530638215,0.937618123275892,4.76241001280806,0.00447108970330581,3.06637101729886,0.082071730010241,2.11523748740422,0.0134034812773731,0.000427220845918462,0.00796754400184508,2.38080018941543,2.38041824957018,-2.88641879354456,10,10.2303149874048,10.2333648497753,8.86947964619392,30,76.5191589861875,1.37458269584963,1.00000000000003,4.11162057309027,79172.0803570747
837,"joint",-4518.16922227948,-4519.01143304289,-69.966821261176,-0.0644125309137209,-0.0644566413105793,0.937618123275892,0.937576765480534,-0.046984478067832,-4.41103968583534e-05,4.68001823921259,0.112302535801485,3.49416511702383,0.0201946086440505,0.000534192107421255,0.0150603192605341,2.38041824957018,2.38057365027894,-2.88730274466257,10,10.2333648497753,10.2320403324061,8.86737202877822,25,76.5427113105158,1.29038714499819,1.00000000000001,4.0700282751901,79276.2326929569
838,"joint",-4514.42671173063,-4519.10008016483,-69.9729342539164,-0.0644566413105793,-0.060656668661434,0.937576765480534,0.941146309335055,4.05049122014236,0.00379997264914522,3.64507894213127,0.079941312570486,3.31722733717483,0.0146230669576447,0.000380451303523731,0.0123328598985442,2.38057365027894,2.37989942397289,-2.89072099113435,10,10.2320403324061,10.2345971564362,8.86938266342423,28,76.5969521911662,1.32150282130242,0.999999999999988,4.13008881369751,79379.9973199368
839,"joint",-4518.78422965924,-4519.1503244421,-70.2840165131119,-0.060656668661434,-0.0606065854601789,0.941146309335055,0.941193446135447,0.0533850138233165,5.00832012551678e-05,1.94593317339324,0.0498305469061162,1.69464362726807,0.00915134562357805,0.000274712001353984,0.00628791538796707,2.37989942397289,2.38015382771791,-2.89423690194073,10,10.2345971564362,10.2352570432507,8.86999291979375,26,76.632975352025,1.36750906866375,0.999999999999923,4.10966846054283,79486.418544054
840,"joint",-4517.95523580641,-4519.0270167868,-70.2916454706601,-0.0606065854601789,-0.0549855316092566,0.941193446135447,0.946498842169504,6.00111866893142,0.00562105385092223,2.62492061000081,0.0742198669491091,1.72452590930142,0.0118973290957778,0.000387906023881522,0.00740718059360251,2.38015382771791,2.37962843687893,-2.89612761917255,10,10.2352570432507,10.2390705201217,8.87332521816505,30,76.6027827317076,1.33333670011795,0.999999999999969,4.10854741380125,79590.663900137
841,"joint",-4519.79906011574,-4518.82492330571,-70.7439322964347,-0.0549855316092566,-0.0530326698505926,0.946498842169504,0.948349029555092,2.08530122555568,0.00195286175866403,1.06274541398368,0.0331204862074901,0.712899355958992,0.00782470549183645,0.000243078293686763,0.00501870834382528,2.37962843687893,2.37938808330073,-2.89684247229423,10,10.2390705201217,10.2402919692369,8.87476356784797,26,76.6245425847818,1.26091733559396,0.99999999999998,4.0542344613604,79694.6630830765
842,"joint",-4520.21512305725,-4518.91767142372,-70.9035720446273,-0.0530326698505926,-0.049237753863207,0.948349029555092,0.951954771866237,4.05520123801295,0.00379491598738561,4.04201687784181,0.0940581312159556,3.6191568227112,0.0169376420690176,0.000462588875343592,0.0132976636451716,2.37938808330073,2.37885059643829,-2.89712418932027,10,10.2402919692369,10.242727263539,8.87648513054863,25,76.6935267091444,1.30915976170886,1.00000000000006,4.04166370949343,79799.0399060249
843,"joint",-4519.29335655521,-4518.87686833306,-71.2167085137393,-0.049237753863207,-0.0486492978304057,0.951954771866237,0.952515120248719,0.628827873483255,0.000588456032801274,1.76856501945715,0.0413671124608734,1.63812301202175,0.00815350037095819,0.000236814674211514,0.00701685889001407,2.37885059643829,2.3788859525501,-2.89901890236907,10,10.242727263539,10.2437906325868,8.87754277474586,32,76.67139010187,1.32471976391829,1.00000000000007,4.03559421788831,79902.2284650803
844,"joint",-4520.17391049218,-4519.00094876976,-71.2852198820106,-0.0486492978304057,-0.050444300039215,0.952515120248719,0.950806887103748,-1.91845991196984,-0.00179500220880931,3.75054372181426,0.0833773568236893,3.12891320824948,0.017097065645944,0.000456461729710854,0.0132838433715065,2.3788859525501,2.37924792996934,-2.90053466553871,10,10.2437906325868,10.2418419010547,8.87500066564833,31,76.7293175843924,1.32086299003219,0.999999999999979,4.05452468263813,80007.3634941578
845,"joint",-4519.62965622032,-4518.96382965202,-71.1506052890223,-0.050444300039215,-0.0470489900843627,0.950806887103748,0.954040657913174,3.63092804647154,0.00339530995485238,1.45675818439136,0.0484205340483281,0.852438206896525,0.00928468501928534,0.000329919697972132,0.00408739867001366,2.37924792996934,2.37894765797199,-2.90139161456357,10,10.2418419010547,10.244291172537,8.87685605750893,29,76.7569034975451,1.32517779387243,0.999999999999953,4.11738160672145,80111.781648159
846,"joint",-4517.5659682635,-4518.91071137705,-71.4411528994352,-0.0470489900843627,-0.0486223049467624,0.954040657913174,0.95254083172554,-1.68270357986976,-0.0015733148623997,3.9737737100149,0.0821554884474378,3.75566071109903,0.0154327711051409,0.000398366253135906,0.0136352277207777,2.37894765797199,2.37888962494469,-2.90296592848916,10,10.244291172537,10.2430752095591,8.8755870334229,26,76.7558843690495,1.25257849581534,1.00000000000004,4.10345043900377,80215.9111289978
847,"joint",-4516.45409257524,-4518.87568983185,-71.3221120906393,-0.0486223049467624,-0.0476985841617002,0.95254083172554,0.95342111999812,0.987986973481286,0.000923720785062163,2.39446860909994,0.0543272928896191,1.8729007907229,0.0100817629829839,0.000264303569722061,0.00678405134652851,2.37888962494469,2.37854992572067,-2.90404239124254,10,10.2430752095591,10.2436762034102,8.87632155917082,28,76.8027605943213,1.28387264279645,0.999999999999938,4.14031645766787,80334.849159956
848,"joint",-4521.18208963423,-4519.06628103842,-71.3944648807666,-0.0476985841617002,-0.0491645934780673,0.95342111999812,0.952024419791686,-1.5681727636131,-0.00146600931636713,4.33654807361927,0.0996880238103561,3.22209191418323,0.023463746970506,0.00055510536405812,0.0182564647368252,2.37854992572067,2.37921670359951,-2.90424250229399,10,10.2436762034102,10.2413182501771,8.87320053692817,31,76.8150139236702,1.36290877340908,0.999999999999963,4.12302999616077,80486.693516016
849,"joint",-4515.46219959554,-4518.87664296554,-71.2850171199175,-0.0491645934780673,-0.0468004462429687,0.952024419791686,0.954277808313052,2.52960725588783,0.00236414723509858,2.86847325228951,0.0730104146792654,2.07599368619368,0.0119854424243704,0.00035251431574091,0.00749819362451448,2.37921670359951,2.37894567995578,-2.90827321385169,10,10.2413182501771,10.2428008938865,8.87396832309392,29,76.795418897461,1.27691749272917,1.00000000000004,4.1817526384011,80651.5982990265
850,"joint",-4514.39796959776,-4518.62786757103,-71.491690262268,-0.0468004462429687,-0.0463256468321402,0.954277808313052,0.954731006434793,0.508035013679701,0.000474799410828513,4.07532198189703,0.0875779395972199,3.78201323784005,0.0156053365288234,0.000412555654968051,0.0135344022618647,2.37894567995578,2.37875239126216,-2.90942544553005,10,10.2428008938865,10.242122068377,8.87255456292681,28,76.8329601137822,1.28945687957953,1.00000000000001,4.19605907318294,80821.0698289871
851,"joint",-4518.18753306677,-4518.44477226735,-71.5322391978649,-0.0463256468321402,-0.0462353586640995,0.954731006434793,0.954817211239914,0.0966083115014069,9.02881680407002e-05,2.82840830031729,0.0652585330759084,2.17553648273792,0.0124362104447909,0.000330546801835102,0.00906579723382026,2.37875239126216,2.37878956300281,-2.91137244120881,10,10.242122068377,10.2421697224407,8.87357612805611,25,76.8639808628369,1.26295981251197,0.999999999999966,4.22418602425117,80977.257899046
852,"joint",-4521.47228764576,-4518.53930908674,-71.5416547312374,-0.0462353586640995,-0.0485497729026089,0.954817211239914,0.952609923964875,-2.47708602579148,-0.00231441423850939,4.34115221693178,0.0839546151017065,4.05033822883618,0.0159241907663242,0.000363644508718771,0.0143443625622676,2.37878956300281,2.37874759234763,-2.91180114276215,10,10.2421697224407,10.2398667351228,8.87152897110695,28,76.874715023779,1.29757777479845,0.999999999999956,4.20222453910294,81133.6355199814
853,"joint",-4517.60538836952,-4518.39737215005,-71.3593809843443,-0.0485497729026089,-0.0434140019519542,0.952609923964875,0.957514894962281,5.50400919357224,0.00513577095065467,2.6296951650724,0.0761674873620975,1.6391760029423,0.0134353579572865,0.000419173229596833,0.00892772743206203,2.37874759234763,2.37809842970954,-2.9125393751424,10,10.2398667351228,10.2439362698664,8.87488927901823,32,76.8237979218822,1.30180101374778,0.999999999999967,4.24540142344913,81290.8350739479
854,"joint",-4517.97909517406,-4518.3760115003,-71.7772897319862,-0.0434140019519542,-0.0404289536159,0.957514894962281,0.96037739342885,3.20050454087738,0.00298504833605425,2.54580241950465,0.0662392266637854,2.1252070554507,0.011311561668304,0.000380519224336718,0.00749920919495789,2.37809842970954,2.37743506222768,-2.91530533060196,10,10.2439362698664,10.2462780345048,8.87641341228435,32,76.8398062433765,1.31554436836691,0.99999999999999,4.19506502573043,81449.7999789715
855,"joint",-4519.71879084137,-4518.48068324565,-72.0200145666346,-0.0404289536159,-0.0403975873253327,0.96037739342885,0.960407517377662,0.0336302629063075,3.13662905673349e-05,1.59420053453015,0.0454220657662518,1.32688651483569,0.00849414450933514,0.000318469819383156,0.00551347410131341,2.37743506222768,2.37731376800347,-2.91609227042121,10,10.2462780345048,10.245410272984,8.87499879270206,28,76.8698142745211,1.25505625370168,1.00000000000004,4.17340785934366,81605.8113379478
856,"joint",-4516.72648677962,-4518.25992037299,-72.0049306963537,-0.0403975873253327,-0.0401383030425148,0.960407517377662,0.96065656823811,0.277999972325262,0.000259284282817874,3.92296649719744,0.0812895368303394,3.71310617820873,0.01595754273861,0.00047458940390058,0.0129878789891307,2.37731376800347,2.37691610216535,-2.91863823875909,10,10.245410272984,10.2448411791614,8.87412943668641,31,76.7986529827135,1.25678576312812,1.00000000000006,4.1867068190764,81761.4322440624
857,"joint",-4517.64626827722,-4518.23377267288,-72.0181436632562,-0.0401383030425148,-0.0388793289991037,0.96065656823811,0.961866771569596,1.34995644964615,0.00125897404341111,3.80249824868189,0.0993167796188847,2.57095197184877,0.0158445494061444,0.000496682129034684,0.00969842486609294,2.37691610216535,2.37681881745491,-2.91869876301362,10,10.2448411791614,10.244589200659,8.87302522344968,29,76.8726080655846,1.26496027996257,1.00000000000007,4.20289704964676,81916.1789879799
858,"joint",-4515.28162556996,-4518.27651836485,-72.1254441342264,-0.0388793289991037,-0.0409320341148592,0.961866771569596,0.959894367801149,-2.20151202998498,-0.00205270511575556,4.9797655217499,0.115724921383593,3.89186990806218,0.0194641708359599,0.000551485936738273,0.0134355224227443,2.37681881745491,2.37684654982303,-2.91947249493476,10,10.244589200659,10.2423804785535,8.87058612170699,25,76.8294393515662,1.20231471570871,0.999999999999961,4.23340764871399,82070.1480250359
859,"joint",-4519.58897772617,-4518.31675576819,-71.9714313630508,-0.0409320341148592,-0.0369667723259484,0.959894367801149,0.963708156597563,4.25606310959661,0.0039652617889108,2.72614075063278,0.0772385212448098,1.90147127273287,0.0121944507119398,0.000402277173288442,0.00778638508995863,2.37684654982303,2.37639316429229,-2.92260738461518,10,10.2423804785535,10.2453090879088,8.8724378563917,28,76.9216606381125,1.28831788549952,0.999999999999953,4.29825893177908,82224.414732933
860,"joint",-4516.80947756459,-4518.2594678561,-72.3040650584385,-0.0369667723259484,-0.0359198702238471,0.963708156597563,0.964717592990863,1.1237405865313,0.00104690210210134,1.42757682305032,0.0366267500696727,1.25150680400465,0.0063926944843756,0.000206123333824395,0.00431386544263957,2.37639316429229,2.37634147637488,-2.92249914741809,10,10.2453090879088,10.2452531099996,8.87237464460527,25,76.8757739676313,1.16592323468846,0.999999999999931,4.2891566218737,82376.6142439842
861,"joint",-4519.34728558649,-4518.23687912964,-72.3883119366589,-0.0359198702238471,-0.0333924075254277,0.964717592990863,0.967158964659932,2.71383543673891,0.00252746269841938,2.6228113872455,0.0624293388600352,2.01527485799042,0.0104230018435948,0.000301670536722933,0.00692982646283265,2.37634147637488,2.37606171820443,-2.92469833233823,10,10.2452531099996,10.2467783878558,8.87303831592774,25,76.913281469511,1.25845605777307,1.00000000000002,4.28485805512583,82529.0559699535
862,"joint",-4519.18483205753,-4518.18536457965,-72.5944680385602,-0.0333924075254277,-0.0340932830889556,0.967158964659932,0.966481344067151,-0.752575957342191,-0.000700875563527836,4.4410589747088,0.109033618928506,2.97670191682215,0.0192696330957895,0.000545439032417401,0.0121037489735447,2.37606171820443,2.37640144549861,-2.92656281252982,10,10.2467783878558,10.2452760851528,8.87099767966616,27,76.942332753603,1.25056122147592,1.00000000000004,4.27395855366154,82680.9471001625
863,"joint",-4518.28117196448,-4518.13475535012,-72.5527271126469,-0.0340932830889556,-0.0336169098199867,0.966481344067151,0.966941859624364,0.511518956429816,0.00047637326896889,1.83267996162993,0.050749046929525,1.32564068009928,0.00823636047242448,0.000255105032894866,0.00488492220434415,2.37640144549861,2.37627624045751,-2.92726816862977,10,10.2452760851528,10.2457996365031,8.87183533075502,27,76.9411996451386,1.21186612627108,1.00000000000005,4.33095245383331,82833.5774900913
864,"joint",-4517.34766726217,-4517.99344318861,-72.594492542556,-0.0336169098199867,-0.0307212981732255,0.966941859624364,0.96974580534462,3.1105472943233,0.00289561164676114,1.62567723421105,0.0386884359727061,1.48386076683777,0.00682029452748945,0.000221588476341172,0.00506660926843878,2.37627624045751,2.37605671921236,-2.92899530009348,10,10.2457996365031,10.2481845622391,8.8740441621563,30,76.9700038583715,1.26763101637078,1.00000000000004,4.32071521577805,82985.7558760643
865,"joint",-4519.88006696059,-4518.00596372563,-72.8497888463811,-0.0307212981732255,-0.0314569608940995,0.96974580534462,0.969032661855606,-0.790290926184569,-0.000735662720874004,3.03257419595015,0.0898293740759753,2.05559331303242,0.0162794859843283,0.000573155548418798,0.00974224938908625,2.37605671921236,2.37622507101628,-2.92940568064737,10,10.2481845622391,10.2449715881184,8.87041164816683,31,76.9732857448644,1.24010130105397,1.00000000000005,4.30661209682763,83137.8617169857
866,"joint",-4516.12388851308,-4517.93385973811,-72.7664247844066,-0.0314569608940995,-0.0318415155113938,0.969032661855606,0.968660087513364,-0.413113595696277,-0.000384554617294312,1.7912121826458,0.0564057101163407,1.05157653615929,0.0106822763391938,0.000374359793632934,0.00638171179194191,2.37622507101628,2.37643208613437,-2.93122119328617,10,10.2449715881184,10.2439180772547,8.86981516269984,30,77.0037561341256,1.26554563144579,1.00000000000003,4.34526780502602,83289.8527910709
867,"joint",-4519.50138874908,-4518.0862245468,-72.7439216774345,-0.0318415155113938,-0.0327022106351299,0.968660087513364,0.967826725186375,-0.924648963133857,-0.000860695123736028,2.55897956995093,0.0530852302608364,2.4451611996457,0.0109394864952332,0.000269296296802437,0.00985063741119778,2.37643208613437,2.37676697665307,-2.93310131157192,10,10.2439180772547,10.2428848309387,8.8687361828652,27,77.0141422716765,1.20646709084831,0.999999999999993,4.36901892390892,83441.5608680248
868,"joint",-4517.80307348918,-4517.91727373955,-72.6812090984865,-0.0327022106351299,-0.036596181503448,0.967826725186375,0.964065364180805,-4.18648705917717,-0.00389397086831809,5.24591640203651,0.117843014108986,4.41571918043894,0.0197108442160087,0.000522764948092792,0.014891016630943,2.37676697665307,2.37698497078627,-2.93390150776946,10,10.2428848309387,10.2397429102201,8.86558206745999,28,76.974633056667,1.18751167457738,0.999999999999945,4.41035819339282,83593.654720068
869,"joint",-4518.44855053226,-4518.06659128638,-72.3674720055386,-0.036596181503448,-0.0331421896921994,0.964065364180805,0.967400995359393,3.71567372299823,0.00345399181124852,5.32832426455942,0.101696543088235,4.98641430875538,0.0186681828101332,0.000446874474271501,0.0165827422337577,2.37698497078627,2.37635251026051,-2.93577334808157,10,10.2397429102201,10.2416255707419,8.86726038832533,31,77.0132863794352,1.29165459866128,1.00000000000005,4.47452906001343,83746.3935370445
870,"joint",-4519.93251319253,-4518.34331846612,-72.6606144811943,-0.0331421896921994,-0.0326951590630292,0.967400995359393,0.967833549910371,0.480903444424354,0.0004470306291702,1.51017301419878,0.0402127681528498,1.01692902206079,0.00704419621424624,0.000243097443183707,0.00402749437405811,2.37635251026051,2.37622285151797,-2.93605057901287,10,10.2416255707419,10.2406200809016,8.86607950073502,29,77.0290592501417,1.21537250824129,1.00000000000004,4.4350333132724,83898.9793689251
871,"joint",-4516.97035859883,-4518.28245974273,-72.6773177543935,-0.0326951590630292,-0.0299874310089048,0.967833549910371,0.970457731146433,2.91396893668339,0.00270772805412449,3.08838262950308,0.0778150602434913,2.33353541936662,0.0125696210478168,0.000361324236349772,0.00929399195834344,2.37622285151797,2.37603554336712,-2.93794152054894,10,10.2406200809016,10.2422195219465,8.86725465431784,28,77.0090420342742,1.20126072563974,1.00000000000005,4.43188597575432,84009.6898391247
872,"joint",-4520.49721674115,-4518.23370619749,-72.9120398312109,-0.0299874310089048,-0.0272609795710828,0.970457731146433,0.973107247270113,2.93520958608386,0.00272645143782195,1.13662955668174,0.0349303929108752,0.684738821008291,0.00615443989397553,0.000219318507847313,0.00356652286560253,2.37603554336712,2.37574833764075,-2.93946492545392,10,10.2422195219465,10.2448857041964,8.8697233962433,28,77.0153814981845,1.18403372863667,0.999999999999915,4.44200415740822,84117.2675490379
873,"joint",-4518.51662926732,-4518.27926824238,-73.1477536132538,-0.0272609795710828,-0.0277973345477418,0.973107247270113,0.972585456300317,-0.577430755727357,-0.000536354976658994,3.66106254454629,0.0897008029256645,2.91602640815743,0.0148205648960691,0.000438144908589348,0.0115342388172693,2.37574833764075,2.37591256604762,-2.94071515206888,10,10.2448857041964,10.2443606986798,8.86904040001773,28,77.0498684595362,1.22529659501758,0.999999999999975,4.41624218566846,84241.1489059925
874,"joint",-4516.36606228383,-4518.19861659787,-73.1129297585756,-0.0277973345477418,-0.0280219253279711,0.972585456300317,0.972367047101111,-0.241791270102495,-0.000224590780229275,4.46026831736466,0.0907174110742477,4.06895697775691,0.0165070149014293,0.000403641284991551,0.0133532383599356,2.37591256604762,2.37586210373178,-2.94098243628013,10,10.2443606986798,10.2428109221904,8.86718229036289,28,77.0711952176981,1.22578350767142,0.999999999999954,4.45856804445781,84357.6770019531
875,"joint",-4520.97490575553,-4518.26142234358,-73.0979899029366,-0.0280219253279711,-0.0257689646077733,0.972367047101111,0.974560221504054,2.42612158051633,0.0022529607201978,2.73760105097459,0.0723006791636314,2.23633032295298,0.0122437485598049,0.000373690340148062,0.00879834861536328,2.37586210373178,2.37590527523717,-2.94187412725747,10,10.2428109221904,10.2437941635034,8.86738423246745,25,77.1246637317067,1.21832887715585,0.999999999999983,4.48525440919683,84465.6646859646
876,"joint",-4518.77527083154,-4518.36386154618,-73.2932763358887,-0.0257689646077733,-0.0247051323884418,0.974560221504054,0.97559754173688,1.14566239205534,0.0010638322193315,2.56296856259075,0.0578177776490253,2.40474867927764,0.0116353927341272,0.000342714917673529,0.00941889332934241,2.37590527523717,2.37595161266269,-2.94201932632868,10,10.2437941635034,10.2446916431913,8.86849898696373,28,77.1051022689217,1.20544139972306,1.00000000000006,4.50420664622034,84574.9753060341
877,"joint",-4516.34928091536,-4518.29901217808,-73.3825899870202,-0.0247051323884418,-0.0208451480563957,0.97559754173688,0.97937061027035,4.1599952901468,0.00385998433204605,3.03468276616632,0.0739442288101303,2.17657894645212,0.0169137954592224,0.000434879497963879,0.0143369428187608,2.37595161266269,2.37525871213645,-2.94402664626252,10,10.2446916431913,10.2485295453669,8.87265208893794,24,77.0875164101555,1.15491448571319,1.00000000000006,4.46995560871237,84683.9029431343
878,"joint",-4518.34911208992,-4518.45238650408,-73.7118410799725,-0.0208451480563957,-0.0215129975856288,0.97937061027035,0.978716756431628,-0.719773091650187,-0.000667849529233059,2.47140045918862,0.0676417390020524,1.86835110232658,0.0122486083096827,0.000372409530577072,0.00799542026690205,2.37525871213645,2.3755040263497,-2.94407310459679,10,10.2485295453669,10.2472127824847,8.87150027820292,30,77.1705696578639,1.25018738697644,0.999999999999935,4.41111917574635,84795.1248731613
879,"joint",-4519.97398060179,-4518.47163664786,-73.6679802940452,-0.0215129975856288,-0.0168851194632898,0.978716756431628,0.98325663519685,4.99303331907259,0.00462787812233903,2.86724395034347,0.0715238357000407,2.00906539621355,0.0113033021018407,0.000345915609872323,0.00780203389802114,2.3755040263497,2.37499345547993,-2.94749515149937,10,10.2472127824847,10.2501912021434,8.87417789043768,26,77.1731227951809,1.20569253476525,0.999999999999941,4.44844799709061,84909.0422010422
880,"joint",-4521.8135495527,-4518.72184024727,-74.0582059140708,-0.0168851194632898,-0.0151383426520705,0.98325663519685,0.984975666031193,1.88489097831416,0.00174677681121927,4.34773790363923,0.119638156320044,2.96184359826422,0.0194594147488175,0.000658182063909964,0.011426728635242,2.37499345547993,2.37514655998013,-2.94923204613818,10,10.2501912021434,10.2494023178023,8.8725722331696,28,77.2030251561069,1.24301185077092,1.00000000000003,4.39413308595044,85024.8050460815
881,"joint",-4516.62646646424,-4518.58579929116,-74.2032527629347,-0.0151383426520705,-0.0139719005673184,0.984975666031193,0.986125253433729,1.2587559749253,0.00116644208475212,3.83061447577866,0.0760399304343646,3.61866115133808,0.0132528230294707,0.000327023975045287,0.0117377029491418,2.37514655998013,2.37493588973564,-2.94949278531007,10,10.2494023178023,10.2496752688961,8.87311431810186,33,77.203090808879,1.20619102981367,0.999999999999961,4.42555721444788,85136.2250421047
882,"joint",-4519.16270935084,-4518.58469315582,-74.3135568877534,-0.0139719005673184,-0.00999223672862974,0.986125253433729,0.990057519804532,4.29802500612667,0.00397966383868863,3.98045886770761,0.0911306471166919,3.24328389303321,0.0144074964492203,0.000388879936545166,0.010462371496009,2.37493588973564,2.37448314927044,-2.94915873652432,10,10.2496752688961,10.2514704292213,8.87408069211845,26,77.177257531165,1.15459650600948,0.999999999999956,4.40779233486602,85248.6924600601
883,"joint",-4515.08701014923,-4518.42498506506,-74.6470261128918,-0.00999223672862974,-0.00880879903824661,0.990057519804532,0.991229884762728,1.27819866568138,0.00118343769038313,2.66440372561276,0.0606102353703772,1.91292003563774,0.0096993418131497,0.000259150687183717,0.00667084132626478,2.37448314927044,2.37444066600622,-2.95029747609533,10,10.2514704292213,10.2515170303089,8.87388821182561,26,77.2121161104211,1.1259265590298,0.999999999999939,4.36997533682849,85360.1589651108
884,"joint",-4515.80695792465,-4518.34794959818,-74.7495717959866,-0.00880879903824661,-0.00695744848320916,0.991229884762728,0.993066698528506,1.99993584222959,0.00185135055503746,2.08749153302908,0.0489056076179694,1.71818663797061,0.0092560603145571,0.000237282386864255,0.00641969812140886,2.37444066600622,2.37465838011271,-2.95275377694976,10,10.2515170303089,10.2529511449149,8.87521665921038,29,77.2676308439336,1.23261838441318,1.00000000000002,4.38202742636891,85472.8280079365
885,"joint",-4519.41678406563,-4518.32478545343,-74.9191101626782,-0.00695744848320916,-0.00537557106494996,0.993066698528506,0.994638851462508,1.70904923364869,0.0015818774182592,2.05037222872133,0.0526381595406968,1.52365335176756,0.00978613809814865,0.000274924839672246,0.00641304112618085,2.37465838011271,2.37456374010284,-2.95532988630798,10,10.2529511449149,10.2548774337173,8.87697665607463,27,77.287835113201,1.16812781186784,0.99999999999999,4.37665552907359,85585.7038800716
886,"joint",-4518.35954875376,-4518.43656846547,-75.0651625567351,-0.00537557106494996,-0.000622829109094811,0.994638851462508,0.999377364808693,5.14063823415372,0.00475274195585514,6.36852823725887,0.147013437080273,5.67960488522058,0.0228998822837277,0.000643890983386425,0.0179553735521889,2.37456374010284,2.37382908636377,-2.95448160140456,10,10.2548774337173,10.2573566587994,8.87870273023083,26,77.3148293926346,1.18601218371992,0.99999999999997,4.38354048522638,85699.201346159
887,"joint",-4520.76504149451,-4518.49975110274,-75.4570486590587,-0.000622829109094811,0.00127912420680622,0.999377364808693,1.00127994263509,2.05755391958798,0.00190195331590103,4.22514866810104,0.0730939785711306,4.1313698574999,0.0138661935693528,0.00029018952193052,0.0129508248775796,2.37382908636377,2.37342994105421,-2.95448160140456,10,10.2573566587994,10.2582065138144,8.8794502278949,23,77.2915701920379,1.09725955119821,1.00000000000002,4.31872615581091,85812.913713932
888,"joint",-4519.70355056854,-4518.59477495671,-75.6200116773026,0.00127912420680622,9.13368171554369e-05,1.00127994263509,1.00009134098849,-1.28505205520182,-0.00118778738965078,2.46639727463442,0.063848622486193,1.52554603215347,0.0123813038540427,0.000344882111262289,0.00951280926838114,2.37342994105421,2.37374915380773,-2.956601475768,10,10.2582065138144,10.2567112746787,8.87756055001748,26,77.3321098527134,1.16446806622348,0.999999999999961,4.29048464266696,85927.6006720066
889,"joint",-4518.9552326679,-4518.62010906349,-75.5235895914838,9.13368171554369e-05,-0.000118278981540867,1.00009134098849,0.999881728013142,-0.226781162226329,-0.000209615798696304,2.82308390427062,0.0493099339271897,2.78500342313542,0.0111911976556831,0.000241163096248718,0.0105925044813755,2.37374915380773,2.37399500946547,-2.95873294869147,10,10.2567112746787,10.2567721051275,8.87725169971869,27,77.3194587903632,1.16948491561297,1,4.32290697979849,86044.2281410694
890,"joint",-4519.36356835068,-4518.5916618214,-75.5153310832241,-0.000118278981540867,0.00151765574017784,0.999881728013142,1.00151880796247,1.77013772206686,0.00163593472171871,2.12852101323662,0.0464460787626569,1.94596507564492,0.00749403844288189,0.000210326540990682,0.0060845604705632,2.37399500946547,2.37373288585282,-2.95989843237566,10,10.2567721051275,10.2577373789362,8.87805217855294,26,77.2983693645284,1.14249989575984,1.00000000000003,4.36029187710031,86158.2456350327
891,"joint",-4518.22638886718,-4518.65446333482,-75.6564558545352,0.00151765574017784,0.0008316845901339,1.00151880796247,1.00083203053566,-0.742261878057689,-0.000685971150043942,3.04299087972832,0.0627726283287349,2.72343696592348,0.0105210963622418,0.000259877106286001,0.00848481844685056,2.37373288585282,2.37354292105456,-2.96038764063916,10,10.2577373789362,10.2570296715443,8.87724096492623,25,77.3219550297644,1.12123213373064,0.999999999999968,4.34048921411429,86273.3828151226
892,"joint",-4515.77116323051,-4518.41816065928,-75.5954812082412,0.0008316845901339,0.00148538199444175,1.00083203053566,1.00148648572069,0.707354865299871,0.000653697404307851,2.79816819851893,0.0757799100917421,1.98166933071382,0.012425140708759,0.000418408946460957,0.00750798993565895,2.37354292105456,2.37389339858441,-2.96189797176779,10,10.2570296715443,10.2568797198993,8.87688677339194,24,77.3214351819225,1.09556845983226,1,4.34825501629245,86388.5773091316
893,"joint",-4521.01764093747,-4518.54321124279,-75.6575345006698,0.00148538199444175,0.00604171694220063,1.00148648572069,1.00606000492573,4.93545842137333,0.00455633494775888,2.46105701299574,0.0669391011715755,1.43639115857429,0.0119227050933809,0.000337533650892805,0.00918559373055123,2.37389339858441,2.37343701831219,-2.96304417420391,10,10.2568797198993,10.2605881085548,8.88050035157603,24,77.3538553817029,1.12267693155531,1,4.38031406103866,86504.0536510944
894,"joint",-4520.88158181791,-4518.7689872195,-76.0584681615936,0.00604171694220063,0.00656521252090728,1.00606000492573,1.00658681076845,0.567062363839587,0.00052349557870665,1.23751368844435,0.0375715704796423,0.88544749361963,0.00761785975138383,0.000251691061146626,0.00565330234445163,2.37343701831219,2.37346165525514,-2.96441461855632,10,10.2605881085548,10.2606189043763,8.88071344478373,27,77.4289128645653,1.19447821938599,0.999999999999987,4.33042909617965,86619.0715689659
895,"joint",-4520.08571118713,-4518.72452749107,-76.0953239659773,0.00656521252090728,0.00745251445506185,1.00658681076845,1.00748035355504,0.961183552820506,0.000887301934154568,1.42112702014106,0.0410128421919639,1.04928506940802,0.00669121469595881,0.000221568041397924,0.00396880227251506,2.37346165525514,2.373520108023,-2.96520350687984,10,10.2606189043763,10.2609459890748,8.88106814014149,22,77.3578278009559,1.09710646097291,1.00000000000001,4.32965677557155,86734.3597509861
896,"joint",-4516.42056350332,-4518.60679212466,-76.1710073825485,0.00745251445506185,0.00948792305403655,1.00748035355504,1.00953307608583,2.20534473872775,0.0020354085989747,1.89434004914668,0.0590683110701333,1.10616642329609,0.00961280627312141,0.000346439371854845,0.00469071873773864,2.373520108023,2.37362547220593,-2.96520350687984,10,10.2609459890748,10.2620120238943,8.88162217570925,23,77.3630254549823,1.07860528994177,0.999999999999944,4.31217012461262,86850.2575719357
897,"joint",-4516.10025634523,-4518.59434089616,-76.344666331436,0.00948792305403655,0.0147678104195555,1.00953307608583,1.01487739330041,5.72869541473802,0.00527988736551892,3.83563210539034,0.0954048253451247,3.21801447063536,0.016854991326458,0.000497239936369329,0.0120721945003757,2.37362547220593,2.37332239841767,-2.96500595161255,10,10.2620120238943,10.2665272798552,8.88640609890476,28,77.4138559217045,1.15779041512278,0.999999999999933,4.28911259009752,86965.4664771557
898,"joint",-4520.61987283052,-4518.70787893319,-76.8082077295418,0.0147678104195555,0.0148912355515273,1.01487739330041,1.01500266240714,0.133916782159324,0.000123425131971806,1.72030889207075,0.03874405484638,1.3460607964417,0.00928349021608535,0.000202600018345454,0.00851651475602548,2.37332239841767,2.37340427800968,-2.96524719431269,10,10.2665272798552,10.2658679190657,8.88560415045736,21,77.385707696527,1.02829030218993,1.00000000000006,4.21549470324161,87079.7523090839
899,"joint",-4516.95590215317,-4518.55697501076,-76.8218559393927,0.0148912355515273,0.018346667825305,1.01500266240714,1.01851600192239,3.7513986624498,0.00345543227377771,3.87864524912255,0.0806528819596386,3.68289870465414,0.0140679913814403,0.000425159600161305,0.0113600407936287,2.37340427800968,2.37265523008019,-2.96701121382794,10,10.2658679190657,10.2684486490086,8.88793889910855,30,77.4570351000445,1.16778009267782,0.999999999999965,4.21851223447691,87194.6069800854
900,"joint",-4517.53177567254,-4518.34288631675,-77.133553351684,0.018346667825305,0.0179263784197143,1.01851600192239,1.01808802038171,-0.456292271028505,-0.000420289405590693,2.98820030795504,0.0703107455590092,2.5736512212036,0.0123599263551664,0.000356128432974446,0.0096095927357303,2.37265523008019,2.3727638103803,-2.96687976255175,10,10.2684486490086,10.2686508572154,8.88801021388868,27,77.4643682537718,1.1491919900155,0.999999999999946,4.1817054600288,87308.7110481262
901,"joint",-4517.41631040059,-4518.38237851357,-77.1020614751566,0.0179263784197143,0.0168679285286587,1.01808802038171,1.01701099531653,-1.14918328642944,-0.00105844989105558,5.96368825546211,0.138301791553152,4.29604340423942,0.0251686835271643,0.000605946228585622,0.0185321410657267,2.3727638103803,2.37296994917728,-2.96683035193661,10,10.2686508572154,10.2662023933819,8.88472657620722,21,77.4535631958185,1.0795894121865,0.999999999999946,4.21145508876258,87423.2304410934
902,"joint",-4517.6156892257,-4518.30502750731,-77.0206129439683,0.0168679285286587,0.0179355938387784,1.01701099531653,1.01809740253269,1.15925475209265,0.00106766531011967,3.11148054917743,0.0709650019751674,2.8694434919372,0.0113945483667179,0.000389377477608083,0.00873546595675018,2.37296994917728,2.37271868731725,-2.96847891347065,10,10.2662023933819,10.2675877955689,8.88637751791673,28,77.4699013989136,1.13860801768198,1.00000000000006,4.25383291110087,87538.6624979973
903,"joint",-4519.29291330353,-4518.51532266502,-77.1372851147178,0.0179355938387784,0.0185842367547885,1.01809740253269,1.01875799842291,0.704301427320601,0.000648642916010073,3.01243990755427,0.077903865514822,2.40386396803445,0.0129568092617786,0.000382964408203926,0.00887612106899135,2.37271868731725,2.37293038733653,-2.96951113718129,10,10.2675877955689,10.2665605748525,8.8852650938386,26,77.5257076789831,1.16868167624466,1.00000000000004,4.24434234643241,87654.3287000656
904,"joint",-4518.58436929393,-4518.65419323349,-77.1957232941729,0.0185842367547885,0.0179929266931832,1.01875799842291,1.01815577463614,-0.64206020139888,-0.00059131006160525,2.36643506899544,0.0611172653526183,1.71168318872446,0.010844456985012,0.000292879186218846,0.00784337142442927,2.37293038733653,2.37320533077941,-2.97078109183012,10,10.2665605748525,10.2661001787378,8.88422648164086,24,77.5108093923121,1.07655024680135,0.999999999999988,4.25107527301279,87769.179885149
905,"joint",-4518.77491828457,-4518.62209994443,-77.1517542299124,0.0179929266931832,0.0194326288496302,1.01815577463614,1.01962267139432,1.56342895386172,0.00143970215644703,2.86537716051561,0.0669099819604549,2.54176635767412,0.0104453803947971,0.000302709594167597,0.00769200509360452,2.37320533077941,2.37298460163755,-2.97377444884186,10,10.2661001787378,10.2670736515257,8.88560033964444,26,77.53570058174,1.15921140913922,0.99999999999996,4.28488396251402,87920.9799730778
906,"joint",-4518.84790827097,-4518.6465179203,-77.2854154406838,0.0194326288496302,0.0214278427770491,1.01962267139432,1.02165906759648,2.16711233462311,0.00199521392741888,2.23107967377343,0.0571091708766934,1.53314007657778,0.0115793257143789,0.000307785915426453,0.00937544300925392,2.37298460163755,2.3731545775951,-2.97475615613634,10,10.2670736515257,10.2680743579082,8.88592748040716,27,77.5375721050476,1.14053355940951,0.999999999999947,4.26093653129814,88035.0998549461
907,"joint",-4517.79065346831,-4518.49779851899,-77.4721230041069,0.0214278427770491,0.020809338646655,1.02165906759648,1.02102736261952,-0.671804436616326,-0.000618504130394143,2.7963060887676,0.0687513361601221,2.19997240086437,0.0107811534655742,0.000301650232806286,0.00811657991548977,2.3731545775951,2.37302351116986,-2.9758898738133,10,10.2680743579082,10.2677882463311,8.88596827730169,28,77.5716537060573,1.09468782566693,0.999999999999965,4.27190057306899,88149.7658059597
908,"joint",-4520.07241417316,-4518.51624169922,-77.4222619858365,0.020809338646655,0.0195692810995951,1.02102736261952,1.01976201464705,-1.34702450810127,-0.00124005754705993,4.48643462034046,0.0823150282483114,4.3034504469676,0.0170174579153578,0.000348549186502709,0.0156807404027652,2.37302351116986,2.3735404113031,-2.97640965907587,10,10.2677882463311,10.2665928669924,8.88441978121426,28,77.5438113714004,1.09402395951235,1.00000000000004,4.25138387991574,88263.1716890335
909,"joint",-4518.29214798573,-4518.48308746511,-77.3267910076764,0.0195692810995951,0.0194098381958818,1.01976201464705,1.01959943379187,-0.173196616925808,-0.000159442903713233,6.02580216556366,0.12699550452096,5.03208034669089,0.0218332240726567,0.000533817447642934,0.0180350322404907,2.3735404113031,2.37370591326943,-2.9774841902313,10,10.2665928669924,10.2656820711679,8.88336974734389,27,77.6042248988124,1.13117593417537,0.999999999999976,4.31890606589563,88407.2065989971
910,"joint",-4517.87219486483,-4518.40851879081,-77.3137696634326,0.0194098381958818,0.0219967903680367,1.01959943379187,1.02224050344938,2.81104617647414,0.00258695217215488,3.28397074324254,0.0712450173868604,2.83580059175181,0.0112654813399568,0.000286974066254788,0.00850771035194882,2.37370591326943,2.37324186181409,-2.9774841902313,10,10.2656820711679,10.2673189093761,8.88451765899779,19,77.5638041468584,0.972160129860881,1.00000000000005,4.36156810144734,88570.7729830742
911,"joint",-4517.90837213042,-4518.39261795398,-77.5368035931637,0.0219967903680367,0.0245198764523913,1.02224050344938,1.02482296074955,2.74252078509809,0.00252308608435455,1.23076523261264,0.0354775115217177,0.949037435911941,0.00721494560832186,0.000252550118776351,0.00352247247051538,2.37324186181409,2.37286509694558,-2.97758536760379,10,10.2673189093761,10.2696035950406,8.88686817742678,26,77.5981151868548,1.09630635566845,1.00000000000005,4.31687303101215,88730.9966440201
912,"joint",-4517.19507183803,-4518.46381338435,-77.7763272351734,0.0245198764523913,0.0247981395657382,1.02482296074955,1.02510817085712,0.302465037300498,0.000278263113346933,2.77012217154351,0.0656381152293738,2.40825051745713,0.0112078002876124,0.000327971818381145,0.00720332554231356,2.37286509694558,2.37289739087722,-2.97697061509607,10,10.2696035950406,10.2680583994741,8.88480045972601,24,77.6200265728799,1.07200202194023,1,4.29822887666766,88891.0848860741
913,"joint",-4518.82500074658,-4518.35418137481,-77.7739406264536,0.0247981395657382,0.0257763751410584,1.02510817085712,1.02611145878437,1.06336845863456,0.000978235575320209,2.22988745378789,0.048229435094968,2.10190634671461,0.00748339790438641,0.000212723090489825,0.00627463003892611,2.37289739087722,2.3727908370037,-2.97861503221358,10,10.2680583994741,10.2685735851089,8.88495507218353,26,77.6315327430871,1.1171094536212,1,4.28810842828976,89051.5627939701
914,"joint",-4520.68531031427,-4518.34436779963,-77.8650136355664,0.0257763751410584,0.0263061939266934,1.02611145878437,1.02665525595565,0.575935395579103,0.000529818785635029,1.41225047470607,0.0332665692172559,1.03453031468931,0.00655780989099124,0.000184464603112628,0.00369948498125237,2.3727908370037,2.37280469182958,-2.97859655002707,10,10.2685735851089,10.2685274701723,8.88451446823379,20,77.6163753227701,1.0463956344844,0.999999999999968,4.28207451903697,89211.7525119781
915,"joint",-4519.99309738047,-4518.33973710929,-77.8958479254971,0.0263061939266934,0.0276255463709665,1.02665525595565,1.02801067001483,1.43431666706105,0.00131935244427304,0.736705655198131,0.0243837038383532,0.436443330676192,0.0053305317294821,0.000160962940723136,0.00395991502245166,2.37280469182958,2.37276631602434,-2.9797498905032,10,10.2685274701723,10.2690411903899,8.88529004316788,23,77.5784088037262,1.06462624265815,0.999999999999973,4.2653852753096,89372.4698319435
916,"joint",-4515.87043032286,-4518.31223045027,-78.0167175424672,0.0276255463709665,0.0297643204777543,1.02801067001483,1.03021170553723,2.32567213956977,0.00213877410678779,4.12136022284512,0.103488499403399,3.02089015248298,0.0146978903621427,0.000436153534964648,0.0089814613160681,2.37276631602434,2.37275233889213,-2.98099848975794,10,10.2690411903899,10.2694497952639,8.88487369786948,27,77.6482613481728,1.11689985821883,1.00000000000003,4.25584676148793,89531.5163800716
917,"joint",-4513.56973986822,-4518.18570462642,-78.2099241520295,0.0297643204777543,0.0336551229225196,1.03021170553723,1.03422786373232,4.23400851153729,0.00389080244476531,1.56657184969926,0.0454208254682295,1.21223505221668,0.00767802890396983,0.000255056805105136,0.00480715875146685,2.37275233889213,2.37232449125505,-2.98191660829162,10,10.2694497952639,10.2719705061567,8.88669751303106,24,77.6319190644492,1.08090004439201,0.999999999999995,4.26488436192643,89692.8067791462
918,"joint",-4520.1876416804,-4518.16409306891,-78.5523339701727,0.0336551229225196,0.0329900613789859,1.03422786373232,1.03354026722524,-0.723742351899833,-0.000665061543533704,2.87299148247629,0.0795346973281074,1.76021384978329,0.0134694928120381,0.000439700307668972,0.00813208400930962,2.37232449125505,2.37239634561617,-2.98253389577353,10,10.2719705061567,10.2719821016799,8.88633812990571,24,77.6648941190399,1.07860799548455,0.999999999999993,4.23425326188841,89852.6099560261
919,"joint",-4515.64225073972,-4518.09841049824,-78.5198393256661,0.0329900613789859,0.0342445802269261,1.03354026722524,1.03483767661269,1.36531706882098,0.00125451884794028,3.23309281216947,0.0813916666499198,2.56739067270313,0.0141442255062106,0.000384642384541586,0.00930634444767835,2.37239634561617,2.3722453472027,-2.98262160397639,10,10.2719821016799,10.2735920225929,8.88849281014144,24,77.6914263198011,1.03362016797474,1.00000000000003,4.26031988823663,90012.2009689808
920,"joint",-4520.15545605736,-4518.22959451748,-78.6279190467621,0.0342445802269261,0.0363747596149119,1.03483767661269,1.03704441604229,2.3188414967888,0.00213017938798576,2.50622501032862,0.0547572537517728,2.07113595779014,0.00831877792706533,0.000220496337004168,0.00613508970339862,2.3722453472027,2.37210449350946,-2.98486657507768,10,10.2735920225929,10.2747336284461,8.88937891073036,21,77.6740173179278,1.05063935115377,0.999999999999988,4.21918673840478,90171.9315459728
921,"joint",-4518.86392658494,-4518.3019753267,-78.8254843485357,0.0363747596149119,0.0366484522544216,1.03704441604229,1.03732828631064,0.297933700072562,0.000273692639509705,4.08128547066076,0.0803913478539852,3.50761468725677,0.0139727442895669,0.000292623817919681,0.0123141651409789,2.37210449350946,2.37224278516439,-2.98486657507768,10,10.2747336284461,10.274187951317,8.88843365995462,23,77.6923371150979,1.03580940405775,0.999999999999991,4.21425945320225,90332.4136080742
922,"joint",-4517.06398371015,-4518.27439005092,-78.8523638006981,0.0366484522544216,0.0413648559234863,1.03732828631064,1.04223230081161,5.13985717620831,0.00471640366906465,3.0036186073494,0.0762410769632463,2.20878713306866,0.0152566033170618,0.000394888451362705,0.0131757654848237,2.37224278516439,2.37171204804936,-2.98745984646414,10,10.274187951317,10.2783749873444,8.89274964201262,24,77.6967150603796,1.05298051866391,1.00000000000005,4.24355259712804,90491.761400938
923,"joint",-4515.90160290726,-4518.10482453111,-79.2885689250616,0.0413648559234863,0.0436875792920762,1.04223230081161,1.04465593175469,2.53194784489298,0.00232272336858992,6.36064628080994,0.116011681622017,6.15600196547891,0.0191515490788952,0.000420593693629774,0.0178882784949571,2.37171204804936,2.37142981957699,-2.98778496229748,10,10.2783749873444,10.2783616159867,8.89211663415785,25,77.7160351988236,1.01185382290258,0.999999999999938,4.18813943996163,90650.0230829716
924,"joint",-4520.14880931645,-4518.18304653223,-79.4896714292533,0.0436875792920762,0.0474667578453813,1.04465593175469,1.04861134244152,4.12254146953672,0.00377917855330514,4.02224149276097,0.08794242979882,3.55092881861743,0.0128627401389086,0.000348101166266873,0.0102638911681399,2.37142981957699,2.37114752335832,-2.9885845539315,10,10.2783616159867,10.2805477475953,8.89376137588409,25,77.767331131285,1.06696574399981,0.999999999999992,4.1610523686536,90808.474861145
925,"joint",-4518.88074347633,-4518.18833779182,-79.8393430203807,0.0474667578453813,0.0524131217491807,1.04861134244152,1.05381100484463,5.40238611529154,0.00494636390379937,4.03751552417539,0.104337335962087,2.74136898384516,0.0143416652619714,0.000447194299162659,0.00794336323016776,2.37114752335832,2.37071694243376,-2.9885845539315,10,10.2805477475953,10.2835670179689,8.89616730961039,23,77.8208227200852,1.06746488566871,0.999999999999921,4.13523890418711,90966.8369979858
926,"joint",-4517.68353840598,-4518.13011929857,-80.2802937641724,0.0524131217491807,0.0509098471420434,1.05381100484463,1.05222802764315,-1.64205218518128,-0.00150327460713732,2.70016374376079,0.0662741299005239,2.17003314879221,0.0092287154411862,0.000271316031302296,0.00624065157699218,2.37071694243376,2.37110708902915,-2.98798594932598,10,10.2835670179689,10.2829285889872,8.89552351604345,25,77.7975186864603,1.05207466823566,1.00000000000003,4.06581577275895,91124.5190169811
927,"joint",-4520.16268374615,-4518.24872081247,-80.1518294010219,0.0509098471420434,0.0515568718916362,1.05222802764315,1.05290906551967,0.706770831366216,0.000647024749592873,3.43828109301191,0.0783307287795012,2.64259494575509,0.0161026266493884,0.000397714329070335,0.0124340280079715,2.37110708902915,2.3714205453557,-2.99004071568672,10,10.2829285889872,10.2826260783334,8.89479007504442,25,77.7946841345148,1.03550381836259,1.00000000000005,4.10380317684869,91282.5302391052
928,"joint",-4518.03089884803,-4518.14664504621,-80.2287823745013,0.0515568718916362,0.0516571404469185,1.05290906551967,1.05301464448355,0.109527380282335,0.000100268555282209,4.15090225959558,0.087726087222891,3.34580815890905,0.0167465891789147,0.000364126382262186,0.0132311701760663,2.3714205453557,2.37158044824923,-2.98986980485897,10,10.2826260783334,10.2812737078174,8.89307616737318,23,77.8468967487392,1.00783449609362,0.99999999999999,4.14313346796502,91455.0315990448
929,"joint",-4514.62471366527,-4517.96327333019,-80.2425534933059,0.0516571404469185,0.053939142605212,1.05301464448355,1.05542037006647,2.49337214363365,0.00228200215829356,1.37482562332931,0.0372183023610814,0.879402524508386,0.00581495645891621,0.00017728321403765,0.00305102192480528,2.37158044824923,2.37144976709043,-2.99008642456893,10,10.2812737078174,10.2826974652307,8.89406521616573,23,77.8714376562637,1.05392211208022,1.00000000000007,4.14946642406363,91619.4646959305
930,"joint",-4520.04452485182,-4518.07188982954,-80.4440229970554,0.053939142605212,0.055020349630662,1.05542037006647,1.05656211510554,1.1814226627521,0.00108120702545001,1.34299523051195,0.0315601993801441,1.01478950923227,0.00589208947714549,0.000155022748844936,0.00399435722519138,2.37144976709043,2.37142761804181,-2.99051285825927,10,10.2826974652307,10.2831108629842,8.89392720609919,23,77.8546741405873,1.0145922422655,1.00000000000004,4.13091905467376,91779.2442440987
931,"joint",-4520.7831472595,-4518.21562858599,-80.5405473414782,0.055020349630662,0.0573900632330816,1.05656211510554,1.05906883365098,2.59008653518423,0.00236971360241958,2.30221166509158,0.0467948442296899,2.20124415246465,0.00859670100350355,0.000214699651048356,0.00761304820077755,2.37142761804181,2.37121423124949,-2.99141972841656,10,10.2831108629842,10.2849506999723,8.89576866042358,22,77.8689790282332,0.996959905632163,1.00000000000003,4.13485229341082,91930.5971250534
932,"joint",-4520.22029656295,-4518.36688982224,-80.7543418622454,0.0573900632330816,0.0631578403343623,1.05906883365098,1.06519495669122,6.31466731189317,0.00576777710128065,3.25976413710539,0.0761823030555143,2.62582398556101,0.0122969405147898,0.000330946631242084,0.0102808162489712,2.37121423124949,2.37073153722848,-2.9926038993071,10,10.2849506999723,10.2882201767007,8.89815381094286,24,77.902453849925,1.02613423431937,0.999999999999986,4.09770930709625,92085.4459750652
933,"joint",-4516.87228459738,-4518.26925401478,-81.276345236771,0.0631578403343623,0.0674547432987173,1.06519495669122,1.069781843705,4.70867645636726,0.00429690296435502,2.4200769710781,0.0513089410912313,2.23663341411559,0.00949094850258455,0.000220183511469393,0.00872364414066419,2.37073153722848,2.37052140653127,-2.99312872987161,10,10.2882201767007,10.2908252288546,8.90001080386561,24,77.9288475463024,1.01991085226599,1.00000000000001,4.04523521291679,92249.1665129662
934,"joint",-4515.06681275657,-4517.98832913689,-81.667814927615,0.0674547432987173,0.0683349612058243,1.069781843705,1.07072389938684,0.964606820343826,0.000880217907107045,3.47335168350433,0.0670688458403033,2.8742296923997,0.0108098310369289,0.000238227343003939,0.00819099759252365,2.37052140653127,2.37023765160604,-2.99312872987161,10,10.2908252288546,10.290811338565,8.89989584127163,19,77.8814733745573,0.901111092080567,0.999999999999969,4.01739768936361,92408.5122110844
935,"joint",-4516.32388326937,-4517.80486843134,-81.739987328795,0.0683349612058243,0.0689229772772816,1.07072389938684,1.07135368739236,0.644401931140502,0.000588016071457326,1.16090192513229,0.0294876329878521,0.954836342357985,0.00410815452665163,0.000129531486653941,0.00272009168384289,2.37023765160604,2.37030642325823,-2.99323263632523,10,10.290811338565,10.2907486849466,8.89981892778642,22,77.9431734606118,1.02349237658156,1.00000000000007,3.97801094798363,92567.9542500973
936,"joint",-4515.67629674847,-4517.79516175262,-81.7937078273788,0.0689229772772816,0.0714477890553822,1.07135368739236,1.07406207144202,2.76780259990526,0.00252481177810054,1.78411571068887,0.0484207801035459,1.3010045394744,0.00767881374761841,0.000230732130214555,0.00532328543880039,2.37030642325823,2.37015758621795,-2.9942766965993,10,10.2907486849466,10.2923344867046,8.90176321076503,27,77.9232106304241,1.04063172453534,1.00000000000001,3.97636236889117,92726.7771790028
937,"joint",-4515.71846256748,-4517.90259788758,-82.0317916254286,0.0714477890553822,0.0701250756980702,1.07406207144202,1.07264233435314,-1.45013969073496,-0.00132271335731195,2.57208413685266,0.0747819595301739,1.86109268420822,0.013693191819231,0.000407604443215013,0.0108149453832161,2.37015758621795,2.37073264354747,-2.99479837009996,10,10.2923344867046,10.2906127542052,8.90025106493727,25,77.9817097859319,1.09367648843597,1.00000000000008,3.94806423767388,92885.3756120205
938,"joint",-4517.51031273263,-4517.76873144019,-81.9206502073993,0.0701250756980702,0.0728564624277927,1.07264233435314,1.07557614024621,2.99563818528289,0.00273138672972248,3.31755464677187,0.0636626430226326,3.07142472134,0.0100384755550163,0.000223692035285888,0.00870647451739269,2.37073264354747,2.37043801472943,-2.99547080055976,10,10.2906127542052,10.2917672077369,8.90087422631152,23,77.9393736456801,0.98994075408028,0.999999999999974,3.97174212505627,93043.6335990429
939,"joint",-4517.39221770987,-4517.8562297887,-82.1706111467139,0.0728564624277927,0.071750263164635,1.07557614024621,1.0743869965486,-1.21329414291206,-0.00110619926315773,1.94949528424959,0.0471321640833484,1.48091714526522,0.00990932619001576,0.000236987097957065,0.00857393406901406,2.37043801472943,2.37078587988134,-2.99610166748238,10,10.2917672077369,10.2907313658921,8.90005335839673,23,78.0118277245484,1.03500124636246,1.00000000000003,3.94684205929514,93201.1486949921
940,"joint",-4518.51476434417,-4517.77419520304,-82.0831478925956,0.071750263164635,0.0767932684371825,1.0743869965486,1.07981882068403,5.53828254964453,0.00504300527254747,2.19840676429566,0.0578698653588281,1.73698228023225,0.0096331098438856,0.000300963846003921,0.00596685226351165,2.37078587988134,2.37051447236276,-2.99899717326527,10,10.2907313658921,10.295210922955,8.90445656573346,27,77.9882430610907,1.0912695836433,0.999999999999942,3.9735541203438,93358.3547110558
941,"joint",-4521.7191056237,-4517.91695415498,-82.5752873279283,0.0767932684371825,0.0750063633290695,1.07981882068403,1.07789100983801,-1.96271175506909,-0.00178690510811293,4.65206918452507,0.100351119962019,3.58408155653532,0.0199665993561821,0.00043226738421612,0.0151994766842653,2.37051447236276,2.37108647168209,-2.99854265365892,10,10.295210922955,10.2926447338861,8.90150799473456,24,78.0352124050593,1.01817667550827,1.00000000000007,3.92388050985576,93515.6366119385
942,"joint",-4519.32017990421,-4518.02976396468,-82.418663211518,0.0750063633290695,0.077243108867289,1.07789100983801,1.08030467611728,2.45742504187106,0.00223674553821951,4.16622666564026,0.095693912856306,3.6151240327341,0.0135771545761206,0.000373597757889136,0.0101873476425355,2.37108647168209,2.37083430112859,-2.99820645304997,10,10.2926447338861,10.2928669928826,8.90124433333624,22,78.0833248998024,1.04498098743491,0.999999999999958,3.98126531439033,93673.9266519547
943,"joint",-4516.07408551302,-4518.03838809497,-82.6067619873227,0.077243108867289,0.0790373724598676,1.08030467611728,1.08224476746368,1.97160478744567,0.00179426359257859,1.32211090987913,0.0417844860059107,0.757336128870632,0.0064725896807839,0.000237720530869838,0.00300201888953646,2.37083430112859,2.37086840183654,-2.99957358506101,10,10.2928669928826,10.2940149121444,8.90213751360343,24,78.0417981973837,1.03479972072997,0.999999999999981,3.95437710541348,93831.3498439789
944,"joint",-4518.37077748171,-4517.94948650323,-82.7712242595283,0.0790373724598676,0.0813888010950796,1.08224476746368,1.0847925831296,2.58455346370796,0.00235142863521192,1.64759389594693,0.0439393299275831,1.11427378734191,0.00674262586484916,0.000207429489792173,0.00379255630421405,2.37086840183654,2.37061894105618,-3.00080235408054,10,10.2940149121444,10.295570569465,8.90349435367534,24,78.0543025632675,1.03025742681412,0.99999999999996,3.95450643002139,93988.8954560757
945,"joint",-4519.49276886337,-4517.98008777258,-82.9854600924951,0.0813888010950796,0.0826883508322559,1.0847925831296,1.0862032414577,1.4285100463621,0.00129954973717637,1.76763352692767,0.0429091884964842,1.35718319078244,0.00622441778274012,0.000176686347262693,0.00461440528584406,2.37061894105618,2.37061101243055,-3.00156695944301,10,10.295570569465,10.2961937259422,8.90366874669844,20,78.0215592091388,0.960395111744833,0.999999999999964,3.92390600365592,94146.1819360256
946,"joint",-4518.32518082361,-4518.01216989346,-83.108097936187,0.0826883508322559,0.0831003989906318,1.0862032414577,1.08665090172543,0.452941441108823,0.000412048158375922,2.93094417515772,0.0698840723114093,2.08685937020597,0.0100584924493155,0.000289424657106508,0.00628854673808936,2.37061101243055,2.37063692207055,-3.00156695944301,10,10.2961937259422,10.2951373879033,8.90232211933395,21,78.0562863101534,0.962199126477712,0.999999999999996,3.92730548317344,94302.8336820602
947,"joint",-4515.11244497444,-4517.75965795488,-83.1390170478478,0.0831003989906318,0.0800470870744731,1.08665090172543,1.08333807769474,-3.35790022304952,-0.00305331191615877,3.45143178553289,0.0677527072333961,3.15866232550052,0.0127431546204414,0.000295959143852656,0.0106571159968357,2.37063692207055,2.37116964852949,-3.00138053364217,10,10.2951373879033,10.29261948562,8.89995323232129,24,78.065025207116,1.03928263363055,0.999999999999955,3.93752155636181,94459.4850540161
948,"joint",-4518.07139555342,-4517.76168279015,-82.8609945010929,0.0800470870744731,0.082306847498537,1.08333807769474,1.08578893033555,2.48582143198452,0.00225976042406393,3.40645236778467,0.0791127727513417,2.961779037509,0.0127709010500988,0.00035702108955084,0.00829806196292928,2.37116964852949,2.37101445725275,-3.0011001564337,10,10.29261948562,10.2928248819816,8.89998563478716,23,78.0816265959373,1.0056722788652,0.999999999999992,3.99452762602486,94616.8156449795
949,"joint",-4517.03773829193,-4517.88233402148,-83.073458279081,0.082306847498537,0.0857664807928948,1.08578893033555,1.08955186730737,3.80800629933862,0.00345963329435775,3.32057632274818,0.0782963236030413,2.39618887015186,0.0138426123683667,0.000355802619487539,0.0110271390230895,2.37101445725275,2.37057404325839,-3.00171817058812,10,10.2928248819816,10.2955236946793,8.90279729763798,28,78.0908144981137,1.06440050359327,1,3.97048677527184,94773.0142810345
950,"joint",-4514.57309016609,-4517.60876228719,-83.3992580992201,0.0857664807928948,0.089490093994598,1.08955186730737,1.09361649988774,4.10141241354339,0.00372361320170322,3.07749049519869,0.0717259333587014,2.33673403806325,0.0123960454528198,0.000298771554594711,0.00865773404191311,2.37057404325839,2.37009247988641,-3.00350811820293,10,10.2955236946793,10.2982379816906,8.90563455481668,21,78.0859131496668,0.933740224878573,1.00000000000001,3.91541175505091,94929.6422760487
951,"joint",-4517.90189471124,-4517.46469965978,-83.7457991506409,0.089490093994598,0.0912494878543614,1.09361649988774,1.09554229566244,1.93820263532597,0.00175939385976346,5.33570078246989,0.124240687616349,4.18492856583069,0.0172757459612625,0.000485568307483435,0.0116128510046299,2.37009247988641,2.36973668787207,-3.00414460245434,10,10.2982379816906,10.2989380803624,8.90701457930969,23,78.1295351211826,1.02318813135072,1.00000000000004,3.85649959480008,95104.6157951355
952,"joint",-4517.38005350113,-4517.32268750669,-83.9057802780425,0.0912494878543614,0.091633710676582,1.09554229566244,1.0959633088914,0.423274856518909,0.000384222822220613,2.23772698854575,0.0524501211861942,1.77537592416307,0.00883612209215918,0.000240382301345963,0.00633525143796332,2.36973668787207,2.36969642277663,-3.0049418293239,10,10.2989380803624,10.29995608112,8.90804326608,21,78.0890205905404,0.98414464888523,1.00000000000008,3.78734877471672,95263.9435360432
953,"joint",-4518.45075113732,-4517.40161083369,-83.9389948994989,0.091633710676582,0.0894538859149526,1.0959633088914,1.09357690285128,-2.40195075983861,-0.00217982476162941,6.14000631895621,0.117994574751678,5.76941151297169,0.021650274291785,0.000472371405351199,0.0189390653335607,2.36969642277663,2.37019660049192,-3.005148270317,10,10.29995608112,10.2976833741726,8.9054615368669,22,78.0787568535658,0.977890809464274,1,3.78281267399709,95422.7975070477
954,"joint",-4519.88009112701,-4517.64227475221,-83.7510871622917,0.0894538859149526,0.0922518336623466,1.09357690285128,1.09664095841798,3.08426850182209,0.00279794774739399,3.45949789479159,0.0745763491262291,3.00418870838978,0.0114292666760947,0.000286960610168767,0.0082933977964103,2.37019660049192,2.36977591660821,-3.00541979481459,10,10.2976833741726,10.2991323987965,8.90703495554913,23,78.1061112598213,1.00284546638839,0.999999999999948,3.85633631893631,95574.5803411007
955,"joint",-4512.63834555073,-4517.45799786628,-84.0084240854771,0.0922518336623466,0.0962539796362651,1.09664095841798,1.10103866988627,4.41523263705629,0.00400214597391845,2.97145154740634,0.0736077325305349,1.83502829237767,0.0101641881492725,0.000288293584561286,0.00639026073768064,2.36977591660821,2.36966115907402,-3.00614440464327,10,10.2991323987965,10.3009985142317,8.90843572288286,21,78.1123700243462,1.00254598302588,1.00000000000002,3.80626191364228,95726.1473720074
956,"joint",-4518.05952740706,-4517.57715939921,-84.3920675222325,0.0962539796362651,0.100013116550206,1.10103866988627,1.10518541420055,4.1500743778295,0.00375913691394066,3.73229610262366,0.0768341500437112,3.53751113769999,0.0114601740381584,0.000312397354096308,0.00970712726873675,2.36966115907402,2.3691905803643,-3.00708575327618,10,10.3009985142317,10.3026715461305,8.91016540931508,23,78.1715950903432,1.02378217733184,0.999999999999976,3.79220462884382,95888.1043801308
957,"joint",-4518.41279246249,-4517.71187589396,-84.7456417810816,0.100013116550206,0.0995916174352218,1.10518541420055,1.10471967768723,-0.465337724155669,-0.000421499114983923,4.94663413104462,0.0920988973136281,4.76257328693255,0.0168685508320501,0.000360941763651128,0.0154092281963709,2.3691905803643,2.36971267526536,-3.00787956396755,10,10.3026715461305,10.3021060042259,8.90920811911537,20,78.1802234656691,0.959171834009755,0.99999999999991,3.74173379390256,96047.0553610325
958,"joint",-4517.28798803718,-4517.70075965918,-84.7238011579612,0.0995916174352218,0.10057083311407,1.10471967768723,1.10580196632688,1.08111221802302,0.000979215678848225,1.02737059848104,0.029764983495101,0.612138504823836,0.00459464599315128,0.000151168542145592,0.00258799732719443,2.36971267526536,2.36961648416621,-3.00831981385044,10,10.3021060042259,10.3020303935195,8.90889131058555,22,78.1910432232689,0.945790934397147,0.999999999999916,3.80170514594317,96205.5982780457
959,"joint",-4520.04160224372,-4517.83322888588,-84.8053826082577,0.10057083311407,0.101732544052939,1.10580196632688,1.10708733503627,1.28268437139693,0.00116171093886851,1.47336033621357,0.0325258754400025,1.27336401757293,0.00552888377584784,0.000148493350921002,0.00349151174817331,2.36961648416621,2.36954324499973,-3.00902775507364,10,10.3020303935195,10.3031458003548,8.91015920763998,21,78.1938904919595,0.960024098021607,0.999999999999966,3.7910837935338,96365.0717599392
960,"joint",-4514.61843488328,-4517.63841241283,-84.9279227399232,0.101732544052939,0.100821343257847,1.10708733503627,1.10607901563683,-1.00612941158114,-0.000911200795091712,3.82608310905715,0.0665372772710403,3.73477959072951,0.0125190627987446,0.000252215927947,0.0119934400831663,2.36954324499973,2.36975013043754,-3.0071751724864,10,10.3031458003548,10.3020138002517,8.90895680706867,21,78.2057933241664,1.0075536862165,0.999999999999923,3.77844061739246,96523.9160170555
961,"joint",-4518.7101441349,-4517.48796433839,-84.8427498097949,0.100821343257847,0.0999218419928477,1.10607901563683,1.1050845434946,-0.993251210984722,-0.00089950126499915,4.72879532190515,0.0899888259660601,4.48683144738533,0.0167297761473209,0.000390846922669376,0.0142612182847709,2.36975013043754,2.37002827655717,-3.00782386554382,10,10.3020138002517,10.3010541797746,8.90760013335362,24,78.2313005087834,1.01172320467614,1.00000000000004,3.81457954563747,96682.0755319595
962,"joint",-4514.16057198032,-4517.2299839422,-84.7743729830953,0.0999218419928477,0.102306569603745,1.1050845434946,1.10772301388405,2.63402340736799,0.00238472761089713,1.68247689413497,0.0445385516354636,1.19538599683652,0.00788551456154013,0.000209574254445169,0.00659163290394198,2.37002827655717,2.36974218504206,-3.00970764202496,10,10.3010541797746,10.3029183627462,8.90915775756123,22,78.2095199447754,0.961345108167513,1.00000000000002,3.86978297456742,96840.4932820797
963,"joint",-4512.04052218692,-4517.02830577589,-85.0021555181624,0.102306569603745,0.104906652395204,1.10772301388405,1.1106069330197,2.87286274450732,0.00260008279145885,4.35435492408329,0.0833321439963881,4.19457721787644,0.0144045712755356,0.000418434813467423,0.0114193942613381,2.36974218504206,2.36936110891279,-3.0094560229414,10,10.3029183627462,10.3042958892126,8.91037760289618,26,78.3238654153824,1.1134528723857,0.999999999999964,3.85047494965654,96998.8057410717
964,"joint",-4517.52184924343,-4516.98585936398,-85.2488644509945,0.104906652395204,0.103096211792314,1.1106069330197,1.1085980641519,-2.000705506244,-0.00181044060288924,5.5792582950678,0.127976451083626,4.56430090032045,0.0193414679006134,0.00050695385019905,0.0143555339830073,2.36936110891279,2.36956069128212,-3.00953638599058,10,10.3042958892126,10.3037911241868,8.9101681736629,24,78.3041411368582,1.01059124218953,0.999999999999983,3.8061970568419,97156.9654231071
965,"joint",-4516.03350461812,-4516.81289615172,-85.082696934288,0.103096211792314,0.103268351362036,1.1085980641519,1.1087889141716,0.19023054095291,0.000172139569721936,2.68682901491551,0.0603311252065487,2.0501561605519,0.012688520133287,0.000281074647346218,0.0111628056959935,2.36956069128212,2.36929659825521,-3.00953638599058,10,10.3037911241868,10.3042599873068,8.91104376881035,21,78.2429850319687,0.936987918646468,0.999999999999975,3.86572250536857,97315.8946690559
966,"joint",-4517.05312855716,-4516.74929353839,-85.0853384166795,0.103268351362036,0.105632463942405,1.1087889141716,1.11141331696207,2.6132988780674,0.00236411258036872,3.8371418897063,0.0867737455730231,3.40639725047347,0.0135898047150373,0.000369510281770244,0.0106395155441414,2.36929659825521,2.36931576648021,-3.01033391549479,10,10.3042599873068,10.3059300088572,8.91207690990698,22,78.2372745110863,0.96736452954026,0.999999999999971,3.83618117624428,97474.0218689442
967,"joint",-4516.19663121945,-4516.80350285064,-85.3161393804735,0.105632463942405,0.105822346830914,1.11141331696207,1.11162437537058,0.209897632710547,0.000189882888508543,2.30711442363774,0.0516289750579316,2.15770345806049,0.00863617041369771,0.000263047083819694,0.00585014667507727,2.36931576648021,2.3692531460011,-3.01147821106773,10,10.3059300088572,10.305967296512,8.91194605104246,21,78.2703531948245,0.970455536526916,0.999999999999971,3.8491139848432,97633.4193480015
968,"joint",-4520.63984224622,-4516.93192518528,-85.3301044972518,0.105822346830914,0.100632002508701,1.11162437537058,1.10586960963257,-5.74518023004479,-0.00519034432221249,2.67395059094491,0.0709178057059402,1.64059092127908,0.012593997009673,0.000350925909356401,0.00685273397907566,2.3692531460011,2.36985115946933,-3.01103620100079,10,10.305967296512,10.3021246258463,8.90824029098513,22,78.2752976951456,1.00692097817305,0.999999999999991,3.83416141508129,97792.8344819546
969,"joint",-4517.83739952513,-4516.97190824694,-84.8268691014813,0.100632002508701,0.103723814827506,1.10586960963257,1.10929404203784,3.42395689033163,0.00309181231880465,4.86967611789713,0.0863483200110582,4.68420417081864,0.0153230602294334,0.000307385242734412,0.0144606783165728,2.36985115946933,2.36930633002842,-3.01164761417498,10,10.3021246258463,10.3043357492722,8.91065671598483,22,78.2182563539432,1.01094646502364,0.999999999999931,3.87888400780025,97953.048812151
970,"joint",-4520.74434878271,-4517.28047117778,-85.116651632129,0.103723814827506,0.104076933991474,1.10929404203784,1.10968582419138,0.39105618584853,0.000353119163967954,2.5252828436786,0.0622689991356254,1.95903248074732,0.0120061546968854,0.000291664766485545,0.0105572005491704,2.36930633002842,2.36958992884618,-3.01164761417498,10,10.3043357492722,10.3037015966022,8.90995143516499,21,78.2563098516355,1.00438580406897,0.99999999999994,3.80937829267998,98113.1416609287
971,"joint",-4519.28798852349,-4517.34977586839,-85.1621226412074,0.104076933991474,0.102442521061743,1.10968582419138,1.10787362068022,-1.8102463321818,-0.00163441292973052,7.65859898349447,0.153395704023189,6.81630472714191,0.0243883657980185,0.000521125829278847,0.020574629160327,2.36958992884618,2.37003641235361,-3.01152794342062,10,10.3037015966022,10.3011616575139,8.90671477330674,18,78.2420272721718,0.938224548547479,0.999999999999962,3.82783927144352,98273.2390680313
972,"joint",-4519.24224336997,-4517.44288536183,-85.0112803441779,0.102442521061743,0.104040402212378,1.10787362068022,1.10964528613445,1.7700103675242,0.0015978811506347,2.20543116525879,0.0479929975817102,2.03254952617448,0.00685332551368777,0.000209286273655808,0.00548299982509182,2.37003641235361,2.37003139585913,-3.01338432229983,10,10.3011616575139,10.3022676983728,8.90786926356249,24,78.2994681229068,1.07190970469583,0.999999999999914,3.89061846590803,98434.1448171139
973,"joint",-4520.08166787486,-4517.52443119871,-85.1792186091209,0.104040402212378,0.102998130713053,1.10964528613445,1.10848933698942,-1.154611262411,-0.00104227149932535,2.38415333470341,0.0494671870832256,2.26024601905914,0.00762925756399908,0.000196802741283006,0.00680524283020381,2.37003139585913,2.37027676784363,-3.01364103367256,10,10.3022676983728,10.3014401797477,8.90725926003352,25,78.2493954855025,0.973831459592588,1.00000000000003,3.87797145322579,98600.2691531181
974,"joint",-4517.60459267014,-4517.41065627586,-85.0872565312753,0.102998130713053,0.104654729412037,1.10848933698942,1.11032718084749,1.83540471667906,0.00165659869898432,0.789834175649796,0.0246994785940612,0.479099075646406,0.00463180667461783,0.000146029844242357,0.00256729176025457,2.37027676784363,2.37021914404233,-3.01364103367256,10,10.3014401797477,10.3023216917427,8.90815443044067,23,78.2445960843949,0.95476275374642,0.999999999999933,3.90908158731694,98771.7744641304
975,"joint",-4518.24648087959,-4517.69106304231,-85.2538955151816,0.104654729412037,0.107288694456435,1.11032718084749,1.1132555988119,2.91927654990541,0.00263396504439854,2.37650926122475,0.0557467864853548,2.10435250615565,0.00778992198271048,0.000227095783889683,0.00632308693748728,2.37021914404233,2.36994150993957,-3.01389181669524,10,10.3023216917427,10.3037194227277,8.90972321296347,20,78.2680909232711,0.91126481280051,0.999999999999998,3.90109742583633,98932.709084034
976,"joint",-4521.61771962955,-4517.86897265343,-85.5035628215677,0.107288694456435,0.107871311586537,1.1132555988119,1.11390438957391,0.645737268377417,0.000582617130101778,2.35192930736719,0.0453143677204183,2.26963667882071,0.00791451933581608,0.000214477147132916,0.00610858104394366,2.36994150993957,2.37000194410369,-3.01389181669524,10,10.3037194227277,10.3026595501798,8.90916566221555,22,78.3424656075063,1.020375032281,1.00000000000003,3.86173764754484,99091.9094750881
977,"joint",-4517.13996210648,-4517.80533113563,-85.5456335263486,0.107871311586537,0.107888327827659,1.11390438957391,1.11392334420085,0.0188597633871191,1.70162411216124e-05,1.29784373045001,0.0333193597833355,1.03836742274307,0.00535258516310405,0.000163398172660572,0.00398616591796582,2.37000194410369,2.37005238825451,-3.01496006936446,10,10.3026595501798,10.3029502226423,8.90977048405384,24,78.2900359272667,0.988089197042213,1.00000000000002,3.84186586738217,99251.9446151257
978,"joint",-4513.91044496878,-4517.63645398221,-85.5611636980495,0.107888327827659,0.111420079648939,1.11392334420085,1.11786440032008,3.91682176461108,0.0035317518212801,2.54329879257843,0.0579514015888106,2.02927697091064,0.0077084021231712,0.000212850311291416,0.0054535085529916,2.37005238825451,2.36969526712082,-3.01595377176306,10,10.3029502226423,10.3048918538047,8.91137640943691,22,78.2908186162898,0.957825415556268,1.00000000000001,3.84017501757984,99416.1299359798
979,"joint",-4515.93707926893,-4517.43122783347,-85.9005451076498,0.111420079648939,0.114927666144196,1.11786440032008,1.12179229107533,3.89241686117216,0.00350758649525721,2.20258022267265,0.0518784407856428,1.40949721474555,0.00851804070555585,0.000206548858859177,0.00540014677838578,2.36969526712082,2.36936526409399,-3.01734641154124,10,10.3048918538047,10.3074783008594,8.91360514840276,16,78.2888753935921,0.909423712052605,1.00000000000001,3.79923344568752,99580.0698840618
980,"joint",-4518.29807160172,-4517.61520966939,-86.2367192929481,0.114927666144196,0.114189194926116,1.12179229107533,1.12096418555938,-0.819513989204664,-0.000738471218079799,8.57703013565534,0.189480056051459,6.2459582373259,0.0273017579358382,0.000679075188780599,0.0165532264241495,2.36936526409399,2.36980082509035,-3.01775420145624,10,10.3074783008594,10.3042108653537,8.90979214405095,21,78.3451658611694,1.00876360465183,1,3.76655626315959,99742.7337329388
981,"joint",-4518.31095592745,-4517.59525025902,-86.1577650089605,0.114189194926116,0.114175023006444,1.12096418555938,1.12094829945756,-0.0157272027093488,-1.41719196720505e-05,3.54443279249433,0.0843930935834978,2.77296852882214,0.0119887321377122,0.000337014608723434,0.00732923943797295,2.36980082509035,2.36985529975576,-3.01829560023135,10,10.3042108653537,10.3052956803727,8.91105530013232,20,78.3377974757995,0.976076016871213,1.00000000000004,3.79215557731897,99903.4512040615
982,"joint",-4518.98759316768,-4517.83660131839,-86.1559801676186,0.114175023006444,0.115087194657704,1.12094829945756,1.12197126320719,1.01231912578375,0.000912171651259221,1.3831246398714,0.0290137265352812,1.26349127661097,0.00420717764559984,0.000109008113683698,0.00333767601881122,2.36985529975576,2.36978437535837,-3.01865542795799,10,10.3052956803727,10.3053573425711,8.91109606296416,21,78.3089817119048,0.938975200361878,1.00000000000007,3.78721742778118,100065.084263086
983,"joint",-4519.2225514704,-4518.19570278256,-86.2409136136142,0.115087194657704,0.116526475448882,1.12197126320719,1.12358725755042,1.59746513259002,0.00143928079117838,2.88490418572002,0.0582118226202317,2.65304621360495,0.00820010912718982,0.000204747280982431,0.00699121712579301,2.36978437535837,2.36976979706822,-3.01919565650729,10,10.3053573425711,10.3053844601644,8.91125729591657,21,78.3350953352138,0.99309772827657,1.00000000000005,3.77774682632505,100182.524143934
984,"joint",-4518.47000400182,-4518.24311052048,-86.3777717379608,0.116526475448882,0.115870474961038,1.12358725755042,1.12285042546886,-0.728113973136524,-0.000656000487843674,0.954501231682882,0.0290517602228742,0.644149663430168,0.00434215088299811,0.000148434508463442,0.00246666132303155,2.36976979706822,2.36982470575014,-3.02045658750143,10,10.3053844601644,10.305405638167,8.91147162265416,26,78.333171136785,0.99156337081503,0.999999999999967,3.76333450376653,100293.195677042
985,"joint",-4518.07776028418,-4518.34532330379,-86.3297825323686,0.115870474961038,0.116382316131224,1.12285042546886,1.12342529365263,0.568114805987093,0.00051184117018555,0.817574837705085,0.0175081007770803,0.772557107214781,0.00337304339168736,9.37293393468624e-05,0.00228537698809644,2.36982470575014,2.36981871639103,-3.02059605944227,10,10.305405638167,10.3062547808131,8.91246194645792,21,78.3445743327449,0.932561444635637,1.00000000000003,3.769467615624,100410.877419949
986,"joint",-4516.18398553109,-4518.30186615248,-86.3911379919275,0.116382316131224,0.111833597124124,1.12342529365263,1.11832675237323,-5.0540526656092,-0.00454871900709968,3.9883552189575,0.111312399555699,2.48683111063579,0.01521642901118,0.000503549024866972,0.00830926858706417,2.36981871639103,2.37066787611849,-3.02188370108165,10,10.3062547808131,10.3031319357147,8.90981279773757,18,78.3690148465809,0.93626363170915,1.00000000000006,3.761138304761,100537.412985086
987,"joint",-4515.34264911314,-4518.25916704717,-85.962557619478,0.111833597124124,0.114238468816114,1.11832675237323,1.12101942118618,2.6728106021188,0.00240487169199013,4.28648639963267,0.0739112549343887,4.19707247703218,0.011646770836234,0.000251100108035649,0.0109815789456452,2.37066787611849,2.37046432310276,-3.02222967667591,10,10.3031319357147,10.3035368654957,8.91027627485496,22,78.3760464675417,1.00019991737101,1.00000000000006,3.82695129708183,100665.086889029
988,"joint",-4519.38066120395,-4518.19620799505,-86.1958177914732,0.114238468816114,0.112920138854191,1.12101942118618,1.11954252142984,-1.46533910925961,-0.00131832996192293,1.77829359179982,0.047248252059593,1.19811059042979,0.00640102527532606,0.000215022981189165,0.00411137627830373,2.37046432310276,2.37061718153984,-3.02162330442078,10,10.3035368654957,10.3022059248406,8.90951068472646,22,78.3662695227023,0.967869958685807,0.999999999999996,3.79833620863824,100792.150043964
989,"joint",-4520.38843017602,-4518.3237595276,-86.0619856784237,0.112920138854191,0.116007056205382,1.11954252142984,1.12300379625073,3.43278054203137,0.00308691735119086,2.24639090539658,0.0521325538735155,1.6701074891344,0.00740154377869992,0.000199708345930957,0.00532825758176337,2.37061718153984,2.37045807882775,-3.02127653223749,10,10.3022059248406,10.3035182640124,8.91037792061333,21,78.3327424581588,0.935834403745504,0.999999999999979,3.79115529891426,100919.724728107
990,"joint",-4518.1503013602,-4518.19405715647,-86.3537603818888,0.116007056205382,0.113135982769919,1.12300379625073,1.11978419395232,-3.19406984371063,-0.00287107343546275,1.79596591900017,0.03956599886064,1.28890932020914,0.00620870490449503,0.000148065992960313,0.0049037727281817,2.37045807882775,2.37068951160988,-3.02095528124184,10,10.3035182640124,10.3020133293768,8.9092181934112,20,78.3657810253801,0.943722853899879,1.00000000000001,3.76255152942512,101047.622528076
991,"joint",-4518.58186774241,-4518.15875111742,-86.0790580265787,0.113135982769919,0.112246882350513,1.11978419395232,1.11878903581915,-0.989163514312959,-0.000889100419406106,2.0126531800774,0.0414241079279457,1.81175326030038,0.00646974895193858,0.000160137244318463,0.00533245830755042,2.37068951160988,2.3709236307402,-3.02156771976513,10,10.3020133293768,10.3013419897631,8.908830822677,20,78.3308561609716,0.914620901514391,1.00000000000005,3.7845829041106,101175.883152008
992,"joint",-4514.97309651024,-4517.94529377443,-86.0007204239119,0.112246882350513,0.115934760924628,1.11878903581915,1.12292261131067,4.10572084797321,0.0036878785741144,2.16866527653788,0.0561103725566679,1.49062830971339,0.00859183116896909,0.000242972176571177,0.00576263922041342,2.3709236307402,2.37055106422465,-3.02206062879218,10,10.3013419897631,10.3038001355896,8.91120189175798,24,78.3770424003682,1.01788619579078,1.00000000000002,3.80484894698835,101299.287709951
993,"joint",-4518.41202061973,-4517.86181141167,-86.3551004774098,0.115934760924628,0.120673538179906,1.12292261131067,1.12825651956061,5.28162149462665,0.00473877725527854,2.48562083042369,0.0669014545793205,1.49434244963059,0.00919132089650278,0.000277180915412381,0.00566935358097342,2.37055106422465,2.3700521385769,-3.02332454093682,10,10.3038001355896,10.3068190030649,8.91389071284618,22,78.3897759075739,0.948494693344293,0.999999999999997,3.76497351380997,101420.178380013
994,"joint",-4519.2695297598,-4517.94505826616,-86.8157081764406,0.120673538179906,0.123424683853525,1.12825651956061,1.13136479129681,3.06746052687239,0.00275114567361883,2.21822241695009,0.0506158526022343,1.56094330306622,0.00971420443581178,0.000233272905452961,0.00816257497924279,2.3700521385769,2.36970621530124,-3.02459858170975,10,10.3068190030649,10.3091186528668,8.91599938549376,17,78.3790362360141,0.901609643991765,1.00000000000005,3.71878473808499,101540.967519999
995,"joint",-4515.72630677461,-4517.81904956091,-87.0792896100434,0.123424683853525,0.124909520039526,1.13136479129681,1.13304593047777,1.65573877445616,0.0014848361860009,3.42610361575817,0.0779158576438512,2.39883402682537,0.0112186851222972,0.000295498002732261,0.00702399732572291,2.36970621530124,2.36948653856011,-3.02549660762111,10,10.3091186528668,10.3113742916162,8.9181817247167,24,78.414489461957,0.99130569425704,1.00000000000007,3.68480703036415,101662.391183138
996,"joint",-4516.50073947409,-4517.56320055314,-87.2294983176646,0.124909520039526,0.124721644814972,1.13304593047777,1.13283307921452,-0.209499772423289,-0.000187875224554235,1.72572185444815,0.0415190336098519,1.41156826274303,0.0076067756862562,0.000206929563737605,0.00420051096759698,2.36948653856011,2.36970547430644,-3.02573242070264,10,10.3113742916162,10.3110868302011,8.91747967786008,23,78.390179212273,0.968797899315133,0.999999999999944,3.66498878719222,101783.340677977
997,"joint",-4516.04016562279,-4517.50821072895,-87.2065760391169,0.124721644814972,0.123276508340211,1.13283307921452,1.13119716315762,-1.61164082334407,-0.00144513647476116,2.48906038165375,0.0646140580236272,1.61832757673932,0.0103781947105805,0.000271653273404431,0.00841780587040015,2.36970547430644,2.37005239714431,-3.02764081039118,10,10.3110868302011,10.3104778588586,8.91702526906346,21,78.4789578146018,1.02401948134591,0.99999999999999,3.67758211723271,101904.887196064
998,"joint",-4515.56505207297,-4517.59094108416,-87.0877687109955,0.123276508340211,0.121921602991973,1.13119716315762,1.12966553591063,-1.51115224606043,-0.0013549053482379,4.48907151758277,0.0966530544731408,3.96187461965345,0.0154251741723743,0.00037498120535951,0.0115099698497556,2.37005239714431,2.37046992869592,-3.02806610051535,10,10.3104778588586,10.3085592577274,8.91453713425968,21,78.4352635926977,0.942527223116752,0.999999999999947,3.7113100133947,102026.697050095
999,"joint",-4517.93533719634,-4517.69085398053,-86.9538169019408,0.121921602991973,0.120907716477918,1.12966553591063,1.128520763691,-1.13086544403263,-0.00101388651405505,2.03041323475979,0.0449114295336694,1.64801920274865,0.00676572026243387,0.000202071175327618,0.00428876388321824,2.37046992869592,2.37059878590605,-3.02965443278683,10,10.3085592577274,10.3076700074487,8.91340070670898,20,78.4538009036982,0.973966725678531,1.00000000000003,3.75622689373977,102147.52218914
1000,"joint",-4516.72092065632,-4517.61199643326,-86.8439207241583,0.120907716477918,0.1211348750297,1.128520763691,1.12877714595194,0.253368020726847,0.000227158551782222,4.15091622858765,0.0928986541452762,2.91254328089471,0.0146968190784805,0.000339663769695123,0.0110718283841935,2.37059878590605,2.37080410404806,-3.02990402881464,10,10.3076700074487,10.3066208344061,8.9120805088684,18,78.3872840503495,0.920163480044545,0.999999999999991,3.78169566654807,102290.40616703
1001,"joint",-4519.09730104609,-4517.65131368919,-86.8731674972133,0.1211348750297,0.12356927494848,1.12877714595194,1.13152838839784,2.7160850094652,0.0024343999187803,3.08216671158082,0.0679585202942848,2.70696042602244,0.00893714403798289,0.000245383486850531,0.007007111688202,2.37080410404806,2.37059413153501,-3.02990402881464,10,10.3066208344061,10.3078619337157,8.9135465195363,20,78.4107515287001,0.943086228788883,1.00000000000004,3.79283239558116,102425.662364006
1002,"joint",-4515.54724251905,-4517.47929615676,-87.1121625616516,0.12356927494848,0.124720481307233,1.13152838839784,1.13283176115523,1.28449788477457,0.00115120635875326,0.735372128736695,0.0197738365786452,0.60882764464002,0.00355538478100714,0.000118051395847982,0.00230467859884284,2.37059413153501,2.37040587411453,-3.03073458278922,10,10.3078619337157,10.3091169597105,8.91447983320423,20,78.4393987444828,0.933825941073749,1.00000000000003,3.7517678394059,102549.413040161
1003,"joint",-4515.47776336821,-4517.29205675165,-87.2308726510699,0.124720481307233,0.125884148704768,1.13283176115523,1.13415076783627,1.29848963379791,0.00116366739753415,4.01361292008271,0.0834786101944169,3.32192115124029,0.011051282535932,0.0002621612565132,0.00856726787360164,2.37040587411453,2.37015288426831,-3.03033323503031,10,10.3091169597105,10.3091003237825,8.9148120228379,21,78.4320170567295,0.926474648957862,0.999999999999992,3.74597343804344,102673.820640087
1004,"joint",-4519.38172388674,-4517.3376427459,-87.3358281737043,0.125884148704768,0.126098915294609,1.13415076783627,1.1343943716871,0.239649950091411,0.000214766589841407,3.98665226600472,0.0884367704066231,2.92619426409836,0.0117189844202442,0.000297838147856113,0.00843091154433362,2.37015288426831,2.37010473164184,-3.03033323503031,10,10.3091003237825,10.3088009305713,8.91458465708285,17,78.4465687089873,0.891300670972814,0.999999999999999,3.70171782510605,102797.616753101
1005,"joint",-4518.70198341291,-4517.36885390233,-87.3573990978025,0.126098915294609,0.12653676158868,1.1343943716871,1.13489117081164,0.488580874779248,0.000437846294071193,2.55612807333384,0.0651240803682039,1.61090612746266,0.0101265616335611,0.000272802645691287,0.00766933615497933,2.37010473164184,2.3698293874288,-3.03073907055502,10,10.3088009305713,10.3095911536989,8.91592116391509,18,78.3997922595782,0.85516275466316,1.00000000000002,3.70664294780476,102920.90734005
1006,"joint",-4519.22949655846,-4517.5211294537,-87.4018941545185,0.12653676158868,0.125305105900921,1.13489117081164,1.13349423609402,-1.37447563156161,-0.00123165568775883,3.14249671868697,0.0515429557452535,3.08470795296619,0.00943359304975704,0.000188666603478822,0.00884327875046693,2.3698293874288,2.37005739051264,-3.03039407847117,10,10.3095911536989,10.3088860889194,8.91508452405702,22,78.4608233081748,0.960756764849823,0.999999999999989,3.67891837550333,103045.86707902
1007,"joint",-4515.93856279453,-4517.55092513777,-87.2881618254861,0.125305105900921,0.12781064464211,1.13349423609402,1.136337810671,2.79695327933151,0.00250553874118887,5.01282222658325,0.126701291729156,3.12642247071028,0.0169404671668453,0.00046427241593329,0.0108314309790919,2.37005739051264,2.36959319060799,-3.03148414479977,10,10.3088860889194,10.3102840968087,8.91731740755438,24,78.4686130838378,0.98157149624959,1.00000000000008,3.71154638395884,103175.601614952
1008,"joint",-4518.70478218479,-4517.51713118681,-87.5263980989406,0.12781064464211,0.12973566202799,1.136337810671,1.13852738752337,2.14931083895498,0.00192501738588008,2.30910003359566,0.0411531450334469,2.19268886940228,0.00628285129043302,0.000132363100049344,0.00561500975122533,2.36959319060799,2.36943101063734,-3.03148414479977,10,10.3102840968087,10.3107407506852,8.91758518128652,20,78.420591922195,0.92917923599211,0.99999999999996,3.64632763643617,103299.17524004
1009,"joint",-4521.06910533007,-4517.55116494452,-87.7066347423927,0.12973566202799,0.130076996622462,1.13852738752337,1.13891607263955,0.381107424164852,0.000341334594471429,2.03938653590915,0.0387424687343498,1.98595372224758,0.0103567266709117,0.000201288484299895,0.0100696633643748,2.36943101063734,2.36924182778643,-3.03092506899165,10,10.3107407506852,10.3113925735936,8.91839247473973,22,78.4802961308208,0.98053608613999,0.999999999999994,3.62434637629903,103420.51949501
1010,"joint",-4518.88702399241,-4517.58800107613,-87.7319866366354,0.130076996622462,0.132063984779444,1.13891607263955,1.14118133516729,2.21895313818015,0.00198698815698269,1.67820261123137,0.0431874312705801,1.18047945189943,0.00655196963455485,0.000188502387552597,0.00444908070380259,2.36924182778643,2.36910678548712,-3.03092506899165,10,10.3113925735936,10.3127564850892,8.9194010717264,20,78.4315541604334,0.939446561280907,0.99999999999996,3.6090519951968,103542.282010078
1011,"joint",-4516.48964209125,-4517.48338979357,-87.9305999095339,0.132063984779444,0.134390013261707,1.14118133516729,1.14383884497989,2.5982766927959,0.00232602848226305,3.615915677521,0.0917387243757143,2.43523869093916,0.0122666425952048,0.00034218018361159,0.0078018838531987,2.36910678548712,2.36910528846518,-3.03119524181227,10,10.3127564850892,10.3130623298717,8.91916541574356,22,78.4809536207387,1.0020078178395,0.999999999999959,3.60970684455811,103663.674520969
1012,"joint",-4519.69112668602,-4517.71929130236,-88.1618269131612,0.134390013261707,0.137196155270792,1.14383884497989,1.14705312697106,3.13581962045576,0.00280614200908436,4.09560947753199,0.0974562870692433,3.09117506298389,0.0124903941605919,0.000352453351801249,0.0078734028874436,2.36910528846518,2.36882080044037,-3.03119524181227,10,10.3130623298717,10.3138949862598,8.91992137283035,17,78.4723170238267,0.929838305634339,0.999999999999942,3.60667110406116,103784.326780081
1013,"joint",-4518.70925487366,-4517.73415301506,-88.4311671952187,0.137196155270792,0.138703997320444,1.14705312697106,1.14878400652764,1.68518138882083,0.00150784204965262,3.42605517145658,0.080201130092483,2.44597743707383,0.0100542344098592,0.000284813932744268,0.00694531212690944,2.36882080044037,2.36864023020336,-3.03201016601249,10,10.3138949862598,10.3156767692996,8.92131976486844,22,78.4771501224454,0.935185889877184,1.00000000000005,3.58794808785938,103904.28114605
1014,"joint",-4517.01030597195,-4517.62119182566,-88.5780772703383,0.138703997320444,0.141231526693754,1.14878400652764,1.15169126438982,2.82569824467381,0.00252752937330994,4.42203257054913,0.0917156875779645,3.91000128516556,0.0132141127004899,0.00040371782750311,0.00989530104329137,2.36864023020336,2.36860340006042,-3.03201016601249,10,10.3156767692996,10.3150176273997,8.9208805460908,20,78.4859191321829,0.955365483653734,0.999999999999958,3.57128740372715,104020.002056122
1015,"joint",-4519.75357955493,-4517.82255546468,-88.7977240350287,0.141231526693754,0.141874360569564,1.15169126438982,1.15243184855983,0.718682879021658,0.000642833875810108,1.1823635507452,0.0317311011714544,0.889845765928361,0.00545926188661444,0.0001595760166778,0.00448434060375292,2.36860340006042,2.36855049143074,-3.03292344536475,10,10.3150176273997,10.3148287365958,8.92042802593674,19,78.4698083108351,0.923680543504574,0.999999999999997,3.5224459410948,104133.857164145
1016,"joint",-4519.25426612546,-4517.96023179725,-88.857995065677,0.141874360569564,0.141405475071058,1.15243184855983,1.15189161664138,-0.524215815397284,-0.0004688854985069,1.6729111569228,0.0357174955099441,1.55332520618799,0.00613504011264404,0.000160929856523077,0.00392758684612972,2.36855049143074,2.36866210371379,-3.03300224133923,10,10.3148287365958,10.313556046587,8.91941921587792,23,78.4859115574406,0.962920391411022,0.999999999999983,3.52237224564318,104252.718907118
1017,"joint",-4516.78199299466,-4517.99732316584,-88.801286759374,0.141405475071058,0.142485470374696,1.15189161664138,1.15313632619691,1.20750938348611,0.00107999530363847,2.7603526665281,0.0489243386616018,2.66344068273808,0.0135697655929762,0.000236704518172843,0.013300947068194,2.36866210371379,2.3684929309454,-3.03300224133923,10,10.313556046587,10.3147432973376,8.92088821071109,16,78.4577653307862,0.8664856756508,0.999999999999936,3.51770656198178,104372.001815081
1018,"joint",-4520.06557276962,-4518.22234920067,-88.9034349303123,0.142485470374696,0.144664258527922,1.15313632619691,1.15565150498937,2.43661413573581,0.00217878815322588,1.50521777963678,0.0374115866592868,1.25447056067997,0.00567561715486848,0.000160899389764581,0.00471193293554323,2.3684929309454,2.36831440086646,-3.03179529667008,10,10.3147432973376,10.3157626814279,8.92157497036501,18,78.4726660849003,0.936170562488856,0.999999999999983,3.50524171694426,104495.51570797
1019,"joint",-4516.09251780628,-4518.13020823117,-89.1116380054232,0.144664258527922,0.142946991670744,1.15565150498937,1.15366864599771,-1.92076214842971,-0.00171726685717776,4.8013659489395,0.0874686452661503,4.51219270844787,0.0151112315581149,0.000319558943352768,0.0126843310557908,2.36831440086646,2.36875092138921,-3.03284597396009,10,10.3157626814279,10.3140312159453,8.91938556080471,21,78.479317316276,0.967634504880436,1.00000000000008,3.48664393595476,104614.952472925
1020,"joint",-4519.87342925128,-4518.28783366092,-88.9462073579504,0.142946991670744,0.145651897052217,1.15366864599771,1.15679343475045,3.02654274932112,0.00270490538147304,3.69535085241983,0.0825124059269323,3.08035296162195,0.0108712355161601,0.000307340902115663,0.00862696941439283,2.36875092138921,2.36830623439693,-3.03359703713216,10,10.3140312159453,10.3148690724191,8.92000784945111,21,78.4473058170441,0.897358501472629,1.00000000000002,3.53508803387874,104733.860069036
1021,"joint",-4517.25864639056,-4518.19590092814,-89.1886735421076,0.145651897052217,0.143928467085781,1.15679343475045,1.15480149925372,-1.92864760199229,-0.00172342996643625,2.85111147948802,0.0628277125504537,2.30876854139639,0.0124195815330397,0.000258084281149516,0.0114156178447293,2.36830623439693,2.36875904142397,-3.03328974082262,10,10.3148690724191,10.3133419210411,8.91842821516034,20,78.4607691798398,0.935729902362617,0.999999999999997,3.48491260870948,104854.510946035
1022,"joint",-4515.0800515864,-4518.17254138151,-89.0288983899803,0.143928467085781,0.145337205704447,1.15480149925372,1.15642945913836,1.57664079667437,0.00140873861866631,1.4531228915531,0.0296069501667723,1.27503256922446,0.00480343870608698,0.000115559838165629,0.00321811151755155,2.36875904142397,2.36862623939378,-3.03322592134135,10,10.3133419210411,10.3138431454742,8.91897123476365,23,78.49535697575,0.985673938578691,1.00000000000001,3.52018013797079,104972.946538925
1023,"joint",-4516.27295190322,-4518.21230080826,-89.1629499738478,0.145337205704447,0.143251275556728,1.15642945913836,1.1540197421902,-2.33505225695222,-0.00208593014771885,2.19011694674318,0.053734080535117,1.76595479890781,0.00772829166447972,0.000213589514285895,0.00502864704420013,2.36862623939378,2.36898808596482,-3.0326344273824,10,10.3138431454742,10.3123109633729,8.91736593713795,19,78.4462546487318,0.910298534275125,1.00000000000005,3.50359999009902,105092.477297068
1024,"joint",-4519.13867433327,-4518.20014833059,-88.9575321713682,0.143251275556728,0.144536688087521,1.1540197421902,1.15550408742119,1.4390479145881,0.00128541253079278,3.47884878528372,0.0817438452806625,2.74957748999164,0.0116337708764812,0.00030814554983786,0.00770500849451806,2.36898808596482,2.36891454044909,-3.03323760557552,10,10.3123109633729,10.3114636180587,8.91587993532222,20,78.4318950908356,0.915163109884759,0.999999999999956,3.53567506798211,105210.877661943
1025,"joint",-4520.64253482777,-4518.29717590133,-89.0682085991993,0.144536688087521,0.145201984481668,1.15550408742119,1.15627309590489,0.744830592814869,0.000665296394146468,3.66019761674822,0.0813131490061769,2.69474821110368,0.0126401746709165,0.000290750488778055,0.00977073546308892,2.36891454044909,2.36894612761401,-3.03337215876732,10,10.3114636180587,10.3108007499346,8.91513392863809,20,78.4538695427897,0.941888919321539,1.00000000000007,3.53019007485637,105330.493335962
1026,"joint",-4515.0581728769,-4518.08860971725,-89.131781278687,0.145201984481668,0.14492356790301,1.15627309590489,1.15595121511609,-0.311701657930108,-0.000278416578657397,1.26457272659176,0.0285666183018306,1.14275452770064,0.00391531810909996,0.000110880733735536,0.00286918023526333,2.36894612761401,2.36901927794941,-3.03297110879603,10,10.3108007499346,10.3109558150704,8.91549797066522,19,78.4369410667675,0.962202147746923,0.999999999999954,3.5106712682845,105448.408147097
1027,"joint",-4517.2468082189,-4518.15402198847,-89.1073129885821,0.14492356790301,0.148619301374612,1.15595121511609,1.1602312066959,4.14039194851198,0.00369573347160137,4.10104843786221,0.083568535739799,3.82674963289861,0.0110780119853527,0.000286709054261602,0.0095639994277225,2.36901927794941,2.3686464091668,-3.03374487283721,10,10.3109558150704,10.3124608392965,8.91667114907812,22,78.4408829471108,0.931990352611911,0.999999999999974,3.51512439719088,105567.723010063
1028,"joint",-4515.79294941882,-4518.00843035017,-89.4746369359952,0.148619301374612,0.152347625406658,1.1602312066959,1.16456499845642,4.17980975946478,0.00372832403204637,4.28792359362768,0.0978683394078317,2.92944819461947,0.012900234074846,0.000320476640464599,0.00750540106147214,2.3686464091668,2.36809583887282,-3.03411691274089,10,10.3124608392965,10.3143194944412,8.91857920655813,17,78.488286562869,0.913819403245952,0.999999999999959,3.48501830353427,105685.695979118
1029,"joint",-4517.1048593615,-4517.81021805174,-89.8324391944734,0.152347625406658,0.15140717397076,1.16456499845642,1.16347029646914,-1.05438312286635,-0.000940451435897572,1.26919000792343,0.024742726934812,1.19357750376149,0.00722986144668035,0.000151179271121572,0.00581916442026212,2.36809583887282,2.36815126852553,-3.0343770293097,10,10.3143194944412,10.3125510780578,8.91648048293285,15,78.4279008066113,0.853646401381845,0.999999999999985,3.42358519478983,105805.816077948
1030,"joint",-4514.84518899087,-4517.60812630167,-89.7169793091433,0.15140717397076,0.1532467726425,1.16347029646914,1.16561258475233,2.0628072869579,0.00183959867173948,2.73491607756851,0.068279109128144,1.6599480549594,0.0090786741072243,0.000236547430756536,0.00507503979148905,2.36815126852553,2.36817353726799,-3.03494014665306,10,10.3125510780578,10.312931746166,8.9162928101165,17,78.4578455824156,0.913000445602567,0.999999999999921,3.43553653808923,105960.503693104
1031,"joint",-4517.73756577141,-4517.67052248568,-89.9002042806534,0.1532467726425,0.154678251658455,1.16561258475233,1.16728232952531,1.605332716141,0.00143147901595532,3.83280038414567,0.0721335187062046,3.6887541529484,0.0109444774636621,0.000251916107978248,0.0101968007963739,2.36817353726799,2.36782121632383,-3.03613050827549,10,10.312931746166,10.3140676178817,8.91764042306173,20,78.4798340248821,0.936277526476509,1.00000000000003,3.43717412262899,106081.773839951
1032,"joint",-4516.31628694548,-4517.50178049865,-90.0436357696213,0.154678251658455,0.154053222277442,1.16728232952531,1.16655297173219,-0.700953141744019,-0.000625029381013194,2.14197616803339,0.0509351588660008,1.44411140511999,0.0084122075385691,0.000203748843538631,0.00701493167708301,2.36782121632383,2.36804005040565,-3.03625557117173,10,10.3140676178817,10.313132133438,8.91646972974741,20,78.4752873548428,0.918409241928473,0.999999999999916,3.39797779008938,106202.593318939
1033,"joint",-4515.53687367821,-4517.34316143887,-89.9832386077789,0.154053222277442,0.153526465417986,1.16655297173219,1.16593864376735,-0.590751426226623,-0.000526756859455531,1.52382770089575,0.0368537618768336,1.35108535007882,0.00813792892222648,0.000227053869558389,0.00520232346906794,2.36804005040565,2.36830740317125,-3.03801699733964,10,10.313132133438,10.3115300737542,8.91483538098254,23,78.5082918663157,1.02740053896159,0.999999999999987,3.41176861615438,106324.062144995
1034,"joint",-4517.58122363488,-4517.37170732202,-89.9105394438036,0.153526465417986,0.152570148368797,1.16593864376735,1.16482416974419,-1.07254701234387,-0.000956317049189362,1.49538032747357,0.0449998602061469,0.792710949149992,0.00720557051317231,0.000232768926414072,0.00485308896218583,2.36830740317125,2.36862663054473,-3.03679798903258,10,10.3115300737542,10.3122137373676,8.91600475373077,24,78.4455534186084,0.950387789458552,0.999999999999974,3.42554988247928,106446.056216955
1035,"joint",-4514.04564257566,-4517.08631047306,-89.8546579587715,0.152570148368797,0.15278688351801,1.16482416974419,1.16507665544471,0.24307752636474,0.00021673514921309,3.25767363450141,0.0820629675763109,2.16087823741269,0.0106417240802729,0.000305547184539969,0.00620841102160834,2.36862663054473,2.36855632303637,-3.03941634133753,10,10.3122137373676,10.313624645396,8.91713356520969,15,78.4641622465018,0.870011817177515,0.999999999999923,3.44386312320303,106567.89162302
1036,"joint",-4516.66486209513,-4516.95684027154,-89.8897014628458,0.15278688351801,0.154061151490368,1.16507665544471,1.16656222161576,1.42926082117844,0.00127426797235759,3.09240486777245,0.0555789808391229,3.00274458165167,0.00962232144475866,0.000215528107787998,0.00824761196269667,2.36855632303637,2.3683840260206,-3.0401130268078,10,10.313624645396,10.3142642417824,8.91813408441906,20,78.4973565353401,0.924061056848398,1.00000000000002,3.46405126159525,106695.980525017
1037,"joint",-4515.35198892048,-4516.88534006783,-90.0106948620731,0.154061151490368,0.152190255067657,1.16656222161576,1.16438174488754,-2.09882624539755,-0.00187089642271032,3.48276414350321,0.0676125666224864,3.21398522823428,0.0096588253122516,0.000212921475010034,0.00879362669235882,2.3683840260206,2.36867062437618,-3.04091986942359,10,10.3142642417824,10.3134332454544,8.91723939889116,18,78.4865160715297,0.887369451133775,0.999999999999927,3.43198157281684,106819.954857111
1038,"joint",-4518.07506369812,-4516.78581461426,-89.8357966121902,0.152190255067657,0.152990218040118,1.16438174488754,1.1653135798363,0.897450541160206,0.000799962972460266,1.73637984890348,0.0383227372772287,1.6066765155589,0.00679881615251114,0.000206695617735712,0.00439170718529436,2.36867062437618,2.36884103814761,-3.04306369894202,10,10.3134332454544,10.3134216507403,8.91750253291509,19,78.5362793433886,0.981162937436662,1,3.47414608525616,106941.407397032
1039,"joint",-4519.5004194937,-4516.95620969863,-89.9164671227475,0.152990218040118,0.153299031256883,1.1653135798363,1.16567349964256,0.346448422685869,0.000308813216765328,3.58605088948237,0.090192944711689,2.46052964036806,0.0113497148448745,0.00032923826207256,0.00671047863140114,2.36884103814761,2.3688152758713,-3.04463550244226,10,10.3134216507403,10.3134966113081,8.91767908927652,19,78.4912743862464,0.906214349110562,0.999999999999955,3.48151687713011,107062.48944211
1040,"joint",-4514.00708596943,-4516.66289253454,-89.9470585465775,0.153299031256883,0.155596215427519,1.16567349964256,1.1683543443722,2.57782329647141,0.00229718417063564,3.28455153042128,0.0676396184173693,3.0629524466775,0.00946154503284335,0.000251864582690319,0.00757867286344863,2.3688152758713,2.36859765455443,-3.04543579402382,10,10.3134966113081,10.3143626817835,8.9181228104635,19,78.5055699334398,0.921784683061322,0.999999999999942,3.4818013266283,107183.130838156
1041,"joint",-4516.28228780016,-4516.61407460502,-90.1727203174733,0.155596215427519,0.159020897798697,1.1683543443722,1.17236244621912,3.84531973570343,0.0034246823711784,2.92500836134213,0.0710705963245169,2.43039664389249,0.00989594756552053,0.000280085239892222,0.006611656566874,2.36859765455443,2.36809350112262,-3.04543579402382,10,10.3143626817835,10.3165485898031,8.92018892482326,17,78.4840551940455,0.872318072190887,1.00000000000001,3.45088933483379,107303.708806038
1042,"joint",-4518.19957801649,-4516.77005092652,-90.5113262615997,0.159020897798697,0.158162141749533,1.17236244621912,1.17135610503925,-0.964268505763908,-0.000858756049163884,3.2740562760524,0.0748530051285459,2.73294335248203,0.0113701033898829,0.000309320792022809,0.00741424250557005,2.36809350112262,2.3684936970499,-3.04777277864966,10,10.3165485898031,10.3169193428512,8.92054628573547,19,78.520414385844,0.901057957218024,1.00000000000001,3.40856636042855,107424.298223972
1043,"joint",-4516.62776171273,-4516.787791417,-90.4649944057432,0.158162141749533,0.157716362392987,1.17135610503925,1.17083405503667,-0.500555734661265,-0.000445779356546353,3.47794538623484,0.0851441079358711,2.74122327631686,0.0121775508578882,0.000361669137614395,0.0074627341490593,2.3684936970499,2.36879693180453,-3.0476451152654,10,10.3169193428512,10.315194316333,8.91837276259652,19,78.5864428315036,0.913958278969473,0.99999999999992,3.44624326655252,107543.887864113
1044,"joint",-4518.03849115106,-4516.73278225789,-90.4068158900553,0.157716362392987,0.15976751961183,1.17083405503667,1.17323808443899,2.3036835253645,0.00205115721884335,3.21343058646266,0.0818232432786915,2.35888291970719,0.0116981041129073,0.000322121712399725,0.00826147241947011,2.36879693180453,2.36856193366015,-3.04840274896395,10,10.315194316333,10.3163907523173,8.92029073463798,19,78.5814302370555,0.938392887087647,0.999999999999976,3.46925921751676,107664.762987137
1045,"joint",-4517.32666082818,-4516.56698855791,-90.6102062919052,0.15976751961183,0.15948205437588,1.17323808443899,1.17290321355166,-0.320611328371659,-0.00028546523595068,2.4154208601,0.0508965245666057,2.08532588334977,0.00836297801589146,0.000211570899655408,0.00562137570270084,2.36856193366015,2.36881562696906,-3.04840274896395,10,10.3163907523173,10.316065183808,8.91959351476143,19,78.5779718573739,0.93214940135926,0.999999999999992,3.42917265314722,107784.435135126
1046,"joint",-4517.34420807213,-4516.68129031767,-90.5891078189353,0.15948205437588,0.160415659134403,1.17290321355166,1.17399875289392,1.0485946090021,0.000933604758523035,3.50892174148466,0.0770452313977391,3.10673104304792,0.0100817123316863,0.000266823699186138,0.0076559665448505,2.36881562696906,2.36869975351825,-3.04878910046052,10,10.316065183808,10.317476255733,8.92073782269686,19,78.5788853369788,0.921879068900772,0.999999999999997,3.45230664429683,107898.150880098
1047,"joint",-4516.14901625384,-4516.62640071941,-90.6816762035813,0.160415659134403,0.161472591938775,1.17399875289392,1.17524024666032,1.18717898549686,0.0010569328043725,1.75178952454839,0.0410551628486688,1.37287039498762,0.00573794658646212,0.000146321398887999,0.00394679300119323,2.36869975351825,2.3687102542801,-3.04878910046052,10,10.317476255733,10.3174634662218,8.92075225219606,17,78.5986628471619,0.905171780791029,0.999999999999944,3.4534142151564,108007.489053965
1048,"joint",-4517.57031887681,-4516.71526919231,-90.7873468181424,0.161472591938775,0.159748432646115,1.17524024666032,1.17321569109761,-1.93691593326775,-0.00172415929265976,3.99438031787703,0.0649294245723626,3.95456075989969,0.0111180831506382,0.000228911291963381,0.0105955474113804,2.3687102542801,2.36908447319045,-3.04878910046052,10,10.3174634662218,10.316240556352,8.91941368112985,17,78.5809047057222,0.893715681369277,0.999999999999987,3.44086082478636,108126.310173035
1049,"joint",-4517.97240152147,-4516.75864630031,-90.6181278498015,0.159748432646115,0.162246235114815,1.17321569109761,1.17614981505267,2.80690035754293,0.00249780246869937,3.13269719094865,0.0580477123852245,2.68573878711384,0.00832853597224866,0.000174175157659782,0.00717740395526836,2.36908447319045,2.36877296025598,-3.05003431041369,10,10.316240556352,10.3176140688884,8.92078908421708,18,78.5433773409904,0.862685234615195,0.999999999999976,3.47902997056548,108245.098966122
1050,"joint",-4520.39363585142,-4517.03606864334,-90.8694383474228,0.162246235114815,0.163463203947186,1.17614981505267,1.17758202401987,1.36766748852631,0.00121696883237164,2.24409930501521,0.0507541323587168,1.60223206164203,0.00749347934603508,0.000189264007046306,0.00596521202069633,2.36877296025598,2.36880703354247,-3.05003431041369,10,10.3176140688884,10.3186503613713,8.92131899814989,17,78.5583061894397,0.876548612891929,1.00000000000002,3.440070895243,108364.563981056
1051,"joint",-4519.47070039169,-4517.12272537435,-90.9943238248333,0.163463203947186,0.163751490181958,1.17758202401987,1.17792155364622,0.323986398515202,0.00028828623477134,1.73610307749447,0.0488827495269598,1.37454373368642,0.00853489593417978,0.000256045588989358,0.00653580129214536,2.36880703354247,2.36885058026097,-3.04966757934467,10,10.3186503613713,10.319366673691,8.92251682587107,21,78.6132722916907,0.953050741378548,1.00000000000004,3.44139770975157,108482.138575077
1052,"joint",-4513.85909209119,-4516.99986563164,-91.0304588992651,0.163751490181958,0.165331949678567,1.17792155364622,1.17978468286425,1.77639887533681,0.00158045949660933,0.965534211788478,0.0237737315071227,0.753545370580897,0.00336771598326756,9.35918083997415e-05,0.00223677342518499,2.36885058026097,2.36884724843088,-3.04966757934467,10,10.319366673691,10.3201232671035,8.9232388674931,16,78.618817179012,0.878374948805159,1.00000000000002,3.4263126617273,108601.13457799
1053,"joint",-4516.94311864392,-4517.07017787992,-91.1954616503241,0.165331949678567,0.163717867487906,1.17978468286425,1.17788194941601,-1.81442635170868,-0.00161408219066125,3.53770512564628,0.0749271837409991,2.47583986840959,0.0135239194525581,0.000272527552809221,0.0116915414148433,2.36884724843088,2.3692488943023,-3.04996113769197,10,10.3201232671035,10.3184491404433,8.92142672616147,15,78.608383851095,0.888866794185904,1.00000000000006,3.41973323535008,108719.302385092
1054,"joint",-4518.28218616548,-4517.10522600645,-91.042872027158,0.163717867487906,0.166392352442514,1.17788194941601,1.18103639334416,3.00752493236766,0.00267448495460795,1.25552093934849,0.0223244980991783,1.22225129209569,0.00484356462804874,9.66479441905255e-05,0.00454442907643169,2.3692488943023,2.36910564880929,-3.05134793855911,10,10.3184491404433,10.3200768082734,8.9226914725005,20,78.6138483408194,0.901722172114905,1.00000000000001,3.45366081399023,108837.977232933
1055,"joint",-4518.33552667698,-4517.31972021152,-91.3185130199952,0.166392352442514,0.166957942538132,1.18103639334416,1.18170456476856,0.636030320171513,0.0005655900956181,4.23596702581805,0.0926379375373168,3.32348460831347,0.0120373210947353,0.000296517588712788,0.00814326607734313,2.36910564880929,2.3692076452281,-3.05098458140516,10,10.3200768082734,10.3188956605387,8.92141159538732,18,78.6416159069932,0.891452813921407,0.999999999999899,3.44173513037855,108956.499912024
1056,"joint",-4513.90903660384,-4517.18192893696,-91.3700988624271,0.166957942538132,0.168455214638082,1.18170456476856,1.18347522329178,1.68393545794812,0.00149727209995025,1.0478883274554,0.0219624297162871,0.953922353464024,0.00408970231032173,9.33932691870916e-05,0.0035442294913535,2.3692076452281,2.36917073716901,-3.05126588017472,10,10.3188956605387,10.3196524330987,8.92180096425902,18,78.6242374105785,0.898786657462036,0.999999999999982,3.4441128197582,109074.420995951
1057,"joint",-4515.90120332358,-4517.20938965711,-91.5222960856108,0.168455214638082,0.170850600865237,1.18347522329178,1.18631350157104,2.69478977012792,0.00239538622715478,4.31085777585946,0.0983289208445584,3.51624437353548,0.0121952874238334,0.000328946346507749,0.00931796040938918,2.36917073716901,2.36918553415135,-3.05198098073737,10,10.3196524330987,10.3204134173571,8.92206526988995,16,78.6437771741603,0.845343684846858,0.99999999999999,3.43989664518899,109193.921811104
1058,"joint",-4517.45908519553,-4517.17859073198,-91.7617456159365,0.170850600865237,0.172139942739577,1.18631350157104,1.18784405173389,1.45061956652374,0.00128934187434057,2.21300067932535,0.0436111411162633,2.12605854873933,0.00644744805324834,0.000162591794888127,0.00562508195175401,2.36918553415135,2.36903590580834,-3.05278606171136,10,10.3204134173571,10.3212443584955,8.922949554061,16,78.6192808824771,0.859038641621718,1.00000000000003,3.44125585091459,109312.430508137
1059,"joint",-4516.60238180332,-4517.03368884746,-91.89775709231,0.172139942739577,0.171249649730038,1.18784405173389,1.18678699309399,-1.00169526091762,-0.00089029300953936,2.17149403709882,0.0462662273435685,1.79073435205694,0.00570682370416093,0.000153146517859894,0.00437791179334296,2.36903590580834,2.36908787822182,-3.05237817208653,10,10.3212443584955,10.3213791967424,8.92326813181329,18,78.6594111188466,0.886656709358263,0.99999999999997,3.42172024028118,109450.880720139
1060,"joint",-4519.81737995851,-4517.32420354692,-91.8155978913459,0.171249649730038,0.167452995040681,1.18678699309399,1.18228971539881,-4.27481170245242,-0.00379665468935682,3.54214663608038,0.0828049105244152,2.84680709912992,0.0115675608791751,0.000293185284283251,0.00750732732813293,2.36908787822182,2.36961561173353,-3.05237817208653,10,10.3213791967424,10.318832517816,8.92082297043469,17,78.6748308046102,0.87200342188059,0.999999999999959,3.42756922714128,109588.086580038
1061,"joint",-4518.97673409638,-4517.45892586173,-91.435243380753,0.167452995040681,0.168710944504695,1.18228971539881,1.18377791195439,1.41648979374308,0.00125794946401343,1.24092918904105,0.0308540708685044,0.999189094919538,0.00447460664897929,0.000123362950246472,0.00370250792153729,2.36961561173353,2.36951753941584,-3.0529429121559,10,10.318832517816,10.319813714812,8.92153849911708,17,78.6594274171599,0.899036275843856,0.99999999999991,3.47814316949722,109708.56655097
1062,"joint",-4519.54197586205,-4517.526045754,-91.566170748707,0.168710944504695,0.171065640180777,1.18377791195439,1.1865686330451,2.65219513574141,0.00235469567608252,3.18408740494043,0.0770971442745018,2.53197309360959,0.00987028151911474,0.000274811869251766,0.00617583104263886,2.36951753941584,2.36952839093992,-3.0529429121559,10,10.319813714812,10.3201928375413,8.92149462239974,18,78.6386108058899,0.859775107814565,1,3.47701418689392,109828.91050601
1063,"joint",-4518.14941627747,-4517.60212848224,-91.8028902250111,0.171065640180777,0.17319694403198,1.1865686330451,1.18910026822601,2.40112471600953,0.00213130385120291,3.00828696922958,0.0633611760429624,2.75939242532748,0.0134073214147176,0.000277158110974725,0.0128352173466143,2.36952839093992,2.36910067603279,-3.05421040677794,10,10.3201928375413,10.3221683238034,8.92364820812333,18,78.6794095156339,0.877135363519487,0.999999999999944,3.46525559458889,109949.110175133
1064,"joint",-4517.47400290339,-4517.57390406986,-92.0198880903943,0.17319694403198,0.173727150963276,1.18910026822601,1.18973090459934,0.597338977053057,0.000530206931295658,2.63644475390637,0.0476894907263106,2.54332278154227,0.0071944867508367,0.000150679925108495,0.00668967242169987,2.36910067603279,2.36917009305659,-3.05421040677794,10,10.3221683238034,10.3223507703003,8.92370661153086,14,78.6547236522086,0.819018024476547,1.00000000000004,3.43445598308378,110068.381303072
1065,"joint",-4516.74695533044,-4517.54491879497,-92.0766046837875,0.173727150963276,0.176967374896114,1.18973090459934,1.19359215142397,3.65240208667301,0.00324022393283834,2.24704873502574,0.0606697285657561,1.56102183213157,0.00858881882258392,0.000275326727712737,0.00467500218583636,2.36917009305659,2.36908490325485,-3.05421040677794,10,10.3223507703003,10.32479003888,8.92610103505323,18,78.676288222229,0.898596050288931,0.999999999999989,3.44587822169096,110188.949310064
1066,"joint",-4517.03983584281,-4517.5297001835,-92.4367883025355,0.176967374896114,0.176206158518656,1.19359215142397,1.19268391525628,-0.858073052338917,-0.00076121637745781,5.61047311824315,0.100562150013049,5.45086626360238,0.0151713749006229,0.000316393115121075,0.0141805172426815,2.36908490325485,2.36935315988184,-3.05390005859567,10,10.32479003888,10.3240941078475,8.92551050056829,17,78.7450413131736,0.860723952112352,1.00000000000005,3.42377554199564,110312.847049952
1067,"joint",-4516.42035293527,-4517.54326701758,-92.3647934858408,0.176206158518656,0.177318821562749,1.19268391525628,1.19401170912867,1.25431520909218,0.00111266304409318,1.67188460360983,0.0356315281171819,1.53183311546763,0.00505755019369028,0.000138356834756521,0.0037313902888691,2.36935315988184,2.36925315821513,-3.05362185857007,10,10.3240941078475,10.324097329962,8.92540884619991,22,78.7592361431107,0.957287247114708,1,3.45809661178366,110434.456217051
1068,"joint",-4517.84832172028,-4517.55716715975,-92.4740872851824,0.177318821562749,0.176985136230262,1.19401170912867,1.19361335140127,-0.376168616368955,-0.000333685332487135,1.49360725913281,0.0360305139949399,1.26943210467569,0.00529287629053577,0.000152260086484176,0.00309073072205199,2.36925315821513,2.36932275548436,-3.0537593344461,10,10.324097329962,10.3234280894007,8.92462442381421,17,78.7133399881477,0.822794603336007,0.99999999999996,3.44687478465655,110555.110032082
1069,"joint",-4517.17840377894,-4517.51746727262,-92.4336523227997,0.176985136230262,0.178530519316197,1.19361335140127,1.19545936731917,1.74234222861855,0.00154538308593521,2.5773669178792,0.0590342750822575,2.20893922787172,0.00735244797527586,0.000198778810153016,0.0053704202400303,2.36932275548436,2.3693521995612,-3.0537593344461,10,10.3234280894007,10.3233960046467,8.92450647800105,17,78.7247845303847,0.821983908291405,1.00000000000001,3.44520588360061,110674.080354929
1070,"joint",-4517.73433983104,-4517.38450247161,-92.5906099261659,0.178530519316197,0.179518958357257,1.19545936731917,1.19664159021121,1.11447008442722,0.000988439041059672,4.6262354180866,0.114352869995939,3.57192203680753,0.015802676147524,0.000491653857770112,0.00977758027162982,2.3693521995612,2.36952517087557,-3.05398317509772,10,10.3233960046467,10.3225710080444,8.92327242705642,19,78.763605429041,0.907163555526629,1.00000000000002,3.43769872320091,110793.284285069
1071,"joint",-4518.26903385882,-4517.32441914496,-92.6760034170574,0.179518958357257,0.179903196098807,1.19664159021121,1.19710147341986,0.433233220880436,0.000384237741550082,4.45809128244784,0.083193020416524,4.08324240752611,0.0115892944418497,0.000246745319669883,0.0105476260401783,2.36952517087557,2.36960798840435,-3.05426811932866,10,10.3225710080444,10.3222491023596,8.9226025085093,18,78.7194617169449,0.857597223668359,1.00000000000001,3.41199912081811,110911.259427071
1072,"joint",-4517.89011007713,-4517.52597004426,-92.7175036082979,0.179903196098807,0.178437606005192,1.19710147341986,1.19534829839115,-1.65265004038308,-0.00146559009361526,4.30212916733649,0.101664240237267,3.26733810176468,0.0121281826023617,0.000330231246807492,0.00788226612954088,2.36960798840435,2.36965552287244,-3.05412198848047,10,10.3222491023596,10.3203474859776,8.92106210040904,16,78.7070441991845,0.825180530632715,0.999999999999993,3.43122465658403,111029.872843027
1073,"joint",-4515.86886864542,-4517.47225754433,-92.549127862443,0.178437606005192,0.179069080697701,1.19534829839115,1.19610336896921,0.712086884791492,0.000631474692509398,1.14787956774955,0.0269816293707506,0.903143686986145,0.00498936063808577,0.000121271807306126,0.00415881402111381,2.36965552287244,2.36965662020928,-3.05456244496833,10,10.3203474859776,10.320368902235,8.92077360862948,17,78.7251407540983,0.855851751661802,0.999999999999969,3.43056107199805,111147.345111132
1074,"joint",-4518.71701950273,-4517.4939992112,-92.6115758690441,0.179069080697701,0.18004057277518,1.19610336896921,1.19726593853814,1.09556158445809,0.000971492077478112,0.510225782650471,0.0152678603830888,0.390332745453446,0.00267063478075199,8.0667705121976e-05,0.00179712171962837,2.36965662020928,2.36957892888192,-3.05456244496833,10,10.320368902235,10.3210987084594,8.92150211501215,18,78.7310966065051,0.91721564784629,1.00000000000003,3.43033390891562,111264.47725296
1075,"joint",-4514.62651074505,-4517.3085484146,-92.7151668896012,0.18004057277518,0.178155074706894,1.19726593853814,1.1950106227887,-2.1266735798827,-0.00188549806828582,2.64863114306157,0.0556380192016557,2.21781266092001,0.00721793815017481,0.000184525049396136,0.00534250752394895,2.36957892888192,2.36989687643569,-3.05456244496833,10,10.3210987084594,10.3204890867469,8.92076104034764,19,78.6985298650752,0.873968299737604,1.00000000000007,3.42638617031522,111384.134081125
1076,"joint",-4514.99439413131,-4517.36281629097,-92.529959784537,0.178155074706894,0.178458814150011,1.1950106227887,1.1953736497798,0.34259256980676,0.000303739443117481,2.92177895288986,0.0598744132857296,2.74394747447324,0.00824918091223307,0.000213584027741427,0.00705469538874258,2.36989687643569,2.37004698511172,-3.05532407251396,10,10.3204890867469,10.3205664316094,8.92055748592423,18,78.7255876473287,0.878361659193263,1.00000000000006,3.45757350064412,111500.92218709
1077,"joint",-4512.5698108976,-4517.19624666968,-92.5701081063869,0.178458814150011,0.176691050510519,1.1953736497798,1.19326237837034,-1.99420046412807,-0.00176776363949177,1.51303983111004,0.0375943208724673,1.19252393700161,0.00566743867262468,0.000158915049162931,0.00359135875382863,2.37004698511172,2.3703094166566,-3.05532407251396,10,10.3205664316094,10.3194551891744,8.91940151476273,16,78.7220866631313,0.86477167207616,1.00000000000004,3.48168969727578,111617.933676004
1078,"joint",-4516.75496170131,-4517.16104049496,-92.3907636093405,0.176691050510519,0.176974773765596,1.19326237837034,1.19360098268918,0.320067293866852,0.000283723255076215,0.595482491570211,0.0175107418493769,0.331953098428921,0.0025858830571404,7.77099135396703e-05,0.00152581662425878,2.3703094166566,2.37034368115832,-3.0557142259878,10,10.3194551891744,10.3197646474685,8.91970184881887,20,78.7492073526468,0.9181020050347,0.999999999999941,3.50244606137328,111725.171648026
1079,"joint",-4518.51826873055,-4517.25683484133,-92.4258064325646,0.176974773765596,0.179193779358538,1.19360098268918,1.19625253075749,2.50386961765351,0.00221900559294244,1.76002931473999,0.0392917806585555,1.33065116517878,0.00600210533316575,0.000141592043445175,0.00457321513217362,2.37034368115832,2.37015052103922,-3.05597127222642,10,10.3197646474685,10.3208765475513,8.92073766122327,17,78.706555086067,0.823186055591414,1.00000000000004,3.50254470601739,111836.292235136
1080,"joint",-4516.44284812785,-4517.08810824979,-92.6489320879866,0.179193779358538,0.176399078282911,1.19625253075749,1.19291402975214,-3.15470200326635,-0.00279470107562673,4.83278529932265,0.0985114063134385,4.46446919234297,0.0132502024039087,0.000313740099116425,0.0113975890897201,2.37015052103922,2.37066605532433,-3.05679399340433,10,10.3208765475513,10.3193196601961,8.91941544853783,20,78.7618243255131,0.918715719742244,1.00000000000006,3.4816710626024,111952.020228148
1081,"joint",-4517.66254895662,-4517.0223989928,-92.3804602173133,0.176399078282911,0.178323529689743,1.19291402975214,1.19521194523908,2.17275303186052,0.0019244514068312,1.7911135651461,0.0424752049825951,1.28100768338005,0.00591508040016597,0.000162594673742939,0.00413212604388115,2.37066605532433,2.37052191640761,-3.05748084429807,10,10.3193196601961,10.3209196058027,8.92072627367717,17,78.7399301013116,0.846787563770981,1.00000000000007,3.53411360323126,112068.606025934
1082,"joint",-4517.15042597856,-4516.90282149863,-92.582769428466,0.178323529689743,0.176758346536044,1.19521194523908,1.19334268288787,-1.76734682178144,-0.0015651831536986,5.19834685518196,0.111559611994289,4.25344403688371,0.0169034221664209,0.000392797507728525,0.0119487019215053,2.37052191640761,2.37106584460179,-3.05748084429807,10,10.3209196058027,10.3185131962138,8.91844563766426,17,78.7552637370082,0.805874800276969,0.999999999999996,3.52912921382133,112185.057214022
1083,"joint",-4519.68407402811,-4516.97955438616,-92.4283559598104,0.176758346536044,0.17732603414907,1.19334268288787,1.19402032107224,0.641022147035296,0.00056768761302611,2.63892112181551,0.0575103230120345,2.17134446487416,0.0109936912432855,0.000238745770243796,0.00984016383817769,2.37106584460179,2.37121060108412,-3.05748084429807,10,10.3185131962138,10.3186139832861,8.91799395139531,17,78.7172026197084,0.794985943126452,0.999999999999966,3.57125228894411,112300.110953093
1084,"joint",-4515.60804264485,-4516.88625637323,-92.4964871819035,0.17732603414907,0.176715555526669,1.19402032107224,1.19329161964247,-0.689353793538863,-0.000610478622400687,4.29304625691433,0.098817311415486,2.96221654878056,0.0154289863506298,0.000382508163665192,0.0114241274032905,2.37121060108412,2.37124334871695,-3.05808940143371,10,10.3186139832861,10.3188231635888,8.9190196913054,19,78.7940171236782,0.868208840133912,0.999999999999981,3.58925627072343,112415.283924103
1085,"joint",-4516.9949037438,-4516.8986537939,-92.4459393873704,0.176715555526669,0.179199635535997,1.19329161964247,1.19625953624511,2.80589441480694,0.00248408000932771,5.75858198271084,0.133739633312041,4.44620694773096,0.0153230225945702,0.000441151862878425,0.0106293250887288,2.37124334871695,2.37100011643725,-3.05895049375795,10,10.3188231635888,10.3189855505409,8.9197221906474,20,78.8025300770468,0.872959089432518,0.999999999999985,3.5977490973074,112531.137134075
1086,"joint",-4518.77361539166,-4516.98534277135,-92.6993692834966,0.179199635535997,0.180963193288228,1.19625953624511,1.19837107038287,1.9923378116874,0.00176355775223096,1.79398907721725,0.0360911570047541,1.38581130842779,0.00749510957436652,0.000146980125653776,0.00621907995879154,2.37100011643725,2.37075704461313,-3.05895049375795,10,10.3189855505409,10.3202301037657,8.92070397374263,16,78.7878169567985,0.836263785608575,0.999999999999992,3.55061182059086,112645.73242712
1087,"joint",-4518.26967615021,-4517.07780893209,-92.8729985715057,0.180963193288228,0.179959054680981,1.19837107038287,1.19716834367851,-1.13445912351463,-0.00100413860724716,1.85252931238628,0.0483758199933785,1.50481598261325,0.00689423337808846,0.000204204974774377,0.00416417066131319,2.37075704461313,2.3707872137584,-3.05887253133974,10,10.3202301037657,10.3192904320918,8.91984453303971,18,78.8274555472264,0.861359990744368,0.999999999999991,3.53437350450387,112767.824270964
1088,"joint",-4517.85907493588,-4517.07834659287,-92.7552372362311,0.179959054680981,0.178182134700919,1.19716834367851,1.19504296020654,-2.00785169458942,-0.00177691998006165,3.48630702296095,0.0727729937144853,3.07984646690624,0.00994923755479771,0.000235547300880791,0.00733820477526975,2.3707872137584,2.37088117154213,-3.05943007961108,10,10.3192904320918,10.3193177788271,8.9200991061448,17,78.7551660955016,0.832999972436373,1.00000000000005,3.5242585755908,112887.046000004
1089,"joint",-4517.00422947746,-4517.0696378778,-92.5791302991254,0.178182134700919,0.178855678439249,1.19504296020654,1.19584814504258,0.761095957402117,0.000673543738329954,4.14437296741218,0.0924577874509669,3.60147156789805,0.017188836425496,0.00039236734017442,0.0159239653981878,2.37088117154213,2.37132213278331,-3.05943007961108,10,10.3193177788271,10.3190228647656,8.91940881654905,19,78.792380472156,0.935414538509384,1.00000000000007,3.54482419525441,113005.412832975
1090,"joint",-4515.04182250278,-4516.93501201138,-92.6682853854763,0.178855678439249,0.180853436755823,1.19584814504258,1.19823954854747,2.25789239623967,0.00199775831657384,3.81600270135216,0.0832646185323761,2.72321989543664,0.0136527190166814,0.000291495459410059,0.0119544155902752,2.37132213278331,2.37082180106661,-3.05943007961108,10,10.3190228647656,10.3200679428019,8.92059950068146,21,78.8175454438701,0.886300341513298,1.00000000000005,3.5687388037962,113151.240092993
1091,"joint",-4518.67527453803,-4516.95532404535,-92.8551025869356,0.180853436755823,0.182373382097881,1.19823954854747,1.20006219197626,1.71806043414657,0.00151994534205753,4.71424286423742,0.0939597280838323,4.37648768060397,0.0128113764431771,0.0003044064790022,0.0109505002094019,2.37082180106661,2.37110495115065,-3.05943007961108,10,10.3200679428019,10.3206649684946,8.92062236216762,16,78.8060829518515,0.886927902015931,0.999999999999965,3.52470825905588,113274.466243982
1092,"joint",-4514.13805380209,-4516.76772123159,-93.0176474506521,0.182373382097881,0.18542867377113,1.20006219197626,1.20373433888215,3.45514230811913,0.00305529167324961,2.16742453880302,0.0481691197115999,1.88891138378095,0.0094605784048386,0.000239501406791397,0.00826190561915719,2.37110495115065,2.37080804132924,-3.05943007961108,10,10.3206649684946,10.3236357137881,8.92341542556151,16,78.830356439252,0.8772609038475,0.999999999999988,3.55132116443679,113392.077825069
1093,"joint",-4518.08585261943,-4516.87857043029,-93.3476752984078,0.18542867377113,0.182993515330784,1.20373433888215,1.20080662122185,-2.7546681823758,-0.00243515844034589,3.80959654466092,0.0791842418691585,3.22219633163542,0.0150495862667101,0.000308276381925789,0.0139556400990558,2.37080804132924,2.37129903289307,-3.05943007961108,10,10.3236357137881,10.3216549227284,8.92130847172606,17,78.8534803604206,0.855462580057039,1.00000000000007,3.52656534634636,113510.215866089
1094,"joint",-4517.4682206875,-4516.81613048953,-93.1079212938644,0.182993515330784,0.186245345120028,1.20080662122185,1.20471779575426,3.68043893409099,0.00325182978924353,2.08086768467279,0.0510193370895685,1.6292902145466,0.00767333795717038,0.000237424281528606,0.00406849678508436,2.37129903289307,2.37092328981393,-3.06017034855774,10,10.3216549227284,10.324396629752,8.92360300922721,20,78.8422276659145,0.870334804832575,0.999999999999933,3.56514557899371,113627.589514971
1095,"joint",-4518.83581464457,-4517.02659568451,-93.4622507848594,0.186245345120028,0.188584194140441,1.20471779575426,1.20753874639363,2.64784656579964,0.00233884902041339,2.70406049750613,0.0605478158543264,2.01167847801806,0.00756367415715935,0.000191217029767692,0.00477736221708373,2.37092328981393,2.37065095896559,-3.06040120998006,10,10.324396629752,10.325553134902,8.92492335563953,17,78.8786792500455,0.834938813427774,0.999999999999979,3.53800719471934,113744.231514931
1096,"joint",-4512.94408813375,-4516.92408038463,-93.701110473469,0.188584194140441,0.188932200369153,1.20753874639363,1.20795905052877,0.393985532818732,0.000348006228712073,1.80456477876724,0.03957442461433,1.54666986843714,0.00734191195018867,0.000150720241344106,0.00667750908661328,2.37065095896559,2.37071437187151,-3.06040120998006,10,10.325553134902,10.3252846265968,8.92432983546753,15,78.869714883341,0.812735537265342,0.999999999999961,3.50399421412276,113859.747144938
1097,"joint",-4516.31540861828,-4517.11136027066,-93.7352666942081,0.188932200369153,0.187938333793943,1.20795905052877,1.20675909679995,-1.12523386173346,-0.000993866575210354,3.99842135358093,0.0864494812636389,3.35324755361453,0.0103591016521853,0.000275518555917152,0.00833811220729507,2.37071437187151,2.37065414837801,-3.06117439311886,10,10.3252846265968,10.3256044309826,8.92500563131098,15,78.8862750952252,0.814026600696283,1.00000000000004,3.50590648399505,113981.018491983
1098,"joint",-4516.27945789231,-4517.08758508021,-93.6449944954118,0.187938333793943,0.189690873195977,1.20675909679995,1.20887584396548,1.98449131926726,0.00175253940203423,2.78305832955599,0.0645363171630175,2.15616932771704,0.0082853122597553,0.000225756334342573,0.00544410785725873,2.37065414837801,2.37071068407028,-3.0608249460141,10,10.3256044309826,10.3266675585954,8.92553675436719,19,78.9061938040986,0.893699615643877,1.00000000000003,3.50191359412287,114099.767632008
1099,"joint",-4519.12687768242,-4517.11801552781,-93.828983721701,0.189690873195977,0.188536961867109,1.20887584396548,1.20748171294042,-1.30672068262839,-0.00115391132886766,1.47246884180013,0.0364800846800194,1.11760131580531,0.00459082828753857,0.000124302521174822,0.00279681509131507,2.37071068407028,2.37089541274633,-3.0608249460141,10,10.3266675585954,10.3262684939908,8.92529275648865,14,78.8784181521671,0.781173435295353,0.999999999999995,3.51201864722586,114215.394725084
1100,"joint",-4515.22530351492,-4517.05713829716,-93.7198771267429,0.188536961867109,0.187668316331232,1.20748171294042,1.20643329475863,-0.983715026424048,-0.00086864553587726,2.97401734911355,0.0664302475829558,2.32435677837356,0.00857211760362393,0.000216232454310502,0.00576148171459667,2.37089541274633,2.37083572765832,-3.06035512792543,10,10.3262684939908,10.325775088779,8.92527317502606,16,78.9215787582362,0.852705191278021,0.999999999999938,3.52934365525172,114331.934258938
1101,"joint",-4518.60198532448,-4517.10411011555,-93.6304446149659,0.187668316331232,0.191054769093893,1.20643329475863,1.2105257496642,3.83725715049802,0.00338645276266081,4.27028312940958,0.0919277435468509,3.19511858377437,0.0138162124936516,0.000308806850696343,0.0110670856821763,2.37083572765832,2.37030751752981,-3.06156848943915,10,10.325775088779,10.3276626078093,8.9272550729383,15,78.8726925738153,0.795340822848255,0.999999999999933,3.51422204295769,114447.010288954
1102,"joint",-4515.17979720609,-4517.00557867693,-93.9717897847256,0.191054769093893,0.188566343869583,1.2105257496642,1.20751719169231,-2.8205576568829,-0.00248842522430981,3.29432435332479,0.0707359343820447,2.3470152261215,0.0108892320460199,0.000237431006385381,0.0088709252402871,2.37030751752981,2.3707324076453,-3.06156848943915,10,10.3276626078093,10.3263130323361,8.92590385099978,17,78.9350455862335,0.874732404911858,1.00000000000006,3.46351831678608,114561.666729927
1103,"joint",-4519.16362199726,-4516.97955607539,-93.725220259496,0.188566343869583,0.187834196659944,1.20751719169231,1.20663343490933,-0.829889822666427,-0.000732147209639453,1.66371796502649,0.0417117778299307,1.24983903821985,0.00593038960271428,0.000175275687442026,0.00416611901499557,2.3707324076453,2.37080545775087,-3.06234218673134,10,10.3263130323361,10.326505849594,8.92570178935233,20,78.9158910855369,0.904881189647603,0.99999999999994,3.50287090629459,114676.024558067
1104,"joint",-4516.7575085722,-4517.03702937175,-93.659371458434,0.187834196659944,0.187654590442482,1.20663343490933,1.20641673550309,-0.203584211492192,-0.000179606217461558,4.71910141582233,0.113390824809904,3.61272466948736,0.0140705952762962,0.000395162188758573,0.00891304155598046,2.37080545775087,2.37122331570866,-3.06240232675108,10,10.326505849594,10.3246979815822,8.92374742833064,21,78.9522084319134,0.948052948183892,0.999999999999941,3.51857683840931,114789.825003147
1105,"joint",-4515.49355428313,-4516.96196189872,-93.6321067280632,0.187654590442482,0.188432075583921,1.20641673550309,1.20735507131313,0.881308486488599,0.000777485141438559,3.27846841879326,0.0782336220239281,2.62085906107695,0.00887694518910823,0.000262509601407372,0.00616098869371447,2.37122331570866,2.37114556799807,-3.06307634568109,10,10.3246979815822,10.3243394486941,8.92393859130863,19,78.8945726311408,0.849810785052707,0.999999999999996,3.54062861862073,114904.521492004
1106,"joint",-4515.10483993713,-4516.778523126,-93.7114556807275,0.188432075583921,0.187760057914381,1.20735507131313,1.20654397993619,-0.761774363864101,-0.000672017669539714,3.83613368586978,0.0796279535755615,2.820121523877,0.0125593343220182,0.000259171178969001,0.0101469483120018,2.37114556799807,2.37130384190501,-3.06307634568109,10,10.3243394486941,10.3240249258444,8.92357781081783,16,78.9016658959803,0.809557577145673,0.999999999999954,3.51716413974607,115021.941718102
1107,"joint",-4517.66360998646,-4516.74821981781,-93.6512130848594,0.187760057914381,0.189218941190209,1.20654397993619,1.20830547136284,1.65391211293211,0.00145888327582785,3.66178636402629,0.073115364076179,3.39816434534747,0.00967029776880191,0.000222166694167791,0.00832776993410857,2.37130384190501,2.37113833038004,-3.06307634568109,10,10.3240249258444,10.3246346941884,8.9240431308072,19,78.9158120541719,0.84973052831812,0.999999999999989,3.52090717751284,115139.605524063
1108,"joint",-4515.64459561098,-4516.63749585156,-93.7979185592138,0.189218941190209,0.188412158349539,1.20830547136284,1.20733102437867,-0.914666281514621,-0.00080678284066949,2.67319104033681,0.0525341928915495,2.38023265673824,0.00780162421193453,0.000180019269007194,0.0058232595023748,2.37113833038004,2.37137395851701,-3.06339061576241,10,10.3246346941884,10.3238751543834,8.92327662826091,17,78.9114918769023,0.843045260944598,0.999999999999985,3.49386160752872,115250.882354021
1109,"joint",-4515.95565447174,-4516.58506710128,-93.7226918646276,0.188412158349539,0.188063312429295,1.20733102437867,1.20690992533004,-0.395496193161111,-0.000348845920244576,2.64940375869251,0.0555324118632005,2.46044930136416,0.00771477270277269,0.000214969072904017,0.00577173565615711,2.37137395851701,2.37148293687183,-3.0635765565924,10,10.3238751543834,10.3243989385359,8.92368072087022,20,78.9374070448949,0.907599689148179,1.00000000000003,3.51901357738179,115357.681230068
1110,"joint",-4521.28443420955,-4516.89719768661,-93.7040676038906,0.188063312429295,0.187502425193155,1.20690992533004,1.20623317476587,-0.63590325470372,-0.00056088723613969,2.41370160448754,0.0433926623921416,2.25628270813749,0.0058234235782997,0.000126881209519074,0.00528540250981942,2.37148293687183,2.3716211080491,-3.06431703666664,10,10.3243989385359,10.3248812116956,8.92408226596199,18,78.921070221697,0.848448673156435,1.00000000000008,3.54061335867216,115464.328330994
1111,"joint",-4514.66933137988,-4516.69690052871,-93.6601681309812,0.187502425193155,0.188944050937099,1.20623317476587,1.20797336561439,1.63460624557674,0.0014416257439439,2.40645121430987,0.0469024653546591,2.22227959697972,0.00641208886617614,0.000142948473882819,0.00542749610134208,2.3716211080491,2.37147320477213,-3.06431703666664,10,10.3248812116956,10.3258967309421,8.92484375608155,16,78.9262555576838,0.803153295040914,0.999999999999963,3.56088118737058,115572.31645298
1112,"joint",-4516.24962645257,-4516.80247916123,-93.8096202825352,0.188944050937099,0.189352726388561,1.20797336561439,1.2084671355639,0.463385886918135,0.000408675451462154,2.17476736382433,0.0578324132668319,1.37972169588963,0.00769564441274844,0.000222162269448541,0.00581285714536727,2.37147320477213,2.37138876047189,-3.06431703666664,10,10.3258967309421,10.3268685264067,8.92627857655782,19,78.9448525827558,0.862026236656352,1.00000000000002,3.54403272404177,115688.132496119
1113,"joint",-4515.44222861934,-4516.67029796123,-93.8621822895679,0.189352726388561,0.1872239614423,1.2084671355639,1.20589732931418,-2.41429529129116,-0.00212876494626079,3.9740335217745,0.0975595404045795,2.99283347247404,0.0127579118756194,0.000348952496863944,0.00895418394412554,2.37138876047189,2.37187769239924,-3.06532973393852,10,10.3268685264067,10.325520031072,8.9252063569462,20,78.990423509883,0.88252199918754,0.999999999999968,3.53402835363975,115803.535891056
1114,"joint",-4515.16372484347,-4516.55507316902,-93.6638485305558,0.1872239614423,0.188934971597454,1.20589732931418,1.20796239806371,1.94079133566113,0.00171101015515365,3.15681094584636,0.0644683087790514,2.87474944787216,0.00909226218484938,0.000253181757381745,0.00671503656424993,2.37187769239924,2.37171463793511,-3.0654118983243,10,10.325520031072,10.3258553756345,8.92542953198171,19,78.9690804680224,0.842644251574278,0.99999999999996,3.5801045056086,115919.141981125
1115,"joint",-4516.02566795534,-4516.41456583456,-93.846618324617,0.188934971597454,0.188515149419434,1.20796239806371,1.20745537509598,-0.476206656985266,-0.000419822178019746,3.93772753207819,0.0705935038605994,3.81349042038221,0.0160223892720599,0.000277888887625448,0.0157809132244949,2.37171463793511,2.37199348185733,-3.06630002333153,10,10.3258553756345,10.3250682284214,8.92424532078569,15,78.957614900147,0.787749534165385,1.00000000000002,3.5677168498861,116033.742347956
1116,"joint",-4516.34368192175,-4516.58454552396,-93.8176198337388,0.188515149419434,0.188193952418063,1.20745537509598,1.20706760632863,-0.364337443985304,-0.00032119700137119,2.41338417577907,0.0541406385450917,1.90639999349112,0.0088779677146387,0.000204126436085101,0.00786459266392523,2.37199348185733,2.37224636364937,-3.06630002333153,10,10.3250682284214,10.324497889366,8.9236064811664,16,79.0050811093809,0.849261707515058,0.999999999999965,3.59350169330159,116149.132037163
1117,"joint",-4518.92252310133,-4516.71490124812,-93.7945704846958,0.188193952418063,0.189414852978886,1.20706760632863,1.20854221583876,1.38498474106726,0.00122090056082306,2.64968935306949,0.0609069990437462,2.2952431994881,0.00746134028567897,0.000204053324617039,0.00557594837611034,2.37224636364937,2.37204145614624,-3.06630002333153,10,10.324497889366,10.3253668062517,8.92488463302898,18,78.9964509675251,0.83179423829557,1.00000000000001,3.61413794471407,116263.438493013
1118,"joint",-4513.02625755758,-4516.55224123138,-93.924286914312,0.189414852978886,0.188961731459382,1.20854221583876,1.20799472340321,-0.514024526786855,-0.000453121519504532,1.75393491352318,0.0338941819430618,1.6654319906886,0.00466134340959065,0.000113080454541669,0.00404260929554434,2.37204145614624,2.37215549423237,-3.06579224737709,10,10.3253668062517,10.3248860941014,8.92424430015562,20,79.0246043451597,0.863729956613072,1.00000000000001,3.58549645930634,117032.42743206
1119,"joint",-4515.96098240066,-4516.39394646729,-93.8768109116328,0.188961731459382,0.187635004683046,1.20799472340321,1.20639310714651,-1.50518150710417,-0.00132672677633546,2.36018512231904,0.0581405044040718,1.68376941070249,0.00736537448677778,0.000193532574763282,0.0051848418257805,2.37215549423237,2.37245524725726,-3.06579224737709,10,10.3248860941014,10.3241985944768,8.92353307482365,16,79.0122850426916,0.826198187524572,0.999999999999961,3.5992486965585,121910.494138002
1120,"joint",-4518.70176982948,-4516.56776978302,-93.7501603857236,0.187635004683046,0.187819847150826,1.20639310714651,1.20661612043608,0.2097055282889,0.00018484246777953,2.21136536192225,0.0487904355081682,1.85080909450157,0.00580563878167155,0.000154909124541208,0.00448432371362185,2.37245524725726,2.37255128430747,-3.06596562157227,10,10.3241985944768,10.3235927668933,8.92286052223169,20,79.0528522407137,0.903805911450992,0.999999999999996,3.62842220695945,125047.175437927
1121,"joint",-4515.79355483039,-4516.42734825832,-93.7632717402557,0.187819847150826,0.19238662373352,1.20661612043608,1.21213906811463,5.18646235700933,0.00456677658269444,3.70019277054531,0.0916236682669423,2.88000970031783,0.0103422452496228,0.000301573174070117,0.00670636845898276,2.37255128430747,2.3724329076669,-3.06601079673035,10,10.3235927668933,10.3251108671315,8.92394106282064,17,79.0615426470561,0.878776700296614,1.00000000000003,3.63536436639404,128408.561398983
1122,"joint",-4515.93136315326,-4516.46492655567,-94.2374307972039,0.19238662373352,0.193461498276449,1.21213906811463,1.21344266601802,1.2207994689213,0.0010748745429285,3.48805542779601,0.073329708439933,2.78927841685961,0.0110115863164863,0.000259348461558313,0.00810202036321122,2.3724329076669,2.37210226845396,-3.06601079673035,10,10.3251108671315,10.326267882631,8.92553802826001,16,79.0246587058303,0.826743811054434,0.99999999999997,3.61636615169497,132101.937191963
1123,"joint",-4518.11369460751,-4516.41243018619,-94.3490654849563,0.193461498276449,0.191831517951119,1.21344266601802,1.21146638943003,-1.85151236523559,-0.00162998032532983,5.47543665842301,0.1126526464841,4.1151254843104,0.0174383801767569,0.000375965602498881,0.0139810176064238,2.37210226845396,2.37255792045359,-3.06602844360009,10,10.326267882631,10.3246266920049,8.92365024950952,18,79.0297457843446,0.828468835778321,1.00000000000002,3.58278430053942,134919.322947025
1124,"joint",-4517.482030242,-4516.44865626968,-94.1954360875059,0.191831517951119,0.189274969154845,1.21146638943003,1.20837317215561,-2.90496104877658,-0.00255654879627362,6.68986376922213,0.138319690968635,4.67036309312684,0.0163142273157108,0.000392778989140993,0.0111056743163431,2.37255792045359,2.37272458242068,-3.06492049675186,10,10.3246266920049,10.3244444018748,8.92344561178255,17,79.0395583776281,0.807178010512255,1.00000000000004,3.63078302087354,136749.618417978
1125,"joint",-4515.9100557447,-4516.46948134275,-93.9366388922724,0.189274969154845,0.1876975208025,1.20837317215561,1.20646852851961,-1.79264963202701,-0.00157744835234544,2.36334211161818,0.0541565151422777,1.79552088656767,0.00694606154578964,0.000173948603300917,0.00486977823007049,2.37272458242068,2.37291569729102,-3.06492327786492,10,10.3244444018748,10.3234131842427,8.92271377413346,17,79.0629878148542,0.866921335083066,0.999999999999975,3.64228747263428,142222.098643064
1126,"joint",-4513.82442064331,-4516.40546037806,-93.779981421822,0.1876975208025,0.185867964725523,1.20646852851961,1.20426324465197,-2.0794988773902,-0.00182955607697676,3.05312547160818,0.0664335860658179,2.61834177395526,0.0080555782481034,0.000241708539202992,0.00604798402849975,2.37291569729102,2.37296724566778,-3.06492327786492,10,10.3234131842427,10.3236111519199,8.92301015151087,19,79.02468711841,0.840852869407045,0.99999999999996,3.66067439281091,146031.509892941
1127,"joint",-4517.72611550626,-4516.40858565405,-93.6026041093687,0.185867964725523,0.186921204985268,1.20426324465197,1.2055322913728,1.19719392982036,0.00105324025974495,3.00254699907563,0.0685085738686674,2.42019180904866,0.00854586228988208,0.000209197580806161,0.00576330789711664,2.37296724566778,2.37316656154066,-3.06492327786492,10,10.3236111519199,10.3234964341058,8.92271563826628,14,79.0438847620252,0.833827268389472,1.00000000000002,3.67148989915714,148519.217404127
1128,"joint",-4519.12243678275,-4516.58247771264,-93.7162242398193,0.186921204985268,0.189201624586449,1.2055322913728,1.20828454779694,2.59277465485167,0.00228041960118063,0.96878992928722,0.0225363015560085,0.774107762229385,0.00398561285169771,0.000106029938844456,0.00279501511005245,2.37316656154066,2.37298881144016,-3.06627126943277,10,10.3234964341058,10.3251997579268,8.92413498105465,16,79.0512715874526,0.804080458956425,1.00000000000007,3.68492574967272,154587.107648134
1129,"joint",-4514.95688140998,-4516.53253905956,-93.9604408821492,0.189201624586449,0.191237257142882,1.20828454779694,1.21074667630413,2.31493816830352,0.00203563255643307,3.29874636487216,0.0795853649973562,2.18459624259423,0.0104106858362459,0.000251877200200492,0.00788388269488134,2.37298881144016,2.37304158047542,-3.06627126943277,10,10.3251997579268,10.3253503779853,8.92386374911531,15,79.0703374709867,0.81078461185482,1.00000000000001,3.6734510528743,157431.519118071
1130,"joint",-4515.70648320322,-4516.25364150924,-94.1718271242698,0.191237257142882,0.194720138300653,1.21074667630413,1.21497091508052,3.96316572049958,0.0034828811577718,3.15145425747406,0.0717294540586743,2.54770045703967,0.00968437598258799,0.000264889310906891,0.00687298222935129,2.37304158047542,2.37275723327182,-3.06627126943277,10,10.3253503779853,10.3272362123209,8.92564320524744,23,79.1270394674648,0.91796538187108,0.999999999999963,3.67272527030455,159963.283883095
1131,"joint",-4515.87245202508,-4516.3137975415,-94.5340251396887,0.194720138300653,0.195660644074853,1.21497091508052,1.21611413976207,1.07024757355688,0.000940505774199156,1.37088469542523,0.0310158585116978,1.12248138238183,0.00533733257891199,0.000127380441909512,0.0045155171597695,2.37275723327182,2.37271719630195,-3.06597460808613,10,10.3272362123209,10.3279310924503,8.92655625278056,16,79.0854431411573,0.782448205722044,0.999999999999971,3.63787175416922,163765.596563101
1132,"joint",-4515.62201769894,-4516.28241710382,-94.6368594490697,0.195660644074853,0.19512402641821,1.21611413976207,1.21546172650608,-0.610652299868644,-0.000536617656642458,2.76796667551089,0.0570393761169538,2.63541339048239,0.00752947391480061,0.000206008248651189,0.00626003254194682,2.37271719630195,2.3729541163803,-3.06664527478526,10,10.3279310924503,10.3277541913057,8.92604146563574,16,79.1227975201394,0.831162323493923,0.999999999999968,3.63198373587984,166461.99148798
1133,"joint",-4518.09367179331,-4516.41498926252,-94.5844337173573,0.19512402641821,0.194963083567749,1.21546172650608,1.21526612237215,-0.183147624478637,-0.000160942850461242,1.38981236613299,0.0362847315678615,1.0922741979305,0.00844430006938653,0.000210117771814798,0.00670742037076906,2.3729541163803,2.37288916425862,-3.06687513982238,10,10.3277541913057,10.3256927303289,8.92361472625314,18,79.1271546992734,0.860987971206877,0.999999999999937,3.65515159837333,171401.321819067
1134,"joint",-4514.65475540996,-4516.38954079084,-94.5274039807287,0.194963083567749,0.195206856019316,1.21526612237215,1.21556240688564,0.277405786873959,0.00024377245156725,2.13993204397891,0.0425848868601934,1.93473292420193,0.00588612057917571,0.0001351508305734,0.00459063037084569,2.37288916425862,2.37289286456334,-3.06687513982238,10,10.3256927303289,10.3259650297886,8.92396261625503,16,79.0541465805529,0.78391951840691,0.999999999999977,3.66153009720855,172949.791512966
1135,"joint",-4519.86512878949,-4516.58151383255,-94.5593992056594,0.195206856019316,0.195510658093141,1.21556240688564,1.21593175336699,0.345719303892031,0.000303802073825409,6.07619263338615,0.139213914341462,4.28293123383351,0.0183603102842171,0.000484880193989964,0.0133183829012069,2.37289286456334,2.3726754570179,-3.06772374750743,10,10.3259650297886,10.3270798078761,8.92553815307271,19,79.1062468086264,0.843601035477433,1.00000000000001,3.65567876307909,179982.10178113
1136,"joint",-4515.79367019894,-4516.55401324641,-94.578744491104,0.195510658093141,0.195899592106203,1.21593175336699,1.21640476256216,0.44260070899162,0.00038893401306176,2.61590167684348,0.0672230801430109,1.75770893470197,0.00896269730588707,0.000241552539123984,0.00697941140705758,2.3726754570179,2.37263958087813,-3.06780326987379,10,10.3270798078761,10.3277759862216,8.92593913412728,19,79.0977873394073,0.856127380073783,0.999999999999994,3.62199449422728,180921.588727951
1137,"joint",-4518.10571696178,-4516.51317293943,-94.6115910598982,0.195899592106203,0.194713958689269,1.21640476256216,1.21496340705562,-1.34932677732517,-0.0011856334169341,2.54145173291548,0.0618921688582603,1.54615839949094,0.00771856119932355,0.000202950279655251,0.00556677508373117,2.37263958087813,2.37287912307747,-3.06780326987379,10,10.3277759862216,10.3272238994563,8.92499611318546,18,79.0749529577265,0.789754340404484,0.999999999999971,3.62289923593384,182723.654535055
1138,"joint",-4520.39410947103,-4516.8815655351,-94.4923068867478,0.194713958689269,0.195741145349293,1.21496340705562,1.21621204244078,1.16906589466376,0.00102718666002337,2.05745549678232,0.0455978411925176,1.62683043754146,0.0073726605171842,0.000173174210539464,0.00643633638907479,2.37287912307747,2.37272256489142,-3.06780326987379,10,10.3272238994563,10.3282579120999,8.92595325565693,19,79.1046205765009,0.858821426675549,1.00000000000006,3.65248749184864,186027.452113152
1139,"joint",-4516.34933418066,-4516.9009831241,-94.6014972799918,0.195741145349293,0.19496445562569,1.21621204244078,1.21526778978883,-0.88399595772893,-0.000776689723602805,2.5636521081497,0.0636251891440928,1.67590841855281,0.00838061682001477,0.000211160976326761,0.00661597966526912,2.37272256489142,2.37289227033697,-3.06786177368055,10,10.3282579120999,10.3274017031094,8.92507102310031,17,79.0685652974305,0.81004131497008,0.999999999999964,3.64776361623791,189056.047642946
1140,"joint",-4515.70479060135,-4516.7511341627,-94.5268959845337,0.19496445562569,0.193930624326999,1.21526778978883,1.21401205713116,-1.1767266959302,-0.00103383129869058,2.89219118071126,0.067528513339843,2.00507599915192,0.00996356396798221,0.000234263021143276,0.0078907529385459,2.37289227033697,2.37313964975999,-3.06786177368055,10,10.3274017031094,10.3261337712363,8.92408603240283,16,79.0814260241325,0.806708132402011,0.999999999999984,3.66317011846577,191540.829384089
1141,"joint",-4515.89536991512,-4516.75622491693,-94.4251038001142,0.193930624326999,0.193968696357663,1.21401205713116,1.21405827791528,0.0433343217155614,3.80720306636692e-05,2.11112559486924,0.0540497230213142,1.4161068673311,0.00707880236347107,0.000196061409341032,0.00556429664272351,2.37313964975999,2.37315860041843,-3.06806936313433,10,10.3261337712363,10.3264937883964,8.92409456817009,19,79.0763973988602,0.852696188131194,0.999999999999954,3.67317388456701,193410.764515162
1142,"joint",-4517.85523245604,-4516.85241838207,-94.4370471464198,0.193968696357663,0.192616376086715,1.21405827791528,1.21241759191245,-1.53937785470472,-0.00135232027094782,2.77473117922728,0.0538476754186585,2.58017899059753,0.00708293280723892,0.000152992443302334,0.00606735159345706,2.37315860041843,2.37341283378551,-3.06849463885161,10,10.3264937883964,10.3256882598286,8.92331163738909,17,79.0888179481103,0.790039997603276,0.999999999999986,3.68307598942959,197194.787647009
1143,"joint",-4514.71311102196,-4516.68238920279,-94.3036750317845,0.192616376086715,0.193880447549214,1.21241759191245,1.21395114344618,1.43903714281085,0.00126407146249931,3.46198511044818,0.0704528533297443,2.83663785567427,0.0121265711016631,0.000240271435141459,0.0110725919886132,2.37341283378551,2.37350519512736,-3.06949153008457,10,10.3256882598286,10.3255861563871,8.9228389904875,15,79.1036582462023,0.813871059493373,1.00000000000003,3.71167724061188,197660.973361969
