"iteration","phase","elbo","elbo_ma20","log_Z","log_beta_before","log_beta_after","beta_before","beta_after","g_grad","g_step","M_grad_frob","M_grad_mean_abs","M_grad_max_abs","M_step_frob","M_step_mean_abs","M_step_max_abs","M_lower_mean_before","M_lower_mean_after","M_lower_min_after","M_lower_max_after","M_l2_true_before","M_l2_true_after","M_l2_init_after","sample_unique_fmats","sample_mean_d2_to_M_before","sample_sd_d2_to_M_before","exact_prior_prob_sum","exact_prior_ess","elapsed_seconds"
1,"joint",-4301.08084291213,-4301.08084291213,8.79664093725006,-4.60517018598809,-4.59634390959456,0.01,0.0100886534282347,0.187764025804333,0.00882627639353499,0.158939667218995,0.00791122669912059,0.0796201390497637,0.0140324791638548,0.000727949686927412,0.00622881344754115,3.15555555555555,3.15526776603041,-0.00277729257902391,10,3.16227766016838,3.16809584154092,0.0140324791638547,1771,18.0535,6.91437213498167,1.00000000000001,7897.18917747259,83.5893950462341
2,"joint",-4300.31463470247,-4300.6977388073,8.79467630849256,-4.59634390959456,-4.59593611425472,0.0100886534282347,0.0100927683730586,0.00868237488224872,0.000407795339834094,0.104006536132611,0.00487064869464747,0.0545829335045499,0.00936210792779001,0.000447926531438889,0.00464386779622909,3.15526776603041,3.15481830095839,-0.00742116037525299,10,3.16809584154092,3.16838551413263,0.0196008788660601,1753,18.1914200464715,7.12053452639446,1,7896.3718916977,173.875757932663
3,"joint",-4300.30767445662,-4300.56771735707,8.79437257690331,-4.59593611425472,-4.59503646367917,0.0100927683730586,0.0101018524235572,0.0192324590085227,0.000899650575549896,0.11754662467777,0.00670642693255497,0.0393776251972774,0.0107013371569345,0.000613968336112358,0.00347762281094465,3.15481830095839,3.15383412291105,-0.00970575684452163,10,3.16838551413263,3.16545066217362,0.0245416252029533,1785,18.086394412927,7.17867671583535,1,7896.2631488921,257.761904001236
4,"joint",-4301.54426170967,-4300.81185344522,8.79418722426551,-4.59503646367917,-4.59474221821012,0.0101018524235572,0.010104825285216,0.00629301585283102,0.000294245469053713,0.0982255223707484,0.00558816452506051,0.0363999516395046,0.008593929781509,0.000497646877614772,0.00324191165178713,3.15383412291105,3.15312304806934,-0.0118152077893767,10,3.16545066217362,3.16368466926852,0.0315756557227815,1770,17.995808094794,7.19616400165881,0.999999999999999,7896.10195197859,341.895587921143
5,"joint",-4298.25262057002,-4300.30000687018,8.79403405615902,-4.59474221821012,-4.58762306899904,0.010104825285216,0.010177019720738,0.216808181144564,0.0071191492110776,0.14105327881414,0.00655851803786444,0.0634536260978621,0.0113896153157691,0.000553015418027817,0.00506373000117454,3.15312304806934,3.15231756257004,-0.0119777155474492,10,3.16368466926852,3.16020551740775,0.0373987716949177,1774,18.1152145785844,7.2724752230464,1,7896.00461783351,426.623507976532
6,"joint",-4300.14913281537,-4300.27486119438,8.79241270772041,-4.58762306899904,-4.5838150755319,0.010177019720738,0.0102158476266359,0.12541883890103,0.00380799346714494,0.130564786824284,0.00624034220929365,0.0656989971471856,0.0101158669281104,0.000511534696843778,0.00427610903427626,3.15231756257004,3.15144917939153,-0.0124028594288957,10,3.16020551740775,3.15851652646472,0.0454042088676089,1762,18.1231843562299,6.97692115625662,0.999999999999998,7895.2678801626,510.341033935547
7,"joint",-4303.69425238042,-4300.76334564953,8.79158602824928,-4.5838150755319,-4.58239938410422,0.0102158476266359,0.0102303203565901,0.047101139371169,0.00141569142767925,0.0935876838552843,0.0050190572846534,0.0359425672706979,0.00792211118966152,0.000425968191707224,0.00317877398381128,3.15144917939153,3.15152429274893,-0.0137192734153488,10,3.15851652646472,3.16345955232091,0.0475686243365722,1760,18.0670282697499,7.05609791054721,1,7894.81080494337,594.466760873795
8,"joint",-4299.97162536023,-4300.66438061337,8.79116885111071,-4.58239938410422,-4.57988716157927,0.0102303203565901,0.0102560535079946,0.0863529584843167,0.00251222252494435,0.145434443102067,0.00790609982744281,0.0632633209802914,0.0116263368296929,0.000648162141877738,0.00443644942542151,3.15152429274893,3.15050852916953,-0.0161570517908458,10,3.16345955232091,3.16027316355266,0.0553394571025125,1761,18.1693663264078,7.0464049362748,1,7894.66633585652,678.664512872696
9,"joint",-4301.44175019356,-4300.75075501117,8.79052505436411,-4.57988716157927,-4.58015834092157,0.0102560535079946,0.0102532726552216,-0.00932471279188275,-0.00027117934229915,0.10735538079698,0.00533940377531176,0.056514416045037,0.00849509033000722,0.000430812687521597,0.00426831959950384,3.15050852916953,3.15041408351103,-0.018089657559086,10,3.16027316355266,3.16366388137396,0.059186477794014,1777,18.1032838300596,6.90557015581233,1,7894.34952873685,762.421000957489
10,"joint",-4301.71403623574,-4300.84708313362,8.7904594922271,-4.58015834092157,-4.58102444158801,0.0102532726552216,0.0102443961334774,-0.0298938782406623,-0.000866100666436644,0.0904438146987098,0.0044961055621147,0.0431843228966092,0.00739684097716512,0.000368994411217005,0.0034207992510854,3.15041408351103,3.14993901556566,-0.0202311702838235,10,3.16366388137396,3.16184362237055,0.0633015639794991,1783,17.9420135672863,6.92249519927342,0.999999999999998,7894.33346565122,845.251586914062
11,"joint",-4301.78324716965,-4300.93218895508,8.79063650298366,-4.58102444158801,-4.57599627397872,0.0102443961334774,0.0102960363934343,0.200776269134294,0.00502816760929214,0.151868262637402,0.00774200790409022,0.0698929244291445,0.0110690990138892,0.000589399821015034,0.00512660247692736,3.14993901556566,3.14916058434211,-0.0229488265938186,10,3.16184362237055,3.1591957958543,0.0697031026521436,1756,18.2896689912617,7.15413066899047,0.999999999999999,7894.39248839534,928.163860082626
12,"joint",-4303.34717392038,-4301.13343770219,8.78946076560604,-4.57599627397872,-4.56948576245922,0.0102960363934343,0.0103632875391119,0.34249686191194,0.00651051151949471,0.208000038438989,0.0112708470855496,0.0772012951093814,0.014188875450021,0.000811118475090094,0.0048535987757301,3.14916058434211,3.14774007247805,-0.0247167065094825,10,3.1591957958543,3.15287390815455,0.0804970276637157,1782,18.2137310396654,7.24203774126654,1,7893.78838298481,1011.26332688332
13,"joint",-4302.36259236883,-4301.22798806116,8.78799353362339,-4.56948576245922,-4.5700204383832,0.0103632875391119,0.0103577480198272,-0.0281678552038736,-0.000534675923982448,0.0959641166519834,0.00499142765398854,0.0434066935522861,0.00660443148225571,0.000359818284822239,0.00242469566286304,3.14774007247805,3.14777828662848,-0.0267648032287953,10,3.15287390815455,3.15593641292411,0.083080212596205,1759,18.0567385584818,6.9173307913559,0.999999999999996,7892.99687499671,1094.82111406326
14,"joint",-4301.44977735254,-4301.2438301534,8.78798608442009,-4.5700204383832,-4.5650828029021,0.0103577480198272,0.010409017274236,0.299133147517906,0.00493763548110268,0.132684905228134,0.00645259561394982,0.0624062922482227,0.00866943348000637,0.000446034649667483,0.00324773329902065,3.14777828662848,3.14709654076771,-0.0292011751898684,10,3.15593641292411,3.15608763351789,0.0912092821140381,1775,18.1202850681179,7.11090339423455,0.999999999999998,7892.99842860655,1178.1137509346
15,"joint",-4303.33703106633,-4301.38337688093,8.78682309508407,-4.5650828029021,-4.56195284642663,0.010409017274236,0.0104416480851264,0.199651430584076,0.00312995647547509,0.191500107648106,0.009390575011181,0.0979875801698323,0.0117077821995927,0.00062673667994728,0.00453695768566658,3.14709654076771,3.14613581302308,-0.0299889063550853,10,3.15608763351789,3.15507339053716,0.100363086246386,1749,18.3037096247078,7.01608647937749,0.999999999999998,7892.4388655767,1261.65836000443
16,"joint",-4299.34686140308,-4301.25609466357,8.78610297379745,-4.56195284642663,-4.55844172360372,0.0104416480851264,0.0104783744316534,0.239193653290733,0.0035111228229009,0.1566994346768,0.00841808018562435,0.0630448392802377,0.0105042844315381,0.000577452981479157,0.00444682926560689,3.14613581302308,3.1454127491169,-0.0321718536331472,10,3.15507339053716,3.15788173019183,0.107958505302097,1749,18.2556338620905,7.05921275688946,1,7891.99014222639,1346.01509594917
17,"joint",-4301.93801560797,-4301.2962076603,8.78525544155091,-4.55844172360372,-4.55629439853334,0.0104783744316534,0.0105008990829865,0.14977946951771,0.00214732507038681,0.113550773724309,0.00604170093493987,0.0472579707270874,0.00757635461063472,0.000409122672848293,0.00334492654002019,3.1454127491169,3.14540249797246,-0.0332426268476395,10,3.15788173019183,3.16276604208292,0.11081327350471,1762,18.0145229967115,6.79768746117524,1,7891.5681111847,1428.97301793098
18,"joint",-4305.40520175017,-4301.52448510973,8.78461591084191,-4.55629439853334,-4.55722777342226,0.0105008990829865,0.0104911023801808,-0.0653898975484972,-0.000933374888923229,0.131578139833296,0.00645283593901654,0.0606583578805445,0.00812614989231557,0.00041803787114851,0.00367958634468816,3.14540249797246,3.14494894065837,-0.0343972700004048,10,3.16276604208292,3.16201166032638,0.115595597596154,1773,18.5600261955563,7.10865209035542,1,7891.33215629118,1512.11483407021
19,"joint",-4302.79858797778,-4301.59154315542,8.78470831110026,-4.55722777342226,-4.55659563029109,0.0104911023801808,0.0104977363550788,0.0443751094286,0.000632143131174284,0.111144159832956,0.0061242150588789,0.0444229749774382,0.00759150951544194,0.000417918105551473,0.00286885732316675,3.14494894065837,3.14494719923633,-0.037147070668539,10,3.16201166032638,3.16424721177938,0.118066775760585,1761,18.5171605246583,7.29152052032226,1,7891.30042409043,1595.28390908241
20,"joint",-4302.49579271515,-4301.6367556334,8.78442556985673,-4.55659563029109,-4.55610672034601,0.0104977363550788,0.0105028700576404,0.0343615352830003,0.000488909945076015,0.15955792591811,0.0082653026188262,0.0680182348438888,0.00988768382091993,0.000537696079279674,0.00365554274924439,3.14494719923633,3.1442126757401,-0.0395776585887114,10,3.16424721177938,3.16555238335793,0.125787958415936,1755,18.4073151695791,7.43908671469884,0.999999999999997,7891.22015731497,1677.62881302834
21,"joint",-4300.68775660321,-4301.61710131796,8.78416052607621,-4.55610672034601,-4.55426557240865,0.0105028700576404,0.010522225207563,0.13165002365688,0.0018411479373566,0.204363496671402,0.0119580138217502,0.065201818810461,0.0127918281012398,0.000768847208762199,0.00395190927977319,3.1442126757401,3.14282875076433,-0.0422522144758682,10,3.16555238335793,3.16053747260357,0.135406735692961,1775,18.6153951453969,7.19414055275446,1,7891.07020375114,1760.42931103706
22,"joint",-4303.30039040398,-4301.76638910304,8.78364210455037,-4.55426557240865,-4.55463005388379,0.010522225207563,0.0105183907502344,-0.0260793270488893,-0.000364481475138264,0.121543299543289,0.00661101245277479,0.0501101839550827,0.00737086065875007,0.000410996578455406,0.00291174175410909,3.14282875076433,3.14244745367792,-0.0429029741836781,10,3.16053747260357,3.16205689217589,0.140125642674886,1769,18.2070257061425,6.95814128808846,1,7890.72633289766,1842.57967495918
23,"joint",-4301.60797937313,-4301.83140434886,8.78369281881152,-4.55463005388379,-4.55119322942556,0.0105183907502344,0.0105546028044188,0.261862276483593,0.00343682445823318,0.23560235029706,0.0127638755173484,0.0837688993777444,0.0137071429029004,0.000758474850816144,0.0056149244904978,3.14244745367792,3.14108219894645,-0.0445228684089665,10,3.16205689217589,3.15755491476687,0.149557420305622,1769,18.2618180102127,7.41352144695735,0.999999999999994,7890.7042706571,1925.14028787613
24,"joint",-4299.85777578057,-4301.7470800524,8.78285313067919,-4.55119322942556,-4.54987826482534,0.0105546028044188,0.0105684908626273,0.101068833653654,0.00131496460022201,0.185893998775499,0.00975044935016107,0.0755191524441242,0.010364041276118,0.000567343280366436,0.00380920080827784,3.14108219894645,3.14073392954861,-0.0471981373744031,10,3.15755491476687,3.16280459104707,0.156620278481419,1785,18.2689481427442,7.24822800971842,0.999999999999999,7890.1970695197,2008.3421728611
25,"joint",-4299.03541141977,-4301.78621959489,8.78231483996378,-4.54987826482534,-4.54609266078438,0.0105684908626273,0.0106085748074459,0.314359086527963,0.00378560404096115,0.18281729582918,0.008839467497294,0.0915500983701923,0.00908200434216944,0.000479010429702089,0.00332427731978908,3.14073392954861,3.13997186625618,-0.048243560008701,10,3.16280459104707,3.16192170825982,0.163789971546059,1759,18.7322012322066,7.38854499253197,0.999999999999998,7889.96599355916,2091.62433600426
26,"joint",-4301.53097295689,-4301.85531160197,8.7813672406274,-4.54609266078438,-4.54458528161405,0.0106085748074459,0.0106245780105548,0.126620569435305,0.001507379170332,0.124015361222699,0.00608100406825567,0.052835250639952,0.00671277161361575,0.000343125572507156,0.00242685152241628,3.13997186625618,3.13969461903609,-0.0488810231789895,10,3.16192170825982,3.16329446057872,0.167217185899487,1751,18.3876603908957,7.0719064661702,1,7889.44085856785,2177.41167902946
27,"joint",-4301.36547595612,-4301.73887278075,8.7808521787146,-4.54458528161405,-4.5433072621374,0.0106245780105548,0.0106381651086221,0.108241860532009,0.00127801947664387,0.136431300885668,0.00659602866486194,0.0611370992712453,0.00657450174349014,0.000348588042675558,0.00289360907217305,3.13969461903609,3.13930084106819,-0.049608081286931,10,3.16329446057872,3.16449388155585,0.171889509999598,1760,18.4561691106284,7.19385533631899,0.999999999999994,7889.23070822492,2260.08349895477
28,"joint",-4298.95863509346,-4301.68822326742,8.78034216150508,-4.5433072621374,-4.54332734596976,0.0106381651086221,0.0106379514556429,-0.00170100362747598,-2.00838323612524e-05,0.119516151851081,0.00623060539171079,0.063360025022191,0.00624070149167714,0.000348470568639034,0.00215605083345312,3.13930084106819,3.13885268454104,-0.0512050168048457,10,3.16449388155585,3.16426014107419,0.176542820468543,1751,18.2840487754057,7.03387412302854,0.999999999999998,7888.96608473983,2343.34542989731
29,"joint",-4300.09394497994,-4301.62083300673,8.78024034476407,-4.54332734596976,-4.54193376903835,0.0106379514556429,0.0106527865939413,0.119192302855974,0.00139357693141226,0.174121836990307,0.00935470806655783,0.0743176780020365,0.00882611209715569,0.000502662472194204,0.00276165392731356,3.13885268454104,3.13821757121209,-0.0505851306944248,10,3.16426014107419,3.16179726159441,0.18151088130571,1765,18.3973888458575,7.16620612284992,0.999999999999995,7888.8977643996,2425.74349093437
30,"joint",-4300.78763584573,-4301.57451298723,8.779977658226,-4.54193376903835,-4.54055016294142,0.0106527865939413,0.0106675360557917,0.119488752487737,0.00138360609692931,0.0910018300833303,0.00477054573934156,0.0336215608625419,0.00482134529471064,0.000259523116083167,0.0020096519230057,3.13821757121209,3.13817788238023,-0.0514737438940986,10,3.16179726159441,3.16258202244606,0.182850057497105,1786,18.2676251054305,7.14081162760872,0.999999999999998,7888.66876456603,2508.29752898216
31,"joint",-4303.7313050655,-4301.67191588203,8.77960247317454,-4.54055016294142,-4.54309221096719,0.0106675360557917,0.0106404531044869,-0.226988727480861,-0.00254204802576467,0.100536704895129,0.00512519811031122,0.0536477585242264,0.00535424849007563,0.000289674270040357,0.00256012724199867,3.13817788238023,3.13811038099947,-0.0515190249968204,10,3.16258202244606,3.16341183875038,0.184870727593359,1773,18.3016863160633,7.20244071565514,0.999999999999998,7888.48581181166,2591.24560594559
32,"joint",-4300.18453187843,-4301.51378377993,8.78015036848305,-4.54309221096719,-4.54338631871978,0.0106404531044869,0.0106373241248889,-0.0262733180851027,-0.000294107752595718,0.109866151364617,0.00617573193982498,0.0376469419870543,0.00632190875544393,0.000356281285552291,0.00211657126693295,3.13811038099947,3.13753519700693,-0.053487316643154,10,3.16341183875038,3.16231583320566,0.189677366648457,1759,18.3638459362916,7.33876460150646,0.999999999999999,7888.72343022931,2673.38443303108
33,"joint",-4302.20555547482,-4301.50593193523,8.78014907313923,-4.54338631871978,-4.54264773305133,0.0106373241248889,0.0106451836021296,0.0661602484691184,0.00073858566845425,0.105486649079333,0.00571089323370772,0.043788470479985,0.00525763012279837,0.000298544204943444,0.00190730242398198,3.13753519700693,3.13703566601291,-0.0542035893674057,10,3.16231583320566,3.1605956565974,0.19373004397167,1756,18.3175830960308,7.21237857322652,1,7888.69004604135,2756.14540195465
34,"joint",-4301.95921497533,-4301.53140381637,8.77994643609268,-4.54264773305133,-4.53921173902291,0.0106451836021296,0.0106818233002624,0.327739862222605,0.00343599402841616,0.190237735082517,0.010617132111444,0.0681782684970278,0.00984651303842367,0.000568876397848084,0.00334113722694596,3.13703566601291,3.13605287100144,-0.0571058845876865,10,3.1605956565974,3.15876555460917,0.201700248778891,1778,18.4391808543451,7.34929524498302,0.999999999999997,7888.55104464748,2838.61894989014
35,"joint",-4303.04225395798,-4301.51666496095,8.77897774919973,-4.53921173902291,-4.53535897549587,0.0106818233002624,0.0107230572207428,0.398236488680515,0.00385276352704536,0.17318698322051,0.00849252174559882,0.0792971502626195,0.00792218894557762,0.000422716927327641,0.00333534703167497,3.13605287100144,3.13564923587429,-0.0580353596218141,10,3.15876555460917,3.16129891850209,0.207057918666215,1745,19.0262229794853,7.46345697583178,1,7888.04968602477,2921.49431204796
36,"joint",-4298.22193362347,-4301.46041857197,8.777928959439,-4.53535897549587,-4.53401762807345,0.0107230572207428,0.0107374502167523,0.139911202993334,0.00134134742241825,0.168004500481183,0.00830715033858371,0.0822926567596218,0.00749957387645094,0.000408342839776225,0.00314236034455157,3.13564923587429,3.13494229114551,-0.058832722556005,10,3.16129891850209,3.16003586641749,0.213293404481025,1758,18.5381171399922,7.29245818489998,1,7887.51991532,3004.14338088036
37,"joint",-4299.91891084333,-4301.35946333374,8.77752765367979,-4.53401762807345,-4.53242094863649,0.0107374502167523,0.0107546081769547,0.168708378889353,0.00159667943695883,0.145785405464175,0.00833977415282774,0.0553859196317511,0.00770685656562217,0.000439402493421143,0.00297150549099407,3.13494229114551,3.13433330208036,-0.0604985597673324,10,3.16003586641749,3.16095099465525,0.2192444284545,1769,18.5585160960576,7.59300693246763,1,7887.25640239687,3086.90801906586
38,"joint",-4303.21323930632,-4301.24986521154,8.77704991749183,-4.53242094863649,-4.53122796956126,0.0107546081769547,0.0107674458554905,0.126959261146908,0.00119297907522931,0.136835637235302,0.00756239414830378,0.0518501412956589,0.0073571857808628,0.000405657445040745,0.00257320711194521,3.13433330208036,3.13368938462907,-0.062521721329778,10,3.16095099465525,3.16069245252449,0.224830479628159,1754,18.371828543451,7.3315946027117,1,7886.99847117895,3169.70834088326
39,"joint",-4299.22857933216,-4301.07136477926,8.77668640706094,-4.53122796956126,-4.53034460973263,0.0107674458554905,0.0107769615869048,0.0943778989167433,0.00088335982862886,0.113408232245483,0.00666771710282734,0.0391320425039536,0.00632233473608868,0.00036556252701858,0.00221060141587828,3.13368938462907,3.13357674692853,-0.0639472645475861,10,3.16069245252449,3.16373848164092,0.226845434004924,1748,18.7481360941019,7.19698125182465,1,7886.7925540715,3252.69088101387
40,"joint",-4303.51095075926,-4301.12212268147,8.77636038739422,-4.53034460973263,-4.52936788461715,0.0107769615869048,0.0107874928581967,0.10485436782637,0.00097672511548426,0.126574901163925,0.00690284651611272,0.0601451804575059,0.00569064865979068,0.000336086136891381,0.00187935620685755,3.13357674692853,3.13338329505272,-0.0649815599434363,10,3.16373848164092,3.16512653961413,0.229787164563827,1782,18.5669469039379,7.46561993857954,0.999999999999999,7886.68409575518,3335.52107787132
41,"joint",-4303.53349084479,-4301.26440939355,8.77604727150937,-4.52936788461715,-4.52708872430673,0.0107874928581967,0.0108121073232688,0.251288400575402,0.00227916031041349,0.156233070123769,0.00678558598379349,0.097828336213323,0.00630445628502567,0.000325516437101356,0.00280616140351835,3.13338329505272,3.13284722874502,-0.0659408228727945,10,3.16512653961413,3.1647751658596,0.234855575813305,1762,18.2931925914996,7.22648016094838,0.999999999999997,7886.50841868828,3418.33701300621
42,"joint",-4301.48426976787,-4301.17360336174,8.7754040813168,-4.52708872430673,-4.52702236839315,0.0108121073232688,0.010812824794332,0.0073162201127742,6.63559135859372e-05,0.134352111439153,0.00652890796562674,0.059240687405558,0.00648385594391366,0.000321642519468049,0.00300917304213788,3.13284722874502,3.1323999252107,-0.0660610791354961,10,3.1647751658596,3.16356865321112,0.238284097868124,1769,18.5670703162718,7.06262300468471,1,7886.16962838415,3501.21086788177
43,"joint",-4302.04847907313,-4301.19562834674,8.77536361182329,-4.52702236839315,-4.5246495994822,0.010812824794332,0.0108385115912085,0.269305777346912,0.00237276891094429,0.162248507364976,0.00896949957935234,0.0647038249171971,0.00788093499412684,0.000451003413031685,0.0026547083493817,3.1323999252107,3.13167406793089,-0.068320669525099,10,3.16356865321112,3.1625001769073,0.244653381648465,1773,18.5715710994916,7.25724162341472,1,7886.11550362795,3584.17830896378
44,"joint",-4304.75182545292,-4301.44033083036,8.77475367023431,-4.5246495994822,-4.52328113787563,0.0108385115912085,0.0108533538313952,0.156793440999619,0.00136846160657521,0.174191671750316,0.0098251213319844,0.0569317824275378,0.00825315550439321,0.000472019211739229,0.00293399237383603,3.13167406793089,3.13085286378382,-0.0693370801176442,10,3.1625001769073,3.15848881697214,0.250381523417551,1756,18.5114205986649,7.27489972771626,1,7885.7897614409,3667.22332906723
45,"joint",-4304.06361326974,-4301.69174092286,8.77446579619536,-4.52328113787563,-4.52332293590776,0.0108533538313952,0.0108529001920436,-0.00478911100145426,-4.17980321365152e-05,0.127929619645048,0.00649885385854136,0.0560977692750566,0.00617715966189712,0.00031957691510834,0.00267983804105714,3.13085286378382,3.13086789646035,-0.0703190737129126,10,3.15848881697214,3.16243943446062,0.252609237983364,1765,18.7836940557628,7.44516629490465,0.999999999999998,7885.55548585748,3749.67970395088
46,"joint",-4300.07877218101,-4301.61913088406,8.77439462431971,-4.52332293590776,-4.51909685281127,0.0108529001920436,0.0108988625019573,0.534268002146485,0.00422608309649098,0.237596406227543,0.0122470362460796,0.114689423318386,0.0093771914102383,0.000541407643887337,0.00307951498225922,3.13086789646035,3.12989336270136,-0.0712811257958323,10,3.16243943446062,3.1598175937179,0.260463524874249,1768,18.8993613899785,7.50853449631334,1,7885.53159868006,3832.42049193382
47,"joint",-4300.01799665541,-4301.55175691903,8.77331662559082,-4.51909685281127,-4.51910829651448,0.0108988625019573,0.0108987377793231,-0.0014467317168812,-1.14437032086928e-05,0.11915826432994,0.00641514595768435,0.0509984684329048,0.0050646614349485,0.000292405149023829,0.00162727724889646,3.12989336270136,3.1296485731971,-0.0721792909850283,10,3.1598175937179,3.15852128750038,0.263054500147494,1753,18.7660765368179,7.4998170857889,0.999999999999998,7884.91504208119,3915.15631008148
48,"joint",-4300.70477831552,-4301.63906408013,8.77329716444294,-4.51910829651448,-4.51619360167994,0.0108987377793231,0.0109305506138618,0.385206098114348,0.00291469483454711,0.166714574589841,0.00826152108743955,0.0826028759570415,0.00663289549036014,0.000366028034226092,0.00277503682359144,3.1296485731971,3.12929330301382,-0.0736940269299901,10,3.15852128750038,3.16175658389497,0.26826302390242,1785,18.7109386064114,7.61754041708235,1,7884.85956690563,3999.19334793091
49,"joint",-4302.23949578693,-4301.74634162048,8.77245258424587,-4.51619360167994,-4.51472880916015,0.0109305506138618,0.0109465733347541,0.195697841146963,0.00146479251978523,0.16081087847876,0.00857971168553607,0.0611243574089698,0.00702906158863813,0.000384623445730052,0.00250399141289552,3.12929330301382,3.12946858269059,-0.0756242314266719,10,3.16175658389497,3.16669059489544,0.269892964992245,1775,18.7723173485274,7.29040651617437,0.999999999999998,7884.43323603537,4082.41240692139
50,"joint",-4303.95764744963,-4301.90484220068,8.77189642178936,-4.51472880916015,-4.51264475822058,0.0109465733347541,0.0109694103396727,0.284682310663158,0.0020840509395727,0.154389064687049,0.0074774239221434,0.0797295648455923,0.00675384757018656,0.000354476061605308,0.00279808986002028,3.12946858269059,3.12905182058309,-0.0769249257605581,10,3.16669059489544,3.16789362111504,0.274398972460176,1772,18.4951151930982,7.28878632746933,1,7884.23516716334,4166.5121819973
51,"joint",-4302.11659544941,-4301.82410671987,8.77118163490568,-4.51264475822058,-4.51181609766974,0.0109694103396727,0.0109785040245557,0.113586067141548,0.000828660550833083,0.128074908576545,0.00624045433461582,0.0595314620224318,0.00521097938312563,0.000274339795591774,0.00225984891077332,3.12905182058309,3.12882386838661,-0.0772975752852398,10,3.16789362111504,3.1675103259294,0.277312538028093,1773,18.7275802360119,7.27988845601775,1,7883.8966294562,4249.82955098152
52,"joint",-4301.67563599633,-4301.89866192577,8.77095809413736,-4.51181609766974,-4.50855694084796,0.0109785040245557,0.0110143430616376,0.472540015111852,0.00325915682178774,0.149842124122498,0.00821674427800505,0.0544956867320603,0.00698248393511948,0.000391548212762458,0.00245284448828363,3.12882386838661,3.12836524038544,-0.0781686802161666,10,3.1675103259294,3.17016672694396,0.282367657233692,1766,18.684672110189,7.4123131158371,0.999999999999997,7883.73996592693,4333.17650508881
53,"joint",-4303.49873936552,-4301.9633211203,8.76999287891173,-4.50855694084796,-4.50674251945421,0.0110143430616376,0.0110343458625941,0.267510338277702,0.00181442139374701,0.180458366445929,0.00835971791064249,0.0975333388918986,0.00646534473691507,0.000340748927713108,0.00249552958108744,3.12836524038544,3.12780283697892,-0.0793618175752185,10,3.17016672694396,3.16976649998122,0.287614776118398,1777,18.8483732328117,7.31161886797084,0.999999999999999,7883.27906771722,4418.89580392838
54,"joint",-4303.63310058334,-4302.0470154007,8.7694771513892,-4.50674251945421,-4.50686283751595,0.0110343458625941,0.0110330183113531,-0.0177404518468872,-0.000120318061737665,0.170044340191993,0.00886131966968769,0.0848366406261174,0.00711173283995311,0.00039620616864289,0.00222491725148869,3.12780283697892,3.12820470593669,-0.0784599315486315,10,3.16976649998122,3.1703859633589,0.285668686794069,1769,18.666021850492,7.4413136579157,1,7882.96204606064,4506.89974498749
55,"joint",-4300.57897136889,-4301.92385127125,8.7694537668857,-4.50686283751595,-4.50562561876026,0.0110330183113531,0.0110466770162004,0.183835737794966,0.00123721875569121,0.180321390684597,0.00885630572444076,0.0705891928330335,0.0070192845013687,0.000373318422348622,0.00264307063474009,3.12820470593669,3.12754925440602,-0.078317551601101,10,3.1703859633589,3.16796126511962,0.290157624308629,1774,18.7471061349083,7.48402286048511,1,7882.98122264129,4602.33606290817
56,"joint",-4300.38030983826,-4302.03177008199,8.76902706243461,-4.50562561876026,-4.50399396481323,0.0110466770162004,0.0110647160831107,0.245737225815992,0.00163165394702938,0.295340808864058,0.0176056979157428,0.0970836688858295,0.0119630975226128,0.000752469445488773,0.00333845054012461,3.12754925440602,3.12619480940414,-0.0806300437078137,10,3.16796126511962,3.16266838491754,0.299772628304069,1753,18.7814282110524,7.43618578204669,1,7882.69973618753,4691.6040160656
57,"joint",-4300.18906013436,-4302.04527754654,8.76851001360184,-4.50399396481323,-4.50386590043485,0.0110647160831107,0.0110661331698351,0.0192888731551036,0.000128064378377398,0.122678100624742,0.00636322422515745,0.0581588502284545,0.00512640524990036,0.000277806606739322,0.0018605696543656,3.12619480940414,3.1259433379392,-0.0801984031198096,10,3.16266838491754,3.16135053131225,0.301511420270842,1758,18.8172679121324,7.61330631698818,1,7882.30518262978,4788.44474387169
58,"joint",-4300.15885577672,-4301.89255837006,8.76846333571951,-4.50386590043485,-4.50280233015135,0.0110661331698351,0.0110779090413512,0.16110723133612,0.001063570283501,0.139860737431846,0.00762986743444935,0.0543269902644021,0.00597959192079279,0.000334135037420009,0.00209039597611222,3.1259433379392,3.12545148816541,-0.0816743331011404,10,3.16135053131225,3.16111508275983,0.305879880414408,1769,18.6301733327561,7.27395879943666,1,7882.22916588327,4880.91226196289
59,"joint",-4300.77859468997,-4301.97005913795,8.76807354955963,-4.50280233015135,-4.50204677870184,0.0110779090413512,0.0110862821343379,0.114777308638299,0.000755551449507049,0.112191768819849,0.00556646778210273,0.0475264401263964,0.0046025961977106,0.000238517398111415,0.00189710845107991,3.12545148816541,3.12521350899524,-0.0835714415522203,10,3.16111508275983,3.16223520617533,0.308794756109379,1780,18.5842714825391,7.52141335893382,0.999999999999996,7882.00301319993,4963.28169703484
60,"joint",-4303.29900194076,-4301.95946169703,8.76777513620539,-4.50204677870184,-4.50115956667954,0.0110862821343379,0.0110961223816774,0.135311727532368,0.000887212022299555,0.1447558735449,0.00821432472314735,0.0555799650960565,0.00596531175356824,0.000350498036161732,0.00189653589583795,3.12521350899524,3.12459943206526,-0.084990154896283,10,3.16223520617533,3.16075104575895,0.313480275332721,1760,18.7987122879912,7.34688344409336,0.999999999999999,7881.87367574854,5045.89235687256
61,"joint",-4300.03191824269,-4301.78438306692,8.76745268529327,-4.50115956667954,-4.5000496658989,0.0110961223816774,0.0111084448136444,0.170327112189763,0.00110990078064318,0.256813888477592,0.0129942957284758,0.0993361309986272,0.00931352552800271,0.000499924098194988,0.00318187364156636,3.12459943206526,3.12372636420917,-0.0847071384370476,10,3.16075104575895,3.15828516520052,0.320582074800209,1775,18.7544509014823,7.28580116202089,0.999999999999997,7881.67190081478,5128.38118195534
62,"joint",-4302.63605340006,-4301.84197224853,8.76722356537657,-4.5000496658989,-4.49863339947881,0.0111084448136444,0.0111241884769927,0.219555551098355,0.00141626642008936,0.297419559720529,0.0163555880588628,0.112460826467676,0.0112304000767939,0.000646744404600921,0.00361467806741621,3.12372636420917,3.12261906759055,-0.0860957735581193,10,3.15828516520052,3.15429603771219,0.328785388314303,1758,18.6483353525601,7.33481639013024,1,7881.40801001699,5210.73193287849
63,"joint",-4299.3028274824,-4301.70468966899,8.76679831997449,-4.49863339947881,-4.49714918079449,0.0111241884769927,0.0111407114642081,0.232666781015399,0.00148421868431896,0.211690362364968,0.0119637943037148,0.072133445972731,0.00819473791295673,0.000478589063871345,0.00270978476566902,3.12261906759055,3.12226486201729,-0.0855990459078407,10,3.15429603771219,3.15059788714994,0.331589309638516,1778,18.7066310340636,7.75532953498203,1,7881.06983035877,5295.59088587761
64,"joint",-4300.44243230245,-4301.48922001147,8.766586541325,-4.49714918079449,-4.49730531859713,0.0111407114642081,0.011138972113793,-0.0244792154567185,-0.000156137802638685,0.153367049974267,0.00835266668482408,0.0591628415411408,0.0061822341171338,0.000344144831482691,0.00217363912203559,3.12226486201729,3.12244099974701,-0.0865690010186208,10,3.15059788714994,3.15432651241769,0.332244897625602,1805,18.9289141630588,7.47889077809263,0.999999999999996,7880.85700402501,5378.63282704353
65,"joint",-4298.87457489664,-4301.22976809281,8.76655690798648,-4.49730531859713,-4.49619718195617,0.011138972113793,0.0111513224586059,0.174809789595686,0.00110813664095754,0.123886766470802,0.00715288678425935,0.0434489519401283,0.0057142210350534,0.000317886291394,0.0024842720091655,3.12244099974701,3.121937636634,-0.0876291151209133,10,3.15432651241769,3.15431675224279,0.336237943495006,1773,18.830771744078,7.36498067842284,0.999999999999998,7880.87274657071,5461.85876703262
66,"joint",-4301.13876833746,-4301.28276790064,8.76620087147654,-4.49619718195617,-4.49511260630955,0.0111513224586059,0.0111634234724183,0.172108269455171,0.00108457564661826,0.12488414506186,0.00649309380775639,0.0534064043135168,0.00451200767076336,0.000248952461083776,0.00203581324627082,3.121937636634,3.12159216519266,-0.0885823889913959,10,3.15431675224279,3.15514091912776,0.339600832234276,1760,18.6961056077899,7.09519765344945,1,7880.67238777498,5544.54854297638
67,"joint",-4302.98829123009,-4301.43128262937,8.7658186412698,-4.49511260630955,-4.49376835065827,0.0111634234724183,0.0111784400583127,0.215270018095144,0.00134425565128153,0.156022610513111,0.00830482648927765,0.0650706749770188,0.00584825923414156,0.000328733485380991,0.00194540080260396,3.12159216519266,3.12112683811003,-0.0888989866569032,10,3.15514091912776,3.15549491642129,0.343962728397273,1759,18.8147195866773,7.4077985487155,1,7880.46074017557,5640.36604499817
68,"joint",-4301.35485293001,-4301.4637863601,8.76540787745945,-4.49376835065827,-4.49374127041353,0.0111784400583127,0.0111787427773041,0.00433666478979588,2.70802447438245e-05,0.0949727791688974,0.00457449028546192,0.0446652471066224,0.00378463497690638,0.000182454831423951,0.00196560132264444,3.12112683811003,3.12115064071179,-0.0891387478284853,10,3.15549491642129,3.15553230582617,0.34450140875791,1765,18.7038979387122,7.63874177530121,0.999999999999998,7880.22847048281,5724.75269389153
69,"joint",-4301.26796738994,-4301.41520994025,8.76536089850505,-4.49374127041353,-4.49114087442778,0.0111787427773041,0.0112078497635912,0.431267190173958,0.00260039598574648,0.16630895902957,0.00884961698707378,0.072143608926902,0.00605109897393919,0.000341929651808417,0.00206150426179704,3.12115064071179,3.1205967862058,-0.090923048192356,10,3.15553230582617,3.15568795589626,0.349457701119966,1758,18.8032416666885,7.42079246326973,1,7880.22386915776,5807.43842792511
70,"joint",-4302.92159613878,-4301.3634073747,8.76457059971697,-4.49114087442778,-4.48995164335061,0.0112078497635912,0.0112211864154469,0.198639747716293,0.00118923107716907,0.155388002719427,0.00796854775401208,0.0603079579244514,0.00513897296554961,0.000287480816654666,0.00178761970489599,3.1205967862058,3.12016221434086,-0.0921138065192323,10,3.15568795589626,3.15570719844137,0.353890460623125,1770,18.8825020944378,7.55295659068359,0.999999999999999,7879.79963685539,5890.4220058918
71,"joint",-4301.67671659502,-4301.34141343198,8.76421186962033,-4.48995164335061,-4.48855196102674,0.0112211864154469,0.0112369035086283,0.236116187474039,0.00139968232387252,0.134952494468017,0.00615783827882592,0.0779616709535678,0.00417467650641348,0.000223604361610971,0.00158245897102205,3.12016221434086,3.11982875091907,-0.0928212005153133,10,3.15570719844137,3.1545315288193,0.356695360829005,1771,18.5540436094645,7.4644664026202,1,7879.56258000877,5974.98558807373
72,"joint",-4303.25527695302,-4301.42039547982,8.76382748824587,-4.48855196102674,-4.48677731989323,0.0112369035086283,0.0112568626847572,0.304197443820777,0.00177464113350705,0.180572217269519,0.00964746689328454,0.080607525645097,0.00600647080699914,0.000353335643406633,0.00196811472406809,3.11982875091907,3.11923052300751,-0.0947893152393814,10,3.1545315288193,3.1532868761716,0.36202049285435,1747,18.8270858854297,7.46720158500353,1.00000000000001,7879.34153726762,6057.4273250103
73,"joint",-4304.68407240716,-4301.4796621319,8.76327376162973,-4.48677731989323,-4.48603199705447,0.0112568626847572,0.0112652558090141,0.128114732852513,0.000745322838766102,0.139682329204909,0.00688976992343275,0.0608029713739017,0.00440802039100204,0.000237870943138699,0.00163757574331974,3.11923052300751,3.11898056081265,-0.0952310109874071,10,3.1532868761716,3.15410604628843,0.365023279470349,1757,19.0628961853498,7.83726415792907,1,7879.01376249402,6140.34869003296
74,"joint",-4300.51778262333,-4301.3238962339,8.76302155351879,-4.48603199705447,-4.48543048940086,0.0112652558090141,0.011272033984961,0.103581666008931,0.00060150765361052,0.146879897510607,0.00764455593151013,0.0621397189819273,0.00510684003728228,0.000283267183026144,0.00211216191647212,3.11898056081265,3.11854071091713,-0.0952140164997985,10,3.15410604628843,3.15382357210525,0.3688880736867,1770,19.255977517164,7.67013037747983,1,7878.85043604406,6222.62401795387
75,"joint",-4300.74612025225,-4301.33225367807,8.76285537632848,-4.48543048940086,-4.48415395663339,0.011272033984961,0.0112864322937,0.221636529597314,0.00127653276746391,0.148458888970354,0.00723190219446992,0.0713000378928806,0.00497281003015875,0.000258527879147507,0.0019003330205949,3.11854071091713,3.11831865031114,-0.0971143495203934,10,3.15382357210525,3.15602198088979,0.372404425857582,1763,19.1448940698799,7.73999445607671,0.999999999999998,7878.69535677822,6304.82387185097
76,"joint",-4299.88760227137,-4301.30761829972,8.76246380053338,-4.48415395663339,-4.48425197782172,0.0112864322937,0.0112853260384138,-0.0170196334368234,-9.80211883270118e-05,0.112185327937689,0.00632078013620714,0.040766788402933,0.00490240456737727,0.000267967207233326,0.00170619597240333,3.11831865031114,3.11863626189724,-0.0967950116892234,10,3.15602198088979,3.15667247479418,0.370736467858516,1757,18.7761652420123,7.25989584169536,1,7878.47573903659,6387.00918602943
77,"joint",-4299.07087188682,-4301.25170888735,8.76245142836125,-4.48425197782172,-4.48364011933671,0.0112853260384138,0.0112922331737857,0.106437750483644,0.000611858485011945,0.188986475015582,0.00940409415563601,0.0789583470968706,0.00617957541847682,0.000327298519632289,0.0025062266925642,3.11863626189724,3.11814787417694,-0.097077628876203,10,3.15667247479418,3.15650783796897,0.375544104759577,1757,18.7652352323525,7.25269333178467,1,7878.49599634325,6469.3208899498
78,"joint",-4301.67604380843,-4301.32756828893,8.76225189687476,-4.48364011933671,-4.48162643605863,0.0112922331737857,0.0113149950648281,0.357622232565671,0.00201368327807665,0.232427823980279,0.0122574915106229,0.115991522380113,0.00753028558298092,0.000434486670089516,0.00236880992996463,3.11814787417694,3.11737609433039,-0.0989572478043872,10,3.15650783796897,3.15620120008085,0.382168851172403,1753,19.2850714351056,7.57946677114345,1,7878.33573165699,6551.35006189346
79,"joint",-4300.6244886488,-4301.31986298687,8.76154440692415,-4.48162643605863,-4.48073794722789,0.0113149950648281,0.0113250527789848,0.15841865003842,0.000888488830743552,0.189873738412992,0.0106722677675744,0.0612852766049401,0.00699147159798035,0.000398628284903054,0.00218465454563483,3.11737609433039,3.11670214338522,-0.0988120329879067,10,3.15620120008085,3.15428307133844,0.387011416322359,1770,19.3031544026839,7.7171531036679,0.999999999999999,7877.9237828119,6633.37585687637
80,"joint",-4298.35214579946,-4301.07252017981,8.76131117857147,-4.48073794722789,-4.4803834429458,0.0113250527789848,0.0113290682704022,0.0632483046130481,0.00035450428208284,0.209826688913501,0.011574797121358,0.0734992529585472,0.00720844893052846,0.000413847139111831,0.00228704344789193,3.11670214338522,3.11595721853482,-0.0998182402116061,10,3.15428307133844,3.15087338274601,0.392151505360282,1773,18.7591817260132,7.57837030705408,1,7877.72288442913,6715.38331007957
81,"joint",-4302.25964060494,-4301.18390629792,8.76117052956523,-4.4803834429458,-4.4804794164203,0.0113290682704022,0.0113279810325313,-0.0171237399211026,-9.59734744943294e-05,0.161666630503618,0.00833289199026055,0.070518759841469,0.0060026300688877,0.000313658010516983,0.00247809722464222,3.11595721853482,3.11546987315622,-0.0997709315990043,10,3.15087338274601,3.14858694860477,0.395474948413986,1782,19.1957862730809,7.7271930826215,0.999999999999998,7877.55250376946,6797.40796089172
82,"joint",-4303.14494255958,-4301.2093507559,8.76131837419367,-4.4804794164203,-4.48091427934203,0.0113279810325313,0.0113230559845402,-0.0776624007302923,-0.000434862921726095,0.0959417363237944,0.00497513956961721,0.0409624287027059,0.0033495782914688,0.00018239185132661,0.00130390524206128,3.11546987315622,3.11545712932094,-0.099195515469491,10,3.14858694860477,3.14816199522749,0.395654686404305,1777,18.7988436360785,7.41498896435548,0.999999999999998,7877.54072502765,6879.14336299896
83,"joint",-4301.20771847076,-4301.30459530532,8.76145240439733,-4.48091427934203,-4.47986796974873,0.0113230559845402,0.0113349096068402,0.187892306202008,0.0010463095932925,0.167056688554392,0.00908675803612271,0.0680251831738471,0.00549481077133155,0.000317857731811386,0.00212031851871407,3.11545712932094,3.11494561510554,-0.100142952937978,10,3.14816199522749,3.14754315680711,0.400065426523058,1745,19.0005602735742,7.55184078692618,1,7877.59356953136,6960.62189602852
84,"joint",-4302.6620776281,-4301.4155775716,8.76113458254425,-4.47986796974873,-4.47807387574252,0.0113349096068402,0.0113552637533934,0.327490286996062,0.0017940940062162,0.200874846152193,0.0100081694893675,0.0953275513745231,0.00602676410959716,0.000329701497171162,0.00245227786502753,3.11494561510554,3.11442665729251,-0.101147088715387,10,3.14754315680711,3.14761583813103,0.405066882001768,1756,18.6641948892553,7.40218861574396,1,7877.37773075523,7042.18965697289
85,"joint",-4301.81479917311,-4301.56258878542,8.76055258930181,-4.47807387574252,-4.47618621781372,0.0113552637533934,0.0113767188506224,0.350877280012618,0.00188765792879526,0.195950857602565,0.00896546561928509,0.122283329950039,0.00586429551798078,0.000308095629032719,0.00234966746100157,3.11442665729251,3.11424226098584,-0.102129223528428,10,3.14761583813103,3.14996614480675,0.408251478112905,1769,18.8063536826424,7.57050243893731,0.999999999999999,7877.02975491742,7123.84387803078
86,"joint",-4299.95790444192,-4301.50354559065,8.75993881914264,-4.47618621781372,-4.47410752054938,0.0113767188506224,0.0114003922013147,0.395016140759619,0.00207869726433747,0.261430494317974,0.0135144729424664,0.110244958586422,0.00767405557049697,0.000438380161766709,0.00236749124605292,3.11424226098584,3.11349696366898,-0.102096269333438,10,3.14996614480675,3.1465307122242,0.413548100019224,1772,18.6713209392996,7.54976837224628,1,7876.72916976155,7206.6132979393
87,"joint",-4302.10388923707,-4301.45932549099,8.75935216903992,-4.47410752054938,-4.47258405740319,0.0114003922013147,0.0114177735152194,0.292923904280147,0.00152346314619279,0.189424052482786,0.0102629574778548,0.072115232205687,0.00607615604993371,0.000347723891649542,0.00193941321941867,3.11349696366898,3.11293288928505,-0.102811976335211,10,3.1465307122242,3.14620798543888,0.418248382909317,1770,19.0516075206176,7.55105086756319,0.999999999999995,7876.30904625541,7288.42821788788
88,"joint",-4301.25893782951,-4301.45452973597,8.75880204879588,-4.47258405740319,-4.4707977984661,0.0114177735152194,0.0114381868415181,0.349066991640759,0.00178625893709406,0.224854608870166,0.0111775339658191,0.113533782396528,0.00629125864454612,0.000359490881396735,0.00207722539298673,3.11293288928505,3.11240851766046,-0.103628509189231,10,3.14620798543888,3.14786701017143,0.423690294244823,1771,19.282611247907,7.74102394752828,1,7875.9867623785,7370.12169504166
89,"joint",-4301.39553848153,-4301.46090829055,8.75814780184563,-4.4707977984661,-4.47114919206758,0.0114381868415181,0.0114341682419458,-0.0687110382925787,-0.000351393601487483,0.102871601170147,0.00547451655964006,0.0414008946496078,0.00354094245829171,0.000193431075867405,0.00135580738137442,3.11240851766046,3.11224519527407,-0.10430379271302,10,3.14786701017143,3.14748408239001,0.425298529925583,1792,19.014471756224,7.77445648979496,1,7875.61290802982,7451.78599405289
90,"joint",-4301.39048094729,-4301.38435253097,8.75825698823821,-4.47114919206758,-4.47074748104756,0.0114341682419458,0.0114387623960328,0.0786134951010662,0.000401711020022979,0.146251400635537,0.00778391442355882,0.0581500517689182,0.00490601337460565,0.000264131221810452,0.0020944059028365,3.11224519527407,3.11229860182789,-0.105653324927544,10,3.14748408239001,3.1501903901341,0.426113055040952,1772,18.9218117221605,7.51913378600996,1,7875.64635261828,7533.5993180275
91,"joint",-4302.24614055163,-4301.4128237288,8.75805674065973,-4.47074748104756,-4.46986430469924,0.0114387623960328,0.0114488693028686,0.173512664535303,0.000883176348319465,0.149236053107642,0.00818243816952787,0.0642310528541007,0.00514364135947068,0.000286526986553269,0.00203610289414311,3.11229860182789,3.1117828532521,-0.10689754167916,10,3.1501903901341,3.14922841193165,0.430187162519846,1752,19.0740690183702,7.81554334745184,0.999999999999997,7875.60951362486,7615.93292093277
92,"joint",-4300.99123681185,-4301.29962172175,8.75776526762915,-4.46986430469924,-4.46849224865353,0.0114488693028686,0.0114645885746071,0.272133775797442,0.00137205604571118,0.189026249650434,0.010100525274459,0.0826600126693786,0.00547081707859366,0.000324742347936808,0.0017080483947547,3.1117828532521,3.11124659596561,-0.107664485010948,10,3.14922841193165,3.14911685031158,0.435072377731787,1772,19.2676522037746,8.04444748381823,0.999999999999999,7875.41696237016,7697.73529601097
93,"joint",-4300.8545470663,-4301.1081454547,8.75730819682305,-4.46849224865353,-4.46812947727784,0.0114645885746071,0.0114687483536548,0.0719995145489369,0.000362771375692852,0.106868756898195,0.00555140843823968,0.0510931402032752,0.00382098123432167,0.000193925622378919,0.00259920106036021,3.11124659596561,3.11128673338783,-0.108094189261465,10,3.14911685031158,3.15087896811204,0.436130361289868,1769,18.7682247614126,7.79757133412072,1,7875.11667111391,7779.50225496292
94,"joint",-4305.9251629366,-4301.37851447037,8.75711155253098,-4.46812947727784,-4.46801365573885,0.0114687483536548,0.0114700767586668,0.0229887320926468,0.000115821538983297,0.206531156585439,0.0106208976657726,0.0763307443475394,0.00613169791008673,0.000340634003200768,0.00215485665803301,3.11128673338783,3.1109931605774,-0.108297458860519,10,3.15087896811204,3.14790102994984,0.438307279699504,1762,19.0514105772061,7.62457816958255,1,7875.02711485438,7861.88865804672
95,"joint",-4304.09570216156,-4301.54599356583,8.7570629432776,-4.46801365573885,-4.46766976931624,0.0114700767586668,0.0114740218406216,0.0682963765187335,0.000343886422613198,0.120420919850635,0.00616108905143044,0.0622628264041426,0.00427456664484237,0.000219222821064987,0.00204990681239395,3.1109931605774,3.11063654688302,-0.108899988517972,10,3.14790102994984,3.14721901257005,0.441078350815377,1773,18.9454458727595,7.53365650627098,0.999999999999997,7874.92090256377,7944.75850200653
96,"joint",-4303.7943465492,-4301.74133077972,8.75699465374792,-4.46766976931624,-4.46704981447647,0.0114740218406216,0.0114811374214348,0.123361286121103,0.000619954839766574,0.137826565915453,0.00767361992046055,0.0590159148830314,0.00447087323582135,0.000258970363194113,0.00171241630503836,3.11063654688302,3.11017609932572,-0.109746480725563,10,3.14721901257005,3.14519980964037,0.444302650445374,1765,18.9270900644121,7.7728721505567,1,7874.83875493217,8026.91184186935
97,"joint",-4299.78186365569,-4301.77688036817,8.75680970400374,-4.46704981447647,-4.46660066467629,0.0114811374214348,0.0114862953302637,0.0894640490990254,0.000449149800187678,0.0966031535176076,0.00484086647214459,0.0449030116507637,0.00329181871461129,0.000164441564762812,0.00147367708919903,3.11017609932572,3.11002603381186,-0.110111363614038,10,3.14519980964037,3.14602059648402,0.446046062952372,1758,18.8373395801817,7.46059675397046,0.999999999999999,7874.68094107945,8110.32398986816
98,"joint",-4300.74826572054,-4301.73049146377,8.75665710111498,-4.46660066467629,-4.46483854684707,0.0114862953302637,0.0115065533793497,0.356567481954245,0.00176211782921475,0.165714928145739,0.00767737905064529,0.0917529674897903,0.00429116133885309,0.00022623708166087,0.0016253735559629,3.11002603381186,3.10965272461004,-0.111600745708941,10,3.14602059648402,3.14629663638826,0.449792748679856,1766,19.0908079981317,7.68439126557494,1,7874.58793145495,8193.3422369957
99,"joint",-4301.25349521119,-4301.76194179189,8.7561069429312,-4.46483854684707,-4.46424109406976,0.0115065533793497,0.0115134300556635,0.121111913654707,0.000597452777307505,0.120570481131924,0.00641438378315478,0.0493182567557656,0.00358794190985617,0.000205592755825129,0.00119358264841767,3.10965272461004,3.10949042860143,-0.111068138403141,10,3.14629663638826,3.14559444543575,0.451459423792983,1783,18.9614812054859,7.51529280792623,0.999999999999999,7874.26868328091,8275.87744688988
100,"joint",-4303.0038474897,-4301.9945268764,8.7559411726479,-4.46424109406976,-4.46451084313952,0.0115134300556635,0.0115103247374635,-0.0547017602132893,-0.000269749069756612,0.0993330144558811,0.00511935196100578,0.0457130082190058,0.00305048191164522,0.000162621956182448,0.00133451811382475,3.10949042860143,3.10932862374713,-0.111009703274545,10,3.14559444543575,3.14617374566326,0.453415563444964,1791,19.2033527031766,7.50087603476539,1,7874.14529871148,8358.31172704697
101,"joint",-4301.60346079551,-4301.96171788593,8.75596793078278,-4.46451084313952,-4.46322677812284,0.0115103247374635,0.0115251142360963,0.262566054992731,0.00128406501667995,0.174849651208979,0.00889428461586432,0.0757370966049443,0.00484738516639167,0.000271462155603842,0.00158457430673402,3.10932862374713,3.10886621278164,-0.111690571317574,10,3.14617374566326,3.14580713968106,0.457424810637529,1735,19.0287639068086,7.55898854150105,1,7874.13016248232,8440.4708609581
102,"joint",-4299.18686507073,-4301.76381401149,8.75554423312482,-4.46322677812284,-4.46258841880136,0.0115251142360963,0.011532473748957,0.130798709131427,0.000638359321485184,0.142323907696911,0.00752533108008517,0.057516183307808,0.00440999681014357,0.000244661521679097,0.00181445177693887,3.10886621278164,3.10848228666419,-0.113164216857048,10,3.14580713968106,3.14589436306185,0.461021911483784,1785,19.0732671319884,7.69767389764927,1,7873.85107475303,8522.60102200508
103,"joint",-4302.70658621912,-4301.83875739891,8.75532438570171,-4.46258841880136,-4.46288125426448,0.011532473748957,0.0115290971260873,-0.0600272174957215,-0.000292835463126274,0.210857163904132,0.0116876057419114,0.0693967695488963,0.00653232903824862,0.000370904516027262,0.00233988935336861,3.10848228666419,3.10781843934892,-0.114105116395762,10,3.14589436306185,3.14296110421859,0.465852513881296,1764,19.0402462566308,7.61329445848276,0.999999999999997,7873.70628206977,8605.24213004112
104,"joint",-4300.98781701931,-4301.75504436847,8.75538760778153,-4.46288125426448,-4.46314395301216,0.0115290971260873,0.0115260688444907,-0.0538681984803604,-0.000262698747679328,0.136510729713635,0.00747177555230128,0.0470342516542758,0.00439066234873024,0.000245107492339143,0.00148709984545695,3.10781843934892,3.10778235932599,-0.114904374415719,10,3.14296110421859,3.14235255284635,0.466171463169031,1774,18.8008873373879,7.49603322899485,0.999999999999998,7873.64510099902,8688.0501999855
105,"joint",-4298.59557649339,-4301.59408323448,8.75539360785984,-4.46314395301216,-4.46100049268695,0.0115260688444907,0.0115508010125058,0.449990158169682,0.0021434603252122,0.188510400370835,0.00901887106679573,0.103549715459832,0.00499469820368562,0.000269281835286084,0.00191088307257211,3.10778235932599,3.10757880894181,-0.115642416359911,10,3.14235255284635,3.14421225595922,0.46915653332976,1769,18.9970230809323,7.72307089745443,0.999999999999997,7873.67417906004,8771.16759300232
106,"joint",-4303.79307852631,-4301.7858419387,8.75466959581621,-4.46100049268695,-4.45971798807929,0.0115508010125058,0.0115656244715719,0.27148627400827,0.00128250460765537,0.223220506191714,0.0116612537036697,0.0909328930754514,0.00600910510035888,0.000343477263467585,0.00204607680534818,3.10757880894181,3.10696054986757,-0.116848848839257,10,3.14421225595922,3.14283519296828,0.474322980864286,1785,19.1163638676209,7.70829570897525,1,7873.28743254057,8856.04155993462
107,"joint",-4301.1713098657,-4301.73921297013,8.75423629638346,-4.45971798807929,-4.45952597079628,0.0115656244715719,0.0115678454845889,0.0406545671643928,0.000192017283012384,0.146342821029654,0.0078626420926693,0.0586095489513484,0.00477689896363225,0.000256865107798105,0.00260679106026903,3.10696054986757,3.10671322153019,-0.117942063463421,10,3.14283519296828,3.14097573330649,0.476282624984088,1797,19.0540752810765,7.71669822590652,0.999999999999996,7872.98236246403,8941.33281898499
108,"joint",-4302.46640843501,-4301.79958650041,8.75417515066151,-4.45952597079628,-4.45790552768252,0.0115678454845889,0.0115866057159842,0.347680985229519,0.00162044311375815,0.210044227531696,0.0109157222990107,0.0950182181444651,0.00583859772624862,0.000332761737472404,0.00203649484814958,3.10671322153019,3.1061491251588,-0.118974470777863,10,3.14097573330649,3.13947311004553,0.480787760134587,1770,19.5009810538176,7.852192302989,0.999999999999998,7872.91702333026,9026.27431797981
109,"joint",-4302.53196305281,-4301.85640772897,8.75375597366854,-4.45790552768252,-4.45722439405765,0.0115866057159842,0.0115945004311083,0.146483684076884,0.000681133624878431,0.123967897529789,0.00629027988447968,0.0522033553150639,0.00338925331712541,0.000185953371748538,0.00131681754641097,3.1061491251588,3.10584642806737,-0.119561403339156,10,3.13947311004553,3.13767587781313,0.48301441540675,1768,18.8445032276335,7.61669161256505,1,7872.60993140899,9111.44745707512
110,"joint",-4299.97219201469,-4301.78549328234,8.75355764146109,-4.45722439405765,-4.45663566567124,0.0115945004311083,0.011601328452366,0.126831127226865,0.000588728386400983,0.166728857127833,0.00840551926698385,0.0798469304246156,0.00444661351830232,0.000248327624310897,0.00170574011072272,3.10584642806737,3.10549023187293,-0.120217640405663,10,3.13767587781313,3.13619465198526,0.486255197409046,1758,19.0602990059148,7.65930107370616,0.999999999999999,7872.45532854081,9206.99186587334
111,"joint",-4302.67682776685,-4301.8070276431,8.75340973057315,-4.45663566567124,-4.45599495422735,0.011601328452366,0.0116087639380158,0.138314147813018,0.000640711443894934,0.207556091003664,0.012386963057358,0.0745737368684755,0.00682947227153134,0.000408782780666905,0.00224526604939723,3.10549023187293,3.10480516796749,-0.121898800206322,10,3.13619465198526,3.13439854574009,0.491421353297158,1755,19.1926743929286,7.97969481606835,0.999999999999999,7872.32221272938,9295.45356607437
112,"joint",-4301.83018414875,-4301.84897500995,8.75315698147204,-4.45599495422735,-4.45409600139282,0.0116087639380158,0.0116308293771847,0.417535446220768,0.00189895283452712,0.182877071597794,0.00841690520155695,0.0953272861022506,0.00441490409534709,0.000234691280404971,0.00162428487280434,3.10480516796749,3.10448008605751,-0.12256748179829,10,3.13439854574009,3.1325464695278,0.494126148291614,1752,19.3416378067363,7.77609178240394,1,7872.11325330355,9383.61650490761
113,"joint",-4300.32217717494,-4301.82235651538,8.75261329563473,-4.45409600139282,-4.45324783914805,0.0116308293771847,0.0116406983922092,0.187165529201581,0.000848162244777228,0.150445277371219,0.00797413207504065,0.0622726151896122,0.00452364312485733,0.00024958397622383,0.00157465285286444,3.10448008605751,3.10405546154424,-0.122562172305099,10,3.1325464695278,3.13057217404191,0.497010397608171,1743,18.8329918719353,7.59891186777797,1,7871.78161673395,9470.69910597801
114,"joint",-4303.36121209592,-4301.69415897335,8.75235889464552,-4.45324783914805,-4.45123507790821,0.0116406983922092,0.0116641519340097,0.453439588758976,0.00201276123983806,0.188516396219575,0.0104358585789383,0.076264018045303,0.00588722403211389,0.000329654706292742,0.00230591934476365,3.10405546154424,3.10387429975673,-0.124868091649862,10,3.13057217404191,3.13317096551217,0.49982724884725,1773,19.0584447334986,7.86937067024827,0.999999999999997,7871.57768834346,9557.23240494728
115,"joint",-4301.29711971567,-4301.55422985105,8.75165202458927,-4.45123507790821,-4.45026953615068,0.0116641519340097,0.0116754195985931,0.218540599927946,0.000965541757525607,0.161052886819636,0.0087188164451184,0.0644274088797011,0.00470244978450528,0.000266680982156398,0.00146097118119053,3.10387429975673,3.10403941083537,-0.125840350854304,10,3.13317096551217,3.13597958101435,0.499935113342497,1765,18.7966037498723,7.70757671552638,0.999999999999999,7871.22179999108,9644.59316897392
116,"joint",-4300.71884004697,-4301.40045452594,8.75130037617333,-4.45026953615068,-4.44947960153698,0.0116754195985931,0.0116846460603344,0.179354158774773,0.000789934613699347,0.181715289753691,0.00994903091755282,0.0701277860646149,0.0050758762788106,0.000293420488963136,0.00189436711384071,3.10403941083537,3.10353382704564,-0.127734717968145,10,3.13597958101435,3.13527056733092,0.504418284559201,1769,19.2580057309371,7.93065590337076,1,7871.08216151933,9733.14153194427
117,"joint",-4299.78384273636,-4301.40055347997,8.751032019988,-4.44947960153698,-4.45012282895673,0.0116846460603344,0.0116771325922918,-0.14634744623784,-0.000643227419743345,0.0910698738377225,0.00474327896083975,0.0424002874958473,0.00307825316984554,0.000158861949281811,0.00148507842218913,3.10353382704564,3.10341444173005,-0.128135380067595,10,3.13527056733092,3.13558560903662,0.505763999083984,1787,18.7837895085346,7.52515216969123,1,7870.88378704492,9819.75123286247
118,"joint",-4298.91479457016,-4301.30887992246,8.75114404181879,-4.45012282895673,-4.44908468900767,0.0116771325922918,0.011689261384729,0.237481331780559,0.00103813994905493,0.142374549435926,0.00672291757092213,0.0655432405636696,0.00372177922833481,0.000186484148837965,0.0016305713913372,3.10341444173005,3.10308384488951,-0.128271306083566,10,3.13558560903662,3.13429156295999,0.508323402207172,1758,19.0835563251689,7.43356221088398,1,7870.95521971708,9906.41111707687
119,"joint",-4302.39305457544,-4301.36585789067,8.75085886565495,-4.44908468900767,-4.44855093356238,0.011689261384729,0.0116955022570461,0.122274364711112,0.000533755445285962,0.185490935839053,0.00911542887597079,0.0781534742489789,0.00498868716986974,0.000260438750174065,0.00199725921619374,3.10308384488951,3.10279536441336,-0.128191316237948,10,3.13429156295999,3.13420939482719,0.511501342050756,1764,19.0473951978732,7.72701199386969,1,7870.7407802229,9992.8425989151
120,"joint",-4301.82139035767,-4301.30673503407,8.75071988201691,-4.44855093356238,-4.44666354914886,0.0116955022570461,0.0117175970098015,0.44028091290322,0.00188738441352929,0.174236654049753,0.00953736273133722,0.0613774468441939,0.00553056494883114,0.000298941083668527,0.0021927004020261,3.10279536441336,3.10262694688536,-0.129668660296743,10,3.13420939482719,3.13730172410136,0.514413950016499,1763,19.3942772523078,8.0128767579089,1,7870.59801738362,10079.5834538937
121,"joint",-4302.20224879967,-4301.33667443427,8.749987971299,-4.44666354914886,-4.44654432527576,0.0117175970098015,0.0117189941103827,0.0278140088488343,0.000119223873099352,0.190046256781487,0.00977300981195275,0.0692918222228844,0.00521447107023092,0.000277013572986268,0.00208330018473658,3.10262694688536,3.10214748826398,-0.13007377505696,10,3.13730172410136,3.13636168503366,0.518263380979706,1797,19.0799269703393,7.77185313529848,1,7870.2472718879,10166.2340490818
122,"joint",-4302.13387800603,-4301.48402508104,8.74993970663913,-4.44654432527576,-4.44427629155964,0.0117189941103827,0.0117456033480616,0.543272112846099,0.00226803371611464,0.273180811071279,0.0128970992280021,0.149373461742388,0.00659571066486239,0.000359508321487198,0.00229185258315632,3.10214748826398,3.10194400347156,-0.130020109177979,10,3.13636168503366,3.13683562103759,0.521294270925152,1738,19.3936051014992,7.93484188440587,0.999999999999999,7870.14098561372,10253.2179880142
123,"joint",-4303.50388579788,-4301.52389005998,8.74918875814005,-4.44427629155964,-4.44306560075081,0.0117456033480616,0.0117598322537439,0.292151145067789,0.00121069080883074,0.182775592185799,0.00902727738650656,0.0822778687590781,0.00429256322100327,0.000240985818356399,0.00161316197699965,3.10194400347156,3.10159393352974,-0.131059891289683,10,3.13683562103759,3.13732945684235,0.524836852568835,1754,18.9348615181776,7.50306010607682,0.999999999999998,7869.7076480594,10339.2719449997
124,"joint",-4301.00271888991,-4301.52463515351,8.7487238816562,-4.44306560075081,-4.44174391623144,0.0117598322537439,0.011775385317842,0.321757670647166,0.00132168451936923,0.17792123052054,0.00986686485110974,0.0632483246191416,0.00538011595195433,0.000300660598528668,0.00194512769822968,3.10159393352974,3.10114358910185,-0.131666144123188,10,3.13732945684235,3.13823978693707,0.528830436815652,1770,19.1333180255889,7.63099185039854,0.999999999999992,7869.42104228264,10425.3022780418
125,"joint",-4305.13889325624,-4301.85180099165,8.74827169260337,-4.44174391623144,-4.44048212405697,0.011775385317842,0.0117902527847416,0.309652076381081,0.00126179217447512,0.160254049265253,0.0081656463448435,0.0852873474765631,0.00409283405491226,0.000229211011304604,0.00141369366564065,3.10114358910185,3.10073905876959,-0.132891357610026,10,3.13823978693707,3.13830727426045,0.532524251205733,1756,19.3378675829755,7.72396879615459,1,7869.13639827626,10511.3862559795
126,"joint",-4300.06191027623,-4301.66524257915,8.74785938454442,-4.44048212405697,-4.43923953812206,0.0117902527847416,0.0118049122929842,0.307320513538149,0.00124258593491193,0.201252393414293,0.00899118043521109,0.110893515402858,0.00431535513217461,0.000226029936994425,0.00180524718742278,3.10073905876959,3.10051297060443,-0.133246467319801,10,3.13830727426045,3.13848557964487,0.534981218895379,1763,19.5034987708595,8.0296491579851,1,7868.87048668615,10598.6606800556
127,"joint",-4299.96855940678,-4301.6051050562,8.74741983989002,-4.43923953812206,-4.43774612425628,0.0118049122929842,0.0118225550834017,0.373545166662106,0.00149341386577978,0.21727223975145,0.00962230443559907,0.115891311411354,0.00447255196832463,0.000235380632023341,0.00167688154988738,3.10051297060443,3.1003185044399,-0.133620769105773,10,3.13848557964487,3.14002383511343,0.537886409072686,1757,19.412952395388,7.79408658574168,1,7868.59767097396,10686.2522819042
128,"joint",-4299.95344002484,-4301.47945663569,8.74682477958608,-4.43774612425628,-4.43624677337192,0.0118225550834017,0.0118402945373311,0.379318054380436,0.00149935088435783,0.215455466788356,0.00951088364163473,0.132299024060549,0.00504506512328212,0.000259848534893688,0.00219017960982086,3.1003185044399,3.10010872238602,-0.134881918564402,10,3.14002383511343,3.14127666259047,0.540932660055794,1764,19.2885316273339,7.57985587257051,0.999999999999999,7868.2674915781,10772.6330859661
129,"joint",-4299.87234276862,-4301.34647562148,8.74625556294371,-4.43624677337192,-4.43503373908644,0.0118402945373311,0.011854665935292,0.309166385929861,0.00121303428547359,0.184819065378613,0.00974253319112011,0.084522892303545,0.00507610349273069,0.000285448385021093,0.00211735876247308,3.10010872238602,3.09964438601179,-0.136363166403629,10,3.14127666259047,3.14073448208331,0.54484790830841,1760,18.9884778137448,7.64593034244877,0.999999999999998,7867.95270722645,10859.4422030449
130,"joint",-4303.61199041605,-4301.52846554155,8.7458727551291,-4.43503373908644,-4.43423464426853,0.011854665935292,0.0118641427233308,0.204318905124531,0.000799094817917266,0.121259621682161,0.0065762275311559,0.0453560162291081,0.00430638891172827,0.000225689234012671,0.00176880839404313,3.09964438601179,3.0992761239857,-0.137630140058902,10,3.14073448208331,3.14024348756767,0.547546118562274,1779,19.3561616618344,7.86544291740967,1,7867.69653726984,10946.6362378597
131,"joint",-4299.4628887998,-4301.3677685932,8.74563200656605,-4.43423464426853,-4.43371483962338,0.0118641427233308,0.011870311362934,0.133087698157419,0.000519804645151554,0.173950500897849,0.0089210078866377,0.0917505337635683,0.00444434694924416,0.000246640753102238,0.00148526734213465,3.0992761239857,3.09921521530198,-0.138837512289095,10,3.14024348756767,3.14296018108088,0.549289460798893,1758,19.1874601255433,7.78352136485465,1,7867.54129958718,11036.4784388542
132,"joint",-4303.31220621674,-4301.4418696966,8.74530331320819,-4.43371483962338,-4.43195801954129,0.011870311362934,0.0118911836934133,0.456912163035641,0.00175682008208623,0.259737134444559,0.0143837538185582,0.0931848968213346,0.00683410794560087,0.000399953343712542,0.00218042128434804,3.09921521530198,3.09857294856416,-0.13997836112309,10,3.14296018108088,3.14168024884578,0.554544520784166,1772,19.3350101217067,7.76823391495908,1,7867.40065352766,11123.0084600449
133,"joint",-4302.17617901193,-4301.53456978845,8.74463512956866,-4.43195801954129,-4.43145612340752,0.0118911836934133,0.0118971533304785,0.130697405257319,0.000501896133765259,0.137253765256633,0.00740249560466711,0.0657168671011569,0.00393026623751906,0.000217702417231866,0.00151503535454576,3.09857294856416,3.09818108421315,-0.140431345982256,10,3.14168024884578,3.14133735736413,0.557515552503069,1782,19.5038848594706,7.95149353740486,1,7866.98035688887,11209.9713568687
134,"joint",-4298.56149284907,-4301.2945838261,8.74440130122294,-4.43145612340752,-4.43110031778587,0.0118971533304785,0.0119013871576802,0.0927130777515467,0.000355805621650479,0.142295826201972,0.00784735352779002,0.0519382665528137,0.00502384461741675,0.000257828538319018,0.0019200504718528,3.09818108421315,3.09785252503775,-0.141707398733588,10,3.14133735736413,3.14231739016391,0.560483349856972,1741,19.5056553717922,8.07033953880902,0.999999999999996,7866.82022205768,11306.3574459553
135,"joint",-4302.67497394939,-4301.36347653779,8.74415239090001,-4.43110031778587,-4.43063232529891,0.0119013871576802,0.0119069582209606,0.122079624495558,0.000467992486960504,0.150135163177166,0.00786797422640178,0.0609877515922728,0.0045366897825926,0.000242157572587366,0.00174588501052304,3.09785252503775,3.09746579681893,-0.143255980294935,10,3.14231739016391,3.14224414462444,0.563672293818179,1762,19.419028142369,7.74942477294955,1,7866.69312738783,11401.8996670246
136,"joint",-4301.95346179205,-4301.42520762504,8.74398853795515,-4.43063232529891,-4.42893629145357,0.0119069582209606,0.0119271699601503,0.448928032437348,0.0016960338453409,0.181993523148151,0.00956214201000074,0.0803993503844932,0.00446436600301493,0.000259639805402365,0.00132326596499679,3.09746579681893,3.09700600706055,-0.143818275807861,10,3.14224414462444,3.14116135983081,0.567295168231255,1770,19.3746279158579,7.97828862495302,1,7866.57933521371,11489.0318539143
137,"joint",-4300.49265656965,-4301.46064831671,8.74344925527007,-4.42893629145357,-4.42802496972309,0.0119271699601503,0.0119380444036239,0.242228305256356,0.000911321730481796,0.152533330240249,0.00732110534790889,0.0811031024035206,0.00341104789983765,0.000185715196302681,0.00118186477910927,3.09700600706055,3.09684537088959,-0.144539299116255,10,3.14116135983081,3.14230137057147,0.569350677980187,1771,19.5073270111787,7.97282555296674,1,7866.22270777258,11575.9416229725
138,"joint",-4300.892797384,-4301.5595484574,8.74310832412928,-4.42802496972309,-4.4276906989516,0.0119380444036239,0.0119420356099715,0.08889848044537,0.00033427077149582,0.175204292571967,0.00881286334476565,0.0784478953896145,0.00405328003813403,0.000223693743806213,0.00150551052331664,3.09684537088959,3.09651910605998,-0.144580400485972,10,3.14230137057147,3.14158329404069,0.5722176312251,1763,19.4331197640088,7.99740858427513,0.999999999999998,7866.01782209284,11662.7214450836
139,"joint",-4297.56918456227,-4301.31835495674,8.74298689155378,-4.4276906989516,-4.42696718204535,0.0119420356099715,0.011950679001073,0.192923138456639,0.000723516906243433,0.120645542670161,0.00613302254726581,0.0599312654219455,0.00313198182255058,0.000169616304498255,0.00122108904700367,3.09651910605998,3.09626239938877,-0.144692742110217,10,3.14158329404069,3.14112618552066,0.574379102379508,1781,19.4753293419319,7.81894307921955,1,7865.8912775966,11749.5127210617
140,"joint",-4302.26698427586,-4301.34063465265,8.7427355272288,-4.42696718204535,-4.4269410067489,0.011950679001073,0.0119509918177327,0.0069795710337311,2.6175296453374e-05,0.114012265130794,0.00616934251214751,0.0464849627275705,0.00337031066159382,0.000182574400565131,0.00134781993359217,3.09626239938877,3.09634221231502,-0.144601674468012,10,3.14112618552066,3.14300069857192,0.574594962374724,1791,19.3756985118091,7.80426253885081,0.999999999999998,7865.72267381226,11836.1730120182
141,"joint",-4300.78252076955,-4301.26964825114,8.74266445044436,-4.4269410067489,-4.42642932759793,0.0119509918177327,0.0119571084558238,0.136616801950453,0.000511679150966393,0.208351365578459,0.0105154508094036,0.0861762801956338,0.0047277827129572,0.000263982796812235,0.00169585994433256,3.09634221231502,3.09601699527715,-0.144119576334356,10,3.14300069857192,3.14232346115414,0.577422062026852,1796,19.5607489873122,7.82773719167275,1,7865.71459717216,11923.3896980286
142,"joint",-4301.52566636354,-4301.23923766902,8.7424759853864,-4.42642932759793,-4.42575591003147,0.0119571084558238,0.0119651632945326,0.180209556407612,0.000673417566464784,0.153764085271943,0.00674616191425998,0.0889345827640951,0.00326658798464135,0.00016890540955505,0.00139154225701337,3.09601699527715,3.09597070251414,-0.144322857021172,10,3.14232346115414,3.14172049785041,0.578445536683223,1758,19.5947812270719,7.81963587778343,1,7865.53044344091,12010.7276289463
143,"joint",-4301.6038515567,-4301.14423595696,8.74229416277017,-4.42575591003147,-4.42522311268864,0.0119651632945326,0.0119715400003376,0.142781758318283,0.000532797342829702,0.129355819806899,0.0059876048047819,0.0663915356035511,0.00289658540513423,0.000147416284064647,0.00122804361063012,3.09597070251414,3.095836644952,-0.145315237068163,10,3.14172049785041,3.14229956806659,0.580147105926702,1773,19.4803814093431,8.02551428667186,0.999999999999998,7865.4095479858,12098.8824059963
144,"joint",-4304.20775473596,-4301.30448774926,8.74210253712867,-4.42522311268864,-4.42544942367166,0.0119715400003376,0.0119688310158998,-0.0606635121922574,-0.000226310983020976,0.152327953116929,0.00737499673294136,0.0686141102503378,0.00375856849869469,0.000195084902044123,0.00164214323604271,3.095836644952,3.09550436647379,-0.14533851992725,10,3.14229956806659,3.14051285208988,0.582536078028851,1761,19.3194188536542,7.88182928238547,0.999999999999997,7865.30223150626,12186.9927380085
145,"joint",-4303.32234316848,-4301.21366024488,8.74214122719031,-4.42544942367166,-4.42421071211847,0.0119688310158998,0.011983666131475,0.334618429044918,0.00123871155318481,0.202042370005593,0.0115478854524033,0.0742285233227727,0.00563770708349395,0.000327750875252945,0.00178059704396122,3.09550436647379,3.09495716606961,-0.146575180890492,10,3.14051285208988,3.1400543603793,0.586843804678435,1781,19.7435185142731,7.95546805082467,0.999999999999999,7865.25944838158,12274.3255529404
146,"joint",-4300.68812353871,-4301.244970908,8.74173552522643,-4.42421071211847,-4.42320225563728,0.011983666131475,0.0119957572329039,0.273814529186579,0.00100845648119758,0.147215084294385,0.00772871950745012,0.0592591730926541,0.0034198083504948,0.000198772812416032,0.00108725223097113,3.09495716606961,3.09467000289153,-0.147662433121463,10,3.1400543603793,3.1408245048261,0.589942259279543,1759,19.2162371793565,7.7868913582156,1,7864.95915719985,12361.5105059147
147,"joint",-4303.01704009668,-4301.39739494249,8.74135705451202,-4.42320225563728,-4.42183538273024,0.0119957572329039,0.0120121651196583,0.374647547185867,0.00136687290704056,0.228751871638473,0.0109606511607475,0.114228182324286,0.0053273068990251,0.00028632160975418,0.00187414039941241,3.09467000289153,3.09423590794661,-0.148114808862948,10,3.1408245048261,3.14197837293949,0.594132422358449,1763,19.2101061492389,7.69890886371036,0.999999999999998,7864.73011243152,12448.7765848637
148,"joint",-4304.20533681375,-4301.60998978194,8.74083258318985,-4.42183538273024,-4.42100727430443,0.0120121651196583,0.0120221166146958,0.227759346361486,0.000828108425807204,0.138574531122475,0.00667570729953973,0.0733957552305602,0.00317564664606412,0.000170662593379718,0.00143694035175263,3.09423590794661,3.0941237842796,-0.148677169024281,10,3.14197837293949,3.14257623011221,0.595754912137898,1764,19.4936071571383,7.89556209986938,1,7864.413769919,12536.0722019672
149,"joint",-4299.30562705556,-4301.58165399629,8.74056130893248,-4.42100727430443,-4.41977378064231,0.0120221166146958,0.0120369549689719,0.341865463313244,0.0012334936621227,0.182518178494117,0.0094472644751022,0.0810975461663919,0.00453823368655776,0.000244160859854352,0.00221406168849338,3.0941237842796,3.0937905586412,-0.149181306940013,10,3.14257623011221,3.14296535318471,0.599051504778663,1760,19.563469091506,8.16834033411411,1,7864.24160706118,12623.2559020519
150,"joint",-4300.63189865409,-4301.43264940819,8.74014907479442,-4.41977378064231,-4.42007878768151,0.0120369549689719,0.0120332841728136,-0.0845727151283282,-0.000305007039205157,0.107829494436137,0.00584560360490762,0.0475101680880592,0.00289343209777715,0.000161674071399753,0.00108906242637332,3.0937905586412,3.09383882914269,-0.149496667609566,10,3.14296535318471,3.14347571672773,0.599462212590255,1781,19.8023851273973,7.80092491402901,1,7863.9668737918,12710.7668759823
151,"joint",-4297.77371221541,-4301.34819057897,8.74017676992108,-4.42007878768151,-4.41897640645343,0.0120332841728136,0.0120465567537758,0.30754399763987,0.00110238122808432,0.173426323044992,0.00779207394089246,0.0865303246685396,0.00384531552810596,0.000193904040579494,0.00197663969160458,3.09383882914269,3.09352466896215,-0.149725618700363,10,3.14347571672773,3.14348487014058,0.602284181902053,1739,19.3631068226022,7.95758700229734,0.999999999999997,7863.98864505623,12797.9078400135
152,"joint",-4299.79841836464,-4301.17250118636,8.73979605194519,-4.41897640645343,-4.41727761860763,0.0120465567537758,0.0120670386902795,0.48092062396101,0.00169878784579304,0.204371704716935,0.00864414385099408,0.13541531670389,0.00398865453333541,0.000199548361846964,0.00177871195010171,3.09352466896215,3.09325558925794,-0.149901875307279,10,3.14348487014058,3.14392172377227,0.605177845239225,1759,19.5866446869675,8.03647754213514,1,7863.73294267258,12885.129447937
153,"joint",-4299.69620239572,-4301.04850235555,8.73920571928539,-4.41727761860763,-4.41689489429518,0.0120670386902795,0.0120716579232556,0.108427292733234,0.000382724312456151,0.109622822377782,0.00574907897309314,0.0530764854380017,0.00268778179909594,0.000150485878321559,0.00102230338280622,3.09325558925794,3.09301632625411,-0.150366466283851,10,3.14392172377227,3.14365458152061,0.607131859412261,1770,19.4288682680632,7.92212892360731,1,7863.37372345183,12972.3911159039
154,"joint",-4302.25073603544,-4301.23296451487,8.73906463231905,-4.41689489429518,-4.41611196221455,0.0120716579232556,0.0120811129123343,0.222490679610068,0.000782932080631329,0.141901407587288,0.00789942937553805,0.0486652010414639,0.00421162902169595,0.000227965859362932,0.0017417260954678,3.09301632625411,3.092822959255,-0.151077603771579,10,3.14365458152061,3.14523032724458,0.609169246451269,1775,19.5628206500902,7.99846518678072,1,7863.25717520679,13059.5153260231
155,"joint",-4299.54661800356,-4301.07654671758,8.73871692669704,-4.41611196221455,-4.41449528051338,0.0120811129123343,0.01210066002298,0.46554667996191,0.00161668170116996,0.263775605831601,0.0136214160832207,0.114241010489437,0.00575300752184979,0.000334809639235777,0.00187577661458006,3.092822959255,3.09225579220219,-0.15212565006228,10,3.14523032724458,3.14482712066469,0.614125115090643,1760,19.4698688052783,7.81906680229589,1,7863.07701227399,13147.4544069767
156,"joint",-4302.4031489177,-4301.09903107386,8.73810000430414,-4.41449528051338,-4.41481415900407,0.01210066002298,0.0120968019979288,-0.091872355678714,-0.000318878490693155,0.0962157107462338,0.00470818527860948,0.0535631061229634,0.00277251133737637,0.00013390959103173,0.00146947674969283,3.09225579220219,3.0921597711979,-0.152013087979809,10,3.14482712066469,3.14304830508403,0.614546440692177,1743,19.1369625317221,7.62846894783395,1,7862.66022497183,13235.0310249329
157,"joint",-4302.02119673133,-4301.17545808195,8.73825142885208,-4.41481415900407,-4.41505690011349,0.0120968019979288,0.012093865963154,-0.0699569628969389,-0.000242741109417894,0.0976640120538057,0.00454972277836788,0.056457622667126,0.00252187821564603,0.000122570850867054,0.0013710392504523,3.0921597711979,3.09221075960097,-0.152367390856969,10,3.14304830508403,3.14379777579485,0.614394666907881,1777,19.6882581489687,7.99527310611915,0.999999999999999,7862.71777046181,13322.636703968
158,"joint",-4297.77711196916,-4301.01967381121,8.73834681086709,-4.41505690011349,-4.41494551233281,0.012093865963154,0.0120952131470719,0.0321034797582618,0.000111387780676562,0.144445830805246,0.00762405398737666,0.0502589467145593,0.00326516474842953,0.000183428928957191,0.00126225511412756,3.09221075960097,3.09192096741537,-0.152758641622509,10,3.14379777579485,3.14287887544295,0.616839987278624,1788,19.4264702700427,7.99882076603188,1,7862.78687918863,13410.1351358891
159,"joint",-4300.75957448625,-4301.17919330741,8.7383118858377,-4.41494551233281,-4.41455339731008,0.0120952131470719,0.0120999567918164,0.11309988652965,0.000392115022732736,0.151383539700962,0.00672947588602796,0.072127493535966,0.00300043237535312,0.000150704786146656,0.00116512942673561,3.09192096741537,3.09168570358852,-0.152924405151015,10,3.14287887544295,3.1422880473098,0.619022027686832,1792,19.3790849981731,7.72205926008681,1,7862.70208456201,13503.8690550327
160,"joint",-4301.30668300216,-4301.13117824372,8.73811800932053,-4.41455339731008,-4.4137023451431,0.0120999567918164,0.0121102588694454,0.246367472692474,0.00085105216697707,0.182652607827693,0.00917377803440252,0.106807432138466,0.00390310822342111,0.000229039951941231,0.00136905873621872,3.09168570358852,3.09131290103813,-0.153878364233919,10,3.1422880473098,3.14214058673347,0.622286022053453,1765,19.413883981215,7.78599357143936,1,7862.55826897919,13644.6236429214
161,"joint",-4302.82785417358,-4301.23344491392,8.73779082778533,-4.4137023451431,-4.4130170978992,0.0121102588694454,0.0121185602348776,0.198836692459915,0.000685247243896728,0.203699654987962,0.011291984786494,0.0755518163035205,0.00489231859460112,0.000284379409908324,0.00151505702562474,3.09131290103813,3.09082300006817,-0.154591982310909,10,3.14214058673347,3.14043376186089,0.625994656303616,1775,19.6655685189943,8.05265539159331,0.999999999999998,7862.33946375655,14054.718585968
162,"joint",-4301.6101448312,-4301.2376688373,8.737543217959,-4.4130170978992,-4.41232687408338,0.0121185602348776,0.0121269276411245,0.200759522500557,0.000690223815819661,0.188132882502638,0.0111785752403985,0.0652203154103722,0.00522361279881454,0.000308351098890494,0.00173639399517417,3.09082300006817,3.09027692258137,-0.155425670061052,10,3.14043376186089,3.13886376997575,0.629841828716911,1773,19.5872248356951,7.93937867146763,1,7862.12386716177,14164.4340779781
163,"joint",-4299.43898650592,-4301.12942558477,8.73734401596342,-4.41232687408338,-4.4117776411881,0.0121269276411245,0.0121335899781236,0.159992190199057,0.000549232895288198,0.159093564773301,0.00780100349114575,0.0746907192825304,0.00340155236553547,0.000184112257688682,0.00131714926368149,3.09027692258137,3.09001980861297,-0.15647140377541,10,3.13886376997575,3.1398665948027,0.632685815714252,1742,19.4492057353383,7.87076510694913,0.999999999999997,7861.93071485457,14246.914730072
164,"joint",-4299.26275086769,-4300.88217539135,8.73707740635871,-4.4117776411881,-4.41073271029058,0.0121335899781236,0.0121462753677131,0.306065121942947,0.001044930897518,0.194101642227298,0.00913435305881424,0.0983569885178486,0.0037285422257048,0.000202880884729573,0.0012541422877519,3.09001980861297,3.089697912127,-0.156213013485525,10,3.1398665948027,3.13876615969023,0.635390550440243,1772,19.4209559740433,7.81064064694368,0.999999999999998,7861.75833160089,18985.6800608635
165,"joint",-4298.27575839637,-4300.62984615275,8.73671537329915,-4.41073271029058,-4.40939029878268,0.0121462753677131,0.0121625916166547,0.396790045157074,0.00134241150789733,0.219558182520688,0.00984063763867342,0.101154889565278,0.00431387698576654,0.00021623474574103,0.00170616992013287,3.089697912127,3.08941396230007,-0.15613845555907,10,3.13876615969023,3.13848760403319,0.638063574192319,1769,19.6162629964463,7.91645965229212,1,7861.49566037005,19064.8721430302
166,"joint",-4303.27726262899,-4300.75930310726,8.73622714006787,-4.40939029878268,-4.40904321893326,0.0121625916166547,0.0121668137397861,0.102651723280024,0.000347079849417739,0.158228380140652,0.00840491140942678,0.0620101414540004,0.00373313052502452,0.000210886478519076,0.00158709696845007,3.08941396230007,3.08917193495013,-0.15624442416888,10,3.13848760403319,3.13794672140719,0.64029937534061,1752,19.7356059770402,8.19790322265213,1,7861.16285599504,19145.7659630775
167,"joint",-4302.00718762826,-4300.70881048384,8.736096183714,-4.40904321893326,-4.40744463138763,0.0121668137397861,0.0121862790110254,0.47895483717421,0.00159858754563444,0.195351495322657,0.0107414644414995,0.0837871504156394,0.00519776887657365,0.000291848054855169,0.0017304306062073,3.08917193495013,3.0886535814767,-0.157586658631164,10,3.13794672140719,3.13787223617603,0.64436882197245,1777,19.5491518742559,7.95839017420232,1,7861.03898732174,19227.3385519981
168,"joint",-4301.98781790785,-4300.59793453854,8.73552936403335,-4.40744463138763,-4.40682464499185,0.0121862790110254,0.0121938366808115,0.186112946256948,0.000619986395775804,0.224045815246228,0.011817224385477,0.0903910161292702,0.00503303443661915,0.000281040918284647,0.00182162405131951,3.0886535814767,3.08824028224642,-0.157341066695351,10,3.13787223617603,3.1372751642267,0.647999444757233,1767,19.5980085217106,8.03609740806024,1,7860.67934216451,19309.0857830048
169,"joint",-4304.74407655763,-4300.86985701365,8.73530141283229,-4.40682464499185,-4.40584112659158,0.0121938366808115,0.0122058354430915,0.296679557331491,0.000983518400271692,0.16226665872326,0.00776431029952509,0.085754793076173,0.00334886269894441,0.000181372807222382,0.001249361455798,3.08824028224642,3.08816651228482,-0.157865655729401,10,3.1372751642267,3.13781537465445,0.649382261632041,1781,19.6332121030955,8.19530784902411,0.999999999999999,7860.47592319461,19390.9628510475
170,"joint",-4301.86829526115,-4300.931676844,8.73504261435498,-4.40584112659158,-4.40480744906021,0.0122058354430915,0.01221845886409,0.313489420241681,0.00103367753137397,0.17098679059169,0.00812223771504276,0.0783588830895776,0.00353814038991314,0.000188513787123915,0.00162243848445438,3.08816651228482,3.08796682013126,-0.158701909753488,10,3.13781537465445,3.13845380102693,0.65186922800681,1754,19.5945552906043,7.93570903765027,0.999999999999999,7860.30217207657,19472.9611718655
171,"joint",-4304.31270951737,-4301.2586267091,8.73470523776228,-4.40480744906021,-4.40474537954187,0.01221845886409,0.0122192172814836,0.0188245478521547,6.20695183354926e-05,0.132502048879845,0.00737132022674076,0.0454223550945912,0.00358455397892459,0.000198565669336773,0.0014538362814465,3.08796682013126,3.0878613053243,-0.158935554497703,10,3.13845380102693,3.13936234434441,0.65319089986283,1772,19.6163991734564,7.8223913379239,1,7860.06565394696,19555.021987915
172,"joint",-4303.40756498686,-4301.43908404021,8.7346918573999,-4.40474537954187,-4.40366725090783,0.0122192172814836,0.0122323982736462,0.328893718126766,0.00107812863404486,0.18292128592981,0.00963881251975359,0.0767680461965013,0.00402424955596434,0.00023219796166658,0.00132938783338754,3.0878613053243,3.08747715080323,-0.159903671867601,10,3.13936234434441,3.13906290857195,0.65650732746165,1761,19.6905439298719,7.84829405428119,1,7860.03663551281,19637.348954916
173,"joint",-4302.96378816684,-4301.60246332877,8.73427826684322,-4.40366725090783,-4.40259081769396,0.0122323982736462,0.0122455727228685,0.330295671074743,0.00107643321387221,0.187286193893561,0.00952253659839216,0.0931416183234988,0.00442701862259969,0.000239260364228068,0.0016237390325253,3.08747715080323,3.08705467773134,-0.161066244619811,10,3.13906290857195,3.13886373541128,0.659956257029239,1776,19.7841411334524,7.99220690877215,0.999999999999999,7859.76166063556,19719.5470318794
174,"joint",-4301.22352565141,-4301.55110280956,8.73387637591452,-4.40259081769396,-4.40247379543337,0.0122455727228685,0.0122470058113206,0.0359098849821704,0.000117022260583347,0.125830161264449,0.00717032465628274,0.0429205070387654,0.0034328450177233,0.000193265799177306,0.00134520466546508,3.08705467773134,3.08703417814927,-0.16159202562579,10,3.13886373541128,3.14093237826133,0.661237774428941,1757,19.5490575012142,8.23709570565735,1,7859.47596784199,19801.7606458664
175,"joint",-4302.2329203342,-4301.6854179261,8.73375892081591,-4.40247379543337,-4.40202792676492,0.0122470058113206,0.0122524675850207,0.136957115897803,0.000445868668455183,0.154504367760481,0.00773713176608609,0.070618620815456,0.00387910661002317,0.000200493211401941,0.00151370809410407,3.08703417814927,3.0868591606922,-0.162240938277759,10,3.14093237826133,3.14151845497997,0.663127295791978,1773,19.5524563576585,7.90455259988767,1,7859.43165797125,19884.0578269958
176,"joint",-4300.37083246137,-4301.58380210328,8.73357779609055,-4.40202792676492,-4.40199130452704,0.0122524675850207,0.0122529163060197,0.0112492984322896,3.66222378808979e-05,0.138458142775029,0.00762565943064972,0.0619995299228046,0.00332152797738465,0.000192055128147015,0.00134995456172445,3.0868591606922,3.08675251579051,-0.163252568039827,10,3.14151845497997,3.14178066782641,0.664598886020959,1786,19.3498946446829,7.88519059512191,1,7859.32417517487,19966.8801910877
177,"joint",-4301.21309906641,-4301.54339722003,8.73350653842812,-4.40199130452704,-4.40143135404325,0.0122529163060197,0.0122597792537093,0.172270972819286,0.000559950483791426,0.142513326002964,0.00645238965094669,0.0803862886967292,0.00268411121554745,0.000140484504261684,0.00101408851601519,3.08675251579051,3.08669528966548,-0.162992532559074,10,3.14178066782641,3.14156297531445,0.665616440414493,1802,19.8026738165851,8.2629048885524,1,7859.26706397787,20049.5843250751
178,"joint",-4301.5483541742,-4301.73195933029,8.73333621603158,-4.40143135404325,-4.4003403836831,0.0122597792537093,0.0122731616080456,0.337656768219102,0.00109097036014037,0.245144750114228,0.0134139920713421,0.103581812788952,0.00536420510332742,0.000320098770752636,0.00189982920140888,3.08669528966548,3.08618769020695,-0.164061957752603,10,3.14156297531445,3.14030628998243,0.669726408660974,1770,19.5754677561984,7.9904135652095,0.999999999999998,7859.1380488407,20132.4523620605
179,"joint",-4302.07073498088,-4301.79751735502,8.73296600035175,-4.4003403836831,-4.39930327482646,0.0122731616080456,0.0122858968154049,0.322726870714208,0.00103710885664017,0.184950094272459,0.00885722900873999,0.0846934871503248,0.00356947795063956,0.000193044627359234,0.00118473455019576,3.08618769020695,3.08595868424374,-0.164588087136943,10,3.14030628998243,3.1417579526926,0.672625974372605,1759,19.8530691087613,8.27953450018077,1,7858.83742701009,20215.4368550777
180,"joint",-4302.56660033563,-4301.86051322169,8.73251068288888,-4.39930327482646,-4.39882295395503,0.0122858968154049,0.0122917994055248,0.149638655531904,0.000480320871437153,0.160192625670972,0.00839673806379022,0.0724264347570315,0.00353091072216819,0.000202814310296583,0.00113288625767691,3.08595868424374,3.0857573165366,-0.164852222331787,10,3.1417579526926,3.14109485459752,0.674595486513671,1764,19.7854189789933,8.03230844668023,1,7858.5639109501,20298.3778469563
181,"joint",-4300.45503795587,-4301.7418724108,8.73236569387922,-4.39882295395503,-4.39817018431133,0.0122917994055248,0.0122998257384314,0.203797826545663,0.000652769643698191,0.169454948043367,0.00929846638457999,0.0722753275449688,0.0039141385070588,0.000229261186724235,0.00121847663038486,3.0857573165366,3.08569465855323,-0.163977355960567,10,3.14109485459752,3.14277329836425,0.676022590446012,1774,19.7579880690996,7.92291467505615,1,7858.43216954775,20381.3318488598
182,"joint",-4302.96127750476,-4301.80942904448,8.73212744532386,-4.39817018431133,-4.39817613264257,0.0122998257384314,0.0122997525752114,-0.00185709798851869,-5.94833123768379e-06,0.108116501339667,0.00616252116737644,0.0402590814858759,0.00273470575275118,0.000157006021927839,0.00112395945198747,3.08569465855323,3.08558488947585,-0.163953664355566,10,3.14277329836425,3.14276222348588,0.67723264590321,1773,19.5953893157057,7.96979812108716,0.999999999999998,7858.28238364469,20464.1887118816
183,"joint",-4301.39845840275,-4301.90740263932,8.73210319397265,-4.39817613264257,-4.39823698258055,0.0122997525752114,0.0122990041588007,-0.0189979987806497,-6.08499379825108e-05,0.132409094391384,0.00622560265815408,0.0667483046369119,0.0030055831025244,0.000148992817986723,0.00137840419834142,3.08558488947585,3.08538734330138,-0.164375036861755,10,3.14276222348588,3.14180144196775,0.678862452494517,1754,19.8141566934483,7.85219010441521,0.999999999999999,7858.23781393025,20546.6021258831
184,"joint",-4299.31263756557,-4301.90989697422,8.7320895524861,-4.39823698258055,-4.39776109360991,0.0122990041588007,0.0123048585121304,0.148746133949425,0.000475888970643506,0.173939750269792,0.00948389952868387,0.068436031636366,0.00439386507439248,0.000239547377516831,0.00184821604073527,3.08538734330138,3.08495615802186,-0.165093930591996,10,3.14180144196775,3.14018106014915,0.681884635540188,1769,19.9203145734567,8.04391733447973,1,7858.19805514347,20628.6185719967
185,"joint",-4304.02320037492,-4302.19726907315,8.73196641412982,-4.39776109360991,-4.3969673458492,0.0123048585121304,0.0123146293432949,0.248882862447892,0.000793747760706037,0.231916859368322,0.011177371287671,0.117993928762324,0.00448839090697298,0.000246380305599472,0.0019707338997322,3.08495615802186,3.08463363415839,-0.165512841083243,10,3.14018106014915,3.13896144295,0.68486610173078,1759,19.5925233512194,8.12106147956257,1,7858.04846707032,20710.4815878868
186,"joint",-4299.29458785948,-4301.99813533467,8.73170499328644,-4.3969673458492,-4.39708815721219,0.0123146293432949,0.012313141686004,-0.0378836625775608,-0.00012081136298817,0.139935629512734,0.00743950700071368,0.0525146559190361,0.00360805891877781,0.000189717013015398,0.00177243014156605,3.08463363415839,3.08434223530486,-0.166273263647738,10,3.13896144295,3.13723397259165,0.686755811689448,1754,19.4192263338696,8.12940089159406,1,7857.80469921075,20792.1100170612
187,"joint",-4302.93449055847,-4302.04450048118,8.73175191122672,-4.39708815721219,-4.39577225853397,0.012313141686004,0.0123293551982034,0.416255188950495,0.00131589867822225,0.32155920850818,0.0185944322711041,0.11474596897676,0.00766798767063644,0.000456762982466684,0.00249930670242252,3.08434223530486,3.08352006193642,-0.167322584144096,10,3.13723397259165,3.13435869479862,0.692486973297857,1751,19.6821638502928,7.9541510281997,1,7857.78461039045,20873.9264018536
188,"joint",-4303.93846517208,-4302.14203284439,8.73125997982407,-4.39577225853397,-4.39483909980845,0.0123293551982034,0.0123408658133669,0.296477607893154,0.000933158725518899,0.19181813526895,0.0104469243217464,0.0895954699316983,0.00535780924559295,0.000286689648163738,0.00210431235506757,3.08352006193642,3.08319304551126,-0.169426896499164,10,3.13435869479862,3.13585544980681,0.695300102344249,1763,19.7554555004411,7.98693609477956,1,7857.37861356399,20955.7662248611
189,"joint",-4302.86259269314,-4302.04795865117,8.73090823587195,-4.39483909980845,-4.39447317295873,0.0123408658133669,0.0123453824938537,0.116338005447953,0.000365926849720316,0.183265812455035,0.0098757766654267,0.0670793274383174,0.00394145313028217,0.000225679886177237,0.00139686973658466,3.08319304551126,3.08281709939017,-0.17010789170118,10,3.13585544980681,3.13508369675575,0.698441316707248,1765,19.5134266759141,8.06973102660323,1,7857.18325272451,21037.6032788754
190,"joint",-4300.38815524566,-4301.97395165039,8.7307861712695,-4.39447317295873,-4.39350854143848,0.0123453824938537,0.0123572969845595,0.308119249114028,0.000964631520243322,0.150057221956843,0.00781541917523534,0.0605458601881248,0.00324025520293819,0.000177862764581884,0.00149735514806565,3.08281709939017,3.08261337934034,-0.17043522662465,10,3.13508369675575,3.13645519635786,0.700932537840859,1765,19.6983113988347,7.82036316498339,0.999999999999999,7857.03963159927,21120.3653609753
191,"joint",-4303.9731728846,-4301.95697481876,8.73041514186876,-4.39350854143848,-4.39313245866826,0.0123572969845595,0.0123619452250487,0.120212094995596,0.000376082770224967,0.165484111431737,0.00808833290835933,0.0792816633647922,0.00328156406202761,0.000179114385678406,0.00126452368316366,3.08261337934034,3.08234892508078,-0.171089078815121,10,3.13645519635786,3.13686504877796,0.703468629816085,1783,19.9591510354197,8.06467912750724,1,7856.80476406619,21203.2489740849
192,"joint",-4303.04597987599,-4301.93889556321,8.73023978706717,-4.39313245866826,-4.39254704304432,0.0123619452250487,0.0123691842196292,0.187445277921032,0.000585415623936599,0.143320764570215,0.00757728816022048,0.0628542957074433,0.00357744446564506,0.000183756818772069,0.00159373684001486,3.08234892508078,3.08212068346015,-0.170853692867684,10,3.13686504877796,3.1376965311219,0.70561286671358,1768,19.6276983206677,7.77427460146755,1,7856.67072439214,21286.0386118889
193,"joint",-4302.7807931527,-4301.9297458125,8.72996180027878,-4.39254704304432,-4.39104674348233,0.0123691842196292,0.0123877556291514,0.485883097352116,0.00150029956199528,0.232861589609364,0.0111712972854796,0.111540961611726,0.00447596913639923,0.000236545976230114,0.00172048402149627,3.08212068346015,3.08189254252618,-0.171627459141724,10,3.1376965311219,3.14023080023035,0.70879160857396,1788,19.5624912079714,7.9526468001848,1,7856.48983801571,21368.6068110466
194,"joint",-4303.12247683598,-4302.02469337173,8.72937774105765,-4.39104674348233,-4.39019589142716,0.0123877556291514,0.0123983002618124,0.276557610880981,0.000850852055166539,0.24271151426912,0.0146541639606598,0.0727179586172576,0.00568930631986062,0.000352206955292148,0.00181392414428602,3.08189254252618,3.08125857000665,-0.173199178473721,10,3.14023080023035,3.13802092011572,0.713354584620395,1755,19.6313612811641,8.01334379376169,0.999999999999999,7856.1406762238,21451.4442050457
195,"joint",-4301.95588650133,-4302.01084168009,8.7291085007798,-4.39019589142716,-4.38858989852439,0.0123983002618124,0.012418227841532,0.528870530258428,0.00160599290277266,0.22888558930932,0.0119577814853088,0.120812026595589,0.00438231201224621,0.000261788997680741,0.00143742970062521,3.08125857000665,3.08107271471614,-0.173809491138226,10,3.13802092011572,3.13926883135544,0.715884053729629,1755,20.0798135076537,8.6177398130658,1,7855.8781769172,21535.2754669189
196,"joint",-4301.8446880044,-4302.08453445724,8.72846424294107,-4.38858989852439,-4.38780916058772,0.012418227841532,0.0124279270088754,0.25789249518656,0.000780737936668119,0.137353423054942,0.00725769217826595,0.0714056823220234,0.00292562642283307,0.000166464733715568,0.0011842221973522,3.08107271471614,3.08088256216398,-0.174993713335578,10,3.13926883135544,3.13947931861142,0.717824284413868,1757,19.6528427934144,7.71027978451688,1,7855.50373599863,21618.1773619652
197,"joint",-4302.36956257949,-4302.1423576329,8.72819320783718,-4.38780916058772,-4.3867600321166,0.0124279270088754,0.0124409723428564,0.348470020593025,0.00104912847111711,0.19011456252939,0.00974195640295834,0.0896196351041203,0.00399086773730787,0.000219209433914003,0.00154051483288625,3.08088256216398,3.08056895070636,-0.175874856189198,10,3.13947931861142,3.14014604364431,0.720857401615864,1746,19.8682875769828,8.1825971746786,0.999999999999999,7855.32850044019,21700.7801618576
198,"joint",-4303.98702948944,-4302.26429139866,8.72780648825941,-4.3867600321166,-4.38503883592011,0.0124409723428564,0.0124624041360031,0.580359853906423,0.00172119619649589,0.270686509152255,0.0135355106929648,0.123326575613852,0.0051874968174062,0.000287999173851304,0.00191445653484852,3.08056895070636,3.08047589245095,-0.175520155156729,10,3.14014604364431,3.14165632481022,0.722875578083804,1759,19.9370770309446,8.28107958642356,0.999999999999999,7855.05454618209,21782.5542888641
199,"joint",-4303.48205195245,-4302.33485724724,8.72713934988367,-4.38503883592011,-4.38480617495466,0.0124624041360031,0.0124653039883093,0.0784708012225759,0.000232660965447602,0.152720283612301,0.00757570484448386,0.0599466404616363,0.00336645760612367,0.000169830171854641,0.00142856263688626,3.08047589245095,3.08023414828512,-0.175699643679017,10,3.14165632481022,3.14195056885103,0.725245426778464,1770,19.764159961108,8.05945340252571,1,7854.64730679233,21863.7459130287
200,"joint",-4302.66615181501,-4302.3398348212,8.72706464551528,-4.38480617495466,-4.38451112611271,0.0124653039883093,0.0124689824044451,0.099556035239366,0.000295048841946478,0.138378385215111,0.00712132730201531,0.0643651712108972,0.00348261570622984,0.000179197756558673,0.00144527274992092,3.08023414828512,3.0800616054295,-0.177144916428938,10,3.14195056885103,3.1428918583201,0.726947016739496,1746,19.8518656064341,8.38163036953721,1,7854.54865557572,21944.7805299759
201,"joint",-4302.35750298958,-4302.43495807289,8.72690138540859,-4.38451112611271,-4.3831703949688,0.0124689824044451,0.0124857111693698,0.456514143075055,0.00134073114391599,0.228109922143998,0.0114793125346922,0.113063247677764,0.00434793291045835,0.000245487015291499,0.0017745294110109,3.0800616054295,3.07962687997953,-0.177542285312116,10,3.1428918583201,3.14270302810283,0.730590511185055,1780,19.768376140125,8.01216440505707,1,7854.46739638077,22026.1521589756
202,"joint",-4302.76952709295,-4302.4253705523,8.72638163365195,-4.3831703949688,-4.38155322735167,0.0124857111693698,0.0125059189924643,0.557984398820574,0.00161716761712439,0.175688430118248,0.00990139256674679,0.0609966034101054,0.00419725890532047,0.000240872131840485,0.00133178505063125,3.07962687997953,3.07924459402514,-0.178153198085773,10,3.14270302810283,3.1436623881176,0.733993743209489,1775,19.9205675954609,8.20231197650042,1,7854.09199020662,22108.586179018
203,"joint",-4302.66918752699,-4302.48890700851,8.72583743290283,-4.38155322735167,-4.38103300660176,0.0125059189924643,0.0125124265235505,0.179739343977647,0.000520220749914649,0.135773189792628,0.00699852654445067,0.0679935196989772,0.00345196278094688,0.000174136415227187,0.00196004452205664,3.07924459402514,3.07929772478191,-0.178314627547473,10,3.1436623881176,3.14650467761443,0.734682005114848,1766,19.5853679885502,7.97087329330807,1,7853.73752526416,22190.883327961
204,"joint",-4301.53292885623,-4302.59992157304,8.72559210230608,-4.38103300660176,-4.37953164737466,0.0125124265235505,0.0125312262796273,0.524675492080282,0.00150135922710167,0.226835687922873,0.0111388909809208,0.0971893445915474,0.00407360712043417,0.000227891504393818,0.00139322273563366,3.07929772478191,3.07896832842078,-0.179356731428505,10,3.14650467761443,3.14676703433833,0.737837939936186,1756,19.7902053818315,8.26505483780606,0.999999999999996,7853.63029347542,22273.0255980492
205,"joint",-4302.46485978027,-4302.52200454331,8.7250251817302,-4.37953164737466,-4.37857420807692,0.0125312262796273,0.0125432299135748,0.336137647999416,0.000957439297739995,0.19762736034293,0.00970655572088567,0.0918347454422384,0.00385388194992141,0.000201858511611308,0.00162220939435864,3.07896832842078,3.07874346722938,-0.18033112269503,10,3.14676703433833,3.14830010717151,0.740784029041539,1749,19.9087650026021,8.09445727790158,0.999999999999996,7853.25361057098,22355.0863220692
206,"joint",-4300.59416738868,-4302.58698351977,8.72463808114415,-4.37857420807692,-4.37797161256736,0.0125432299135748,0.0125507906854108,0.211944300436315,0.000602595509553167,0.109452150188723,0.00581403803431621,0.0443604687135909,0.00254424618921608,0.000134893938233893,0.00105455701650998,3.07874346722938,3.07870519891629,-0.181074711634049,10,3.14830010717151,3.14972472309026,0.741635939170212,1786,19.9798252674269,8.00157453079909,1,7852.99519341984,22437.2983970642
207,"joint",-4300.98637129097,-4302.4895775564,8.72440292627579,-4.37797161256736,-4.3770343002391,0.0125507906854108,0.0125625602112487,0.33112835123988,0.000937312328256831,0.158438453736325,0.00718768336261023,0.0764867975575366,0.00275444177887016,0.000142807962206052,0.00103627805114545,3.07870519891629,3.07858426494441,-0.181063077779207,10,3.14972472309026,3.15020979765624,0.74325728592468,1760,19.8881807913446,8.06479320818811,0.999999999999999,7852.88263130993,22519.5280530453
208,"joint",-4301.72315085981,-4302.37881184078,8.72406989803338,-4.3770343002391,-4.37601936512886,0.0125625602112487,0.0125753168671757,0.360411577635877,0.00101493511024791,0.19135836780872,0.00898755557086912,0.0885619202269813,0.00341729449328262,0.000187244847295166,0.00119386690592413,3.07858426494441,3.07860586930907,-0.181364909491593,10,3.15020979765624,3.15104636231499,0.744246390695177,1764,19.7382427226096,8.24884824180103,0.999999999999998,7852.65494245913,22601.7769579887
209,"joint",-4300.97073692595,-4302.28421905242,8.72373195966775,-4.37601936512886,-4.37452366378659,0.0125753168671757,0.0125941398587711,0.537178166365184,0.0014957013422624,0.206650896227665,0.00997132453892491,0.115516005230294,0.00378687322947279,0.000210582752888255,0.00149933082636251,3.07860586930907,3.07851549757245,-0.181817737458595,10,3.15104636231499,3.15286505370777,0.745857395974643,1762,19.8271683232462,8.15316008010237,1,7852.43012133305,22684.1432409286
210,"joint",-4300.8624729151,-4302.3079349359,8.72312633201935,-4.37452366378659,-4.37401114163859,0.0125941398587711,0.0126005962887742,0.184313547130647,0.000512522148006323,0.195496550391037,0.0106111971795629,0.08084865666101,0.00435908525139938,0.000243079905412562,0.00171422951910795,3.07851549757245,3.07813198404086,-0.183045983951245,10,3.15286505370777,3.15241176240198,0.748874244121325,1752,19.9475407385753,8.15746501976128,0.999999999999998,7852.08456995774,22766.4381480217
211,"joint",-4303.22808988243,-4302.27068078579,8.72293309914932,-4.37401114163859,-4.37335108620929,0.0126005962887742,0.0126089161262418,0.237888334873151,0.000660055429295455,0.201056680081439,0.0102126150068195,0.0904635395129762,0.00371072199036294,0.000208393341810602,0.00130235245472593,3.07813198404086,3.07789138727561,-0.182964827354248,10,3.15241176240198,3.15205950102148,0.751280421343245,1780,19.7906119634488,7.90939612585058,1,7851.93095236324,22848.7243509293
212,"joint",-4301.01266086274,-4302.16901483513,8.7226474907448,-4.37335108620929,-4.37255418155276,0.0126089161262418,0.0126189682349708,0.288126039417632,0.000796904656530088,0.203911422420065,0.0118731970116209,0.0683435760625646,0.00443597279697223,0.000266129726320512,0.00145515520653013,3.07789138727561,3.07748611951806,-0.183922292568508,10,3.15205950102148,3.15303756598091,0.755044670401562,1772,19.7664898513426,8.01788799536601,1,7851.71817907185,22931.0644888878
213,"joint",-4300.37272494317,-4302.04861142465,8.72226996997366,-4.37255418155276,-4.37166290476287,0.0126189682349708,0.0126302202420526,0.323534495056726,0.000891276789897044,0.170260411340024,0.00892776924755372,0.0779255238525616,0.00330253774108315,0.000189111276318644,0.00121977161304176,3.07748611951806,3.07731042597939,-0.184371249696647,10,3.15303756598091,3.15445219945402,0.757455659480374,1777,19.9917625346426,8.16716753581503,0.999999999999999,7851.45402691966,23013.3456580639
214,"joint",-4302.26767604252,-4302.00587138498,8.72190773685779,-4.37166290476287,-4.37045904201742,0.0126302202420526,0.0126454344497401,0.440205111472301,0.00120386274544165,0.188813969975384,0.0101156373817124,0.0864474640466065,0.00380516513020519,0.000218998205377603,0.00144129334983232,3.07731042597939,3.077006709501,-0.185812543046479,10,3.15445219945402,3.15469575231852,0.760359556552672,1762,19.867185667819,8.17716405742015,1.00000000000001,7851.22907866675,23095.5838449001
215,"joint",-4299.7444180355,-4301.89529796168,8.72142188477798,-4.37045904201742,-4.36994326157059,0.0126454344497401,0.0126519583998893,0.188851929127847,0.000515780446829786,0.128846053648134,0.00671619591942306,0.0584273764698264,0.00256248503241352,0.00014430724461629,0.000954925757566536,3.077006709501,3.07698623882883,-0.186250975241663,10,3.15469575231852,3.15650669793689,0.761201590342714,1791,19.8314571081458,8.07428455091018,1,7850.91548029223,23177.8746590614
216,"joint",-4298.55851526255,-4301.73098932459,8.72121039335638,-4.36994326157059,-4.36935383105288,0.0126519583998893,0.0126594180485354,0.21619463563504,0.000589430517714996,0.106333893665549,0.00603733505895875,0.0429926566726392,0.00280266575108353,0.000151300220331407,0.00130061567303747,3.07698623882883,3.07684685894688,-0.186752239615505,10,3.15650669793689,3.15766581148939,0.762691627696915,1770,19.7853190737691,8.12699561077869,1,7850.81625176575,23260.1586248875
217,"joint",-4302.93608941629,-4301.75931566643,8.72096095727742,-4.36935383105288,-4.36837339333621,0.0126594180485354,0.0126718359059344,0.361351405759244,0.000980437716668097,0.170665560130335,0.00901151525589646,0.0771689467742169,0.003672384196214,0.000204325942197556,0.00119633675957404,3.07684685894688,3.07672086137948,-0.187760049041964,10,3.15766581148939,3.16010203990616,0.764583052305923,1767,19.9349025924514,8.06721643744494,1,7850.66882145811,23342.4406440258
218,"joint",-4300.8189614702,-4301.60091226547,8.72052820406649,-4.36837339333621,-4.36733909840477,0.0126718359059344,0.0126849491018709,0.383256577490678,0.00103429493143719,0.185492028335589,0.00930006221430125,0.0833693678606162,0.00348623680011724,0.000198460882940954,0.00138194943280199,3.07672086137948,3.07647800588398,-0.18849114359191,10,3.16010203990616,3.16144204762653,0.767157616751623,1781,20.0669695253659,8.12615473979385,1,7850.43691632276,23424.7635889053
219,"joint",-4301.94800063318,-4301.52420969951,8.72006085792998,-4.36733909840477,-4.36747386410667,0.0126849491018709,0.0126832397209872,-0.049941782571009,-0.000134765701896887,0.177912003251621,0.00928279438611711,0.0732231046509313,0.00418254683670181,0.000221946463975591,0.00164424198973688,3.07647800588398,3.07629992462861,-0.190026667459174,10,3.16144204762653,3.16237030128884,0.769045662756372,1730,19.9312906272807,7.99481531314161,1,7850.14490893201,23507.1577029228
220,"joint",-4302.27934827302,-4301.50486952241,8.7200642868928,-4.36747386410667,-4.36702072610959,0.0126832397209872,0.012688988281178,0.168097586612549,0.000453137997078794,0.170296063809917,0.00932135600802691,0.0701735859642044,0.0039808836650764,0.000215982836408538,0.00176532249760506,3.07629992462861,3.07591286692798,-0.191331069612262,10,3.16237030128884,3.16219078280019,0.772163830169563,1763,20.2309280903443,8.25930921447567,1,7850.14660359501,23589.7291400433
221,"joint",-4300.68219157675,-4301.42110395176,8.71979785249639,-4.36702072610959,-4.36594592685711,0.012688988281178,0.0127026337280418,0.401034213625768,0.00107479925247725,0.207977883728884,0.0106110435996817,0.0957643477426766,0.00382642075060013,0.000212657053448961,0.001460387082285,3.07591286692798,3.07554581752294,-0.191815171478067,10,3.16219078280019,3.16186321177783,0.775294572104723,1762,19.7379106065939,8.12533097791625,0.999999999999997,7849.96619837116,23671.592498064
222,"joint",-4300.89439374444,-4301.32734728434,8.7194369904224,-4.36594592685711,-4.36600653646699,0.0127026337280418,0.0127018638496984,-0.0226153615598219,-6.06096098729033e-05,0.113343732047057,0.00584327707825725,0.047917333088627,0.00222813410583715,0.000123391259584169,0.000799891171450545,3.07554581752294,3.07546489464313,-0.192393099603296,10,3.16186321177783,3.16192410413036,0.776344505598747,1766,20.0318707100412,8.42598971496289,0.999999999999998,7849.686154623,23753.7491428852
223,"joint",-4301.83864703687,-4301.28582025983,8.71944080520003,-4.36600653646699,-4.36508035194522,0.0127018638496984,0.0127136335690181,0.347080591283005,0.000926184521762116,0.153432216527364,0.00752125237417351,0.0718551830803319,0.00257583503383566,0.000144395880904793,0.000770372901537567,3.07546489464313,3.07537391037645,-0.192304305204428,10,3.16192410413036,3.16187380158026,0.777424367863913,1769,19.9562311041727,8.15078310265674,1,7849.66724879554,23835.9554560184
224,"joint",-4300.43789634743,-4301.23106863439,8.71911085017764,-4.36508035194522,-4.3647408417088,0.0127136335690181,0.0127179507105723,0.127302263798938,0.000339510236420741,0.193983608981192,0.0086073257384667,0.105792475760105,0.00328389319103209,0.000161618821938493,0.00156540942062023,3.07537391037645,3.07511842950516,-0.192325396463347,10,3.16187380158026,3.16129100733634,0.779693281157342,1767,19.7803706472318,8.24086403264118,1,7849.4357809677,23917.7654399872
225,"joint",-4300.40039884497,-4301.12784558763,8.71897141183085,-4.3647408417088,-4.36414613830472,0.0127179507105723,0.0127255163685912,0.223384496549551,0.000594703404088635,0.183032112712153,0.00966203086215398,0.079954078635937,0.00402922639519523,0.000222243923862958,0.0014301974326581,3.07511842950516,3.0747806838453,-0.193755593896005,10,3.16129100733634,3.1621691713846,0.782761677022892,1750,19.9762777152328,8.40665612427798,0.999999999999999,7849.27489454406,23999.4955019951
226,"joint",-4299.6073639013,-4301.07850541326,8.71871706871204,-4.36414613830472,-4.36403225250352,0.0127255163685912,0.0127269657067465,0.0427809428232412,0.000113885801198124,0.167002593583952,0.00866635337025242,0.0802525391558791,0.00401911374050171,0.00020895181274711,0.00175051186259212,3.0747806838453,3.07444590648698,-0.194873724925006,10,3.1621691713846,3.16230186294895,0.785436350716454,1753,20.0592457267466,8.28265943324726,1,7849.08832384468,24081.278097868
227,"joint",-4300.47376954352,-4301.05287532589,8.71864019656804,-4.36403225250352,-4.36336954873396,0.0127269657067465,0.0127354027102036,0.249491624278015,0.000662703769556093,0.181120706876912,0.0101300713581539,0.0686074334423231,0.00379168502501731,0.000218286269525607,0.0013991888912825,3.07444590648698,3.07443389995058,-0.195752623922931,10,3.16230186294895,3.16403344633531,0.786500219659733,1757,20.3680646221364,8.35243531805788,1,7849.01220342886,24163.3846900463
228,"joint",-4300.17343504228,-4300.97538953501,8.7182854105148,-4.36336954873396,-4.36308220181957,0.0127354027102036,0.0127390627146962,0.108223714569769,0.000287346914393485,0.173497706886403,0.00901963605212239,0.0658429966022117,0.00403309749004466,0.00020917334680843,0.00150133027363023,3.07443389995058,3.07422873446622,-0.196905492147842,10,3.16403344633531,3.16521558179909,0.788768716491268,1759,19.7614985692995,7.88884219482634,0.999999999999999,7848.8385514504,24245.4471459389
229,"joint",-4301.03734800085,-4300.97872008876,8.71804012814698,-4.36308220181957,-4.36211895092719,0.0127390627146962,0.0127513395401065,0.364484890266819,0.000963250892380709,0.179146020402437,0.0092889359021419,0.0817852087071539,0.00327638572222294,0.000189461004882074,0.00109187862085041,3.07422873446622,3.07424901119518,-0.19622093986484,10,3.16521558179909,3.16523311293576,0.789184472832274,1750,19.9708881393449,8.35444953479889,0.999999999999997,7848.69891175409,24327.2962579727
230,"joint",-4301.44174075766,-4301.00768348088,8.7177404836745,-4.36211895092719,-4.36166994863099,0.0127513395401065,0.0127570662063866,0.170069677695041,0.000449002296198344,0.113171960993676,0.0058763682565592,0.0565385202273007,0.00239343332942307,0.00012598048645137,0.00137379177183125,3.07424901119518,3.07414933130526,-0.196679786952511,10,3.16523311293576,3.16635733552463,0.7905974984712,1772,20.0693539304572,8.35407622596692,1,7848.48250896377,24409.1043498516
231,"joint",-4301.23433963473,-4300.9079959685,8.71750264114677,-4.36166994863099,-4.36167151945553,0.0127570662063866,0.0127570461672896,-0.000594984991404658,-1.57082454479237e-06,0.194279784062302,0.0112570617519108,0.0640597336115856,0.0042777153853684,0.000252862531218941,0.00127802991578946,3.07414933130526,3.07378576221582,-0.197914723665223,10,3.16635733552463,3.16521688104408,0.793251253182893,1772,19.9742314042668,8.14195425668255,1,7848.35125927589,24491.0688099861
232,"joint",-4301.45480761192,-4300.93010330596,8.71745309735145,-4.36167151945553,-4.36057338686823,0.0127570461672896,0.0127710627900502,0.418473148301465,0.0010981325873038,0.226043670142978,0.0121350877657888,0.0959217444426092,0.00404956832853124,0.000242448670329371,0.00122552416573264,3.07378576221582,3.07334935460923,-0.198876732247197,10,3.16521688104408,3.16439613432145,0.796760027829571,1770,19.9880065281258,8.08377176941468,1,7848.27244366079,24572.8060748577
233,"joint",-4303.36169338567,-4301.07955172808,8.71703886347063,-4.36057338686823,-4.36024125367225,0.0127710627900502,0.0127753051884323,0.126638213147221,0.000332133195977443,0.119540120314477,0.00569987405393501,0.0702508473560555,0.00224735363686762,0.000115523481417511,0.0013066894952259,3.07334935460923,3.07319781362318,-0.199392225094313,10,3.16439613432145,3.16502583238259,0.798358318371551,1755,19.9593622341151,8.35453439586535,0.999999999999999,7847.93983641155,24654.7147760391
234,"joint",-4299.7030632785,-4300.95132108988,8.7168476450968,-4.36024125367225,-4.35974380683268,0.0127753051884323,0.0127816618045311,0.189905336775782,0.000497446839568694,0.143666256340594,0.00752989376774836,0.0625194049906498,0.00289176126860124,0.00015730185759056,0.00141653054045801,3.07319781362318,3.07298369947036,-0.199851246909886,10,3.16502583238259,3.16421815792167,0.800013301502563,1776,20.0393504266264,8.30943491607821,1,7847.81655507908,24737.3369748592
235,"joint",-4299.33043232069,-4300.93062180414,8.71662757928851,-4.35974380683268,-4.35866180186405,0.0127816618045311,0.012795499110778,0.415505680340966,0.00108200496863063,0.260647724021659,0.0144980602012226,0.113673103608515,0.00546632550883562,0.000315491647163259,0.00205731707497498,3.07298369947036,3.07241802041997,-0.200696231737899,10,3.16421815792167,3.163475838435,0.804247735057524,1760,20.2778996373358,8.71054916819614,1,7847.66035150539,24819.4566378593
236,"joint",-4302.11032235111,-4301.10821215857,8.71617271886068,-4.35866180186405,-4.3576523455098,0.012795499110778,0.0128084221301759,0.389636238910977,0.00100945635425604,0.186309950580495,0.00915279636393659,0.0895848427304305,0.0031827703401936,0.000177342252106504,0.00110692504392039,3.07241802041997,3.07218486291902,-0.201017834364922,10,3.163475838435,3.16410526347244,0.806689674523821,1765,19.7375164090202,8.12963147537473,0.999999999999999,7847.31608701719,24901.3139250278
237,"joint",-4301.51854607331,-4301.03733499142,8.71574134727311,-4.3576523455098,-4.3567999519037,0.0128084221301759,0.012819344601765,0.330213995929973,0.000852393606095019,0.218340917391314,0.012088492263719,0.0961669793000911,0.00411632530007761,0.000248851364003627,0.0012647200376961,3.07218486291902,3.07178015070963,-0.201754774842288,10,3.16410526347244,3.16370451828724,0.810053228718222,1770,20.0698097680224,8.47684646232012,0.999999999999996,7847.02265963388,24983.0921530724
238,"joint",-4303.12733680411,-4301.15275375812,8.71543165781986,-4.3567999519037,-4.35615001295005,0.012819344601765,0.0128276791013465,0.252317328520228,0.000649938953651275,0.162369816967662,0.00911216205176904,0.0649427350581747,0.00385180686037809,0.000210548527530023,0.00173091432463997,3.07178015070963,3.07165223269938,-0.202665137245661,10,3.16370451828724,3.1661912395083,0.812069103597355,1772,20.4473645377947,8.3772769763477,0.999999999999999,7846.77121719802,25064.8555419445
239,"joint",-4303.57542687362,-4301.23412507014,8.71504242752237,-4.35615001295005,-4.35493503288123,0.0128276791013465,0.0128432739475792,0.475196284047116,0.00121498006882383,0.237453014314324,0.0136081935368423,0.0815028056372289,0.00472568206458694,0.000284769104337897,0.00142136798262648,3.07165223269938,3.07114360122884,-0.203954412255643,10,3.1661912395083,3.16512708472091,0.815934167225636,1751,20.2819861776262,8.48924214605997,1,7846.57059059218,25146.9642539024
240,"joint",-4301.4384206196,-4301.19207868747,8.71457584758697,-4.35493503288123,-4.3535452650143,0.0128432739475792,0.0128611355258665,0.548884897989285,0.0013897678669271,0.242417073971379,0.0115440866724284,0.125784362763378,0.00407259860389089,0.000220150031917287,0.00151930546231903,3.07114360122884,3.07094710046941,-0.204847984317786,10,3.16512708472091,3.16752057481635,0.818766487050721,1766,20.5179912166161,8.43944690347537,1,7846.21112473463,25228.5813689232
241,"joint",-4304.13733686373,-4301.36483595182,8.71399457146548,-4.3535452650143,-4.35365747843884,0.0128611355258665,0.0128596924147755,-0.0443211659403205,-0.000112213424535889,0.190590919764172,0.00998042910103172,0.068760135375581,0.00426181579689305,0.000227735127342448,0.00153251045697982,3.07094710046941,3.07055299248552,-0.205698238874761,10,3.16752057481635,3.1659802354592,0.82125640183464,1745,20.1024636247719,8.10832240630576,1,7845.85382485384,25310.0689890385
242,"joint",-4301.50748593197,-4301.39549056119,8.71398933949829,-4.35365747843884,-4.35247737797131,0.0128596924147755,0.0128748771017723,0.469386581936644,0.00118010046752406,0.231310885904407,0.0119235486539063,0.0999374288720648,0.00401911731984919,0.000228103408417161,0.00142704425913827,3.07055299248552,3.07019666615067,-0.206452983197673,10,3.1659802354592,3.1658103245616,0.824510352788206,1777,20.199553172733,8.22182383710799,1,7845.79921756791,25392.1009800434
243,"joint",-4302.88836079427,-4301.44797624906,8.71353303542709,-4.35247737797131,-4.35160788271501,0.0128748771017723,0.0128860766145938,0.34715771661413,0.000869495256302528,0.198694021875754,0.00991133653894327,0.0800291545845123,0.00356592698524584,0.000191819978876491,0.00125279876928111,3.07019666615067,3.07000549920432,-0.206578925000351,10,3.1658103245616,3.16731744883847,0.826929014503611,1783,20.2314047711753,8.50747287671605,0.999999999999998,7845.45550357636,25473.5790810585
244,"joint",-4297.90080512303,-4301.32112168784,8.7131211846292,-4.35160788271501,-4.35170775533058,0.0128860766145938,0.012884789712682,-0.0398774785911713,-9.98726155750201e-05,0.126332065187966,0.00650552140896524,0.0655698177993652,0.00290484117086664,0.000147821917522844,0.00139370069119288,3.07000549920432,3.07003951970635,-0.206719869924065,10,3.16731744883847,3.16846821250406,0.82741637999868,1768,20.1259996788914,8.28463030402573,1,7845.19084931579,27501.7653460503
245,"joint",-4301.14008209197,-4301.35810585019,8.71312250517638,-4.35170775533058,-4.35118063800554,0.012884789712682,0.0128915832989202,0.210762211321821,0.000527117325039009,0.223303305675483,0.00987652389115792,0.109812381406804,0.00321311704626936,0.000167183483331766,0.00114331936365024,3.07003951970635,3.06982175655153,-0.206864378204103,10,3.16846821250406,3.1687188850356,0.829928657870205,1773,20.1707780347587,8.60357582673064,1,7845.20724554864,34748.0800628662
246,"joint",-4300.62216394852,-4301.40884585255,8.71287366636427,-4.35118063800554,-4.34944350262456,0.0128915832989202,0.0129139971867281,0.70529815242089,0.00173713538098555,0.312243469544308,0.0178061368640661,0.117944805812814,0.00611513050157526,0.000363315261252381,0.00201029886504365,3.06982175655153,3.06919777145864,-0.208480279871002,10,3.1687188850356,3.16954680638266,0.835260441721458,1751,20.3860933730848,8.42369487676593,0.999999999999997,7844.99991449676,35454.3206870556
247,"joint",-4300.73515607166,-4301.42191517896,8.71211070270794,-4.34944350262456,-4.34934825274162,0.0129139971867281,0.0129152273020317,0.0386743686459511,9.52498829432734e-05,0.218870982758871,0.0104465767413971,0.0988644326328474,0.00467253878088534,0.000225702706044765,0.00200511510617177,3.06919777145864,3.06879830977082,-0.209047287187225,10,3.16954680638266,3.16884013758387,0.83821878770828,1773,20.2147088034681,8.39896900153865,0.999999999999999,7844.472062167,35533.8588330746
248,"joint",-4302.19229413592,-4301.52285813364,8.7120846257877,-4.34934825274162,-4.34943698468275,0.0129152273020317,0.0129140813596845,-0.0360293031062892,-8.8731941139989e-05,0.18374286881101,0.0102667928775654,0.0698050860461689,0.00358408884517947,0.000210853021026722,0.00128649235395956,3.06879830977082,3.06877462475595,-0.208677257294792,10,3.16884013758387,3.16814954187889,0.838801321034645,1773,20.3759470685038,8.21456391475221,0.999999999999999,7844.39209527133,35614.2900099754
249,"joint",-4298.99120440931,-4301.42055095407,8.71210113921726,-4.34943698468275,-4.34913239700001,0.0129140813596845,0.0129180154289047,0.123734202997487,0.000304587682745821,0.17626990902325,0.00871382194921526,0.0950195688780676,0.00330285896563663,0.000178494042744919,0.00129678514358415,3.06877462475595,3.06873829211868,-0.208823125152877,10,3.16814954187889,3.16941374540557,0.839974718035628,1768,20.0576321547326,8.21388848086573,0.999999999999998,7844.35664802275,35695.2202129364
250,"joint",-4300.52220027141,-4301.37457392975,8.71193532098723,-4.34913239700001,-4.34820371724297,0.0129180154289047,0.0129300177006055,0.378899740609317,0.00092867975703966,0.289167053754863,0.0148305079041616,0.12842012114648,0.00492881605465576,0.000275789733794634,0.00175661393808232,3.06873829211868,3.0682432668165,-0.209068175802489,10,3.16941374540557,3.16807257059498,0.843798978263165,1776,19.9601435174074,8.22046939437968,0.999999999999998,7844.25224713787,35776.5934579372
251,"joint",-4301.89330775298,-4301.40752233567,8.71155354901591,-4.34820371724297,-4.34803904589465,0.0129300177006055,0.0129321470793731,0.067194737460578,0.000164671348323311,0.155542860679376,0.00795143124489443,0.0704675919819317,0.00263831935483324,0.000149658327142489,0.00104338128894133,3.0682432668165,3.06800655284377,-0.209411821008213,10,3.16807257059498,3.16838743350839,0.846047912918275,1763,20.0882629128774,8.14230693233694,1,7843.903636249,35859.0994319916
252,"joint",-4305.10620984836,-4301.59009244749,8.71142227749971,-4.34803904589465,-4.34749529446017,0.0129321470793731,0.0129391808650405,0.222208473718407,0.00054375143447036,0.203963220971039,0.0119229418021625,0.0656599481809546,0.0043254865904252,0.000254833176680439,0.00135159043657621,3.06800655284377,3.06755665933817,-0.210499487458799,10,3.16838743350839,3.16682307864708,0.849098313413572,1758,20.2749005467696,8.16592778241359,0.999999999999999,7843.78657247021,35941.1732280254
253,"joint",-4300.21513376823,-4301.43276446662,8.7112157981344,-4.34749529446017,-4.34751089203074,0.0129391808650405,0.0129389790468278,-0.00637408261541833,-1.55975705676377e-05,0.172553924663617,0.00949452659061735,0.0560189891439821,0.00365914605145154,0.000201959991739908,0.00117557529127697,3.06755665933817,3.06737656810325,-0.211335269773391,10,3.16682307864708,3.16822096975927,0.851082081746748,1774,20.4219725541596,8.24208865283392,1,7843.58265308812,36023.4118468761
254,"joint",-4304.11202142356,-4301.65321237387,8.71114161405473,-4.34751089203074,-4.34718753768071,0.0129389790468278,0.0129431635984976,0.132210698719209,0.000323354350029273,0.108758085915676,0.00584241347328898,0.0455696287785072,0.00251199726286299,0.00013178060981747,0.00104423036436751,3.06737656810325,3.06725456119755,-0.211901491695227,10,3.16822096975927,3.1690055750265,0.85223700951533,1756,20.0788697079524,8.52313351198101,0.999999999999997,7843.54690886024,36105.8164920807
255,"joint",-4300.68320571659,-4301.72085104366,8.71094615947276,-4.34718753768071,-4.3464511096846,0.0129431635984976,0.0129526988170998,0.301924971688457,0.000736427996110507,0.124463193569761,0.00642209955007841,0.0617978439483228,0.00232352206938574,0.000124857905782215,0.00111574048615706,3.06725456119755,3.06714253184308,-0.212315558380035,10,3.1690055750265,3.16976556836485,0.853504833834601,1757,20.0842800625512,8.53654397343282,1,7843.44888907125,36187.4004199505
256,"joint",-4301.02568234148,-4301.66661904318,8.71068854374585,-4.3464511096846,-4.34571884928267,0.0129526988170998,0.0129621870390423,0.301024456851483,0.000732260401928887,0.196089032091594,0.0104496078652039,0.0824728397447044,0.00361728495504298,0.000201422290962723,0.00128403987528849,3.06714253184308,3.06677997171935,-0.212344109369073,10,3.16976556836485,3.16866053252418,0.856227439622661,1752,20.3723075651738,8.49678170223881,1,7843.27498783982,36268.876791954
257,"joint",-4302.15083860502,-4301.69823366977,8.71045464885691,-4.34571884928267,-4.34486332375679,0.0129621870390423,0.0129732812659459,0.352991624784945,0.000855525525881478,0.246588243042692,0.0131061894612836,0.109958566985742,0.00455523121453503,0.000259491720164265,0.00155422514081782,3.06677997171935,3.06656381581793,-0.212677847836864,10,3.16866053252418,3.17006179264224,0.858988838337802,1763,19.8043495981737,8.11177985908672,1,7843.04474795199,36350.4389929771
258,"joint",-4300.00865139545,-4301.54229939933,8.71009327541096,-4.34486332375679,-4.34475025022831,0.0129732812659459,0.0129747482835735,0.0466573576153481,0.000113073528479391,0.151117343736717,0.00731497653352073,0.069692400139124,0.00258394125787575,0.000136478629168483,0.00115581072080806,3.06656381581793,3.0664534519343,-0.213468715325736,10,3.17006179264224,3.17025150794006,0.860383371679394,1770,20.0483323895189,8.276212955603,1,7842.78380232125,36432.7374579906
259,"joint",-4300.52009975188,-4301.38953304325,8.71002409236962,-4.34475025022831,-4.34439061425348,0.0129747482835735,0.0129794153089855,0.148492103292493,0.000359635974834044,0.148978889806444,0.00756981616317593,0.081392435369326,0.00244986061495477,0.000141624864756508,0.000796006600527102,3.0664534519343,3.06623779772901,-0.213444798952832,10,3.17025150794006,3.16947404010576,0.862012482681637,1768,20.883477757806,8.86488028430445,1,7842.71528135585,36514.799893856
260,"joint",-4299.50904702023,-4301.29306436328,8.70989540584339,-4.34439061425348,-4.34367539912354,0.0129794153089855,0.0129887017036813,0.29606737522323,0.000715215129938399,0.249843277371497,0.0114469355302841,0.113812065031142,0.00372790591300469,0.00020129763310587,0.00143453590652899,3.06623779772901,3.06598635860906,-0.213412014317769,10,3.16947404010576,3.16858403824745,0.864310420480934,1787,19.8484111551693,8.29131787569016,1,7842.57721323953,36596.773483038
261,"joint",-4299.68877719099,-4301.07063637964,8.70961595677688,-4.34367539912354,-4.34214520091036,0.0129887017036813,0.0130085922061444,0.640983043346793,0.00153019821318564,0.268528835640195,0.0124025771636201,0.160423946808111,0.00412520378788098,0.000226020359913413,0.00156785401240767,3.06598635860906,3.06581738551824,-0.214359462964271,10,3.16858403824745,3.16891663162595,0.866306921564301,1773,20.076430888106,8.21053996354807,1,7842.323051916,36678.6272208691
262,"joint",-4301.95079149756,-4301.09280165792,8.70899842303058,-4.34214520091036,-4.34106938873037,0.0130085922061444,0.0130225945386737,0.453276459509098,0.00107581217998506,0.217228793482389,0.0109358692733014,0.108013089958657,0.0035761663857915,0.000202462723289469,0.00126622151125973,3.06581738551824,3.06549869922185,-0.214980756320627,10,3.16891663162595,3.16955874411626,0.86927433573412,1779,20.426987568349,8.61243769377687,1,7841.94041095288,36760.3943390846
263,"joint",-4302.38459624247,-4301.06761343033,8.70857317548246,-4.34106938873037,-4.34074137219107,0.0130225945386737,0.0130268668657256,0.13827899530018,0.000328016539298373,0.139487190261033,0.00789013684647528,0.0477571161512577,0.00306927165790885,0.000169150451994137,0.00117375289023673,3.06549869922185,3.06525081726964,-0.215363409655653,10,3.16955874411626,3.17039734676406,0.871463491251098,1764,20.3879329233419,8.40162494173798,1,7841.61453292917,36842.0593428612
264,"joint",-4302.5822045886,-4301.30168340361,8.70837498921783,-4.34074137219107,-4.33963152761119,0.0130268668657256,0.0130413326892325,0.470775626549581,0.00110984457988515,0.17903649483902,0.00921490096913706,0.0908775303328314,0.00345560178817793,0.000188264141322642,0.00146391986714838,3.06525081726964,3.06507062921028,-0.215919055737591,10,3.17039734676406,3.17155062658884,0.873366867142037,1764,20.526381236409,8.39202733809169,0.999999999999999,7841.4786293836,36923.6322169304
265,"joint",-4300.59433250803,-4301.27439592441,8.70785575433619,-4.33963152761119,-4.33918922224223,0.0130413326892325,0.0130471022165517,0.187801581732353,0.000442305368958207,0.136016690832462,0.00703981091309361,0.0667818316080085,0.00265672889911264,0.000143715031515364,0.00103924900182818,3.06507062921028,3.06496897660425,-0.216216795743257,10,3.17155062658884,3.17280360799814,0.874770739591134,1769,20.3742945426333,8.35566257241123,1,7841.17432194281,37005.3937559128
266,"joint",-4305.34943935651,-4301.51075969481,8.70762517674142,-4.33918922224223,-4.33882448051946,0.0130471022165517,0.0130518619070674,0.154971400252184,0.000364741722772655,0.167808561667332,0.00966134506107315,0.0574204160087768,0.00379081188167406,0.000213660927299883,0.00145788456378405,3.06496897660425,3.06482261098311,-0.216759546553199,10,3.17280360799814,3.17406796345971,0.876361680079396,1777,20.1768291109096,8.39901143184523,1,7841.03740512129,37087.1557159424
267,"joint",-4301.46244410386,-4301.54712409642,8.70742008865425,-4.33882448051946,-4.33764706829365,0.0130518619070674,0.0130672383792932,0.503762719974548,0.00117741222580568,0.223013490591252,0.0118970030402502,0.104970519554771,0.00404502271782977,0.000232153140152455,0.00155599220374046,3.06482261098311,3.06447533111129,-0.217633406688121,10,3.17406796345971,3.17545039388054,0.879683472201267,1759,20.4756632712265,8.39232599819693,1,7840.93285139571,37169.0219929218
268,"joint",-4301.61382347955,-4301.5182005636,8.70689599463964,-4.33764706829365,-4.33710483598409,0.0130672383792932,0.0130743257794742,0.232339079227895,0.000542232309559448,0.21354796398896,0.0121076088739231,0.0814111401707574,0.00397617332285314,0.00023641575358511,0.00147139804747342,3.06447533111129,3.06407436483309,-0.218775658446097,10,3.17545039388054,3.17483612676841,0.882799069014465,1764,20.5893591723117,8.45769481895351,1,7840.57439497502,37250.8731939793
269,"joint",-4302.12509358444,-4301.67489502236,8.70664147649958,-4.33710483598409,-4.33711697459811,0.0130743257794742,0.0130741670762432,-0.00520123281440385,-1.21386140166369e-05,0.196751011993159,0.0107623190304097,0.0751195456747887,0.00378434993861711,0.000213568868684473,0.00153296305798799,3.06407436483309,3.06372046485439,-0.219027949427662,10,3.17483612676841,3.17448190763735,0.88552915410184,1761,20.4902364406929,8.5512679380505,1,7840.3538007692,37332.6875040531
270,"joint",-4301.54511727672,-4301.72604087263,8.70656744943432,-4.33711697459811,-4.33604701193632,0.0130741670762432,0.0130881634333033,0.461111654404768,0.0010699626617939,0.238628883806424,0.0113343526086911,0.11675734955486,0.00353169041335282,0.000192714007207759,0.00116508623399256,3.06372046485439,3.06348930212708,-0.22004187810526,10,3.17448190763735,3.17568711339959,0.888327306976484,1766,20.5683648261044,8.54329993840333,1,7840.24154351664,37414.5680289268
271,"joint",-4301.86054578205,-4301.72440277408,8.7060772286005,-4.33604701193632,-4.33504126650451,0.0130881634333033,0.0131013334156017,0.435645493462525,0.00100574543180426,0.221626313950263,0.0103425417096525,0.119815295757711,0.00331160915868016,0.000180935943085933,0.00120482480073171,3.06348930212708,3.06325402156662,-0.220236882943365,10,3.17568711339959,3.17665566844004,0.890826016200163,1739,20.4023826859847,8.68110917620416,0.999999999999998,7839.91363627357,37496.4355950356
272,"joint",-4299.69357581806,-4301.45377107257,8.7056308776765,-4.33504126650451,-4.33388722750255,0.0131013334156017,0.0131164615929153,0.503242202255787,0.00115403900196195,0.161295892765872,0.00878372791397775,0.0699732765414555,0.00343037343899206,0.000187308819773013,0.00126495849485088,3.06325402156662,3.06304405252544,-0.221501841438216,10,3.17665566844004,3.17755780260251,0.892733815635819,1765,20.4582613199037,8.5955846373644,0.999999999999996,7839.6080558266,37578.4291448593
273,"joint",-4301.50658180651,-4301.51834347448,8.70511642565134,-4.33388722750255,-4.33285534491436,0.0131164615929153,0.0131300032267383,0.452388330643456,0.00103188258819267,0.224753468753207,0.0127500069246266,0.0893624144096245,0.00448919713295617,0.000257343778036348,0.00137562694700658,3.06304405252544,3.06259357796835,-0.222346408421083,10,3.17755780260251,3.1776770349936,0.896311596612017,1749,20.6645065062556,8.84847825750836,1,7839.3035092511,37660.3324549198
274,"joint",-4300.79279096225,-4301.35238195141,8.70467454403529,-4.33285534491436,-4.3318765181042,0.0131300032267383,0.0131428615179074,0.431198745133694,0.00097882681015302,0.304025540484881,0.0167629549424295,0.124046034508673,0.00515236036122154,0.000303987067963757,0.0017923703735632,3.06259357796835,3.06207881437939,-0.223214507940729,10,3.1776770349936,3.17811193771315,0.900861019825696,1752,20.4913101243585,8.42814011273551,0.999999999999999,7838.96616961851,37742.4786529541
275,"joint",-4302.75855843227,-4301.4561495872,8.70423414724758,-4.3318765181042,-4.33115469381071,0.0131428615179074,0.0131523517793756,0.318814075638457,0.000721824293491424,0.269841205560881,0.0129364598540499,0.152332286032706,0.00426380941734249,0.00023534224709517,0.00149439577718084,3.06207881437939,3.06215346280588,-0.223481348234433,10,3.17811193771315,3.17988986896096,0.901735179104258,1767,20.3756129396517,8.34564207113534,1,7838.60486377627,37824.4358549118
276,"joint",-4301.35934929767,-4301.47283293501,8.70391699366884,-4.33115469381071,-4.33078534993343,0.0131523517793756,0.013157210417176,0.163242531195933,0.000369343877281436,0.188733689041636,0.00902647034574018,0.0910916946225576,0.00319241348399473,0.000161745518166276,0.00148929227799036,3.06215346280588,3.06201531121508,-0.224267260884125,10,3.17988986896096,3.18011809151782,0.903327832847937,1750,20.1910530583521,8.08499620033154,0.999999999999998,7838.40361473341,37906.4196920395
277,"joint",-4302.62714484075,-4301.49664824679,8.70377836451592,-4.33078534993343,-4.33008645767052,0.013157210417176,0.0131664091038091,0.309653436602682,0.000698892262906669,0.146584503783818,0.00763101766706034,0.0644351531185981,0.00256789574564459,0.000145783384208251,0.000850374462451202,3.06201531121508,3.06182775773587,-0.224923285241834,10,3.18011809151782,3.18117700938112,0.905361896995464,1746,20.5458991893425,8.3010648674806,0.999999999999999,7838.2708885285,37988.6323719025
278,"joint",-4302.87625180121,-4301.64002826708,8.703449403337,-4.33008645767052,-4.32955686972138,0.0131664091038091,0.0131733837220779,0.234970661700746,0.000529587949148003,0.177048744745908,0.00735236179075213,0.105775515599056,0.00262409642448328,0.000130915629065277,0.00106835949210214,3.06182775773587,3.06178805635085,-0.224842169121232,10,3.18117700938112,3.18213344901249,0.90642921283969,1767,20.3481249308941,8.55846431311175,1,7838.04934839483,38070.5236539841
279,"joint",-4300.75329768328,-4301.65168816365,8.70320014586972,-4.32955686972138,-4.32919611750554,0.0131733837220779,0.013178136906755,0.160164896445913,0.000360752215831439,0.0885733813902028,0.00517421594402673,0.0298893110076262,0.00188616133693275,0.000105945724514835,0.000843473708377375,3.06178805635085,3.06166594165072,-0.224932938820589,10,3.18213344901249,3.1821819207759,0.907415119320451,1794,20.4965548166258,8.4180039692735,1,7837.90166344445,38152.5149269104
280,"joint",-4302.67826725642,-4301.81014917546,8.70304215336377,-4.32919611750554,-4.32844383685479,0.013178136906755,0.0131880542940245,0.334942768033754,0.000752280650753924,0.228705297052183,0.0113724697770654,0.110949557148451,0.00398371085287239,0.000213640784103079,0.001497732838046,3.06166594165072,3.06172767298243,-0.225278623379722,10,3.1821819207759,3.18514619139977,0.908157293341872,1762,20.3428319701023,8.47640639818353,0.999999999999997,7837.79448005348,38234.487185955
281,"joint",-4302.72631570266,-4301.96202610104,8.70268433735591,-4.32844383685479,-4.32789169312899,0.0131880542940245,0.0131953380061014,0.246210101452156,0.000552143725796972,0.133743089601724,0.00670072211379776,0.0559411928955415,0.00278982434921994,0.000139843510829814,0.00110617311596117,3.06172767298243,3.06152020900368,-0.225952985724427,10,3.18514619139977,3.1854987268183,0.90989922059743,1754,20.3342418535668,8.3791148026977,0.999999999999997,7837.62216317704,38316.7620639801
282,"joint",-4302.36981479654,-4301.98297726599,8.7023972995742,-4.32789169312899,-4.32734643002291,0.0131953380061014,0.0132025348990101,0.243504171135917,0.000545263106078078,0.242275583328621,0.0121281686317339,0.0883266231974015,0.00469324254093451,0.000235916807371155,0.00208404222453109,3.06152020900368,3.06161045446289,-0.226792393959834,10,3.1854987268183,3.18942336025058,0.910783958860721,1768,20.78822629502,8.64978675420467,0.999999999999999,7837.44403365706,38398.884978056
283,"joint",-4304.57717629521,-4302.09260626863,8.702072529946,-4.32734643002291,-4.32645923209198,0.0132025348990101,0.0132142533581833,0.397774358526979,0.000887197930931847,0.198031105275161,0.00935526183340456,0.0967966674115676,0.00288787279885532,0.000154501523810717,0.00120819370001843,3.06161045446289,3.06138814630066,-0.226978186120907,10,3.18942336025058,3.18845020251331,0.912631895924475,1772,20.4107101591372,8.40862554871508,1,7837.32330252515,38481.1043350697
284,"joint",-4301.75619200986,-4302.05130563969,8.70175865544647,-4.32645923209198,-4.32536427806638,0.0132142533581833,0.01322873028243,0.493891227042965,0.00109495402560351,0.164261296733284,0.00735078129721619,0.102245325970403,0.0023598845353666,0.000126521762164753,0.000914122467866936,3.06138814630066,3.06124638396461,-0.227321849557547,10,3.18845020251331,3.18882479941482,0.914132161791319,1770,20.5851037236908,8.42031019976532,1,7837.06386216098,38564.9181909561
285,"joint",-4302.09647701861,-4302.12641286522,8.70136399904468,-4.32536427806638,-4.32493291769615,0.01322873028243,0.0132344378633459,0.194751179497785,0.000431360370227928,0.179864574350675,0.00956465372673485,0.0742411635304688,0.00324938581494688,0.000175906890438481,0.00140982309184458,3.06124638396461,3.06105705860087,-0.228393284405068,10,3.18882479941482,3.18944514025237,0.916063404336094,1750,20.5231112985131,8.27871046740473,1,7836.78325243122,38648.0662789345
286,"joint",-4301.22945910414,-4301.9204138526,8.7011544576618,-4.32493291769615,-4.3243950951638,0.0132344378633459,0.0132415575566259,0.243168805734406,0.000537822532349875,0.198400531864691,0.00942162035819445,0.0945396668405059,0.00295343940399288,0.000156961624912511,0.00124185481865293,3.06105705860087,3.06086581656554,-0.228147105141757,10,3.18944514025237,3.18854940408014,0.917613036185277,1775,20.6077265147481,8.41282881339474,1,7836.64095582586,38731.3711779118
287,"joint",-4300.55294385164,-4301.87493883999,8.70097295526737,-4.3243950951638,-4.32374029851635,0.0132415575566259,0.0132502309234568,0.296693720780307,0.000654796647446676,0.251791578254182,0.0129580602037238,0.104488272674716,0.00381652012247195,0.000215330524506372,0.00117948206535051,3.06086581656554,3.06051007035848,-0.228830934774821,10,3.18854940408014,3.18744916912026,0.920497905979219,1751,20.2318222757895,8.23029594722204,1.00000000000001,7836.45787007913,38814.3029770851
288,"joint",-4300.5174501376,-4301.82012017289,8.70074611480474,-4.32374029851635,-4.32330764409902,0.0132502309234568,0.0132559649347298,0.196222998766907,0.0004326544173357,0.154344226849648,0.00758179930780097,0.0724341173001482,0.00258318097440995,0.000135241667380508,0.00121111683400328,3.06051007035848,3.06028675379382,-0.229073191319638,10,3.18744916912026,3.18750350629885,0.922369772815743,1773,20.4910964361289,8.45125674586428,1.00000000000001,7836.21261912285,38897.4187159538
289,"joint",-4299.78540095538,-4301.70313554144,8.7005225908105,-4.32330764409902,-4.32293964590312,0.0132559649347298,0.0132608440035999,0.16701240186203,0.000367998195897875,0.20194277509786,0.0110681105660318,0.0713088705775308,0.00352576430798434,0.000202163631700215,0.00109493520296447,3.06028675379382,3.05993794279078,-0.229564953902893,10,3.18750350629885,3.1872926810686,0.925224432262848,1766,20.3672245690856,8.44200378007502,0.999999999999998,7836.03653175051,38980.3522439003
290,"joint",-4302.24627587743,-4301.73819347148,8.70030112737707,-4.32293964590312,-4.32174827529022,0.0132608440035999,0.0132766519981683,0.544570495170447,0.00119137061289743,0.230851412825146,0.0110403787238007,0.115666510015283,0.0033692435501494,0.000187945403603018,0.00113645358759652,3.05993794279078,3.05965786745506,-0.230130601261595,10,3.1872926810686,3.18822306307856,0.928026733161732,1767,20.479086674205,8.70645014272769,0.999999999999997,7835.84528491882,39063.2587919235
291,"joint",-4303.64946964062,-4301.8276396644,8.69981861393312,-4.32174827529022,-4.32196769191447,0.0132766519981683,0.0132737391995755,-0.100318567295114,-0.000219416624241328,0.136497695594286,0.00722610311016711,0.051910636691073,0.00258689429627846,0.000136549707504747,0.000966658938046654,3.05965786745506,3.0595094645885,-0.23019437027745,10,3.18822306307856,3.187382666327,0.929091958707883,1775,20.3990547973155,8.23997333972932,1,7835.49457397974,39146.1334118843
292,"joint",-4301.94666624246,-4301.94029418563,8.6999335235575,-4.32196769191447,-4.3211822084597,0.0132737391995755,0.0132841695980161,0.360240675308429,0.000785483454769448,0.172362847361175,0.00830702616032948,0.0805061419804226,0.00338176541369142,0.000159732390343174,0.00158794128826369,3.0595094645885,3.05946147734923,-0.230474795731287,10,3.187382666327,3.18963031182103,0.930414867618854,1757,20.4599981268594,8.54088403026835,0.999999999999999,7835.50906446804,39229.1278939247
293,"joint",-4301.6138928072,-4301.94565973566,8.69952748355766,-4.3211822084597,-4.32073603932207,0.0132841695980161,0.0132900979069257,0.204827343086915,0.000446169137628406,0.147343231367799,0.00799642182993894,0.0560944405166641,0.00284778996148998,0.000160094865271985,0.00106623691891878,3.05946147734923,3.05922995622715,-0.2306389650103,10,3.18963031182103,3.18903008046932,0.931979690125625,1770,20.3014818977596,8.39731624411354,1,7835.29251744704,39312.028318882
294,"joint",-4301.71887171296,-4301.9919637732,8.6993116463583,-4.32073603932207,-4.31972470609461,0.0132900979069257,0.013303545423349,0.466675593842607,0.00101133322745678,0.213802517590122,0.0101037739474766,0.103051321929405,0.00333589559363647,0.000178699823879379,0.00122225797447441,3.05922995622715,3.05902812169686,-0.230752987478137,10,3.18903008046932,3.19044854793778,0.934165824100661,1768,20.7906664568437,8.98187081750123,0.999999999999998,7835.13442576098,39394.8661558628
295,"joint",-4299.27157333678,-4301.81761451842,8.69887955030153,-4.31972470609461,-4.31977125481072,0.013303545423349,0.0133029261748026,-0.0214799479475577,-4.65487161091059e-05,0.188586015847958,0.00958378430370789,0.0699161527953294,0.0033493446576143,0.000178668047920634,0.00143326135781583,3.05902812169686,3.05886882258236,-0.230821536268578,10,3.19044854793778,3.1900440404557,0.93565085093498,1773,20.5288372995035,8.31800106320396,0.999999999999999,7834.81976083956,39477.5521218777
296,"joint",-4302.10670822865,-4301.85498246497,8.69891190833329,-4.31977125481072,-4.31887816053465,0.0133029261748026,0.0133148122489266,0.413772641708034,0.000893094276068298,0.25342656982085,0.0141596160972695,0.108140808706428,0.00449976978814063,0.000263082307343539,0.00182529823459581,3.05886882258236,3.05839720477631,-0.231729743937907,10,3.1900440404557,3.19029930356572,0.939440515937172,1788,20.8562533470292,8.53994506055938,0.999999999999999,7834.79649825464,39560.1995968819
297,"joint",-4300.67149119258,-4301.75719978256,8.69851207568353,-4.31887816053465,-4.3188337404197,0.0133148122489266,0.0133154037075535,0.0205801449335675,4.44201149495791e-05,0.0926791988655695,0.00498369731010832,0.0375079630214624,0.00175115164809416,9.36777281978372e-05,0.00080449897340773,3.05839720477631,3.058234880709,-0.231963867722374,10,3.19029930356572,3.18997634049859,0.940658661364057,1747,20.8128395930684,8.93420137234036,1,7834.4687371995,39642.9037160873
298,"joint",-4300.37568223265,-4301.63217130413,8.69845150140343,-4.3188337404197,-4.31822026148348,0.0133154037075535,0.0133235749334365,0.284765384335078,0.000613478936217226,0.176199305649743,0.00832794421943078,0.0773228628121362,0.00255257520164422,0.000135478368861406,0.00108472223918336,3.058234880709,3.05806279594319,-0.232441951348765,10,3.18997634049859,3.19086657245694,0.94260065871568,1789,20.4243536073301,8.4589355135688,1,7834.41101662039,39725.52541399
299,"joint",-4301.7038050162,-4301.67969667078,8.69813900854529,-4.31822026148348,-4.31812666887054,0.0133235749334365,0.0133248219799845,0.0434458335847648,9.35926129424717e-05,0.199132672529864,0.0100191717653138,0.0911912026763368,0.00348935468896585,0.000178302519963539,0.00178733665649347,3.05806279594319,3.05779074610095,-0.232545724356542,10,3.19086657245694,3.18881630396438,0.944282306984953,1798,20.5380728809385,8.60600479457193,1,7834.18988215676,39808.079349041
300,"joint",-4299.47931927479,-4301.5197492717,8.69811102225885,-4.31812666887054,-4.31723131289592,0.0133248219799845,0.0133367577815533,0.417301648998768,0.000895355974621214,0.184361754949947,0.00988174790494775,0.0744163640350116,0.0032287567946057,0.000182022354101421,0.00121035677225162,3.05779074610095,3.05750657714541,-0.233032165255094,10,3.18881630396438,3.18842934774825,0.946500861083577,1757,20.720458832143,8.47954830358481,0.999999999999998,7834.09255000524,39890.4766469002
301,"joint",-4300.7469605318,-4301.42078151315,8.69771614165355,-4.31723131289592,-4.31607475262478,0.0133367577815533,0.0133521914690238,0.542683811528296,0.00115656027114419,0.263555626831838,0.0150181241801293,0.117385667467152,0.00452093415473765,0.000276158257241593,0.00154972684059375,3.05750657714541,3.05702584969778,-0.23380737533704,10,3.18842934774825,3.18805480871446,0.950232000513896,1768,20.5904045848655,8.8616665408425,1,7833.79911112618,39972.0778210163
302,"joint",-4303.08784106194,-4301.45668282643,8.6972342268662,-4.31607475262478,-4.3156360742704,0.0133521914690238,0.0133580500713318,0.206035985979737,0.000438678354375854,0.18174823983337,0.00973880290115195,0.0761556477319563,0.00392466090091628,0.000201692081494525,0.00160791501430384,3.05702584969778,3.05674167510807,-0.235115864735208,10,3.18805480871446,3.18842186649881,0.952380497693308,1758,20.5006227046657,8.48546163516225,0.999999999999998,7833.4029748063,40054.0400998592
303,"joint",-4300.49045660572,-4301.25234684195,8.69701459281533,-4.3156360742704,-4.31499561730266,0.0133580500713318,0.0133666080677972,0.301425067614396,0.00064045696774415,0.172155341234462,0.009575797983199,0.067860816553915,0.00300780255472473,0.000173017260272755,0.00124442209131652,3.05674167510807,3.05643823528776,-0.235231521554359,10,3.18842186649881,3.18760673145335,0.954549062023368,1754,20.3930334442727,8.56673570328962,0.999999999999998,7833.25684955783,40135.3946330547
304,"joint",-4301.50527094204,-4301.23980078856,8.69679858973313,-4.31499561730266,-4.31439430669915,0.0133666080677972,0.0133746479679576,0.283514219919262,0.000601310603506625,0.13871227786047,0.00652752294833168,0.0736425575640202,0.0022837201789162,0.000118055917820832,0.00097305795171697,3.05643823528776,3.05635569521923,-0.23534106361676,10,3.18760673145335,3.18852634535575,0.955670184276883,1763,20.6485699514855,8.43488610018085,0.999999999999999,7833.04114666394,40216.4157450199
305,"joint",-4301.63740340973,-4301.21684710812,8.69654871151364,-4.31439430669915,-4.31342450503252,0.0133746479679576,0.0133876250154116,0.459421037024207,0.000969801666634306,0.222337819226473,0.0112549183619832,0.101128882621259,0.00318150039109565,0.000185123001405261,0.00123550407949746,3.05635569521923,3.056057246586,-0.235773093495571,10,3.18852634535575,3.18928362715157,0.95852196772253,1757,21.0200572002808,8.74350522889434,0.999999999999996,7832.87897652534,40298.1495499611
306,"joint",-4303.14703234704,-4301.31272577026,8.69615148141505,-4.31342450503252,-4.31218649493293,0.0133876250154116,0.0134042092940242,0.591025278269643,0.0012380100995842,0.267501591395753,0.0145149959514917,0.112766751745444,0.00427813111924598,0.000253272207115217,0.00155625539552415,3.056057246586,3.05561369482601,-0.236264570313538,10,3.18928362715157,3.18954450587672,0.962289362914476,1769,20.7160759168178,8.66903392934296,1,7832.55850108661,40379.2117190361
307,"joint",-4302.58153117803,-4301.41415513658,8.6956047921629,-4.31218649493293,-4.31131151448888,0.0134042092940242,0.0134159428475908,0.419323373246749,0.000874980444050122,0.247927970257471,0.0114898719539998,0.103353999611248,0.00355781808342458,0.000181378665633415,0.00165174020039226,3.05561369482601,3.05531361760355,-0.236572411968153,10,3.18954450587672,3.18830408895158,0.964527822598751,1767,20.6707775099675,8.57402290024775,0.999999999999997,7832.12939375269,40460.2851860523
308,"joint",-4299.07808025943,-4301.34218664267,8.69524146966297,-4.31131151448888,-4.31016922103099,0.0134159428475908,0.0134312765474622,0.551036635314853,0.00114229345789169,0.270745528132382,0.0145230117878515,0.130113472963318,0.00404397121536798,0.000246852261514135,0.00112156413042288,3.05531361760355,3.0549127771733,-0.237292640117027,10,3.18830408895158,3.18870178820411,0.968128516533594,1762,20.5962393597008,8.38045771019327,1,7831.80718511178,40541.6958789825
309,"joint",-4301.92646924306,-4301.44924005706,8.69474542895294,-4.31016922103099,-4.31016385291228,0.0134312765474622,0.0134313486483427,0.0025895539168969,5.36811870999386e-06,0.190272089355829,0.00954989391238199,0.0686803219420794,0.00342631472470823,0.000172915110250453,0.00141721753837146,3.0549127771733,3.05468804001481,-0.237200394142341,10,3.18870178820411,3.1886567302385,0.970005576313931,1764,20.7148870942116,8.6589178120508,0.999999999999995,7831.41828039176,40623.3949599266
310,"joint",-4298.42796239654,-4301.25832438301,8.69470221373728,-4.31016385291228,-4.30951375394011,0.0134313486483427,0.0134400831931455,0.314269328317277,0.000650098972173712,0.180247624177813,0.00904703713508335,0.0851339210189537,0.0027638191765683,0.000151463886216185,0.00111324149122972,3.05468804001481,3.05448947939587,-0.237990798409927,10,3.1886567302385,3.18931925664141,0.972005842788265,1774,20.8945336226836,8.81159117518724,1,7831.35023117448,40704.5843038559
311,"joint",-4298.13570651018,-4300.98263622649,8.69441509726618,-4.30951375394011,-4.30871826827826,0.0134400831931455,0.0134507788401726,0.385774344800407,0.0007954856618477,0.248198767311063,0.0125602580098352,0.096734579444191,0.00380737760501806,0.000204067185923026,0.00163178781320887,3.05448947939587,3.05418166502422,-0.238347219145039,10,3.18931925664141,3.18766620458176,0.974191438506116,1775,20.866295751521,8.76535696252424,1,7831.139896096,40785.8093190193
312,"joint",-4301.41930798592,-4300.95626831366,8.69407078285133,-4.30871826827826,-4.30780362964845,0.0134507788401726,0.013463087070034,0.445425157633861,0.000914638629805623,0.242752259986382,0.0140565227817512,0.0825360627901226,0.00467937831752039,0.000264959468743286,0.00169008821136274,3.05418166502422,3.05370473798048,-0.239483621378333,10,3.18766620458176,3.18779831457323,0.977912275725092,1764,20.5724651756261,8.32945476137606,0.999999999999998,7830.8407019924,40867.1449780464
313,"joint",-4303.94688046752,-4301.07291769668,8.69365938226348,-4.30780362964845,-4.30678074378312,0.013463087070034,0.0134768653170874,0.500767748963605,0.00102288586533325,0.26307761496167,0.0138407963593369,0.0948107202781838,0.0041516495536347,0.000236098337669448,0.00152899338430276,3.05370473798048,3.05333624281094,-0.240037877797078,10,3.18779831457323,3.18776880132662,0.98110397661174,1769,20.6153480347777,8.34339839153737,1,7830.5038880712,40949.2985100746
314,"joint",-4301.93596712996,-4301.08377246753,8.69316511943732,-4.30678074378312,-4.3060958694567,0.0134768653170874,0.0134860984375464,0.336078702317535,0.000684874326415675,0.263931870552972,0.012540228659651,0.14013909756532,0.003513471379887,0.000198977308973115,0.00116804711245793,3.05333624281094,3.05318159484591,-0.24049066594077,10,3.18776880132662,3.18861749288514,0.983296619753007,1770,20.839155110571,8.8053547855382,1,7830.1200117464,41030.9721860886
315,"joint",-4299.16577609098,-4301.07848260524,8.69280233857627,-4.3060958694567,-4.30516267222693,0.0134860984375464,0.0134986895013079,0.459941789472271,0.000933197229777103,0.216448097877627,0.0114684210393616,0.0820545149599552,0.00325612788749319,0.000190003110746867,0.000990588786922212,3.05318159484591,3.05291389909282,-0.241194875487021,10,3.18861749288514,3.18913375869507,0.985888825474756,1769,20.8378380849614,8.46509320745793,1,7829.86141815204,41112.6874170303
316,"joint",-4301.62333259637,-4301.05431382362,8.69234412405776,-4.30516267222693,-4.30367034098422,0.0134986895013079,0.0135188490560116,0.743849896827073,0.00149233124270626,0.286514943859398,0.016609115957966,0.130744054666665,0.00453733356444258,0.000289672383671659,0.00113077693593561,3.05291389909282,3.05239248880222,-0.241807791651354,10,3.18913375869507,3.18829735010018,0.989796923834104,1782,20.752926382548,8.57539340001933,0.999999999999996,7829.52638709347,41194.5967969894
317,"joint",-4301.95762570403,-4301.1186205492,8.69177954302377,-4.30367034098422,-4.30285244512658,0.0135188490560116,0.0135299105896293,0.40904922983138,0.000817895857645022,0.217092900321532,0.011358256525832,0.111229195283941,0.00315610845922621,0.000182644142768436,0.00106833523620607,3.05239248880222,3.05206389694966,-0.242323244220477,10,3.18829735010018,3.18815340050799,0.992605335245292,1772,20.588498237347,8.42825481452012,0.999999999999997,7829.04776124148,41276.8487830162
318,"joint",-4300.48999068166,-4301.12433597165,8.69143726076339,-4.30285244512658,-4.30259636970283,0.0135299105896293,0.013533375710864,0.128111439440039,0.000256075423743289,0.18765045620412,0.0100612206658498,0.0774480179218972,0.0031817915294785,0.000174041497798538,0.00145151872540551,3.05206389694966,3.05206893760927,-0.242671640779147,10,3.18815340050799,3.19033847715428,0.993467600590721,1785,20.6514564361235,8.52247340272993,1,7828.75859995482,41358.5876600742
319,"joint",-4301.60767098701,-4301.11952927019,8.69127158153561,-4.30259636970283,-4.30174165148344,0.013533375710864,0.0135449478784207,0.429175725321651,0.000854718219391607,0.314299571185883,0.0160942666785906,0.125918832132191,0.00438106317269922,0.000248787909564007,0.00156555109451813,3.05206893760927,3.05168645278142,-0.243201949499807,10,3.19033847715428,3.18976998709164,0.996890669861434,1752,20.6525243220076,8.91498532100863,1,7828.6771786279,41440.2246289253
320,"joint",-4299.82416708176,-4301.13677166054,8.69087818495944,-4.30174165148344,-4.30159846919824,0.0135449478784207,0.0135468874138611,0.0719028326527021,0.000143182285202331,0.16663063476392,0.0084847974022725,0.0903952501097432,0.00262933778848296,0.000145518171558247,0.000951335466123188,3.05168645278142,3.05162093203446,-0.244036198618785,10,3.18976998709164,3.1903762657285,0.998005802942436,1768,21.1397864399068,8.52838157890087,0.999999999999996,7828.32180876124,41522.5645780563
321,"joint",-4301.93412648176,-4301.19612995803,8.69077337982641,-4.30159846919824,-4.30092392897275,0.0135468874138611,0.0135560284169924,0.339511780617893,0.000674540225487684,0.210259081426656,0.0108081720072102,0.0874455862186289,0.00310124165467738,0.00017563590051467,0.000974538684966024,3.05162093203446,3.05141983230802,-0.244153234796454,10,3.1903762657285,3.19098982285456,1.00009804706653,1765,20.8858647707888,8.56811638008446,1,7828.25647507547,41604.481940031
322,"joint",-4302.14942953541,-4301.14920938171,8.69042782336184,-4.30092392897275,-4.30019910299575,0.0135560284169924,0.0135658577403782,0.365783898375032,0.000724825977002351,0.235143520444707,0.0123019652067052,0.104836878396921,0.00368606722219042,0.000209492959613562,0.00130369113036286,3.05141983230802,3.05147044014103,-0.244234460968515,10,3.19098982285456,3.19169739137951,1.00060072837928,1751,20.4301991957716,8.39935677753114,1,7827.99739436864,41686.8725299835
323,"joint",-4296.56341224925,-4300.95285716388,8.6901261974139,-4.30019910299575,-4.2997242848396,0.0135658577403782,0.013572300585406,0.239887858700166,0.000474818156154028,0.179783327060228,0.00939441118406831,0.0642784874908929,0.00322791245685646,0.000167762252894314,0.00120524594545852,3.05147044014103,3.05121035019232,-0.245300634730386,10,3.19169739137951,3.19247827474416,1.00297795540912,1762,20.5780197855457,8.51707456319856,1,7827.80059169696,41768.7380840778
324,"joint",-4302.82640476819,-4301.01891385519,8.68988572041658,-4.2997242848396,-4.29871058517135,0.013572300585406,0.0135860657977236,0.514793643418586,0.00101369966824788,0.220828651253789,0.0109353544161951,0.122011659553753,0.00321160454327702,0.00017947969033874,0.00145621271671811,3.05121035019232,3.05103767278997,-0.245750874920571,10,3.19247827474416,3.19415706176333,1.00525778128941,1748,20.6042834601403,8.50427453916942,0.999999999999996,7827.61605102185,41850.3366949558
325,"joint",-4300.39829161016,-4300.95695826521,8.68939032778683,-4.29871058517135,-4.29875819103764,0.0135860657977236,0.0135854190366868,-0.0241762682111698,-4.7605866288665e-05,0.202295000591117,0.0104950386254115,0.0863043718387263,0.0036745187287619,0.000191136571337545,0.00146696376689195,3.05103767278997,3.05077949620112,-0.246456372650314,10,3.19415706176333,3.19377381465881,1.00722445922107,1770,20.7055520090775,8.62392801870479,0.999999999999997,7827.28465478874,41932.6069860458
326,"joint",-4299.07597592264,-4300.75340544399,8.68942304044213,-4.29875819103764,-4.29832618621001,0.0135854190366868,0.0135912892711894,0.219595294212956,0.00043200482762332,0.193612194341839,0.00958766671935914,0.0923131467541616,0.00285073704047052,0.000157337606871644,0.00103624769864979,3.05077949620112,3.05056726299822,-0.246662891653821,10,3.19377381465881,3.19456409640219,1.00928952645725,1767,20.6615424956927,8.81360988627319,1,7827.25576340122,42014.378674984
327,"joint",-4301.2184804085,-4300.68525290552,8.68914629222211,-4.29832618621001,-4.29804895149703,0.0135912892711894,0.0135950577707249,0.140977238341666,0.000277234712983722,0.16488536162061,0.00895461581465816,0.0657150214547876,0.00261785614096015,0.000151379034864505,0.000903447085575189,3.05056726299822,3.05042581195082,-0.246633409141369,10,3.19456409640219,3.1936806125551,1.01034176631769,1757,21.1287689147573,8.63837838750272,1,7827.04438611396,42095.9682688713
328,"joint",-4300.34436031672,-4300.74856690838,8.68902307352078,-4.29804895149703,-4.29732130859805,0.0135950577707249,0.0136049537178942,0.370998759528483,0.000727642898978625,0.204629230629633,0.00923855501964362,0.0949269691920016,0.00269363713815938,0.00013911191021964,0.00110753656940716,3.05042581195082,3.05029243153681,-0.247362204048443,10,3.1936806125551,3.19473068594609,1.01219758653692,1782,20.8565746409843,8.96532366198843,1,7826.91265757003,42177.7637999058
329,"joint",-4303.00772848168,-4300.80262987031,8.68872100149888,-4.29732130859805,-4.2974819490858,0.0136049537178942,0.0136027683870241,-0.0819153363908772,-0.000160640487755118,0.176145617123381,0.00896076174068062,0.0824729022041527,0.00320122802202928,0.00016340173057222,0.00151247742790627,3.05029243153681,3.05004405059191,-0.247221423480763,10,3.19473068594609,3.19314107777033,1.01368291090322,1771,20.9857525928078,8.69870712851911,0.999999999999997,7826.67816871385,42260.2067010403
330,"joint",-4302.71377768694,-4301.01692063483,8.68878566922943,-4.2974819490858,-4.29635904535167,0.0136027683870241,0.0136180515656037,0.576246335953025,0.00112290373413501,0.24866132416457,0.0120474199267442,0.127203828867176,0.00331611878005669,0.00018696668961217,0.00125395179049098,3.05004405059191,3.0497701890243,-0.247547068805645,10,3.19314107777033,3.19355736048684,1.01627120000326,1766,20.6204648479255,8.75866837735158,1,7826.65553117235,42341.454832077
331,"joint",-4302.65927306982,-4301.24309896281,8.68827672978733,-4.29635904535167,-4.29577289718834,0.0136180515656037,0.0136260361013489,0.30131475288503,0.000586148163332768,0.140803351652658,0.00758801990208017,0.0551465351364852,0.00234829272479801,0.000129709296852002,0.000951450029942548,3.0497701890243,3.04958876791614,-0.248130049762452,10,3.19355736048684,3.19425661138141,1.01801828359732,1763,20.868139845486,8.55463488797703,1,7826.26727804635,42423.0852820873
332,"joint",-4301.04836345925,-4301.22455173648,8.68803317081924,-4.29577289718834,-4.29444117140773,0.0136260361013489,0.0136441943331216,0.690738154187963,0.00133172578060516,0.344261544677103,0.018948226387879,0.155464838851411,0.00525765216484404,0.000313642330704783,0.00161348070290786,3.04958876791614,3.04904080600991,-0.249281995650444,10,3.19425661138141,3.19460927094981,1.0226346330415,1754,21.0225442211865,8.63309074316065,1,7826.07854934614,42504.7163870335
333,"joint",-4300.34729618296,-4301.04457252225,8.68741332874797,-4.29444117140773,-4.29372554188343,0.0136441943331216,0.013653962016026,0.372136108798601,0.000715629524299966,0.193633758238359,0.01006756169289,0.0894038136711516,0.00335163785058491,0.000171784518654258,0.001873945056985,3.04904080600991,3.04911100018701,-0.249529802616669,10,3.19460927094981,3.19747299549553,1.02329338873871,1758,21.0058136668553,8.69200121457391,1,7825.58342972406,42586.7951178551
334,"joint",-4301.67161591743,-4301.03135496163,8.68702555107149,-4.29372554188343,-4.29289445500181,0.013653962016026,0.0136653143614789,0.433675653046168,0.000831086881620896,0.263206763485663,0.0130336157379401,0.113165959565645,0.00348377562893487,0.000195291123863977,0.00113717452987508,3.04911100018701,3.04886933045564,-0.250228238857831,10,3.19747299549553,3.1984624083472,1.02607095965856,1760,20.9733701338844,8.80978594962038,0.999999999999998,7825.38726502296,42668.5489518642
335,"joint",-4299.43781890849,-4301.0449571025,8.68658476342064,-4.29289445500181,-4.29243522747146,0.0136653143614789,0.0136715912912037,0.23988602879394,0.000459227530350169,0.218638041828188,0.0121086777026713,0.0979889088013353,0.00326180261268306,0.000195904398523186,0.00101429490391063,3.04886933045564,3.0485167025383,-0.250471684085043,10,3.1984624083472,3.19768162136257,1.02874850949232,1742,20.7966950893548,8.68549436505038,0.999999999999996,7825.05897874956,42750.8925099373
336,"joint",-4299.40631440215,-4300.93410619279,8.6863729252763,-4.29243522747146,-4.29173631585115,0.0136715912912037,0.0136811498651353,0.365984434348335,0.000698911620307778,0.207561042335781,0.0110207574661682,0.0844190085993763,0.00329134631875735,0.000183391322653634,0.00144874598610602,3.0485167025383,3.04839998097344,-0.251173886540798,10,3.19768162136257,3.20011135007611,1.03066239215066,1750,20.9017361700456,8.64587446865425,0.999999999999998,7824.83907369885,42832.5521450043
337,"joint",-4301.02177850174,-4300.88731383268,8.68601061345428,-4.29173631585115,-4.29144502833497,0.0136811498651353,0.0136851355937665,0.152597194829876,0.000291287516186887,0.128227189965091,0.00664423792653596,0.0527871830896536,0.00226530181798675,0.000119709800324168,0.000979991346086498,3.04839998097344,3.04819685134594,-0.252028194080827,10,3.20011135007611,3.20025475848741,1.03228248232869,1773,20.9536672452283,8.75301816775362,1,7824.61653662969,42914.4254329205
338,"joint",-4300.15785393686,-4300.87070699544,8.68585604933731,-4.29144502833497,-4.29042966147525,0.0136851355937665,0.0136990380837885,0.534685005536407,0.00101536685972003,0.338318137827358,0.0199225468945385,0.130492665482909,0.00537910784786669,0.000336057014593814,0.00142986704689337,3.04819685134594,3.04763667935931,-0.252883565136644,10,3.20025475848741,3.19874526084989,1.03629767532296,1794,20.6993149046736,8.44050648117765,0.999999999999998,7824.49595384286,42996.1920399666
339,"joint",-4300.57025888191,-4300.81883639018,8.68547064412795,-4.29042966147525,-4.28936168338454,0.0136990380837885,0.013713676171513,0.565624651220631,0.00106797809070878,0.316827565194855,0.0161539792150462,0.155803396579117,0.00423619381712936,0.000247389311681705,0.0017075421095259,3.04763667935931,3.04719137859828,-0.253583437252619,10,3.19874526084989,3.19841628849078,1.03990276623025,1770,20.7231882473862,8.60052340943647,0.999999999999999,7824.09135439075,43078.0908989906
340,"joint",-4297.9934330781,-4300.72729969,8.68500526252981,-4.28936168338454,-4.28879819787641,0.013713676171513,0.013721405806863,0.298909219541566,0.000563485508124912,0.177383929781887,0.0100274876162155,0.0772560745378836,0.00300103359468629,0.000175883388111423,0.0010234348062737,3.04719137859828,3.04696014810568,-0.254306715548403,10,3.19841628849078,3.19827506658616,1.04174288413939,1747,20.8433102473758,8.78347193497642,1,7823.66524143452,43159.786634922
341,"joint",-4300.63610056691,-4300.66239839426,8.6848087385059,-4.28879819787641,-4.28838991352289,0.013721405806863,0.0137270091859704,0.216761213874061,0.000408284353520697,0.185375602518382,0.00864819049572492,0.0837813350500819,0.00241932326632405,0.000127830767988987,0.00111742547339657,3.04696014810568,3.04689729237499,-0.254440180982328,10,3.19827506658616,3.19941180454202,1.04298256959615,1766,20.8381409507619,8.5991218000144,1,7823.48738575791,43241.9085869789
342,"joint",-4303.04944677233,-4300.7073992561,8.68459975854451,-4.28838991352289,-4.28778569915747,0.0137270091859704,0.0137353057483136,0.321369076586989,0.000604214365425773,0.333483124186279,0.0167038461215283,0.134299131797469,0.0049613515734923,0.000261127448900214,0.00194470799461608,3.04689729237499,3.0464333042336,-0.254645789825886,10,3.19941180454202,3.19721692737566,1.04620001642144,1774,20.918470890476,8.58423207963111,0.999999999999998,7823.33586699485,43323.7230610847
343,"joint",-4301.52706104412,-4300.95558169584,8.68436152136131,-4.28778569915747,-4.28736505468535,0.0137353057483136,0.0137410846440945,0.223930262318343,0.000420644472115581,0.181737448496385,0.00975670246426176,0.0711098531978784,0.00298880340215269,0.00015904279889072,0.00171832912788878,3.0464333042336,3.04637746987682,-0.254953141685734,10,3.19721692737566,3.19945503543932,1.04764484298216,1756,20.9907815811481,8.7093158301824,1,7823.02609572966,43405.8913180828
344,"joint",-4298.45258959783,-4300.73689093733,8.68409906014121,-4.28736505468535,-4.28655289047291,0.0137410846440945,0.013752249194393,0.433788987688688,0.000812164212443803,0.222622449798487,0.01312636399828,0.0727910170098455,0.00354007581153877,0.000217215198583905,0.00112182844165208,3.04637746987682,3.04598648251937,-0.255831746381019,10,3.19945503543932,3.19912822831213,1.05063396725632,1768,20.9496916342962,8.36432445727166,1,7822.87437263991,43487.7833249569
345,"joint",-4300.64185627606,-4300.74906917062,8.68374055214063,-4.28655289047291,-4.28625480907231,0.013752249194393,0.0137563490951159,0.159280488434385,0.000298081400599331,0.21714196659917,0.0110196654295904,0.101052001584707,0.00284066554829252,0.000165567057027277,0.000917139174944392,3.04598648251937,3.04583066893303,-0.255641110757683,10,3.19912822831213,3.1986486629728,1.05215148362195,1777,21.2339213726046,8.80852389672791,0.999999999999997,7822.56232068909,43569.8985180855
346,"joint",-4301.23466376198,-4300.85700356259,8.68359188682312,-4.28625480907231,-4.2855866166205,0.0137563490951159,0.0137655440554052,0.357849947876537,0.000668192451811636,0.191829381093389,0.00979059740883683,0.0772787663585671,0.00308122398945994,0.000161134934638201,0.00139105971642491,3.04583066893303,3.04584925651023,-0.25610796899403,10,3.1986486629728,3.19979804012522,1.05267204854805,1750,20.8715787240738,8.72261273242263,1,7822.4051787908,43651.088572979
347,"joint",-4301.72617390005,-4300.88238823717,8.68325647066922,-4.2855866166205,-4.28544411313471,0.0137655440554052,0.0137675058331936,0.0763253811626019,0.000142503485784108,0.119215998272486,0.00656705092254816,0.0495218405386283,0.00227094173905899,0.000118602430034033,0.0012266353664738,3.04584925651023,3.04589985267191,-0.256504025949401,10,3.19979804012522,3.20027857573289,1.05283354732521,1761,20.9122659884034,8.81834469102369,1,7822.2303725614,43732.9919989109
348,"joint",-4301.8648712467,-4300.95841378367,8.68319336802135,-4.28544411313471,-4.28454026554549,0.0137675058331936,0.0137799551854615,0.486093649716915,0.00090384758922127,0.191411089259216,0.00913119726836572,0.101820838362323,0.00243486058263904,0.000137610534519479,0.000787789626397642,3.04589985267191,3.04573755472218,-0.257046810544673,10,3.20027857573289,3.20153681538039,1.05469331413978,1772,20.9947080179524,8.58475956764094,1,7822.19766762717,43815.2147738934
349,"joint",-4302.49549354796,-4300.93280203698,8.68275497932399,-4.28454026554549,-4.28443489090647,0.0137799551854615,0.0137814073197726,0.0566741423113904,0.000105374639017692,0.103865584025654,0.00547729351680214,0.0409114833505512,0.00187095972256437,9.5461080039689e-05,0.000820581576964147,3.04573755472218,3.045695957982,-0.257146746214363,10,3.20153681538039,3.20277259738345,1.0555146842033,1743,20.6245077620312,8.74209490496291,0.999999999999997,7821.89014509057,43896.7843999863
350,"joint",-4298.6853690161,-4300.73138160344,8.68266819553783,-4.28443489090647,-4.28455752690773,0.0137814073197726,0.0137797173267163,-0.0659628631612877,-0.000122636001256332,0.124875406348397,0.00674430393164178,0.044869147357759,0.00234004928059365,0.000122079820253239,0.00109657439510598,3.045695957982,3.04569853718097,-0.256927944431132,10,3.20277259738345,3.20239620529115,1.05552617800386,1776,20.8177934598497,8.58907746602,1,7821.8483523029,43978.7345769405
351,"joint",-4301.51005592509,-4300.6739207462,8.68273345029479,-4.28455752690773,-4.28395362058599,0.0137797173267163,0.0137880414983786,0.325420181280508,0.000603906321734792,0.18177400302141,0.00822197429173445,0.110989844099018,0.00241695994136991,0.000124726052263491,0.0010538768087404,3.04569853718097,3.04560231380166,-0.256949728246617,10,3.20239620529115,3.20265140623911,1.05658625011748,1774,20.9074519437827,8.89394883397195,0.999999999999999,7821.86512401818,44060.5444340706
352,"joint",-4300.50483607442,-4300.64674437696,8.68245069567215,-4.28395362058599,-4.28278638603536,0.0137880414983786,0.0138041447731222,0.633303478126261,0.00116723455063945,0.243834181552934,0.0113009585900752,0.13643007658462,0.00289648737781811,0.000159290112194413,0.0011258800032842,3.04560231380166,3.04534226962596,-0.256959095659849,10,3.20265140623911,3.20279468496351,1.05898664998864,1746,21.0897450803669,8.64584106100675,0.999999999999997,7821.66466727246,44142.7732579708
353,"joint",-4297.76460856177,-4300.5176099959,8.68197792893127,-4.28278638603536,-4.28187410282334,0.0138041447731222,0.0138167438087254,0.497047867968605,0.000912283212012565,0.201677321785017,0.0108560061968724,0.0786484324577511,0.0029719594404146,0.000170579261006791,0.00107917970763863,3.04534226962596,3.04508018993033,-0.257871316574872,10,3.20279468496351,3.20378239158566,1.06152699501548,1765,20.908246293028,8.72037340834243,1,7821.27682847281,44224.4000570774
354,"joint",-4302.16520145374,-4300.54228927272,8.68156117058538,-4.28187410282334,-4.28132008545736,0.0138167438087254,0.0138244006455512,0.302314819471855,0.000554017365979777,0.149391353233157,0.00745696340234565,0.0814587791106499,0.00226199020953325,0.000121303601707659,0.000984087291117892,3.04508018993033,3.04498577999217,-0.258405655077356,10,3.20378239158566,3.2049039378025,1.06282068194979,1761,21.094538184096,8.8739063199269,1,7820.95793412363,44305.3229448795
355,"joint",-4300.59140991656,-4300.59996882312,8.68122380490765,-4.28132008545736,-4.28126066985047,0.0138244006455512,0.0138252220551075,0.0324223330104886,5.94156068960465e-05,0.156641154074593,0.00819998466081572,0.0590393507888259,0.0022246471597655,0.000125939857146081,0.000748433178323668,3.04498577999217,3.04478267528816,-0.258874320553479,10,3.2049039378025,3.20477198355677,1.0645319749033,1785,21.0542827492897,8.81188882901055,1,7820.75669219364,44386.1862678528
356,"joint",-4301.99225369087,-4300.72926578756,8.68111817227996,-4.28126066985047,-4.28058839941953,0.0138252220551075,0.0138345194679339,0.367681137230536,0.00067227043093213,0.18201191039533,0.00943256793297515,0.0692629445224934,0.00305714713187673,0.00015313753840872,0.00172388810591613,3.04478267528816,3.0446284305368,-0.258671036784558,10,3.20477198355677,3.20607700801659,1.06641630396327,1754,21.1207305222715,8.79406042192001,0.999999999999999,7820.6552618701,44467.1072859764
357,"joint",-4301.84579334565,-4300.77046652975,8.68075792572111,-4.28058839941953,-4.28050249239482,0.0138345194679339,0.0138357080013908,0.0469863862756652,8.59070247180242e-05,0.104038092115232,0.00610604117253019,0.0373490176893501,0.00206822897498722,0.000114573337687399,0.000950039177052051,3.0446284305368,3.04467592820212,-0.258482699764109,10,3.20607700801659,3.20652807468488,1.06647579173222,1762,20.6987154326825,8.56913947826123,1,7820.40374179336,44548.3251640797
358,"joint",-4300.82280758701,-4300.80371421226,8.68071083710493,-4.28050249239482,-4.28021725694578,0.0138357080013908,0.0138396549986603,0.156071500782717,0.000285235449036965,0.166412663724555,0.00835839536621089,0.0741734825682695,0.0026973886227888,0.000141150956682488,0.00106117992988798,3.04467592820212,3.04473521660536,-0.258697053400134,10,3.20652807468488,3.20776839954535,1.06671744448655,1764,21.2847514030398,8.92334239744843,1,7820.3875395638,44629.7729439735
359,"joint",-4301.54662293711,-4300.85253241502,8.68057459023029,-4.28021725694578,-4.2795704675874,0.0138396549986603,0.0138486092356775,0.354644546005273,0.000646789358374706,0.208467170824103,0.0114924296463756,0.0781097601549923,0.00293875450859814,0.00017804716913328,0.000833835159233502,3.04473521660536,3.04447274411426,-0.259499831971554,10,3.20776839954535,3.20847258985693,1.06924328977409,1771,21.1710157334937,9.12584899618684,1,7820.32075993513,44711.2377650738
360,"joint",-4304.32486152501,-4301.16910383736,8.68022889583138,-4.2795704675874,-4.27935167719613,0.0138486092356775,0.0138516395097961,0.119994857974967,0.000218790391272459,0.144896681412903,0.00781850779930456,0.0630823156951317,0.00207637133499596,0.000121073104141312,0.000717157949854176,3.04447274411426,3.04429625129204,-0.260216989921408,10,3.20847258985693,3.20818640980807,1.07079072857385,1773,21.4843044294405,8.91700292977344,1,7820.05120352295,44792.2587499619
361,"joint",-4300.53485925849,-4301.16404177194,8.68010214890949,-4.27935167719613,-4.27876357491884,0.0138516395097961,0.0138597880863994,0.323101957174918,0.000588102277293102,0.177249622683075,0.00916647461906407,0.0785676965813025,0.0024778426090389,0.000139807313183801,0.00111304768026649,3.04429625129204,3.04423704710918,-0.260764287714661,10,3.20818640980807,3.20979756625709,1.07217996749182,1757,21.0282979373343,8.45700395475971,1,7819.93055920727,44873.1837220192
362,"joint",-4302.73698234223,-4301.14841855044,8.67977763968305,-4.27876357491884,-4.27859491008734,0.0138597880863994,0.0138621259423731,0.0926772304370597,0.000168664831500833,0.164792923778989,0.00723545094375064,0.0981967074631939,0.00208678844185283,0.000106853443201114,0.000827381810202995,3.04423704710918,3.04422602779281,-0.260824099514751,10,3.20979756625709,3.2110181740261,1.07291308221994,1760,21.4006095709669,9.05253276294788,1,7819.72596810544,44954.0386750698
363,"joint",-4303.52827138853,-4301.24847906766,8.67966597167967,-4.27859491008734,-4.27715291200886,0.0138621259423731,0.0138821295204401,0.800711501275871,0.00144199807848253,0.281552982004005,0.0138419322403833,0.13191338836836,0.00357973439075705,0.000203288160294951,0.00129869685051717,3.04422602779281,3.0440556797972,-0.262122796365269,10,3.2110181740261,3.21218996868051,1.07510686332809,1775,20.9512076760791,8.84390422893252,0.999999999999997,7819.65414180245,45034.9362919331
364,"joint",-4303.37935114832,-4301.49481714518,8.6790713975585,-4.27715291200886,-4.27655491443513,0.0138821295204401,0.0138904334828386,0.332650912868819,0.000597997573724504,0.209521314266571,0.0107540732565503,0.110966942126048,0.0027103089775677,0.000159400956034261,0.00103603219381777,3.0440556797972,3.04381358989393,-0.262810767909548,10,3.21218996868051,3.21300522309745,1.07754432467456,1774,21.2068768825753,8.82392249962524,1,7819.21853576594,45115.7239248753
365,"joint",-4300.58026637014,-4301.49173764989,8.67874342692826,-4.27655491443513,-4.27612532540956,0.0138904334828386,0.0138964019425239,0.239190311406774,0.000429589025568975,0.165822584052339,0.00846361667657707,0.0858530181877134,0.00269676738141591,0.000144174505949645,0.00112296216445089,3.04381358989393,3.04367323446762,-0.263257116174848,10,3.21300522309745,3.21415451471607,1.07915711335104,1756,21.1457413083577,8.85622428290077,0.999999999999997,7818.95689288379,45196.2982718945
366,"joint",-4301.82931307291,-4301.52147011543,8.6784861647862,-4.27612532540956,-4.27570234825746,0.0138964019425239,0.0139022810463176,0.235719852234527,0.000422977152100569,0.269942254215318,0.0130673977013576,0.131705809998209,0.00382830056709939,0.000194576736604971,0.00159437281328846,3.04367323446762,3.04336970727497,-0.263719557596744,10,3.21415451471607,3.21321533194118,1.08153283943925,1761,21.1887835998271,8.89157841405574,1,7818.79324268134,45276.8649070263
367,"joint",-4297.74877689514,-4301.32260026519,8.67829839802327,-4.27570234825746,-4.27536850805183,0.0139022810463176,0.0139069229614667,0.186148711578175,0.000333840205633878,0.149173457929766,0.00788682631918812,0.0631173685990719,0.0023851062130307,0.000130265223486232,0.00118910803591309,3.04336970727497,3.04317596621572,-0.263878969636907,10,3.21321533194118,3.21283522313474,1.08283267174123,1773,21.0286916267657,8.79277086778097,0.999999999999998,7818.57196916079,45357.7162568569
368,"joint",-4299.88641418948,-4301.22367741233,8.67815113769378,-4.27536850805183,-4.27429087156806,0.0139069229614667,0.013921917646986,0.604407952746995,0.00107763648376971,0.293894991371734,0.0143221746742742,0.1354517188293,0.00365417715465246,0.000206532446815929,0.00128943424043179,3.04317596621572,3.04284485720833,-0.26438523149036,10,3.21283522313474,3.21335813483295,1.08589042109652,1758,21.0114347730421,8.5578876488384,1,7818.42693801595,45438.6057238579
369,"joint",-4302.66887683118,-4301.23234657649,8.67763204081271,-4.27429087156806,-4.27326128518758,0.013921917646986,0.0139362588452698,0.580543578433919,0.00102958638047694,0.211670575233105,0.0119333048496425,0.0917770251311114,0.00322940079357197,0.000190740558734835,0.00115993112598217,3.04284485720833,3.04254627804993,-0.26489190338718,10,3.21335813483295,3.21409965384705,1.08861134807734,1776,21.2033369632056,8.79977878939956,1,7817.99642167393,45519.4007689953
370,"joint",-4300.63361482079,-4301.32975886672,8.6771389440964,-4.27326128518758,-4.27264756170442,0.0139362588452698,0.0139448144797189,0.346708286134621,0.000613723483160842,0.209875755439425,0.00971596556686217,0.0994632899326456,0.00273934239417404,0.00014056257279532,0.00113613958490573,3.04254627804993,3.04237436265134,-0.26509394845919,10,3.21409965384705,3.21523775218362,1.09058888765924,1734,20.8432976784706,8.58798678146914,1,7817.62208646629,45600.2906179428
371,"joint",-4300.36498936935,-4301.27250553893,8.67680787910254,-4.27264756170442,-4.27113570388724,0.0139448144797189,0.0139659130014629,0.864019210112082,0.00151185781718039,0.359487473377835,0.0204867415184886,0.144749683373111,0.00535047508842475,0.000319676224760409,0.00186536357314513,3.04237436265134,3.04182361750928,-0.26604968814642,10,3.21523775218362,3.21522036078581,1.09511921120368,1767,21.2320234352465,9.07145369305369,1,7817.36953947898,45681.0743019581
372,"joint",-4300.73691397876,-4301.28410943415,8.67612754857017,-4.27113570388724,-4.27105391060213,0.0139659130014629,0.0139670553660851,0.0467460186416025,8.17932851095385e-05,0.11329040522765,0.00557858700665124,0.0454826954556865,0.00173555795126779,8.5188442614603e-05,0.000786157545742557,3.04182361750928,3.04177894809142,-0.266491903231842,10,3.21522036078581,3.21621179647183,1.09591200809911,1746,21.2213520640808,8.83333565229697,1,7816.80985481959,45761.8760559559
373,"joint",-4301.21008655745,-4301.45638333394,8.67605193226817,-4.27105391060213,-4.27090078378382,0.0139670553660851,0.0139691942605913,0.0875244030951255,0.000153126818307315,0.182181874778358,0.00910601697759546,0.0836771912804508,0.00284965926457671,0.000145962090085561,0.0011597568059553,3.04177894809142,3.04163364495862,-0.266644065582606,10,3.21621179647183,3.21507850509654,1.09685595743169,1783,21.4620584949423,8.92883195746445,0.999999999999998,7816.76460629625,45843.2234559059
374,"joint",-4298.05523281557,-4301.25088490203,8.67595945525123,-4.27090078378382,-4.27038913017627,0.0139691942605913,0.0139763434780348,0.292835114903204,0.000511653607552009,0.165607743638832,0.00894578306933442,0.0714505028741282,0.00272159603986318,0.000148080146991887,0.00102219654289951,3.04163364495862,3.04143799003842,-0.267446461373257,10,3.21507850509654,3.21560730544804,1.09863581610959,1781,21.0917105389842,9.0903824104758,0.999999999999998,7816.65123156156,45924.8038189411
375,"joint",-4301.68595241177,-4301.30561202679,8.67574265364034,-4.27038913017627,-4.26977152974063,0.0139763434780348,0.0139849779399048,0.354147805834836,0.000617600435642176,0.104216572130482,0.00545439188008337,0.051081972289401,0.00175951513899964,9.23750259080784e-05,0.000814206073047012,3.04143799003842,3.04137313921949,-0.267918435590676,10,3.21560730544804,3.21624854860994,1.09934046346612,1780,21.3128986942962,8.91663652695191,1,7816.47681892849,46007.0994389057
376,"joint",-4303.5151363518,-4301.38175615984,8.6754527400765,-4.26977152974063,-4.26884682488259,0.0139849779399048,0.0139979158979198,0.532530964916222,0.000924704858041093,0.228886004948922,0.0116431254522139,0.106141901179915,0.0031371325404065,0.00017484520357705,0.00120732082537602,3.04137313921949,3.04115149799684,-0.268292171894169,10,3.21624854860994,3.21751988301542,1.1017784961667,1768,20.8800945348691,8.60943210295657,0.999999999999999,7816.2918792869,46088.0654890537
377,"joint",-4302.22167481782,-4301.40055023344,8.67502721319858,-4.26884682488259,-4.26850261873478,0.0139979158979198,0.0140027348959452,0.198343408967017,0.000344206147811178,0.13684100747935,0.00710558659484142,0.0632823279131756,0.00197999381655188,0.000109016219368256,0.000814207896635922,3.04115149799684,3.04108864375513,-0.26896092450913,10,3.21751988301542,3.21769447784829,1.10236170911761,1743,21.1540364880509,8.8308353962767,1,7815.95404124696,46169.3814258575
378,"joint",-4303.14646502513,-4301.51673310535,8.67487646499886,-4.26850261873478,-4.26871471736348,0.0140027348959452,0.0139997652500157,-0.122246017151687,-0.000212098628702351,0.182962172091497,0.00929006405174563,0.0802496925314607,0.00281988950083756,0.000149469720757291,0.000963893510323817,3.04108864375513,3.04126968727435,-0.268966197555567,10,3.21769447784829,3.21802244215334,1.10127201121381,1779,21.0298210991795,8.96650255856387,0.999999999999998,7815.85922900157,46250.6154990196
379,"joint",-4303.88347236251,-4301.63357557662,8.67498715860214,-4.26871471736348,-4.26782915693425,0.0139997652500157,0.0140121683791892,0.512418355596579,0.000885560429225996,0.275334540265889,0.0129812617922,0.148921656334538,0.0032874910199082,0.000181289631006534,0.0012960556224116,3.04126968727435,3.04107770874934,-0.268804499353522,10,3.21802244215334,3.21751449170824,1.10301126220607,1773,21.4435538204794,8.98242426047535,1,7815.98608704228,46332.1169679165
380,"joint",-4302.59455823896,-4301.54706041232,8.67461586924307,-4.26782915693425,-4.2669064503619,0.0140121683791892,0.0140251034657726,0.536199950698595,0.000922706572349628,0.247215655040864,0.0129651998001479,0.113791227427329,0.00338268770455402,0.000193980250271273,0.00110693664884775,3.04107770874934,3.04080688499818,-0.269676757440512,10,3.21751449170824,3.21884818261519,1.10582707210792,1761,21.4150310865382,8.75251311691391,0.999999999999998,7815.65354428108,46413.2186949253
381,"joint",-4304.98523226997,-4301.76957906289,8.6741414625188,-4.2669064503619,-4.26633949245671,0.0140251034657726,0.0140330573636032,0.329999358665581,0.000566957905190913,0.189819637011557,0.00800291131145313,0.111737395747564,0.00202637022499354,0.000104200992980928,0.000817434833953044,3.04080688499818,3.04069382608297,-0.269895128810297,10,3.21884818261519,3.219788503693,1.10731770715449,1775,21.3238671846467,8.70961081720119,0.999999999999999,7815.30883641064,46494.3263099194
382,"joint",-4303.39237569112,-4301.80234873034,8.67385611975435,-4.26633949245671,-4.26566957312088,0.0140330573636032,0.0140424615297365,0.390806273200666,0.00066991933582994,0.237878127798481,0.0117977413700091,0.101851261539286,0.0031392953754779,0.000170732361230601,0.00138802429387634,3.04069382608297,3.04041152632457,-0.270356719527178,10,3.219788503693,3.21884539860791,1.10955230393832,1759,21.1516238174051,8.83812214587947,1,7815.09545452745,46575.3303780556
383,"joint",-4302.4240831549,-4301.74713931865,8.67355644425065,-4.26566957312088,-4.2649301644407,0.0140424615297365,0.0140528484873128,0.432527787715741,0.000739408680184659,0.252932302701512,0.0117355283653538,0.139645030716085,0.003176526521688,0.00016871156554185,0.00142681617306222,3.04041152632457,3.04043596487665,-0.270596898163584,10,3.21884539860791,3.22107536521731,1.11063392014268,1751,21.4212383487637,9.09833418964545,1,7814.82143597956,46656.4214749336
384,"joint",-4301.95052878312,-4301.67569820039,8.67313110734879,-4.2649301644407,-4.26525811292761,0.0140528484873128,0.0140482406325254,-0.191941448888661,-0.000327948486911351,0.11978971234766,0.00621907485546856,0.0599881875783787,0.00192528546480651,0.000101195064090159,0.000819443787602847,3.04043596487665,3.0404629851043,-0.270755787612889,10,3.22107536521731,3.22057936194954,1.11038219233796,1789,21.1333475139175,8.80566765961249,1,7814.56444594763,46737.4780509472
385,"joint",-4301.59477621895,-4301.72642369283,8.67326557356191,-4.26525811292761,-4.26434575837382,0.0140482406325254,0.0140610634574311,0.536218582039004,0.000912354553784979,0.240064725995,0.0122365031769511,0.120184564080122,0.0030382801136944,0.000177281271280819,0.000909819018130957,3.0404629851043,3.04034760405732,-0.271034536426121,10,3.22057936194954,3.22175507845519,1.11229748900919,1752,21.0105406064361,8.61404030412537,1,7814.67003937133,46818.5178439617
386,"joint",-4300.69823057614,-4301.669869568,8.67281764460744,-4.26434575837382,-4.26420817373567,0.0140610634574311,0.0140629981768497,0.0808703403073309,0.000137584638153601,0.145614526825334,0.0081218698707488,0.0501531412236152,0.00230244835755016,0.000131876186294898,0.000723118659702027,3.04034760405732,3.04015487513334,-0.271234920158618,10,3.22175507845519,3.22120852715727,1.11361228282863,1775,21.0472522086898,8.75430936300553,1,7814.34583572217,46899.6987528801
387,"joint",-4299.30686754106,-4301.74777410029,8.67272392043426,-4.26420817373567,-4.2636246815752,0.0140629981768497,0.0140712062204702,0.34355392749213,0.000583492160469217,0.24977199294521,0.0119924951465008,0.110076147931885,0.00314328925204675,0.000165131373505024,0.00105886379515314,3.04015487513334,3.03991552423195,-0.271507650455699,10,3.22120852715727,3.21994468772927,1.11536811155735,1766,21.3368156397797,8.88584229594839,1,7814.25335341668,46980.8737440109
388,"joint",-4301.24383428092,-4301.81564510486,8.67247721215871,-4.2636246815752,-4.26267171187158,0.0140712062204702,0.0140846220451136,0.56366363980261,0.000952969703617712,0.215838734065585,0.0116908007123382,0.0984715549416578,0.00333388713109779,0.000186790562310648,0.00115445534301938,3.03991552423195,3.0396776775971,-0.272414170650958,10,3.21994468772927,3.22156342415441,1.11788825712771,1763,21.0687523218306,8.7868957248434,1,7813.99877028271,47061.9183728695
389,"joint",-4301.42561946369,-4301.75348223649,8.67197400321608,-4.26267171187158,-4.26241918534117,0.0140846220451136,0.0140881792349743,0.149412336322494,0.000252526530410498,0.155051357586802,0.00791678490662674,0.068088051683878,0.00235682116823463,0.000125131840046168,0.000899725268828512,3.0396776775971,3.03948054766511,-0.273186588182329,10,3.22156342415441,3.22107402909346,1.11936034803668,1760,21.2101060539493,8.83451283870294,1,7813.65434159657,47142.9714829922
390,"joint",-4298.84175602787,-4301.66388929684,8.67181759984214,-4.26241918534117,-4.26225523657321,0.0140881792349743,0.0140904891639526,0.0970165837353597,0.000163948767967014,0.200105687441235,0.0110268082305736,0.0894576837344579,0.00305279677582815,0.000175997335965764,0.00103858157555036,3.03948054766511,3.03919910952281,-0.273645387657383,10,3.22107402909346,3.22020600428077,1.12131942546874,1775,21.0466338741572,8.65500661364469,1,7813.52950120383,47224.1796028614
391,"joint",-4299.57129583626,-4301.62420462019,8.67172663919095,-4.26225523657321,-4.26104592027337,0.0140904891639526,0.014107539329615,0.72090300834942,0.00120931629983611,0.336406090206437,0.0196303681262088,0.11615530048625,0.00522807090512683,0.000307709245148891,0.0017433358023837,3.03919910952281,3.03865067405018,-0.27474551209472,10,3.22020600428077,3.22061880019231,1.12577112008362,1761,20.9968409239778,8.64556400551481,1,7813.40516427542,47306.5831000805
392,"joint",-4299.3387383978,-4301.55429584114,8.67111055325109,-4.26104592027337,-4.26016161496594,0.014107539329615,0.0141200202191641,0.52922934795638,0.000884305307432187,0.304236534749078,0.0129743398846359,0.156419833517248,0.00335734615855696,0.000162051531846493,0.00146899940491634,3.03865067405018,3.03846105939386,-0.274831504670971,10,3.22061880019231,3.22055917233456,1.12765766564841,1760,21.252340817207,8.85877724785464,0.999999999999999,7812.89773953722,47388.424010992
393,"joint",-4299.2467154185,-4301.45612728419,8.67069673318384,-4.26016161496594,-4.25915892916734,0.0141200202191641,0.0141341852632713,0.603115865173077,0.00100268579860069,0.259140804789676,0.0134147625558593,0.117043631955522,0.00315724378232761,0.000188999722678394,0.00092074640845566,3.03846105939386,3.03815189686097,-0.275230865145886,10,3.22055917233456,3.22148061138425,1.13060087926201,1788,21.1820403822268,8.98027814696622,1,7812.53744076607,47469.7820608616
394,"joint",-4301.40207136269,-4301.62346921155,8.67022484781368,-4.25915892916734,-4.25852414710183,0.0141341852632713,0.0141431602388623,0.382593243114704,0.000634782065503666,0.195215229948406,0.0102656725223772,0.10035446939652,0.00280927096528342,0.000155280763459387,0.00140554702471667,3.03815189686097,3.03797243045593,-0.275673530757207,10,3.22148061138425,3.22132296092302,1.13224107968222,1751,21.2551116943686,8.71533647983523,1,7812.14798705706,47550.9623980522
395,"joint",-4299.27672132579,-4301.50300765725,8.66990565084926,-4.25852414710183,-4.2586044462684,0.0141431602388623,0.0141420246004785,-0.0483991447482502,-8.02991665665005e-05,0.184216405613632,0.00881086424715484,0.0769882551274595,0.00302263650085573,0.000138295006768543,0.0016478948143907,3.03797243045593,3.03785061893966,-0.275685817697457,10,3.22132296092302,3.21941594325377,1.13260375092792,1767,21.462046739562,9.12075872304046,1,7811.90215830314,47632.1206228733
396,"joint",-4305.02274854158,-4301.57838826674,8.66995019475283,-4.2586044462684,-4.25802073733248,0.0141420246004785,0.0141502818362865,0.352422891839139,0.000583708935919281,0.196692773104331,0.0104493652393216,0.0778220570435075,0.00311024559410964,0.000164773409672548,0.00115994702754748,3.03785061893966,3.03755961617307,-0.276298416816615,10,3.21941594325377,3.21914329306272,1.1348030061741,1756,21.563909121218,8.94326226023517,1,7811.8949637992,47713.224642992
397,"joint",-4299.81754734786,-4301.45818189324,8.66971280857039,-4.25802073733248,-4.25752049816596,0.0141502818362865,0.0141573621322513,0.302405391111828,0.000500239166516614,0.189542971582942,0.00899353383475335,0.0828828191502993,0.00280366030148743,0.000132528193482715,0.0014416238104136,3.03755961617307,3.03735020076193,-0.277274647191467,10,3.21914329306272,3.21998512333115,1.13685879059854,1766,21.2362415972458,8.95166659861315,1,7811.6785435352,47794.2720110416
398,"joint",-4300.71638847338,-4301.33667806565,8.66941310423003,-4.25752049816596,-4.2571205002939,0.0141573621322513,0.0141630261797062,0.242001037714986,0.000399997872066961,0.204109257244855,0.0113221186895611,0.0932581808185999,0.00311240155442753,0.000174200688389626,0.00136636992091421,3.03735020076193,3.037062323163,-0.278641017112381,10,3.21998512333115,3.21997255868306,1.13922344610313,1757,21.6152753069186,9.12642544961509,0.999999999999996,7811.45886621842,47875.3540959358
399,"joint",-4300.42599917272,-4301.16380440616,8.66919505651823,-4.2571205002939,-4.25686746783447,0.0141630261797062,0.0141666103384886,0.153135139348863,0.000253032459431226,0.296892777689952,0.0149207920891274,0.123250869170485,0.0050577231439521,0.00025647324531292,0.00201699375834222,3.037062323163,3.03663322847538,-0.279133813659106,10,3.21997255868306,3.21980999177574,1.14224203637496,1777,21.2775394783105,8.6815204534316,0.999999999999998,7811.26081341153,47956.4428088665
400,"joint",-4300.05520274968,-4301.0368366317,8.66902804195605,-4.25686746783447,-4.25654455558388,0.0141666103384886,0.0141711856491884,0.19552832748391,0.000322912250589544,0.170578396461482,0.00783876503098389,0.0967716477352866,0.00191168334274328,0.000107310026946661,0.000728530421585032,3.03663322847538,3.03657361546741,-0.279031208300529,10,3.21980999177574,3.22009940870303,1.14309621983014,1757,21.5046705286331,9.04782974423929,1,7811.08348956014,48037.4422950745
401,"joint",-4300.5650671588,-4300.81582837614,8.66884337770527,-4.25654455558388,-4.25595333498819,0.0141711856491884,0.0141795664232085,0.358620464364597,0.000591220595682961,0.214530072450322,0.0113105644616785,0.0812665004042383,0.00322303255885294,0.000173468195441156,0.0014733678722015,3.03657361546741,3.03653759465074,-0.279720672611876,10,3.22009940870303,3.22270160846085,1.1445303429365,1776,21.0530861049302,8.80706597495477,0.999999999999999,7810.93860265759,48118.4591109753
402,"joint",-4300.91900538809,-4300.69215986099,8.66850726114456,-4.25595333498819,-4.25536662052951,0.0141795664232085,0.0141878882208676,0.356501275985379,0.00058671445868302,0.289556961797006,0.0141705182412343,0.131602961967922,0.00332433303968808,0.000188005793688059,0.00118813717054346,3.03653759465074,3.0362046177651,-0.27971977604472,10,3.22270160846085,3.22190941090421,1.14707330723524,1760,21.3190086362339,8.79484412742331,1,7810.75240054299,48199.6466910839
403,"joint",-4301.49668426791,-4300.64578991664,8.6682469460632,-4.25536662052951,-4.25485205216474,0.0141878882208676,0.01419519073797,0.313078400732983,0.000514568364771183,0.180626971285555,0.00866623931488404,0.0889785944114054,0.00250330197655569,0.000126768483058151,0.00131346358726499,3.0362046177651,3.036222526976,-0.279950465493121,10,3.22190941090421,3.2240020701165,1.147926600319,1762,21.027168131652,8.68657664096117,1,7810.45923301931,48280.6740069389
404,"joint",-4302.43531786143,-4300.67002937056,8.66795134790286,-4.25485205216474,-4.25486823517225,0.01419519073797,0.0141949610189504,-0.00984622664827754,-1.61830075128417e-05,0.153760694066937,0.00880407760085262,0.0531649681259497,0.0023496708672321,0.000138674340454147,0.000818973404005402,3.036222526976,3.03629286331972,-0.28028529543224,10,3.2240020701165,3.22530900581654,1.14811475821273,1768,21.5532444372917,9.07567163593637,0.999999999999999,7810.29207268137,48361.6732010841
405,"joint",-4302.88175973125,-4300.73437854617,8.66790675134833,-4.25486823517225,-4.2539564971209,0.0141949610189504,0.0142079090067385,0.557048859351667,0.000911738051356788,0.225728615692936,0.0110665776864625,0.106503673296224,0.00291545408698155,0.000157591114794073,0.000958684000577574,3.03629286331972,3.03630867405696,-0.28100783481899,10,3.22530900581654,3.22703065351551,1.14895699505477,1781,21.0589684909835,8.7182245917416,0.999999999999997,7810.312318865,48442.634305954
406,"joint",-4299.05699616897,-4300.65231682581,8.66746535412141,-4.2539564971209,-4.25381440770236,0.0142079090067385,0.0142099279436993,0.0868218011146308,0.000142089418536571,0.191248593629116,0.0104253246369865,0.0684377696065601,0.00315869960850295,0.000169408588182709,0.00124412957600443,3.03630867405696,3.03619719838805,-0.281972498263351,10,3.22703065351551,3.22904345176661,1.15057799190988,1763,21.2118965516361,8.72569945706105,1,7810.03998592535,48523.5027220249
407,"joint",-4298.48878831184,-4300.61141286435,8.66727937796679,-4.25381440770236,-4.25274141261536,0.0142099279436993,0.0142251833095721,0.659446164928874,0.00107299508699612,0.306511350517561,0.0158212343961583,0.110879978163554,0.00396527810817708,0.000220566772546282,0.00144896369649705,3.03619719838805,3.0358224166515,-0.282438450048691,10,3.22904345176661,3.22819282673995,1.15346635444582,1785,21.5789734199461,9.14416740739342,1,7809.95277510323,48604.473749876
408,"joint",-4301.64715494113,-4300.63157889736,8.66682008588226,-4.25274141261536,-4.2525179165996,0.0142251833095721,0.0142283629366691,0.137391508544645,0.000223496015760915,0.195443329009908,0.0106417505170854,0.0822919657949546,0.00285442226214547,0.000160034788001553,0.00118195339675198,3.0358224166515,3.03564805278011,-0.283620403445443,10,3.22819282673995,3.22972800557076,1.15550026722599,1785,21.2737691443722,8.6360519384438,1,7809.51955895241,48685.4994540215
409,"joint",-4302.03223193569,-4300.66190952096,8.66662355647292,-4.2525179165996,-4.25191306733278,0.0142283629366691,0.0142369715547551,0.372505885685821,0.000604849266821888,0.191684103152469,0.0107123156626155,0.0624887824916296,0.00311496081070507,0.000169913093984731,0.00112847369701025,3.03564805278011,3.03537944550286,-0.284514331912818,10,3.22972800557076,3.23039236918437,1.15783543691265,1749,21.1026509744202,9.05723973083736,1,7809.38953677242,48766.4187800884
410,"joint",-4301.45241423437,-4300.79244243129,8.66627164993918,-4.25191306733278,-4.25119350901558,0.0142369715547551,0.0142472195726301,0.444302962835656,0.000719558317197491,0.263853142831568,0.0148446756060261,0.100925451915289,0.00357946058046007,0.000211863569949454,0.00129005130574527,3.03537944550286,3.03499967593498,-0.285330746733211,10,3.23039236918437,3.22980205406233,1.16082586812188,1751,21.1223819007964,8.8374290218009,1,7809.12260800851,48847.3696510792
411,"joint",-4302.07458085952,-4300.91760668245,8.66592436599855,-4.25119350901558,-4.2511581454271,0.0142472195726301,0.0142477234143489,0.0218359582711477,3.53635884848257e-05,0.201701566527515,0.0100365923539383,0.0943799112610281,0.00248242859975778,0.000136971515982469,0.0009156520682758,3.03499967593498,3.03482495802585,-0.285546046021737,10,3.22980205406233,3.23031804951504,1.16261001868615,1772,21.7691343653224,9.03295625625454,1,7808.79436597344,48928.4691829681
412,"joint",-4303.14995239694,-4301.10816738241,8.66583826891046,-4.2511581454271,-4.25080501425936,0.0142477234143489,0.0142527556180174,0.218184016928335,0.000353131167733024,0.173297933104737,0.00771290734914494,0.108765482289028,0.00193113438826195,0.000102826252571003,0.000757101685280994,3.03482495802585,3.03478677373037,-0.285550745924856,10,3.23031804951504,3.2309566046077,1.16344242785837,1764,21.2671731405327,8.86836696690676,1,7808.68595541212,49009.7104930878
413,"joint",-4301.77300037071,-4301.23448163002,8.66567131679038,-4.25080501425936,-4.24970311510626,0.0142527556180174,0.0142684693732591,0.684985583338548,0.00110189915310152,0.281203962184716,0.0138800373657929,0.15286084441372,0.00324829400434027,0.000190825500941524,0.00105807066678219,3.03478677373037,3.03455963385198,-0.285959044166062,10,3.2309566046077,3.23270931412005,1.16609846451234,1775,21.1947890007722,8.98676044176526,1,7808.54762737884,49091.1975469589
414,"joint",-4299.29803045242,-4301.1292795845,8.66510320603899,-4.24970311510626,-4.24916488705236,0.0142684693732591,0.0142761511308454,0.335070256428418,0.000538228053905338,0.190429961841575,0.0095019658581333,0.0913062955142526,0.00226124792063022,0.00012851001820736,0.00080111423380475,3.03455963385198,3.03442826590569,-0.286083430677047,10,3.23270931412005,3.2340272645029,1.16776754845092,1758,21.2275787087961,8.69572567759796,1,7808.12394820838,49172.3881828785
415,"joint",-4297.46505916852,-4301.03869647664,8.66481235189943,-4.24916488705236,-4.2485226262846,0.0142761511308454,0.0142853230877101,0.40066234083022,0.000642260767757545,0.17710793610472,0.00943826932155754,0.0842072570493361,0.00246836565834882,0.00014110693828496,0.000774028571663461,3.03442826590569,3.03423637152935,-0.286528695412292,10,3.2340272645029,3.23513761322862,1.16977591190276,1726,21.4860114075205,8.78289156725268,1,7807.90914001218,49254.3314859867
416,"joint",-4303.44645998371,-4300.95988204875,8.66446327650253,-4.2485226262846,-4.24843668716025,0.0142853230877101,0.0142865508086211,0.0536134916574294,8.59391243455186e-05,0.125582924288891,0.0065580871638978,0.0632969713577667,0.00166640791918607,9.43721887491442e-05,0.000726663986034674,3.03423637152935,3.03422145122284,-0.286664521750338,10,3.23513761322862,3.23577161510721,1.17034033108785,1765,21.2956829404859,8.9179740691642,1,7807.64705164072,49337.8447048664
417,"joint",-4302.8536663124,-4301.11168799697,8.66442022464124,-4.24843668716025,-4.24853105762602,0.0142865508086211,0.0142852026437815,-0.0588760419454603,-9.4370465769456e-05,0.147515852891434,0.00796343973322226,0.0661447214291258,0.00247887340045518,0.000130358213403328,0.00114625031202652,3.03422145122284,3.03431481906108,-0.286183107040855,10,3.23577161510721,3.2352334368063,1.16957138937764,1788,21.6264747802177,9.00560051317908,1,7807.60865488986,49421.2990050316
418,"joint",-4303.54435534703,-4301.25308634066,8.66449807285787,-4.24853105762602,-4.24830288209739,0.0142852026437815,0.0142884625493475,0.142391694410487,0.000228175528630964,0.225833562304575,0.011261436185094,0.101423785701842,0.00295694439337326,0.000157207001277515,0.00117665183179702,3.03431481906108,3.03417507698623,-0.286151871208083,10,3.2352334368063,3.23592139257314,1.17123436731929,1750,21.6725564138354,8.91725684921025,0.999999999999996,7807.68360594698,49504.7952809334
419,"joint",-4300.7638155647,-4301.26997716026,8.66436640140617,-4.24830288209739,-4.2474681762173,0.0142884625493475,0.0143003941920684,0.522717811910377,0.000834705880096914,0.25007254673607,0.011231331839848,0.149917707329599,0.00277601763820305,0.000147299175010554,0.0010282174276814,3.03417507698623,3.03398267666478,-0.286083782727167,10,3.23592139257314,3.23530929328088,1.17285226945352,1764,21.2582511185125,8.96238584255254,0.999999999999998,7807.56207675615,49588.9053659439
420,"joint",-4303.41372301311,-4301.43790317343,8.66402686497695,-4.2474681762173,-4.24631435621066,0.0143003941920684,0.0143169037957139,0.727414894885735,0.00115382000663515,0.250939353648264,0.0124259409483227,0.13840492073411,0.00284559544081547,0.000168051718649251,0.00094264344432953,3.03398267666478,3.0337542481103,-0.286757024888458,10,3.23530929328088,3.23648587052288,1.17529110669595,1762,21.4598395332124,8.90421222347295,1,7807.25304175963,49671.9173128605
421,"joint",-4302.74689187693,-4301.54699440933,8.6634428625636,-4.24631435621066,-4.24575620198534,0.0143169037957139,0.0143248970665924,0.35243245030421,0.000558154225318179,0.209289825304113,0.0101362049056458,0.0950211268900144,0.00229419161267227,0.000128272119883859,0.0007980126748731,3.0337542481103,3.03358098639045,-0.286798204051614,10,3.23648587052288,3.23674517397763,1.1770418042716,1739,20.9521902964559,8.83624189387132,0.999999999999999,7806.82413380083,49755.2626609802
422,"joint",-4302.09424620324,-4301.60575645009,8.66316916597433,-4.24575620198534,-4.24503419222526,0.0143248970665924,0.0143352435167562,0.457087859330709,0.000722009760083321,0.212387110712992,0.0115752881878768,0.083607303462639,0.0028560975870955,0.000162939279391085,0.000941334042387184,3.03358098639045,3.0333058354519,-0.287342326489611,10,3.23674517397763,3.23653008926638,1.17931460383025,1762,21.406831576952,8.82139239212134,1,7806.57973666014,49838.4091920853
423,"joint",-4304.76580960429,-4301.76921271691,8.6628540560702,-4.24503419222526,-4.24460264467411,0.0143352435167562,0.0143414311910327,0.273457633942852,0.00043154755114577,0.184619297278748,0.0100180351772671,0.0747274589382607,0.00244261760624258,0.000143234658075644,0.00101670247945369,3.0333058354519,3.03312090331141,-0.287831301765074,10,3.23653008926638,3.23769030193956,1.18126756975149,1777,21.1779941742575,8.70786759070949,1,7806.29090227371,49921.4339809418
424,"joint",-4302.8047426102,-4301.78768395435,8.66253596510085,-4.24460264467411,-4.2435976789123,0.0143414311910327,0.0143558510828904,0.640054423031945,0.00100496576181677,0.272900093108936,0.0125262378221068,0.143904696326175,0.00284565515987544,0.000158027215391636,0.000989096391519105,3.03312090331141,3.03291352029374,-0.288016775198136,10,3.23769030193956,3.23817974228038,1.1832940639173,1765,21.3456251706492,9.14485241893616,0.999999999999996,7806.06112382992,50005.8822410107
425,"joint",-4300.51343050561,-4301.66926749307,8.66201830036405,-4.2435976789123,-4.24283520079023,0.0143558510828904,0.0143668012793768,0.48703384594903,0.000762478122061685,0.202773442889333,0.0103486480343607,0.0834214475365004,0.00280218547481885,0.000150519177592859,0.00115779949301865,3.03291352029374,3.03274993253173,-0.288746977508168,10,3.23817974228038,3.23978406547874,1.18527635349717,1767,21.3647085887568,9.03504033524828,0.999999999999998,7805.6616519782,50088.6630768776
426,"joint",-4303.09159498933,-4301.87099743409,8.66158334363526,-4.24283520079023,-4.24277414503951,0.0143668012793768,0.0143676784819932,0.0390001634142384,6.10557507203599e-05,0.189993577801729,0.00948128853349007,0.0794169077526725,0.00298178347994319,0.000147709721724952,0.00120295330197375,3.03274993253173,3.03281493327039,-0.289552392070075,10,3.23978406547874,3.24087345373889,1.18527861911762,1767,21.5278499890731,8.93048984574449,0.999999999999997,7805.356331079,50171.756444931
427,"joint",-4302.08772553573,-4302.05094429528,8.66153910254429,-4.24277414503951,-4.24200311700559,0.0143676784819932,0.0143787606366621,0.493974782440379,0.000771028033922098,0.241970737414522,0.0118452141147137,0.127026907480041,0.00264574105871298,0.000156079350088201,0.000947123988753821,3.03281493327039,3.03256124791403,-0.289947877147336,10,3.24087345373889,3.2408281429958,1.18740542165754,1757,21.2866245829791,8.88454200773081,0.999999999999998,7805.37762117122,50255.5279209614
428,"joint",-4300.5602157455,-4301.9965973355,8.66117590650002,-4.24200311700559,-4.24122043958498,0.0143787606366621,0.0143900189731971,0.502981156332522,0.000782677420616769,0.422877987865184,0.0247586450072986,0.134551167195974,0.00610333053900622,0.000364131276041222,0.00207719475281837,3.03256124791403,3.03192500089135,-0.29089912008705,10,3.2408281429958,3.2390286318624,1.19188344535662,1759,21.8408488115821,9.10289204050092,1,7805.04814732044,50338.296957016
429,"joint",-4301.52497526701,-4301.97123450206,8.66080947458188,-4.24122043958498,-4.24106977832058,0.0143900189731971,0.0143921871549767,0.0968322031618881,0.000150661264400424,0.241212074261642,0.0131788678155255,0.0910896796759884,0.00339065237708439,0.000187510460379336,0.00119165615755435,3.03192500089135,3.03175195805218,-0.290609103754076,10,3.2390286318624,3.23826912698019,1.19326791688932,1771,21.3348795642686,8.80968882497856,1,7804.61992752647,50420.2266550064
430,"joint",-4301.5115110739,-4301.97418934404,8.66072904427809,-4.24106977832058,-4.24043404656243,0.0143921871549767,0.014401339634373,0.40942230783637,0.000635731758148524,0.188281099975755,0.00946189506711265,0.0975295076714435,0.00261233045986178,0.000137242067902417,0.00122309075326608,3.03175195805218,3.03179006844282,-0.290873350343653,10,3.23826912698019,3.23989559732106,1.19373430572714,1781,21.3523066125805,9.03950645274298,0.999999999999998,7804.49047063929,50503.4409768581
431,"joint",-4301.30160572379,-4301.93554058725,8.66036534119764,-4.24043404656243,-4.24023636599404,0.014401339634373,0.0144041867807809,0.127334605861817,0.000197680568386321,0.176346458059815,0.00968047616735267,0.0566921505387766,0.00250602915974061,0.000139742346773313,0.000928140241078404,3.03179006844282,3.0315993710356,-0.2915294129572,10,3.23989559732106,3.23940273194222,1.19523245367137,1775,21.7658564694834,8.96756183546759,1,7804.29624221815,50585.2203738689
432,"joint",-4301.22963964104,-4301.83952494946,8.66023545735587,-4.24023636599404,-4.23981830955728,0.0144041867807809,0.0144102098026748,0.269523864280301,0.000418056436763143,0.147918683776553,0.00803337644238578,0.0601725600317347,0.00210383331769928,0.000118631373281996,0.000758007597691661,3.0315993710356,3.03148835297559,-0.291637265763181,10,3.23940273194222,3.24030565053321,1.19657580785173,1776,21.9437452986364,9.41780671418187,1,7804.16358156437,50666.897562027
433,"joint",-4302.69152806798,-4301.88545133432,8.66001229474075,-4.23981830955728,-4.23933918214296,0.0144102098026748,0.0144171157835276,0.309251912212953,0.000479127414318149,0.162362792485631,0.0096889304387703,0.0507067494740955,0.0028115773636559,0.000160876834027276,0.000934074239732736,3.03148835297559,3.03134138978253,-0.292145675047988,10,3.24030565053321,3.24181178278903,1.19800113111777,1783,21.4791403288153,8.75103502013217,0.999999999999996,7804.00028155115,50748.4062929153
434,"joint",-4301.43635942301,-4301.99236778285,8.65972880980399,-4.23933918214296,-4.23885963783648,0.0144171157835276,0.0144240310872822,0.309877500969845,0.000479544306479369,0.164437555457355,0.0091459112818043,0.0657376450399589,0.00220958712451164,0.00012985688233556,0.000784274758882857,3.03134138978253,3.03124884590808,-0.292556038227808,10,3.24181178278903,3.24169278587645,1.19889597389387,1752,21.2500498460953,8.61932699949691,1,7803.81985363524,50829.9390320778
435,"joint",-4302.7592794772,-4302.25707879829,8.65949627600393,-4.23885963783648,-4.23772034530646,0.0144240310872822,0.0144404736428145,0.741026180125507,0.00113929253001692,0.274398150255719,0.013499665594253,0.136883678194393,0.00348621505157532,0.000189401945721014,0.00168874409186834,3.03124884590808,3.03101933385,-0.293295022747878,10,3.24169278587645,3.24324004315181,1.2013255196756,1774,22.088603608543,9.26732396769385,0.999999999999998,7803.63057826605,50911.3590278625
436,"joint",-4301.69865632951,-4302.16968861558,8.65888203933556,-4.23772034530646,-4.23733451863882,0.0144404736428145,0.0144460462375979,0.251138927271227,0.000385826667637624,0.179086416788627,0.00993658347213732,0.0709615777726749,0.00278968099557282,0.000154965046541076,0.00110933806278003,3.03101933385,3.03078208613765,-0.294094699420215,10,3.24324004315181,3.24358809740931,1.2032794249654,1750,21.9648456820672,9.26702342862446,1,7803.17892911686,50992.7394690514
437,"joint",-4300.13423263562,-4302.03371693174,8.65863263331429,-4.23733451863882,-4.23699535564737,0.0144460462375979,0.014450946632824,0.220892098762053,0.000339162991455688,0.204074911011162,0.0101271643224713,0.0878892805655087,0.00234303699676873,0.000132100913915779,0.000823826982045051,3.03078208613765,3.03062881628557,-0.294187411067172,10,3.24358809740931,3.24358794531212,1.20472070847983,1762,21.6934339545129,8.99436269127287,1,7802.99367944396,51074.0428230762
438,"joint",-4299.88534923075,-4301.85076662592,8.6584353330395,-4.23699535564737,-4.23618380760012,0.014450946632824,0.014462679030403,0.530299046000064,0.000811548047251413,0.265633274539831,0.0144366257473109,0.0997735977034021,0.00322826746857119,0.000193330421165963,0.00102094015875972,3.03062881628557,3.03028082152747,-0.295052151124255,10,3.24358794531212,3.24386897755452,1.20772453898352,1772,21.4949797305378,9.1652453361943,0.999999999999998,7802.80232203495,51156.2967679501
439,"joint",-4302.56948690851,-4301.94105019311,8.6580032201961,-4.23618380760012,-4.23551734611454,0.014462679030403,0.0144723210616194,0.436463889850554,0.00066646148557722,0.262193713182078,0.0135307621242747,0.110679610528779,0.00340381102979759,0.000189499349276873,0.00123208507368677,3.03028082152747,3.030016146449,-0.295388826192603,10,3.24386897755452,3.24300986312106,1.20967746988582,1753,21.6380828918094,8.61186361593608,1,7802.42552242542,51238.1626598835
440,"joint",-4304.05053018769,-4301.97289055184,8.65767333732443,-4.23551734611454,-4.23538543958359,0.0144723210616194,0.0144742301811953,0.0863927595270362,0.000131906530946888,0.119461286549841,0.00593272923980674,0.0527399699097361,0.00185481824110003,9.10031949028837e-05,0.00112460285465352,3.030016146449,3.02994060326516,-0.295617669774182,10,3.24300986312106,3.24291454510429,1.21039338856951,1768,21.2916484466171,8.59092871702068,1,7802.1106252925,51319.6062848568
441,"joint",-4301.45394097839,-4301.90824300691,8.65761361333777,-4.23538543958359,-4.23438389259749,0.0144742301811953,0.0144887340647574,0.659282533820433,0.001001546986101,0.220394910585803,0.0120734118784662,0.0973189477288708,0.00295235051695595,0.000172342343443315,0.0010415904820454,3.02994060326516,3.02978522871703,-0.296315565418535,10,3.24291454510429,3.24385369817926,1.21208995157278,1758,21.720926775084,8.80564178162964,1,7802.05329887545,51400.9896090031
442,"joint",-4298.19558609299,-4301.7133100014,8.65709080226754,-4.23438389259749,-4.23408355851532,0.0144887340647574,0.014493086178916,0.197788400056208,0.000300334082172419,0.182696944496774,0.00945065503892652,0.0780171709287702,0.00263073421356435,0.00013661087100984,0.00106484670048361,3.02978522871703,3.02966630901662,-0.297380412119019,10,3.24385369817926,3.24447649782105,1.21351092669409,1751,21.6792723850642,9.12796844679,0.999999999999999,7801.6780406651,51482.2298140526
443,"joint",-4305.20669506293,-4301.73535427433,8.65689628511541,-4.23408355851532,-4.23350227481235,0.014493086178916,0.0145015132227319,0.383459329218876,0.000581283702970937,0.162894476764827,0.0078256681118517,0.0775476171266241,0.00204282879032079,0.00010641282996288,0.000889754274852168,3.02966630901662,3.02962991610827,-0.297625391034346,10,3.24447649782105,3.24558541465923,1.21442032903886,1760,21.4031902939864,8.83291395626852,1,7801.53950720616,51563.4121289253
444,"joint",-4302.49617627026,-4301.71992595734,8.65662400841578,-4.23350227481235,-4.2334502700482,0.0145015132227319,0.0145022673901168,0.0343067963908388,5.20047641478384e-05,0.170755680065535,0.00954432075549135,0.0628736249683939,0.00284106026783486,0.000154723104236594,0.000913438810522647,3.02962991610827,3.02943475275615,-0.298480148120632,10,3.24558541465923,3.24547205668841,1.21585936808423,1761,21.9235958769001,9.21479512400531,0.999999999999998,7801.34884670206,51644.6420309544
445,"joint",-4301.67838672871,-4301.77817376849,8.65653218768911,-4.2334502700482,-4.23300123437579,0.0145022673901168,0.0145087808877927,0.296521480749237,0.000449035672408133,0.191697980162644,0.0113059634926609,0.0558521766268638,0.00313405120016202,0.000176833803461719,0.00115470416492527,3.02943475275615,3.02913672884332,-0.299131992304779,10,3.24547205668841,3.24556466648621,1.21814661725753,1767,21.4346305726829,8.98144223713956,1,7801.28576165229,51725.8799920082
446,"joint",-4302.8505512813,-4301.76612158309,8.6562737315564,-4.23300123437579,-4.23246078682853,0.0145087808877927,0.0145166242421071,0.357407816391247,0.000540447547257791,0.21989968791749,0.0121513103579261,0.0891205838409275,0.00286635952671071,0.000168625225962028,0.000903497900894932,3.02913672884332,3.02890323252152,-0.299860909077035,10,3.24556466648621,3.24675236062142,1.22053552553547,1765,21.6729270806894,9.05389702305402,1,7801.05615369566,51807.1677188873
447,"joint",-4302.73806323231,-4301.79863846792,8.65596615829609,-4.23246078682853,-4.23212848778794,0.0145166242421071,0.0145214489039862,0.219876844440418,0.000332299040590236,0.248153849296047,0.0129281431410639,0.0984132486042442,0.00341170924468425,0.000179254722163527,0.00137175295308989,3.02890323252152,3.028593953536,-0.300246288872489,10,3.24675236062142,3.24599213116749,1.22271985622893,1770,21.5569907543041,9.02456126524753,1,7800.80798693621,51888.2953460217
448,"joint",-4302.60281598728,-4301.90076848001,8.6557632478213,-4.23212848778794,-4.2318679845542,0.0145214489039862,0.014525232281154,0.172429249243856,0.000260503233748182,0.150351758745203,0.00804876346132436,0.056179550512066,0.002182752466601,0.000117823138977017,0.000882244615811445,3.028593953536,3.02856446795375,-0.300657849030812,10,3.24599213116749,3.24717566812936,1.22340575439561,1791,21.5885982423623,8.89476776533686,1,7800.58879601457,51969.5767889023
449,"joint",-4300.21574813664,-4301.83530712349,8.65560024964479,-4.2318679845542,-4.23172118319137,0.014525232281154,0.0145273647615699,0.0971795105833378,0.000146801362823442,0.162544692381387,0.00865298264426,0.059597647891038,0.00261529010812049,0.000134602006131776,0.000985320569656092,3.02856446795375,3.02846044883672,-0.301329846643063,10,3.24717566812936,3.24732366408652,1.22425012230037,1759,21.9362070826471,9.01098904940434,0.999999999999998,7800.49803557063,52050.730257988
450,"joint",-4298.03720347797,-4301.66159174369,8.65549203573785,-4.23172118319137,-4.23073830862391,0.0145273647615699,0.0145416503582511,0.653808632461021,0.000982874567464227,0.240348264983019,0.0124020896653689,0.0974749855820927,0.00283433401926277,0.000161003363183745,0.000853657481037245,3.02846044883672,3.0282289118937,-0.301237394960539,10,3.24732366408652,3.24711969434804,1.22608467486064,1763,21.6197380360255,8.798076148764,0.999999999999996,7800.42224083954,52131.8457820415
451,"joint",-4304.79759121209,-4301.83639101811,8.65505043343441,-4.23073830862391,-4.23011984088764,0.0145416503582511,0.0145506466815109,0.412194115381386,0.000618467736266587,0.246191380597606,0.0137957974852326,0.10419739862076,0.00327133540497123,0.000193661840843456,0.00105984743030336,3.0282289118937,3.02788032058018,-0.301812365801746,10,3.24711969434804,3.24663320235743,1.22863325159942,1794,21.7624109839464,9.16167655419771,1,7800.0274516308,52213.7953939438
452,"joint",-4299.5633267494,-4301.75307537353,8.65471637508072,-4.23011984088764,-4.22984843432544,0.0145506466815109,0.0145545963584644,0.180952711692655,0.000271406562204225,0.174271720429128,0.00897051378536222,0.0619983492303213,0.0023101477135589,0.000119624056667795,0.0008723555486871,3.02788032058018,3.02780455358312,-0.30192672348753,10,3.24663320235743,3.24786964413053,1.22980049950577,1752,21.6987292876796,8.90833178912387,1,7799.70601048344,52295.5232179165
453,"joint",-4303.77598054613,-4301.80729799743,8.65458045618274,-4.22984843432544,-4.22935811662377,0.0145545963584644,0.0145617344845314,0.327299242079767,0.00049031770166911,0.178534665529276,0.00806817261025563,0.0824103189720839,0.00177704644646315,9.3809196992801e-05,0.000662429246979748,3.02780455358312,3.02765213926017,-0.301963634334826,10,3.24786964413053,3.2477463063453,1.23116087213543,1764,21.6318379416569,9.00161502180291,1,7799.60137957512,52376.9335200787
454,"joint",-4303.41964999844,-4301.90646252621,8.65439270957205,-4.22935811662377,-4.2287508613753,0.0145617344845314,0.0145705798596523,0.406107428804966,0.000607255248465665,0.201417291243457,0.0109002520463604,0.0933404881921874,0.00277102624515652,0.000155734202291718,0.00100508815845965,3.02765213926017,3.02740131715152,-0.301773967504327,10,3.2477463063453,3.24783556430307,1.23305985731246,1762,21.4631130138766,8.97675017719342,1,7799.39526728249,52458.1337609291
455,"joint",-4300.81785817449,-4301.80939146107,8.65409251559507,-4.2287508613753,-4.22811932644959,0.0145705798596523,0.0145797845959719,0.423189441957482,0.000631534925713957,0.237863837079965,0.0133302114495032,0.0951884642369786,0.00327096068173047,0.000189011813823539,0.00118648403933263,3.02740131715152,3.02706763440405,-0.30296045154366,10,3.24783556430307,3.24826162998477,1.23582564654725,1779,21.752799637367,9.20308508877657,1,7799.11899235564,52539.3651330471
456,"joint",-4304.9390102992,-4301.97140915956,8.65373850130468,-4.22811932644959,-4.22738963680768,0.0145797845959719,0.0145904271961981,0.490269543767458,0.000729689641904709,0.201136603964424,0.010821676723119,0.0853730917262853,0.00267025213399395,0.000151954011038649,0.0010050565809834,3.02706763440405,3.02681290722006,-0.30331791944399,10,3.24826162998477,3.24849427155751,1.23790733345806,1767,21.4696798692006,8.98639374384677,1,7798.81789823126,52620.504117012
457,"joint",-4301.19210139094,-4302.02430259732,8.65335447882143,-4.22738963680768,-4.22570074651473,0.0145904271961981,0.0146150896472848,1.15128282133439,0.00168889029295249,0.379072578363212,0.0172090203511784,0.224603239191936,0.00387385737868909,0.000206473295374585,0.00151556978397251,3.02681290722006,3.02652931258066,-0.303820264821483,10,3.24849427155751,3.24944271259947,1.24087146565939,1784,21.8307640105331,9.21230676447651,1,7798.48740522728,52701.6203949451
458,"joint",-4301.73920948874,-4302.11699561022,8.65252939712965,-4.22570074651473,-4.22565546909533,0.0146150896472848,0.0146157513958094,0.0308650299518777,4.52774194043807e-05,0.159374508010948,0.00760771276136595,0.0768830367222375,0.00247883563083897,0.000119582044250905,0.00126982770679562,3.02652931258066,3.02666507521645,-0.303850390387544,10,3.24944271259947,3.25121824301752,1.24049597616871,1763,22.1997705027688,9.35671667356885,1.00000000000001,7797.83263250325,52782.7928569317
459,"joint",-4301.99514260044,-4302.08827839482,8.65244670736418,-4.22565546909533,-4.22465856695453,0.0146157513958094,0.0146303291347474,0.682977504886112,0.00099690214079294,0.306554006112454,0.016378610488015,0.126655471319497,0.0036464573495863,0.000209668897816485,0.00133839207733456,3.02666507521645,3.02628767120038,-0.304643211290518,10,3.25121824301752,3.25104794034184,1.24358029034614,1758,21.6723096752816,9.07608499657804,1.00000000000001,7797.84659378543,52863.921200037
460,"joint",-4300.81575080531,-4301.9265394257,8.65193218433569,-4.22465856695453,-4.22414713070123,0.0146303291347474,0.0146378135291969,0.350844045913023,0.000511436253305761,0.174486352317919,0.010184043105351,0.0568720374675612,0.00260631209370122,0.000148812045733332,0.00115922647079565,3.02628767120038,3.02624265386767,-0.305325450229801,10,3.25104794034184,3.25274059420031,1.24463785662119,1780,21.5941012446744,8.81229944016088,1,7797.38545726124,52945.0188908577
461,"joint",-4298.78239329598,-4301.79296204158,8.65164918112626,-4.22414713070123,-4.22381377956346,0.0146378135291969,0.0146426938743804,0.228805245749234,0.000333351137768173,0.2607831454932,0.0148358040835489,0.0884175836425583,0.00355448070163878,0.000209286311816996,0.00122862479233325,3.02624265386767,3.02589580602105,-0.305772872299105,10,3.25274059420031,3.25207921982214,1.2471682823565,1762,21.7793698373218,9.09715303571896,0.999999999999999,7797.20201271054,53026.0546748638
462,"joint",-4301.7317695782,-4301.96977121584,8.65146144915942,-4.22381377956346,-4.22274289594606,0.0146426938743804,0.014658382894423,0.739283350755483,0.00107088361739775,0.253367678046475,0.0131524365493381,0.118954608262524,0.00301323648892954,0.000172584668857473,0.00100913819647741,3.02589580602105,3.02565687025308,-0.306176033179259,10,3.25207921982214,3.25281529778958,1.24952736596626,1777,21.6391925840692,9.13768305579371,0.999999999999997,7796.97167036232,53108.0996558666
463,"joint",-4301.23132479937,-4301.77100270266,8.65091545933447,-4.22274289594606,-4.2222522984349,0.014658382894423,0.0146655760249104,0.339091781845231,0.000490597511165102,0.259809985610996,0.0128450443136676,0.109063610487262,0.0029559392664287,0.000162799273086908,0.00126144114014881,3.02565687025308,3.02539280665479,-0.306502102946429,10,3.25281529778958,3.25243796224078,1.25158061268821,1788,21.7103876385028,9.12172896806536,1,7796.53653753971,53189.7071650028
464,"joint",-4298.78253141735,-4301.58532046002,8.65063875417235,-4.2222522984349,-4.22218152246427,0.0146655760249104,0.014666614032021,0.0489202463669969,7.07759706317835e-05,0.144925938460308,0.00776139638831298,0.0760055836088684,0.00207026197241894,0.000112237077565002,0.000957507597680642,3.02539280665479,3.02531560364707,-0.30687911347894,10,3.25243796224078,3.25339009210249,1.25238206568306,1790,21.6201765277657,9.17836586762527,1,7796.25865397431,53270.8198759556
465,"joint",-4299.26233666948,-4301.46451795705,8.65057706825687,-4.22218152246427,-4.22187020261892,0.014666614032021,0.0146711807508514,0.215288171284232,0.000311319845347894,0.152999507471747,0.00769163046767915,0.062197087766035,0.00219870575440182,0.000111352464028818,0.00087204853131512,3.02531560364707,3.02518499833698,-0.307243427376937,10,3.25339009210249,3.25397278576434,1.25361125692564,1761,21.8664943890393,9.27042302438457,1,7796.22864798965,53351.9486000538
466,"joint",-4305.33969789135,-4301.58897528756,8.65040691919231,-4.22187020261892,-4.22199430449503,0.0146711807508514,0.0146693601427682,-0.0858272417549093,-0.000124101876113416,0.14275248831748,0.00724504199508514,0.0608283500326758,0.00196371241051776,0.000103057350493425,0.000968127079869858,3.02518499833698,3.02521311519641,-0.307154524817755,10,3.25397278576434,3.25388870075925,1.25361970078058,1732,21.9805511000853,9.18483984810682,0.999999999999998,7796.0963830001,53433.189770937
467,"joint",-4297.50359307505,-4301.32725177969,8.65048574316139,-4.22199430449503,-4.22139923762108,0.0146693601427682,0.0146780919908103,0.412271085186495,0.000595066873947831,0.194084021855058,0.00991469498409427,0.085484749165595,0.00234661897547254,0.000128087695307204,0.000892570983655682,3.02521311519641,3.02525227963307,-0.307396644698155,10,3.25388870075925,3.25540964605307,1.25414826841849,1789,21.755997912921,9.29420789547023,1,7796.15872519609,53514.3271360397
468,"joint",-4300.33008127966,-4301.21361504431,8.6501336267689,-4.22139923762108,-4.22113182155703,0.0146780919908103,0.0146820176732702,0.185336063549646,0.000267416064059125,0.185776868355173,0.0101798240295671,0.0707227702590599,0.00252360037399838,0.000142497517142596,0.00109764847059944,3.02525227963307,3.02507654492904,-0.307469927068767,10,3.25540964605307,3.25515898892814,1.25548789740352,1769,21.6775908897663,8.92121616451833,1,7795.94406529836,53595.4676680565
469,"joint",-4302.33418659077,-4301.31953696702,8.64999021464923,-4.22113182155703,-4.22067023423495,0.0146820176732702,0.0146887962708277,0.320250242952547,0.000461587322076202,0.190452036841162,0.0103969624934874,0.0801114832202077,0.00246987958057496,0.000142976005169982,0.000753713287398633,3.02507654492904,3.02504981461123,-0.308081716867323,10,3.25515898892814,3.25646321797204,1.2562170520619,1744,21.9780160958515,8.98552400670101,1,7795.80845707365,53676.3313779831
470,"joint",-4303.49496227731,-4301.59242490699,8.64973313488808,-4.22067023423495,-4.2201868200092,0.0146887962708277,0.0146958987604881,0.335786371986444,0.000483414225751042,0.151851777655064,0.0073566421323613,0.085577561659002,0.00181764593501842,9.7638166291975e-05,0.000764160065117465,3.02504981461123,3.02502705081441,-0.308350522340668,10,3.25646321797204,3.25746295800527,1.25696740495098,1768,22.0334999949869,8.90251704670033,1,7795.65564568888,53757.2305309772
471,"joint",-4301.02158292068,-4301.40362449241,8.64947231697929,-4.2201868200092,-4.21998838958201,0.0146958987604881,0.014698815163299,0.137859730364735,0.000198430427184724,0.231343575968041,0.0124967786107971,0.08861058476344,0.00318703012599502,0.000176995494837585,0.00130392067024797,3.02502705081441,3.02515063441205,-0.308934172297363,10,3.25746295800527,3.25955465525955,1.25721003199271,1774,21.5412948161679,9.10256362403728,1,7795.48643665096,53838.2696969509
472,"joint",-4303.82316593809,-4301.61661645185,8.64931707803034,-4.21998838958201,-4.21944777778762,0.014698815163299,0.014706763664473,0.37614062331559,0.000540611794392358,0.250714420318332,0.0107479138034284,0.132562419606734,0.00232393109881937,0.000117804439689892,0.001041273965702,3.02515063441205,3.02501430736927,-0.308981869356687,10,3.25955465525955,3.26002321613894,1.25873315188665,1766,21.7109767709586,8.98467777077998,0.999999999999997,7795.4405292713,53919.36419487
473,"joint",-4302.7384374204,-4301.56473929556,8.64902293750916,-4.21944777778762,-4.21909122287268,0.014706763664473,0.0147120083682974,0.248237500042758,0.00035655491494344,0.213342546979833,0.011227377326364,0.0989751352518841,0.00286410549625811,0.000157524519739974,0.00132325208025181,3.02501430736927,3.02492096803452,-0.308885911933757,10,3.26002321613894,3.26093544229923,1.26001555391987,1765,21.3924237401297,8.83411428240567,1,7795.17988874951,54000.4193029404
474,"joint",-4301.07554090981,-4301.44753384113,8.64879157892416,-4.21909122287268,-4.21856267171709,0.0147120083682974,0.0147197864727034,0.368498287058742,0.000528551155585258,0.260115044771876,0.0121721367235279,0.144585965664076,0.00282240162716686,0.00015401692917885,0.00118787379664356,3.02492096803452,3.02497016410648,-0.308884106399413,10,3.26093544229923,3.26181869084191,1.26048151902364,1762,22.1949881282387,9.15953811324741,0.999999999999995,7795.00139542554,54081.5697240829
475,"joint",-4299.62051757018,-4301.38766681092,8.64850709500448,-4.21856267171709,-4.21846425358733,0.0147197864727034,0.0147212352378498,0.0686190322498951,9.84181297635624e-05,0.159392466699223,0.00870504785777775,0.0529110081010818,0.00238763696423034,0.000127898528744117,0.000833336842548091,3.02497016410648,3.02479228653407,-0.309273593458246,10,3.26181869084191,3.26238342676329,1.26213687979877,1751,21.5534162320543,9.01269624602548,1,7794.80320286164,54162.5962729454
476,"joint",-4298.53766154823,-4301.06759937337,8.64838070953611,-4.21846425358733,-4.21770131180347,0.0147212352378498,0.0147324709688821,0.533492778885692,0.000762941783859935,0.271274769623554,0.0139873781444723,0.114655421096966,0.0042079193891474,0.000213817856236841,0.00170718235609243,3.02479228653407,3.02449381427768,-0.310763513992697,10,3.26238342676329,3.26392370173052,1.2648772183552,1757,21.8693938720503,8.53537144698644,0.999999999999998,7794.70801019731,54243.7366509438
477,"joint",-4303.31371100279,-4301.17367985396,8.64794645255308,-4.21770131180347,-4.21715928779734,0.0147324709688821,0.0147404584863344,0.379572344705931,0.000542024006132739,0.257492589268852,0.0120111751373044,0.104878531467404,0.00262077987042051,0.000139738999444771,0.001140486509514,3.02449381427768,3.02430202992875,-0.310934958947472,10,3.26392370173052,3.26342573893796,1.26650534148823,1756,21.8271627982727,8.95113240952593,1,7794.39467313974,54324.8520979881
478,"joint",-4298.45751586228,-4301.00959517264,8.64770158267056,-4.21715928779734,-4.21681185633101,0.0147404584863344,0.0147455806751939,0.243448702291039,0.000347431466328379,0.196237700918053,0.00876587438932032,0.118994562039722,0.00194997432172496,0.00010092433780418,0.00092538295586358,3.02430202992875,3.02415575350985,-0.311193140798946,10,3.26342573893796,3.26377825657066,1.26808747346978,1768,21.8089838205087,8.99719790707822,0.999999999999998,7794.1249667892,54405.8398458958
479,"joint",-4300.37761118773,-4300.928718602,8.64749063557283,-4.21681185633101,-4.2162589530635,0.0147455806751939,0.014753735809223,0.388018391818575,0.000552903267512898,0.211255816193647,0.0109506788876882,0.0943131149855907,0.00244822404360265,0.000139783378689172,0.000934144608010276,3.02415575350985,3.02396228585714,-0.311797387085913,10,3.26377825657066,3.26368263969611,1.26980014205686,1775,21.3787108094362,9.00739691430223,1,7793.92848984249,54486.800162077
480,"joint",-4302.30726024636,-4301.00329407405,8.64717792878016,-4.2162589530635,-4.21540488587584,0.014753735809223,0.0147663418733196,0.601568290321697,0.000854067187658685,0.217849977904193,0.0114562488102677,0.106021660085809,0.00279429563241827,0.000157560095239221,0.000863789213585334,3.02396228585714,3.02378336656981,-0.312661176299498,10,3.26368263969611,3.26474464957777,1.27179979537679,1752,22.0012611417632,9.17534502363296,1,7793.66719494563,54567.8550510406
481,"joint",-4299.68340680471,-4301.04834474949,8.64672911149836,-4.21540488587584,-4.21478813354095,0.0147663418733196,0.0147754518581612,0.435242471902725,0.000616752334887347,0.215277435634743,0.0105824595906918,0.095130534295071,0.00223972661119139,0.000128166552808407,0.000763295800371485,3.02378336656981,3.02363762590389,-0.313039950614302,10,3.26474464957777,3.26585318643893,1.27360802164864,1782,21.9883324652559,8.96896539973813,0.999999999999998,7793.32328771122,54648.8871610165
482,"joint",-4298.83696018401,-4300.90360427978,8.64635939991615,-4.21478813354095,-4.2137838153661,0.0147754518581612,0.0147902985671659,0.712349584570827,0.00100431817484949,0.271646677082848,0.0152506751888839,0.117028055589207,0.00351616314268714,0.000206836212024763,0.0010881715576127,3.02363762590389,3.02328721144424,-0.313796391161417,10,3.26585318643893,3.26660245256061,1.27657276579745,1760,22.1042499000313,9.23480260467754,1,7793.0360640903,54729.9387729168
483,"joint",-4297.36618853846,-4300.71034746674,8.64583956826695,-4.2137838153661,-4.21354322730181,0.0147902985671659,0.0147938573645534,0.170695337310373,0.000240588064294879,0.141670042206069,0.00748315292876431,0.0536067333627569,0.00194437482030696,0.000104367830022624,0.000743053592837656,3.02328721144424,3.02317620694759,-0.313993383596232,10,3.26660245256061,3.26700341876135,1.27750405812608,1782,21.6583080010348,9.3402880644327,1,7792.59851468447,54810.9424190521
484,"joint",-4299.72626378287,-4300.75753408501,8.64574268410208,-4.21354322730181,-4.21339660005259,0.0147938573645534,0.0147960267062025,0.104042063718896,0.000146627249220363,0.194076797848057,0.010524512955003,0.0856395317732931,0.00247281608249065,0.000139356342837348,0.00091913263577949,3.02317620694759,3.0229563679731,-0.314465403390352,10,3.26700341876135,3.26763352185867,1.27940030113953,1776,22.0643107197529,9.55865437994852,0.999999999999999,7792.51370020221,54891.9593839645
485,"joint",-4297.04222749354,-4300.64652862621,8.64560768081971,-4.21339660005259,-4.21294162701525,0.0147960267062025,0.014802760031038,0.323169147629451,0.000454973037335159,0.190080653841812,0.00835211564076592,0.114107670055646,0.00206853405050815,0.000104384015758945,0.000880734694379953,3.0229563679731,3.02285225506223,-0.314767479921032,10,3.26763352185867,3.26795353773495,1.28058278424966,1753,21.7131368040087,9.16613603478859,1.00000000000001,7792.38510426824,54973.0259809494
486,"joint",-4300.27098583147,-4300.39309302322,8.64534937366561,-4.21294162701525,-4.21275361282608,0.014802760031038,0.014805543421613,0.133570832363109,0.000188014189167332,0.182006367714754,0.00991101783452617,0.0674178494899409,0.00248798912132525,0.000137699778483729,0.000862912027340438,3.02285225506223,3.02280202705655,-0.315630391948372,10,3.26795353773495,3.268962141137,1.28150716446774,1767,21.6358545016694,9.02944131257427,1,7792.1842365045,55054.0363409519
487,"joint",-4302.0447783586,-4300.6201522874,8.64519728124701,-4.21275361282608,-4.21251302218634,0.014805543421613,0.0148091059253118,0.170972185332333,0.000240590639741442,0.151535149699351,0.00711621446805044,0.0719967700762088,0.00198365002973986,9.51913730825426e-05,0.000988052883400158,3.02280202705655,3.02270415069255,-0.316380923109443,10,3.268962141137,3.26953915656183,1.28263402113972,1787,21.9266377606282,8.95012610217669,1,7792.08343907816,55135.0957150459
488,"joint",-4300.22081666902,-4300.61468905687,8.64506108436204,-4.21251302218634,-4.21172758644102,0.0148091059253118,0.0148207420955957,0.55988798620048,0.000785435745321595,0.220131603209926,0.01018623427565,0.105577075241073,0.00240926145859942,0.000123752290732841,0.00114086082440245,3.02270415069255,3.02256672184746,-0.316547171946078,10,3.26953915656183,3.27061290754037,1.28431306141091,1748,21.7123253348406,9.37931245212009,0.999999999999999,7791.9853632072,55216.0665569305
489,"joint",-4301.58147419776,-4300.57705343721,8.64461858333471,-4.21172758644102,-4.21127719429658,0.0148207420955957,0.0148274187448527,0.321382504536809,0.000450392144444086,0.155519418744184,0.0077913213128681,0.0721645495935693,0.00189246650981689,0.000104160377524543,0.0006382809718358,3.02256672184746,3.02243542042231,-0.316807902913905,10,3.27061290754037,3.27117298120217,1.28562837641968,1754,21.8141872196128,9.14636405907548,0.999999999999999,7791.64180687695,55297.0857179165
490,"joint",-4303.86507720802,-4300.59555918375,8.64439732338016,-4.21127719429658,-4.21082690800199,0.0148274187448527,0.0148340968317103,0.321633207726971,0.000450286294590608,0.211533870269425,0.0105798660623952,0.0888262086868067,0.00216951538687601,0.000123415937397897,0.000750978450997532,3.02243542042231,3.02235592089188,-0.317057211763779,10,3.27117298120217,3.27197238941266,1.28686827809675,1765,22.161435389464,9.20709265274128,0.999999999999999,7791.45543711147,55378.350080967
491,"joint",-4300.88179636873,-4300.58856985615,8.64412729161831,-4.21082690800199,-4.21034775977317,0.0148340968317103,0.0148412062660337,0.342642434459756,0.000479148228816891,0.133468893188506,0.0066596028686487,0.0623726280837169,0.00150399785412871,8.45808802257639e-05,0.000561996954784905,3.02235592089188,3.02221190220978,-0.31759702728724,10,3.27197238941266,3.27214039229664,1.28810947181593,1761,21.9790011405451,9.32668574497981,1,7791.23744485805,55459.3943369389
492,"joint",-4300.12092286304,-4300.4034577024,8.64387813289772,-4.21034775977317,-4.20984156829206,0.0148412062660337,0.0148487206599155,0.362445908817684,0.000506191481104395,0.192568024400009,0.00930067448149099,0.102586613721587,0.00202416786518864,0.000110119944807478,0.000837362756940609,3.02221190220978,3.02211246518029,-0.317878612050609,10,3.27214039229664,3.27314462494226,1.28940695377561,1755,21.9533454624266,9.24110926720226,1,7791.03442741571,55540.3887770176
493,"joint",-4300.84633337929,-4300.30885250034,8.64356707384589,-4.20984156829206,-4.20931687595273,0.0148487206599155,0.0148565137141938,0.376211206936176,0.000524692339330604,0.253623717508354,0.0131888123253856,0.0996798410666331,0.0029184485426259,0.000164382164621447,0.00112509101885212,3.02211246518029,3.02184039624356,-0.318006543434441,10,3.27314462494226,3.27349543491842,1.29177369865576,1762,21.5028262724574,8.92366604840365,0.999999999999999,7790.80029102723,55621.3676769733
494,"joint",-4301.30167159039,-4300.32015903437,8.64325937492643,-4.20931687595273,-4.20901350009968,0.0148565137141938,0.0148610215054582,0.21762458869768,0.000303375853053163,0.213747059881336,0.011556044588383,0.0928050271435931,0.00276913643332176,0.000154150597345564,0.0010219309092874,3.02184039624356,3.02183239047356,-0.318592266697663,10,3.27349543491842,3.27450301226202,1.29241189908851,1779,22.1906033905928,9.07770100104229,0.999999999999998,7790.507737362,55703.7574269772
495,"joint",-4304.53694212566,-4300.56598026215,8.643023780944,-4.20901350009968,-4.20827346797689,0.0148610215054582,0.0148720232090546,0.532316581195436,0.000740032122790969,0.284444830087601,0.0156775080926093,0.102049100880854,0.00337617947777598,0.000199262907755444,0.0011016694525074,3.02183239047356,3.02149291102385,-0.318782356673261,10,3.27450301226202,3.27423000032925,1.2950497854386,1774,21.8938337530978,8.98152171333111,0.999999999999999,7790.38323774418,55785.4797210693
496,"joint",-4301.45807779403,-4300.71200107444,8.6426533878945,-4.20827346797689,-4.20751014842256,0.0148720232090546,0.0148833796489275,0.550674205681736,0.000763319554332714,0.190319116626208,0.0105918620687882,0.0805420927090172,0.00263174434587187,0.000146908064835474,0.00115945800836166,3.02149291102385,3.02129542540637,-0.319421475164119,10,3.27423000032925,3.27486788782392,1.29694187175296,1769,21.8186210540785,9.17220036800474,1,7790.0185592034,55866.6734468937
497,"joint",-4301.59925067292,-4300.62627805794,8.64226386645711,-4.20751014842256,-4.20734990258964,0.0148833796489275,0.0148857648395993,0.11561943921062,0.000160245832919504,0.1876793159953,0.00967484049747177,0.0819531478910169,0.00200525997948844,0.000116199336814673,0.000635677757134205,3.02129542540637,3.02131968218069,-0.319775245281288,10,3.27486788782392,3.27584757409982,1.29743528578499,1766,21.7681838364652,8.93579525938879,0.999999999999998,7789.70268871687,55947.8489999771
498,"joint",-4299.11359858911,-4300.65908219429,8.64214930577462,-4.20734990258964,-4.20678369289436,0.0148857648395993,0.0148941956905627,0.409184047033295,0.000566209695277995,0.244291261463203,0.0116470576617302,0.133058818083649,0.00254833428743053,0.000142730421584918,0.000879201339872601,3.02131968218069,3.02135633812775,-0.319727692286869,10,3.27584757409982,3.27672209146879,1.29790490031543,1767,21.9593763028709,9.24526808750437,1,7789.6207260487,56028.8813199997
499,"joint",-4300.81902186751,-4300.68115272827,8.64181025332319,-4.20678369289436,-4.2062626808235,0.0148941956905627,0.0149019577681956,0.37703305971186,0.00052101207085583,0.200547376635268,0.00997732541137298,0.0809895281476764,0.00235743169522568,0.000123540876782054,0.00101272639377289,3.02135633812775,3.02123908454939,-0.32007672515292,10,3.27672209146879,3.27679907947471,1.29910155017043,1765,21.953969030858,8.92390145025893,1,7789.38726184635,56110.0152320862
500,"joint",-4304.24557672176,-4300.77806855204,8.6415204039463,-4.2062626808235,-4.20552411546469,0.0149019577681956,0.0149129679033334,0.535930305191813,0.000738565358812205,0.250408269902891,0.0115179186655864,0.108056199423247,0.00241748146192149,0.000130227639698837,0.00100129771211764,3.02123908454939,3.02101684898315,-0.320335893592119,10,3.27679907947471,3.27713064122734,1.30113715567082,1738,22.1457893881816,9.3773137227561,1,7789.15604390097,56191.0891330242
501,"joint",-4300.84185719926,-4300.83599107177,8.64117192039057,-4.20552411546469,-4.20516158353493,0.0149129679033334,0.0149183753104855,0.263239603287332,0.000362531929758776,0.212622662757354,0.0115218236353263,0.0723506064746892,0.00292985125505691,0.000158995059294224,0.00112005646977255,3.02101684898315,3.02078842429188,-0.321167412502988,10,3.27713064122734,3.27725916730225,1.30304542516758,1770,21.7833406603545,8.9859640595147,1,7788.82398198793,56272.0879690647
502,"joint",-4301.30251968073,-4300.95926904661,8.64099959172815,-4.20516158353493,-4.20484408264978,0.0149183753104855,0.0149231126598681,0.230658208639414,0.000317500885151494,0.155658865548302,0.00790705206072431,0.0738221192274708,0.00186134529333548,9.95892162303487e-05,0.000757618063587227,3.02078842429188,3.02068453396464,-0.321633825443623,10,3.27725916730225,3.27791775426694,1.30421023121981,1755,21.9434062593096,8.94805249841458,1,7788.63331021432,56353.1909029484
503,"joint",-4301.72956718592,-4301.17743797898,8.64080305232393,-4.20484408264978,-4.20415515143856,0.0149231126598681,0.0149333972002117,0.501687090914623,0.000688931211217183,0.18453577742422,0.0100275181583432,0.0864696703921184,0.00225694962344901,0.000131687451133438,0.000692988547936519,3.02068453396464,3.02049793055817,-0.322169748479251,10,3.27791775426694,3.27857776528112,1.30601932518277,1761,21.8838772203204,9.22889548776735,1,7788.48554147937,56434.1303200722
504,"joint",-4302.74753901817,-4301.32850174075,8.64043635842556,-4.20415515143856,-4.20328694088947,0.0149333972002117,0.0149463681631433,0.634636663007563,0.000868210549091139,0.222569414363132,0.00937326931636645,0.131914788799288,0.00212149207691349,0.000113617032437923,0.000867074340777524,3.02049793055817,3.02042327185371,-0.322540245816464,10,3.27857776528112,3.27991424485002,1.30724351228371,1770,22.07042790658,9.1649955434518,1,7788.19494873865,56515.2618188858
505,"joint",-4298.36952435414,-4301.39486658378,8.63998971756114,-4.20328694088947,-4.20235481884631,0.0149463681631433,0.0149603064974785,0.684333513350219,0.00093212204316195,0.335672090391176,0.0185280370338725,0.113310204841349,0.00392510053969924,0.000228114478792377,0.00147079882570061,3.02042327185371,3.02001266579189,-0.323363893609971,10,3.27991424485002,3.2796988053293,1.31054922499543,1750,21.644623664768,8.9447397335226,1,7787.87919303374,56596.3223850727
506,"joint",-4301.97726353572,-4301.48018046899,8.63947506254351,-4.20235481884631,-4.20150915583883,0.0149603064974785,0.0149729632261733,0.62309011697785,0.000845663007479893,0.249439492508983,0.0123383279228305,0.115914566956358,0.00283522456064602,0.000156135732203673,0.00112765880204387,3.02001266579189,3.01979257027048,-0.323932898767769,10,3.2796988053293,3.28032383146221,1.31252894785768,1769,21.8575203022534,9.27602860936482,1,7787.40769430918,56677.6156458855
507,"joint",-4302.47187197622,-4301.50153514987,8.63904573915583,-4.20150915583883,-4.20084020137985,0.0149729632261733,0.0149829828076358,0.493996642548713,0.000668954458978689,0.24628641725106,0.013641436438434,0.103469115324836,0.00292780473866006,0.000174020025321111,0.00105388063468389,3.01979257027048,3.01949576281862,-0.32445373486366,10,3.28032383146221,3.28080535435117,1.31510805750517,1766,21.9548043294514,9.40348560644504,0.999999999999998,7787.03132501431,56759.3854880333
508,"joint",-4298.05649892318,-4301.39331926258,8.63867727272389,-4.20084020137985,-4.20078943421915,0.0149829828076358,0.01498374347044,0.0374900410419727,5.0767160699839e-05,0.25006452753798,0.0131912055533739,0.120236562885656,0.00297830741519363,0.000168706457581488,0.000998862157833526,3.01949576281862,3.01950591609939,-0.323633068122621,10,3.28080535435117,3.28027097760284,1.31534462623581,1764,21.8595234644408,8.98233441518962,1.00000000000001,7786.69728930705,56840.582777977
509,"joint",-4299.63369649263,-4301.29593037732,8.63865757084435,-4.20078943421915,-4.20056662569335,0.01498374347044,0.014987082348185,0.164578338154933,0.000222808525804697,0.157559407571019,0.00826984591229555,0.0804945155535314,0.00192295874659369,0.000108687220992277,0.000731517518515106,3.01950591609939,3.01942693012582,-0.324364585641136,10,3.28027097760284,3.28056426730096,1.31628436023335,1754,22.2494882330474,9.23650714910693,1,7786.63394777837,56921.7374579906
510,"joint",-4302.30000745367,-4301.2176768896,8.63852647233376,-4.20056662569335,-4.19975304642567,0.014987082348185,0.014999280489071,0.602952139394443,0.000813579267680871,0.259464355956243,0.0116091301844428,0.122388343270513,0.00242446494335421,0.000126626425931654,0.000876064890422641,3.01942693012582,3.01931675673182,-0.324698839677059,10,3.28056426730096,3.28189145005315,1.31788212163476,1771,21.8251882112572,8.86803578986573,0.999999999999999,7786.53462638845,57003.337528944
511,"joint",-4304.03144947947,-4301.37515954514,8.63809861221745,-4.19975304642567,-4.19924168506083,0.014999280489071,0.0150069525030321,0.379471743684358,0.000511361364841854,0.187420261574089,0.00800002634571152,0.105139576139962,0.0018997546151105,9.46289742733188e-05,0.000696165886581234,3.01931675673182,3.0192899576892,-0.324578067272433,10,3.28189145005315,3.28311063868514,1.31877090680778,1769,22.2367679500232,9.26310461281856,1,7786.18749993537,57085.0126290321
512,"joint",-4301.68259521978,-4301.45324316298,8.63781059949051,-4.19924168506083,-4.19831784843798,0.0150069525030321,0.015020822881347,0.688506357084151,0.000923836622849617,0.228591640235281,0.0126762575492009,0.0907494214731412,0.00289460346719226,0.000166458910507538,0.0010132377354269,3.0192899576892,3.01910395612062,-0.32559130500786,10,3.28311063868514,3.28464452864087,1.32083015111328,1760,22.3460104156955,9.36514557886945,1,7785.97757558347,57166.3087260723
513,"joint",-4301.9981860664,-4301.51083579733,8.63726772397618,-4.19831784843798,-4.19740968321477,0.015020822881347,0.0150344704665049,0.679635453575982,0.000908165223211268,0.247140022993837,0.0123161885307506,0.121948990090306,0.00249393408860579,0.000142232909999863,0.000965550644838293,3.01910395612062,3.01886633745084,-0.325793779373893,10,3.28464452864087,3.28477023605239,1.32298096030455,1770,22.0985535818111,9.45019670647232,1,7785.57494461802,57247.7805769444
514,"joint",-4304.9252384758,-4301.6920141416,8.63682780355767,-4.19740968321477,-4.19700047501113,0.0150344704665049,0.0150406239541001,0.306492189203956,0.000409208203636229,0.286284599722974,0.01482575655538,0.1011998120816,0.00450251665872751,0.000225989204759086,0.00185585389728848,3.01886633745084,3.01880449523817,-0.326683462538995,10,3.28477023605239,3.28799860668262,1.32457382641486,1777,22.0184461611013,9.4154749654877,1,7785.17893897403,57330.502063036
515,"joint",-4300.6041441548,-4301.49537424306,8.63644481891457,-4.19700047501113,-4.19684249076962,0.0150406239541001,0.0150430003233768,0.118343130552614,0.00015798424150648,0.255395048792041,0.0138474813042226,0.106103726312487,0.0032074539134372,0.000181334980933223,0.00112909654218275,3.01880449523817,3.01848319377943,-0.326842619690461,10,3.28799860668262,3.28671823846515,1.32654009317623,1753,22.7155807389661,9.57336980675746,0.999999999999998,7785.00329042352,57411.8947529793
516,"joint",-4301.58858591358,-4301.50189964904,8.63635307168155,-4.19684249076962,-4.19642364831402,0.0150430003233768,0.0150493022902453,0.314022853024132,0.000418842455600963,0.243068960181573,0.0135764527609365,0.0814132168388874,0.003275268611826,0.000181245978678943,0.00110721766322608,3.01848319377943,3.01830339203029,-0.327517793580201,10,3.28671823846515,3.28754233954309,1.32809682861493,1776,22.1145453881493,9.24189557779385,0.999999999999998,7784.81777255537,57493.0969030857
517,"joint",-4303.56469614823,-4301.6001719228,8.63612427995702,-4.19642364831402,-4.19631438945203,0.0150493022902453,0.0150509466497161,0.0819206055880775,0.000109258861991305,0.145992051220307,0.00823591379742635,0.0554093606616592,0.00201502049334345,0.000113063715536261,0.000814604113456581,3.01830339203029,3.01823063880511,-0.327873350625974,10,3.28754233954309,3.28805512497749,1.32875135608574,1779,22.2598242305465,9.38713798498502,0.999999999999998,7784.65642006606,57573.9552619457
518,"joint",-4303.86675827189,-4301.83782990694,8.63606972767502,-4.19631438945203,-4.19605974487609,0.0150509466497161,0.0150547797796655,0.19099049910727,0.000254644575945461,0.118843742086349,0.00615415072444371,0.0469621626493431,0.00148697616339127,7.88484489937568e-05,0.000655646281045498,3.01823063880511,3.01815494856543,-0.328136011780097,10,3.28805512497749,3.28835042166341,1.3295249533757,1765,22.2691043173577,9.40930178295566,1,7784.62448801843,57655.3806049824
519,"joint",-4299.81962717986,-4301.78786017256,8.63594235263907,-4.19605974487609,-4.19477623531309,0.0150547797796655,0.0150741151393865,0.970696609840065,0.00128350956299093,0.412515383404794,0.0198764499096904,0.180608484554413,0.00390727588956629,0.000222274914657626,0.00149282641650588,3.01815494856543,3.01780091005275,-0.328565060979314,10,3.28835042166341,3.28981667787509,1.33305092468229,1755,22.1277416220613,9.3160883223676,0.999999999999998,7784.51745694274,57736.6453399658
520,"joint",-4302.27571960847,-4301.6893673169,8.63523433979438,-4.19477623531309,-4.19361349572501,0.0150741151393865,0.0150916526035905,0.885365592584015,0.00116273958807943,0.310213687701679,0.0143735920007367,0.135281261342257,0.00291550004275154,0.000154773438575378,0.00102491456278604,3.01780091005275,3.0176374148997,-0.328757591030223,10,3.28981667787509,3.29022210843144,1.33488577266726,1776,22.1578689137284,9.0118702134118,1,7783.90092287259,57817.9119369984
521,"joint",-4299.94797721772,-4301.64467331782,8.63465052657846,-4.19361349572501,-4.19285107589668,0.0150916526035905,0.0151031631661608,0.582237654288529,0.000762419828333342,0.248370662376347,0.0128566880556856,0.116539650341564,0.00279943974872507,0.00015951145919017,0.00128251703512569,3.0176374148997,3.01738283625631,-0.329092853391378,10,3.29022210843144,3.29025522127472,1.33704044191982,1738,22.0771658054128,9.16482967360971,1,7783.39865235335,57898.9493119717
522,"joint",-4302.39983870142,-4301.69953926885,8.63425026285741,-4.19285107589668,-4.1922359226409,0.0151031631661608,0.0151124567843618,0.470665869213803,0.000615153255784917,0.191872265304371,0.00877148679263936,0.0940745223355137,0.00191644792014721,0.000100477374105716,0.000770301614855513,3.01738283625631,3.01721237340931,-0.329487442252083,10,3.29025522127472,3.29074552151147,1.3386078891534,1771,21.9218748428984,9.0525691917857,1.00000000000001,7783.04224563454,57979.9508709908
523,"joint",-4298.24752582579,-4301.52543720085,8.6339243806385,-4.1922359226409,-4.19138090852332,0.0151124567843618,0.0151253836738127,0.656592547266071,0.000855014117579066,0.273104141147598,0.0127771335044174,0.141957123172331,0.00266106017588889,0.000146485496354788,0.000941659332641195,3.01721237340931,3.01710665752795,-0.329515339457926,10,3.29074552151147,3.29168308341142,1.34009749390008,1747,22.3014821095021,9.11934888050052,1,7782.75087143562,58061.0635299683
524,"joint",-4300.49511782768,-4301.41281614132,8.6334714875624,-4.19138090852332,-4.19043322044185,0.0151253836738127,0.0151397246139437,0.731050063894774,0.000947688081469966,0.271803433137721,0.0141900981057246,0.100458898539289,0.00306415289687849,0.000171001782317021,0.00115872285151091,3.01710665752795,3.01682438503975,-0.329838331653966,10,3.29168308341142,3.29108849435268,1.3421336095318,1752,22.2423418414331,9.26285440014402,1,7782.38123551762,58142.1461610794
525,"joint",-4301.00526323603,-4301.54460308542,8.63299634094604,-4.19043322044185,-4.19006806900432,0.0151397246139437,0.0151452539156051,0.281867136213853,0.000365151437531135,0.279635659195033,0.0151525829934171,0.107747557126341,0.00330321007472736,0.000184937733804542,0.00130117865327816,3.01682438503975,3.01651932122184,-0.330108342327726,10,3.29108849435268,3.29047789749908,1.34440545329784,1783,22.1071963509104,8.68021442869149,1,7781.93205052818,58223.5968699455
526,"joint",-4299.40792070972,-4301.41613594412,8.63285674576667,-4.19006806900432,-4.188936963581,0.0151452539156051,0.0151623944865155,0.878760685113244,0.00113110542332096,0.449754974642094,0.0243756653856808,0.168904714502741,0.00473717846382039,0.000286151770883842,0.00139711277081094,3.01651932122184,3.01603744758728,-0.33084137114966,10,3.29047789749908,3.29028143089678,1.34829548457422,1764,22.3792169568981,9.21862872504972,1,7781.7101352109,58306.362899065
527,"joint",-4300.9014067648,-4301.33761268355,8.63226141341032,-4.188936963581,-4.18867323653508,0.0151623944865155,0.0151663937473558,0.204961970115613,0.000263727045913625,0.13676468863423,0.00730979560185459,0.049203473530455,0.00176124958523722,9.51238459263642e-05,0.000655140811905896,3.01603744758728,3.01606346327345,-0.331235492307421,10,3.29028143089678,3.29093821511279,1.34848767625043,1744,21.942132642847,9.20675449921862,1,7781.10843415466,58388.4708678722
528,"joint",-4301.40074962706,-4301.50482521874,8.63210818334946,-4.18867323653508,-4.18848841347194,0.0151663937473558,0.0151691971057598,0.143664335919831,0.000184823063147076,0.178469085004944,0.00931879784675794,0.0722289908264698,0.00240518563242849,0.000124188129820097,0.000959238459480123,3.01606346327345,3.01584300501517,-0.331509800923355,10,3.29093821511279,3.2908796144727,1.35010578958683,1730,22.146417817889,9.21466261359536,0.999999999999999,7781.02781610804,58470.1816248894
529,"joint",-4301.3374735906,-4301.59001407364,8.63199943069359,-4.18848841347194,-4.18758025328084,0.0151691971057598,0.0151829794240312,0.708848828030929,0.000908160191093426,0.262075695603,0.0141215141758526,0.127882691494957,0.00286201409562123,0.000168399184988447,0.000912600770645278,3.01584300501517,3.01559336039175,-0.332422401694,10,3.2908796144727,3.29198956733375,1.35256663641809,1756,22.1888931673736,9.04688605693283,0.999999999999998,7780.88827111842,58551.5403220654
530,"joint",-4300.74148488762,-4301.51208794534,8.63146390149881,-4.18758025328084,-4.18734320151586,0.0151829794240312,0.0151865790027277,0.185078689236181,0.000237051764980277,0.186574511543357,0.00945897538415251,0.068302152443687,0.00219629060513528,0.000114028477067476,0.000908184524990836,3.01559336039175,3.01554986931113,-0.332825264098252,10,3.29198956733375,3.29351789215701,1.3536511030765,1751,22.416009016527,9.30085812157131,1,7780.45845680748,58632.8058650494
531,"joint",-4303.78415028115,-4301.49972298542,8.63130124500567,-4.18734320151586,-4.18723294481824,0.0151865790027277,0.0151882535170882,0.0860883931025304,0.000110256697616797,0.163420823868636,0.00951396699993681,0.0518058543667147,0.00242080497869417,0.000134931459656783,0.000964043773189403,3.01554986931113,3.01538100828657,-0.333155152616741,10,3.29351789215701,3.29308259732537,1.35472751851817,1770,22.5360265925733,9.13698095176423,0.999999999999998,7780.3534818869,58713.9792339802
532,"joint",-4299.1210332451,-4301.37164488669,8.63123302059006,-4.18723294481824,-4.1869865879793,0.0151882535170882,0.0151919957081521,0.192413736964727,0.000246356838948137,0.123623789771435,0.0066464844486019,0.0525846614031173,0.00139074195036838,7.93208723329649e-05,0.000483604382644275,3.01538100828657,3.01538133676274,-0.333638756999385,10,3.29308259732537,3.29384131470765,1.35512467919389,1747,22.040896395205,8.96942542224309,1,7780.26262598323,58795.129322052
533,"joint",-4302.31798107653,-4301.38763463719,8.63110737966662,-4.1869865879793,-4.18656779882969,0.0151919957081521,0.0151983592835207,0.327376912892817,0.000418789149605628,0.210560327275111,0.0111133734606237,0.108286726994594,0.00242079885776525,0.00013815253347583,0.000879853279378107,3.01538133676274,3.01514853814829,-0.334143969507235,10,3.29384131470765,3.29402387299926,1.35699612919357,1767,22.5470209223333,9.22410105380212,1,7780.17342362153,58876.1349670887
534,"joint",-4302.71721973713,-4301.27723370026,8.63082992149418,-4.18656779882969,-4.18630570713349,0.0151983592835207,0.0152023431693336,0.20495338886533,0.000262091696198657,0.155345141367768,0.00768056073494568,0.0680149422584422,0.00158360009705331,8.80903489954436e-05,0.000627229525214529,3.01514853814829,3.01509981882601,-0.334468043671806,10,3.29402387299926,3.29412238649813,1.35768019809212,1768,22.3391305586717,9.2409692461012,0.999999999999997,7779.90976060625,58957.262212038
535,"joint",-4304.32152598327,-4301.46310279168,8.63065218113911,-4.18630570713349,-4.18629373187076,0.0152023431693336,0.0152025252224773,0.00936455627893832,1.19752627317467e-05,0.0977670408832459,0.0053101656055654,0.0429584356885936,0.00147788348715605,7.69903104327953e-05,0.000557021694785039,3.01509981882601,3.01510387104726,-0.334985554587758,10,3.29412238649813,3.2949868802271,1.35808919325614,1793,22.2230869907542,9.02532044510878,1,7779.76719695181,59038.3993668556
536,"joint",-4300.88372090178,-4301.42785954109,8.63059363674288,-4.18629373187076,-4.18544292258759,0.0152025252224773,0.0152154651759999,0.667747034508004,0.000850809283171803,0.286219907337625,0.0150531681474758,0.114575642006736,0.00328594575934,0.000181286070939233,0.00111897714109728,3.01510387104726,3.01482438414475,-0.33511561889025,10,3.2949868802271,3.29570310554381,1.360549496925,1750,22.0808903009446,9.12190682621684,1,7779.75946711678,59119.3825089931
537,"joint",-4301.97317621728,-4301.34828354454,8.63014945790371,-4.18544292258759,-4.18488171127636,0.0152154651759999,0.0152240066637279,0.441154959542017,0.000561211311230303,0.191740672998942,0.0104841305529471,0.0722072942165592,0.00249781828543755,0.00013830224833516,0.00108014649741028,3.01482438414475,3.01471292526802,-0.335761105568458,10,3.29570310554381,3.29755017947455,1.36221299295516,1741,22.106749260875,9.12937890558221,1,7779.34075280654,59200.3657360077
538,"joint",-4299.38568542911,-4301.1242299024,8.62977490427143,-4.18488171127636,-4.18467605664142,0.0152240066637279,0.0152271378732234,0.161694449279851,0.000205654634934369,0.176605841653217,0.00979946407242344,0.074334706871224,0.00242970605545229,0.000133945560452164,0.000926709355764872,3.01471292526802,3.01451805026799,-0.336352669403102,10,3.29755017947455,3.2977183238398,1.36377286805012,1783,22.3896268032217,9.31412165605079,1,7779.07304783859,59281.3738288879
539,"joint",-4302.91623687665,-4301.27906038724,8.62959577839414,-4.18467605664142,-4.18422224055833,0.0152271378732234,0.0152340497615342,0.357177560324977,0.000453816083093694,0.222297604671075,0.0129551039896656,0.0810077563371286,0.00265597247422923,0.000159973765949198,0.000816498556849997,3.01451805026799,3.01423009748928,-0.336824950331604,10,3.2977183238398,3.29758596195006,1.36601941137577,1752,22.1095753185044,8.90120850691112,1,7778.9189221581,59362.3037390709
540,"joint",-4299.21804301713,-4301.12617655768,8.62931977815175,-4.18422224055833,-4.18321308057085,0.0152340497615342,0.0152494311148186,0.798338511216724,0.0010091599874808,0.38178199108029,0.0198335115596508,0.146576166126346,0.00395114757502052,0.000224823248430639,0.00140827776561074,3.01423009748928,3.01383182871521,-0.337005108857236,10,3.29758596195006,3.29656902001371,1.36896238794273,1768,22.0655603277285,9.35064783764927,1,7778.64604042426,59443.3237099648
541,"joint",-4300.79289337743,-4301.16842236566,8.62884790942034,-4.18321308057085,-4.18298510503539,0.0152494311148186,0.0152529080083506,0.180396533740537,0.000227975535456394,0.195127558924214,0.0090464869073889,0.117767640962918,0.00207996806452992,0.000106544415584011,0.000988029401349931,3.01383182871521,3.01374728567049,-0.336849188294675,10,3.29656902001371,3.29623249528057,1.36970771471488,1769,22.1538939549519,9.47815032758691,0.999999999999997,7778.13351644437,59524.3481738567
542,"joint",-4302.79867332492,-4301.18836409684,8.62874401230331,-4.18298510503539,-4.18215238446105,0.0152529080083506,0.0152656147084988,0.661226475043153,0.000832720574342828,0.259976936731328,0.0131880202658891,0.146020409350447,0.00254444983964683,0.000151902427275168,0.000848721941603269,3.01374728567049,3.01351166209099,-0.337340282771639,10,3.29623249528057,3.2968128341058,1.37189295309656,1770,22.4000337265549,9.35900431953552,1,7778.00554590993,59605.2770559788
543,"joint",-4298.66891917684,-4301.20943376439,8.62826104486649,-4.18215238446105,-4.18136700461775,0.0152656147084988,0.0152776087238989,0.625567602241217,0.000785379843299343,0.227622521169024,0.0113413133883266,0.103283362283847,0.00234179248850515,0.000133330119842751,0.000845693139946939,3.01351166209099,3.01335039579006,-0.337712297360063,10,3.2968128341058,3.29796700952167,1.37366475535753,1773,22.4586259602424,9.35127180427019,1,7777.59723238196,59686.3072550297
544,"joint",-4303.18805546634,-4301.34408064632,8.62780127304214,-4.18136700461775,-4.18040286529695,0.0152776087238989,0.0152923455702424,0.771546769641328,0.000964139320799762,0.226084929029585,0.0129241803984689,0.071355383102374,0.00325908518511498,0.000179254286321674,0.00122576460538412,3.01335039579006,3.01321609208217,-0.338562620819034,10,3.29796700952167,3.30000863055285,1.37551532397787,1776,22.4307806156537,9.26478711024066,0.999999999999997,7777.2198182555,59767.3616008759
545,"joint",-4301.43129008374,-4301.36538198871,8.62725561954078,-4.18040286529695,-4.1799793510518,0.0152923455702424,0.0152988234680773,0.339219116835593,0.00042351424515145,0.230647846090863,0.0109048064959396,0.120544869454823,0.00234983380739347,0.000124076256395971,0.000831624139448818,3.01321609208217,3.01302397477317,-0.338572657647213,10,3.30000863055285,3.29967344412671,1.37706859923285,1766,22.355117650465,9.2302813358608,1,7776.82995316566,59848.3347780704
546,"joint",-4302.51861943718,-4301.52091692508,8.62705592370562,-4.1799793510518,-4.17990051919953,0.0152988234680773,0.015300029550207,0.0631433359353392,7.88318522635082e-05,0.147495676705305,0.00710001753390458,0.0761228428465915,0.0015065540791023,7.98334993723524e-05,0.000519069672848302,3.01302397477317,3.01294314790184,-0.338609013888687,10,3.29967344412671,3.29979076175106,1.37785527190135,1756,22.7274887080507,9.57878537456391,1,7776.60784925617,59929.4362869263
547,"joint",-4299.79374617284,-4301.46553389548,8.62701087907352,-4.17990051919953,-4.17959534483456,0.015300029550207,0.0153046994395381,0.244554786528828,0.000305174364979197,0.217848555079852,0.0110183762885293,0.105213643711707,0.00230428190218153,0.000127525048723141,0.000859027938450493,3.01294314790184,3.01281365112595,-0.338985991768724,10,3.29979076175106,3.29975665524027,1.3792038852023,1768,22.4542990842167,9.36233626025596,0.999999999999999,7776.55226290315,60010.7077710629
548,"joint",-4300.66609373719,-4301.42880110099,8.62686210782772,-4.17959534483456,-4.17862417961669,0.0153046994395381,0.0153195700510453,0.781950041592944,0.000971165217866997,0.411152380467844,0.0209766430962415,0.172792792916729,0.00396175184441602,0.000231326291228244,0.00162478197683192,3.01281365112595,3.01239726380174,-0.33969136612543,10,3.29975665524027,3.29889000971205,1.38235957444874,1771,22.105995035531,9.19276443793371,1,7776.39026709323,60091.6770398617
549,"joint",-4301.6064150067,-4301.4422481718,8.62633951114786,-4.17862417961669,-4.17810651977556,0.0153195700510453,0.015327502430204,0.417362126222463,0.000517659841128584,0.184477830830138,0.00961308249709418,0.0828677965203066,0.00188433542027525,0.000109491622623164,0.00065740280048967,3.01239726380174,3.01225555459745,-0.339762434329145,10,3.29889000971205,3.29944624566855,1.38380577680662,1753,22.2566394407849,9.14482747337378,1,7775.85096210146,60172.6889309883
550,"joint",-4301.53242094639,-4301.48179497473,8.62605579200246,-4.17810651977556,-4.17761046941809,0.015327502430204,0.0153351075293637,0.400432494272743,0.000496050357469339,0.282505763986613,0.0145854386023122,0.121490976936653,0.00283213280388114,0.000165614741931439,0.000961599778749979,3.01225555459745,3.01204160795212,-0.340239300917366,10,3.29944624566855,3.30074479126243,1.3860194250529,1763,22.6554404588031,9.48287786664185,0.999999999999999,7775.60284947375,60253.5596649647
551,"joint",-4300.06245662085,-4301.29571029172,8.62574224109162,-4.17761046941809,-4.17690591779775,0.0153351075293637,0.0153459157112355,0.570160269829106,0.000704551620336745,0.213127351030305,0.010495129108553,0.107110663918496,0.00228679566357458,0.000122520662538479,0.000997060325619682,3.01204160795212,3.01194289507403,-0.340882783252802,10,3.30074479126243,3.30187161121369,1.38730987947732,1769,22.2051108608245,9.11525539329196,1,7775.30548251912,60334.9883930683
552,"joint",-4300.99600942314,-4301.38945910062,8.62532540320407,-4.17690591779775,-4.17621704333943,0.0153459157112355,0.0153564907626318,0.558800950997316,0.000688874458323177,0.323841008871325,0.0176876600947883,0.116430256262916,0.00339479081861015,0.000200021684063285,0.00104714297075809,3.01194289507403,3.01158285604271,-0.34155598195103,10,3.30187161121369,3.30153873478831,1.3901840716768,1786,22.4157193025298,9.03740664719754,0.999999999999998,7775.00032426692,60417.3735439777
553,"joint",-4302.39709538156,-4301.39341481587,8.6249140751939,-4.17621704333943,-4.17579546644707,0.0153564907626318,0.015362966069109,0.342278897905497,0.000421576892361637,0.211956339132479,0.0112758562596415,0.0827147260610908,0.00239620944173027,0.000134036153893277,0.000838040261030931,3.01158285604271,3.01138704418568,-0.34210748392079,10,3.30153873478831,3.30229456093714,1.39207954798295,1762,22.4285190071488,9.19997630379384,1,7774.58784975812,60499.2408189774
554,"joint",-4302.92041844473,-4301.40357475125,8.62464614367535,-4.17579546644707,-4.17539492242035,0.015362966069109,0.0153691208459479,0.325463467706614,0.000400544026718369,0.182545918059875,0.0103041474037031,0.0717641082986169,0.00203906843531858,0.000123093290884825,0.00065363327234999,3.01138704418568,3.01120170796556,-0.342385083387919,10,3.30229456093714,3.30308523267555,1.39377439692308,1790,22.1429564083321,8.96270146205779,0.999999999999997,7774.34583302486,60580.5882940292
555,"joint",-4301.50626293163,-4301.26281159867,8.62440094557189,-4.17539492242035,-4.17477666601943,0.0153691208459479,0.0153786258412467,0.50332931500229,0.000618256400918925,0.234722038905297,0.0124278659564638,0.10088187242843,0.00269570522541752,0.000150281178237482,0.00129054957839741,3.01120170796556,3.01094394435769,-0.342279706060994,10,3.30308523267555,3.30321044303866,1.39579888248388,1761,22.0724291811013,9.18177793146119,1,7774.12915440197,60662.1267199516
556,"joint",-4300.61804353664,-4301.24952773041,8.62405845055039,-4.17477666601943,-4.17428637807176,0.0153786258412467,0.0153861676448251,0.399629402193833,0.000490287947676694,0.157175015176225,0.00792175060147332,0.0706973542624474,0.00188349320403489,9.79681631187837e-05,0.000723375540497228,3.01094394435769,3.01087077045752,-0.342661496865837,10,3.30321044303866,3.30419795288949,1.39690120143873,1743,22.1396575506213,9.14822519327641,0.999999999999993,7773.79955004223,60743.2114489079
557,"joint",-4299.39799933217,-4301.12076888616,8.62376542633325,-4.17428637807176,-4.17378985859135,0.0153861676448251,0.0153938090736917,0.405208461483171,0.000496519480403735,0.163803140051552,0.00875712423190259,0.0692394283332885,0.00192957578210517,0.000107167466517447,0.000659044785588529,3.01087077045752,3.01070855875944,-0.343230514490736,10,3.30419795288949,3.30467918928878,1.39838686207311,1783,22.3713067834149,9.62634343900864,1,7773.58931121779,60824.1995329857
558,"joint",-4299.9176576035,-4301.14736749488,8.62347673793815,-4.17378985859135,-4.17333550876347,0.0153938090736917,0.0154008048373364,0.371177215811558,0.000454349827880127,0.192157026632821,0.0103023428309467,0.076405645835149,0.00236488435163437,0.000131514295024884,0.000779661812345962,3.01070855875944,3.01068117919945,-0.343849609914626,10,3.30467918928878,3.30657492349055,1.39932327219767,1741,22.3520765254721,9.23061672728708,1,7773.34226118565,60905.2078728676
559,"joint",-4300.50592119943,-4301.02685171102,8.62315133548854,-4.17333550876347,-4.17248500096061,0.0154008048373364,0.0154139089137906,0.6973418297127,0.000850507802862984,0.324521906550077,0.017069833301407,0.121919812921374,0.00337470063269394,0.000191595786080662,0.0010368018588365,3.01068117919945,3.01036139885089,-0.343908580179383,10,3.30657492349055,3.30645952124859,1.40192563868073,1775,22.4020027216812,9.38177450472991,0.999999999999995,7773.15365693754,60986.2313830853
560,"joint",-4301.21763049996,-4301.12683108516,8.62270404098324,-4.17248500096061,-4.17219164952716,0.0154139089137906,0.0154184312693529,0.240626013436831,0.000293351433452166,0.160723610576237,0.00845880380222299,0.0555532815163906,0.00196889343984542,0.000106584314274891,0.000678946968903812,3.01036139885089,3.01031494283077,-0.344409088026265,10,3.30645952124859,3.30792088442572,1.40283298592327,1774,22.4506618861222,9.18696982921801,0.999999999999995,7772.69647592467,61067.25116992
561,"joint",-4300.63975092262,-4301.11917396242,8.62248955016692,-4.17219164952716,-4.17152600983469,0.0154184312693529,0.0154286978057294,0.547214804075098,0.000665639692468334,0.207506776637741,0.0115994119462904,0.0790441601362065,0.00296143979768275,0.000158224749655783,0.00118859257370901,3.01031494283077,3.01007590435238,-0.345149014807407,10,3.30792088442572,3.30885602404365,1.40496138219686,1775,22.3902412212448,9.16177322437961,0.999999999999998,7772.57435298077,61148.0961790085
562,"joint",-4300.95626418669,-4301.02705350551,8.62208679659513,-4.17152600983469,-4.17127215272053,0.0154286978057294,0.0154326149876107,0.208760317028354,0.000253857114154269,0.223393568277368,0.0126419917832432,0.0800175328014396,0.00302868216773429,0.000169662453088139,0.00102265624975774,3.01007590435238,3.00977051193682,-0.345824198657687,10,3.30885602404365,3.30800085705596,1.40692762795327,1775,22.7319294518551,9.40269605216459,0.999999999999996,7772.24500046497,61229.0590009689
563,"joint",-4296.82705282171,-4300.93496018775,8.62190796029592,-4.17127215272053,-4.17100686046872,0.0154326149876107,0.0154367096839138,0.218240856344138,0.000265292251818179,0.16062766876076,0.00832237992816198,0.0653979857815001,0.00222164173530913,0.00011206812848616,0.000938817732862364,3.00977051193682,3.00983846745598,-0.345850866732217,10,3.30800085705596,3.30941220242526,1.40717665199763,1776,22.4426398080907,9.32836799930858,0.999999999999997,7772.043652188,61309.976213932
564,"joint",-4300.39952576395,-4300.79553370263,8.62170146243242,-4.17100686046872,-4.17088990310783,0.0154367096839138,0.0154385152263228,0.0962207541902306,0.000116957360882516,0.178985956270943,0.00933268976839907,0.0659915259100012,0.00218430117216868,0.00011484696260297,0.000847206003920622,3.00983846745598,3.00966307985808,-0.346401936178501,10,3.30941220242526,3.31005602851848,1.40877829658264,1763,22.5823841189052,9.56158424032773,0.999999999999997,7771.94273562891,61390.8106789589
565,"joint",-4300.46814464849,-4300.74737643087,8.62157651483547,-4.17088990310783,-4.17039367142089,0.0154385152263228,0.0154461782079274,0.408753105302819,0.000496231686948313,0.148220459934467,0.0080726202555382,0.0611466637491136,0.00208528209391688,0.000109504777710941,0.000907319426086379,3.00966307985808,3.0095276648236,-0.346612494640919,10,3.31005602851848,3.31095360211229,1.41005276913869,1779,22.5174667326757,9.25193189148103,1,7771.83652576742,61471.6378970146
566,"joint",-4300.72813043245,-4300.65785198063,8.62127513179326,-4.17039367142089,-4.17044638952979,0.0154461782079274,0.0154453639360861,-0.043425260285326,-5.27181089055017e-05,0.18514115024257,0.00911656950891445,0.080515611136704,0.00207920193318901,0.000108206947638999,0.000811371140067971,3.0095276648236,3.00942628116884,-0.346651415784916,10,3.31095360211229,3.31085210683259,1.41088163305362,1762,22.5506455696977,9.22571459236435,1,7771.60658855345,61552.2372949123
567,"joint",-4302.6495555231,-4300.80064244814,8.62130340428275,-4.17044638952979,-4.16917555794322,0.0154453639360861,0.0154650048699583,1.05537351583148,0.00127083158656788,0.38245435030109,0.0183857542419692,0.175753486525805,0.00344711053804193,0.000191649472097953,0.00120896898798802,3.00942628116884,3.0091184233605,-0.347272750263204,10,3.31085210683259,3.31111038209465,1.41368109244123,1768,22.8249377234277,9.49445681784814,1,7771.5979900022,61633.088643074
568,"joint",-4299.84793442624,-4300.7597344826,8.62062015753598,-4.16917555794322,-4.16879123751465,0.0154650048699583,0.0154709495295118,0.31939832127247,0.000384320428575036,0.195150420712311,0.0106207773357711,0.0921847971511761,0.00222477099190436,0.000128130097293775,0.000791136833624533,3.0091184233605,3.00893389439129,-0.347546919094058,10,3.31111038209465,3.31169764793673,1.41531676739487,1759,22.5067943776049,9.78410050596786,0.999999999999999,7770.97102957993,61714.026911974
569,"joint",-4296.84363329813,-4300.52159539717,8.6203575636969,-4.16879123751465,-4.16807550365852,0.0154709495295118,0.0154820265755121,0.596356517702606,0.00071573385613161,0.237110721266178,0.0132326195082258,0.0982991664994683,0.00319704330396589,0.000176645364412122,0.00113473958734925,3.00893389439129,3.00887884341678,-0.348681658681407,10,3.31169764793673,3.31408204493458,1.41657993390513,1759,22.2508698400679,9.1660042313467,0.999999999999996,7770.74084013292,61794.9631869793
570,"joint",-4302.8818119158,-4300.58906494564,8.6198682684593,-4.16807550365852,-4.1670691061424,0.0154820265755121,0.0154976154916096,0.8428194013816,0.00100639751611921,0.261022434873184,0.0139498447588599,0.140774016680873,0.00274662099556733,0.000163306884900058,0.00088365425896112,3.00887884341678,3.00861640185074,-0.349246814374349,10,3.31408204493458,3.31517310108988,1.41906255749504,1743,22.6484162139911,9.42905332933731,1,7770.44149331567,61876.8150820732
571,"joint",-4301.60816809419,-4300.66635051931,8.61928749587102,-4.1670691061424,-4.16708768133235,0.0154976154916096,0.0154973276231317,-0.0155560374849643,-1.8575189952975e-05,0.149536819886426,0.00706228779347836,0.0840069255336365,0.00157583932871744,8.31523750947652e-05,0.000602842211233664,3.00861640185074,3.00854938366512,-0.349080568062048,10,3.31517310108988,3.31484183960126,1.41959114319568,1760,22.3930702602755,9.51206969965603,0.999999999999996,7769.95472983134,61958.3407309055
572,"joint",-4302.03786030943,-4300.71844306362,8.61929880104729,-4.16708768133235,-4.16638063855954,0.0154973276231317,0.0155082887711691,0.593607892817341,0.000707042772810937,0.274325723072051,0.0143718629947737,0.130502088246345,0.00279700430455679,0.000163578172760617,0.000955131525104874,3.00854938366512,3.00828175908175,-0.349482793447669,10,3.31484183960126,3.31529132208963,1.42184474669364,1755,22.4644136038939,9.27464750931749,0.999999999999999,7769.92718297475,62039.6207950115
573,"joint",-4299.66595071969,-4300.58188583053,8.6188774673173,-4.16638063855954,-4.16573686991687,0.0155082887711691,0.0155182757354837,0.541608671540628,0.000643768642666459,0.229738337333074,0.0117548443000509,0.0948049230729434,0.00315640533893804,0.000159014418251308,0.00124590419367642,3.00828175908175,3.00812308064521,-0.3505679656544,10,3.31529132208963,3.31661937374292,1.42362741201896,1765,22.5566870252916,9.36330210331927,1,7769.5315748664,62120.5957770348
574,"joint",-4299.98860085298,-4300.43529495094,8.61843928053541,-4.16573686991687,-4.16490366386068,0.0155182757354837,0.015531211044949,0.703430138522864,0.000833206056198941,0.317589632001587,0.0142898474896968,0.176890527591165,0.00249139143914952,0.000139609132057745,0.000983928859915225,3.00812308064521,3.00788757994208,-0.351052148831371,10,3.31661937374292,3.31721211971879,1.42592194600183,1737,22.6541819253904,9.42192037858653,0.999999999999998,7769.22653740153,62201.7107028961
575,"joint",-4296.29498107015,-4300.17473085787,8.61796806732523,-4.16490366386068,-4.16436771195323,0.015531211044949,0.0155395372581591,0.453126034720966,0.000535951907440688,0.207411877454732,0.0107941498255419,0.0925444223095663,0.00241320431185397,0.000129709627873405,0.00115735626378887,3.00788757994208,3.00793113827683,-0.351207419620796,10,3.31721211971879,3.31914241447087,1.42646507384027,1793,22.6549746114624,9.28849593325206,1,7768.78913143687,62282.5298280716
576,"joint",-4303.52890387418,-4300.32027387474,8.61764437347716,-4.16436771195323,-4.16398497399235,0.0155395372581591,0.0155454859672881,0.323827004191155,0.000382737960880445,0.198395024602291,0.00950029864516795,0.106786378145631,0.00188343800286388,0.000102709097532146,0.000716937860248936,3.00793113827683,3.00777842526302,-0.35164606241185,10,3.31914241447087,3.31936298752667,1.42785661473897,1743,22.2668763276701,9.39766936428414,1,7768.59742844394,62363.4040250778
577,"joint",-4302.92574086415,-4300.49666095134,8.61743959035853,-4.16398497399235,-4.1630115717485,0.0155454859672881,0.0155606253453674,0.827506039086353,0.000973402243859238,0.346402044376275,0.0206898049992401,0.112576857599167,0.00415842304360602,0.000254626928126267,0.00123863473811843,3.00777842526302,3.00738213338115,-0.352117579737589,10,3.31936298752667,3.32040264764543,1.43132583904812,1785,23.0447920647544,9.68217762958086,1,7768.39928829277,62444.316904068
578,"joint",-4302.14311231973,-4300.60793368715,8.61685134985784,-4.1630115717485,-4.16270735052979,0.0155606253453674,0.015565359937919,0.258743467923197,0.000304221218699761,0.212894947084102,0.010137366242472,0.119009254138725,0.00219198603256157,0.000115637599472163,0.000809656776142574,3.00738213338115,3.00721130004927,-0.352114063009675,10,3.32040264764543,3.31940473866009,1.43241582685006,1752,22.7614438683864,9.60883677226314,1,7767.85687234629,62525.2478590012
579,"joint",-4303.70416769788,-4300.76784601208,8.61672029125643,-4.16270735052979,-4.16241014930165,0.015565359937919,0.0155699866695101,0.252884598660517,0.000297201228143441,0.194048623626867,0.00998853193477177,0.0820303627488751,0.00217207400658155,0.000117106536354677,0.000927231215401247,3.00721130004927,3.00716248075943,-0.352252969465977,10,3.31940473866009,3.31975171170871,1.43319434652661,1739,22.7056430410051,9.39114247022234,1,7767.67614285909,62606.2793259621
580,"joint",-4299.77081074674,-4300.69550502441,8.61652999841986,-4.16241014930165,-4.16146139180372,0.0155699866695101,0.0155847658209122,0.810943287018266,0.000948757497926625,0.305132635893073,0.0177946408243516,0.108573891123144,0.00348584619848997,0.000212900746776735,0.00105600526971448,3.00716248075943,3.00682072784383,-0.352921560939455,10,3.31975171170871,3.32059494365881,1.43617048785392,1752,22.5433891117703,9.45431240809705,0.999999999999998,7767.50842558097,62687.1391499043
581,"joint",-4299.75783713594,-4300.65140933508,8.6159656913034,-4.16146139180372,-4.16113906262614,0.0155847658209122,0.0155897900553473,0.275651656620777,0.00032232917758654,0.172332562850597,0.00861443835116694,0.0929909733250139,0.00175190049051303,9.74289569689896e-05,0.000635756397309541,3.00682072784383,3.00675312005459,-0.353026713943479,10,3.32059494365881,3.32105600247462,1.43708368826474,1791,22.7582840351119,9.68714143407806,0.999999999999997,7767.00478453171,62768.0262150764
582,"joint",-4303.30734824075,-4300.76896353778,8.61575739213218,-4.16113906262614,-4.16064428317177,0.0155897900553473,0.015597505471722,0.423647733075505,0.000494779454370737,0.172369053317253,0.00928971297481576,0.0714345172235902,0.00197677411687539,0.000111058408380692,0.000728768723465155,3.00675312005459,3.00679944414332,-0.3533997392659,10,3.32105600247462,3.32232515471362,1.4373442099669,1771,22.6740895100099,9.29681668447312,1,7766.84295082021,62850.2688629627
583,"joint",-4301.37666790585,-4300.99644429199,8.61545350862855,-4.16064428317177,-4.16001585516386,0.015597505471722,0.0156073104615563,0.539148028639696,0.000628428007909429,0.208581477134457,0.00953909113837946,0.108332743507431,0.0021411917587488,0.000108140484078261,0.00100346071852548,3.00679944414332,3.00673914340956,-0.354217668290048,10,3.32232515471362,3.32332367346579,1.4383558281251,1757,22.5069874648554,9.87620511688023,0.999999999999998,7766.66085194772,62932.2715358734
584,"joint",-4301.34736270322,-4301.04383613895,8.61505681594836,-4.16001585516386,-4.15944010313605,0.0156073104615563,0.0156162989895366,0.494776407879384,0.000575752027811357,0.172797715342334,0.00784648452004831,0.0808938917057968,0.00162220006224046,8.40345798300393e-05,0.000800030225279692,3.00673914340956,3.00665570779738,-0.354471743231271,10,3.32332367346579,3.3242576809149,1.43949254164156,1763,22.6792681581047,9.50896027815059,1,7766.38004522154,63013.3652470112
585,"joint",-4299.52578377808,-4300.99671809543,8.61472747590054,-4.15944010313605,-4.15844126549588,0.0156162989895366,0.01563190492937,0.862672022590515,0.000998837640164724,0.263808215179683,0.0140462761680355,0.130042871815969,0.00278145764760255,0.000163309841149389,0.000811022926266857,3.00665570779738,3.00640666969474,-0.354866708560696,10,3.3242576809149,3.32536914511427,1.44191448315427,1760,22.4267848468693,9.16065278233675,1,7766.10688499536,63094.2853620052
586,"joint",-4301.7235913827,-4301.04649114295,8.61414534536711,-4.15844126549588,-4.15826504085262,0.01563190492937,0.0156346598989793,0.152224620350664,0.000176224643263275,0.173934967500808,0.00916758293365292,0.0688805151277195,0.00218027842234054,0.000111515223287985,0.000852026325398518,3.00640666969474,3.00622505820143,-0.35493767186168,10,3.32536914511427,3.32463026997701,1.44303382638265,1775,22.3345468540921,9.01726107428598,0.999999999999995,7765.61970632193,63175.1702280045
587,"joint",-4299.79290141486,-4300.90365843753,8.61408630535089,-4.15826504085262,-4.1577916204259,0.0156346598989793,0.0156420634186908,0.409404379069745,0.000473420426722808,0.200889996329671,0.0106979716459421,0.0831268930230702,0.00210366935494646,0.00011992483868528,0.000776492538627484,3.00622505820143,3.00604111920727,-0.355228221293647,10,3.32463026997701,3.324536542158,1.44448965180382,1768,22.5337756131542,9.21813458994555,0.999999999999999,7765.4939943024,63256.1177270412
588,"joint",-4299.52858124588,-4300.88769077852,8.61385856455722,-4.1577916204259,-4.15698362275441,0.0156420634186908,0.0156547072769264,0.701032118781416,0.000807997671482509,0.327977241687724,0.0155789118939475,0.154608818569031,0.00299420876372723,0.000159857449970146,0.00105196006460433,3.00604111920727,3.00576833617832,-0.355600757920725,10,3.324536542158,3.32464355675287,1.44686109445699,1760,22.7294742823841,9.40477332260329,1,7765.23699595707,63336.995552063
589,"joint",-4297.97821984803,-4300.94442010601,8.61341862891031,-4.15698362275441,-4.15637079572735,0.0156547072769264,0.0156643038448642,0.532700082735148,0.00061282702706135,0.199487978782242,0.0118767018449517,0.0610451784040699,0.00245316307532747,0.000146303569526578,0.000834958435092128,3.00576833617832,3.00551009302569,-0.35601495493511,10,3.32464355675287,3.32496443885808,1.44889163700725,1768,22.9710049571879,9.58229122315556,1,7764.79274508739,63417.8590638638
590,"joint",-4301.351418744,-4300.86790044742,8.61306728219867,-4.15637079572735,-4.15572263945541,0.0156643038448642,0.0156744600526961,0.564597242966231,0.00064815627193829,0.211334113517816,0.0102365865024493,0.0967474036505228,0.00204345504130731,0.000109783294673038,0.00086874274974997,3.00551009302569,3.00543410952292,-0.356228960926308,10,3.32496443885808,3.32572361391934,1.44995844012884,1755,22.4916139939634,9.47134809112698,0.999999999999999,7764.45443320699,63498.6961669922
591,"joint",-4299.87128560157,-4300.78105632279,8.61269385508944,-4.15572263945541,-4.15508704382719,0.0156744600526961,0.0156844258377496,0.55477762705467,0.000635595628221175,0.30700227379528,0.017302313380634,0.132484056065572,0.00333927275428854,0.000199599856455169,0.00112292916822654,3.00543410952292,3.00508020978099,-0.356579734239273,10,3.32572361391934,3.3252913765893,1.45260897456442,1783,22.8927240623266,9.50015038353124,0.999999999999997,7764.1515764327,63579.8255460262
592,"joint",-4303.22055965911,-4300.84019129027,8.61231902982635,-4.15508704382719,-4.15468290437652,0.0156844258377496,0.0156907658140227,0.353040262845918,0.000404139450673175,0.159468706509835,0.00911495129695649,0.0508105835552851,0.00193032159148454,0.000110271370079835,0.000651978381902994,3.00508020978099,3.00496273091929,-0.356945296182727,10,3.3252913765893,3.32607337134962,1.45376366183912,1759,22.4490459076596,9.60969393085472,1,7763.7515589686,63660.8342618942
593,"joint",-4298.79948174626,-4300.7968678416,8.6120729672361,-4.15468290437652,-4.1539609862524,0.0156907658140227,0.0157020973519744,0.632288950637056,0.000721918124123583,0.231145017805836,0.0115255117036145,0.10467337973873,0.00249686887526126,0.000131712697564477,0.00093308293692268,3.00496273091929,3.00485947260578,-0.357257814518263,10,3.32607337134962,3.32754567367361,1.45537577147697,1732,22.9405244331041,9.51973974179593,1,7763.57278344595,63741.8986358643
594,"joint",-4301.3647109763,-4300.86567334777,8.61162498418131,-4.1539609862524,-4.15350401987269,0.0157020973519744,0.0157092743222473,0.400650614855482,0.000456966379700943,0.218887923684646,0.0113476037485835,0.119283763435643,0.00250408372588363,0.000138323934709175,0.000839729740085316,3.00485947260578,3.00466594161327,-0.357849367475238,10,3.32754567367361,3.32832898891868,1.45712396214276,1765,22.5056312302832,9.48078326128273,1,7763.22751980396,63822.7898499966
595,"joint",-4303.975665789,-4301.24970758371,8.61129669010461,-4.15350401987269,-4.1527339944327,0.0157092743222473,0.015721375521637,0.677139302088807,0.000770025439993294,0.23065717319717,0.0131102546553821,0.0888357334751786,0.00323107509252306,0.000173135390641384,0.00119588646694767,3.00466594161327,3.00444344933615,-0.358844437690391,10,3.32832898891868,3.3293636780476,1.45914712596698,1760,22.9909987582134,9.39257041032353,0.999999999999999,7762.95631138146,63903.8535330296
596,"joint",-4301.61877363514,-4301.15420107176,8.61082145842313,-4.1527339944327,-4.1528789198003,0.015721375521637,0.0157190972606033,-0.12745678854594,-0.000144925367593532,0.183285756325071,0.00961019123575264,0.0828816804631401,0.00220194740683207,0.000115492430030098,0.000879842786422245,3.00444344933615,3.00450383325236,-0.358944599385069,10,3.3293636780476,3.3305730069081,1.45925601666219,1748,22.4922100517565,9.28507822203507,0.999999999999995,7762.55615841921,63985.4975640774
597,"joint",-4303.21597940255,-4301.16871299868,8.61087055156747,-4.1528789198003,-4.15225999821621,0.0157190972606033,0.015728829160511,0.54536542286893,0.000618921584081871,0.290923446168938,0.014113633236424,0.122221981579128,0.00276754719362797,0.000152931820242181,0.00109799670464743,3.00450383325236,3.00426674644525,-0.359558165539258,10,3.3305730069081,3.33116862821905,1.46141344556352,1757,22.8522857789306,9.7191784069039,1,7762.62624764233,64066.7012500763
598,"joint",-4298.73509179621,-4300.9983119725,8.61052204939265,-4.15225999821621,-4.1519115380452,0.015728829160511,0.0157343109860536,0.307233767577485,0.000348460171017102,0.158044976293232,0.00715633290694616,0.0978460007464477,0.00147596229673576,7.72528309745945e-05,0.000619556284250759,3.00426674644525,3.00422640480127,-0.35959142817176,10,3.33116862821905,3.33155835848612,1.46201511225501,1738,22.3770962899194,9.17230322854803,1,7762.27086998171,64147.6239500046
599,"joint",-4301.03864267212,-4300.86503572121,8.61030301233212,-4.1519115380452,-4.15149779139044,0.0157343109860536,0.0157408223515239,0.365108834318009,0.0004137466547512,0.275093286541235,0.0152907934354853,0.112742649958381,0.00288937513488577,0.000173732286013066,0.000986709213385922,3.00422640480127,3.00395501854063,-0.360128390144533,10,3.33155835848612,3.33158725400197,1.46428789888771,1758,22.6925623484012,9.25882829826803,0.999999999999999,7762.09377970972,64228.8951909542
600,"joint",-4300.58001866359,-4300.90549611706,8.61006361735589,-4.15149779139044,-4.15041883147121,0.0157408223515239,0.0157578152336078,0.957714178771848,0.00107895991923643,0.424100545774053,0.0232768568042141,0.167265403268894,0.004184512227598,0.000254091684347467,0.00120047000833876,3.00395501854063,3.0034976535088,-0.360292323543756,10,3.33158725400197,3.3312391251328,1.46774027805609,1755,22.5599945742461,9.59580186368709,1,7761.82849380491,64309.9114239216
601,"joint",-4303.94125711902,-4301.11466711621,8.60949545216893,-4.15041883147121,-4.15029384439608,0.0157578152336078,0.0157597848799319,0.110950594875804,0.000124987075128915,0.207878883521871,0.0117064418371314,0.0926281059069229,0.00249581702256671,0.000144363516279792,0.000933289518478388,3.0034976535088,3.0034835391369,-0.360795537831798,10,3.3312391251328,3.3325895568946,1.46835217999677,1766,22.7575846045383,9.50940259688633,0.999999999999999,7761.21090023456,64390.9101390839
602,"joint",-4300.71169123335,-4300.98488426584,8.60932558944257,-4.15029384439608,-4.14956610684538,0.0157597848799319,0.0157712580413988,0.647727575953575,0.000727737550700851,0.238181487772608,0.0125561420250825,0.108285727615874,0.0028969512676063,0.00015670686154418,0.00128595460605738,3.0034835391369,3.0033061146584,-0.361652347254679,10,3.3325895568946,3.33380320020496,1.47010327850217,1780,22.9844420330015,9.6291269261904,1,7761.12583722413,64471.841176033
603,"joint",-4301.33947623859,-4300.98302468248,8.60885924371239,-4.14956610684538,-4.1487657415923,0.0157712580413988,0.0157838858610924,0.714663026362431,0.00080036525307334,0.258278520573406,0.0143281726893375,0.109992742515397,0.00269862045563029,0.000161999353810811,0.000817096718802625,3.0033061146584,3.00301999927397,-0.362035895238691,10,3.33380320020496,3.33433180913682,1.4724959038496,1770,22.746408081716,9.46078786487534,1,7760.7739562762,64552.6310689449
604,"joint",-4301.86598109095,-4301.00895560186,8.6084161268416,-4.1487657415923,-4.1477741722153,0.0157838858610924,0.0157995444409636,0.889778222560394,0.000991569377006445,0.310989731452526,0.0141783540397183,0.157564455430508,0.00258826258392431,0.000140342373866397,0.0008364781479756,3.00301999927397,3.00286084584119,-0.362318223766404,10,3.33433180913682,3.33585757912585,1.47457712030986,1753,22.569671324629,9.47568766513489,1,7760.34227580134,64633.4934639931
605,"joint",-4301.83721548705,-4301.12452718731,8.60783124336494,-4.1477741722153,-4.1479308443615,0.0157995444409636,0.0157970692863259,-0.140605971963585,-0.000156672146203136,0.145186249545332,0.00803962273890243,0.0663850582644865,0.00200522611100036,0.000105775412884615,0.000878816377820268,3.00286084584119,3.00285666977775,-0.362330502402949,10,3.33585757912585,3.33563447291752,1.47476881477954,1775,22.8232160581327,9.57170867272849,1,7759.8491555394,64714.5173768997
606,"joint",-4301.44142309685,-4301.11041877302,8.60788477589252,-4.1479308443615,-4.14750110162493,0.0157970692863259,0.0158038594210119,0.386030762754613,0.000429742736574075,0.190045107236468,0.00985151394779779,0.0831412248400766,0.00198854739411167,0.000108178395492419,0.000715755735320475,3.00285666977775,3.00268104872931,-0.362716397656585,10,3.33563447291752,3.33615225412885,1.476456713882,1773,22.6479503860289,9.3177657861733,1,7759.88967820823,64795.6399869919
607,"joint",-4303.32751660697,-4301.28714953263,8.60763029305189,-4.14750110162493,-4.14755355131029,0.0158038594210119,0.0158030305352954,-0.047115329300811,-5.24496853594157e-05,0.173486152222015,0.00920150534000697,0.0684264648975428,0.00193373623464298,0.000105040776173013,0.000817822460339145,3.00268104872931,3.00276828447045,-0.362880536917134,10,3.33615225412885,3.33667737003324,1.47615450490363,1751,23.3374717090596,9.56494363231762,1,7759.65118356422,64876.5549519062
608,"joint",-4302.1650333766,-4301.41897213916,8.60762661224515,-4.14755355131029,-4.14705779232028,0.0158030305352954,0.0158108669720841,0.445886472599614,0.000495758990003734,0.230605874294909,0.0100688843647801,0.101139174206771,0.00212883052811313,0.000102966524727964,0.000955169035486215,3.00276828447045,3.00264961616559,-0.363284803528437,10,3.33667737003324,3.3373778670101,1.47755085184863,1743,22.5350272896708,9.55655875968216,0.999999999999996,7759.70913908188,64957.4334249496
609,"joint",-4300.50393364291,-4301.54525782891,8.6073197027963,-4.14705779232028,-4.14670817263442,0.0158108669720841,0.0158163957288528,0.314640893482359,0.000349619685860729,0.252502104343084,0.0131228745838246,0.100926286763279,0.00306245319729539,0.000161952188957447,0.0012497439400913,3.00264961616559,3.00245533496464,-0.363299058495408,10,3.3373778670101,3.33725352780668,1.47895659531991,1747,23.0954839186335,9.62653429477372,0.999999999999999,7759.43387837167,65038.4833509922
610,"joint",-4302.63567758979,-4301.6094707712,8.60716223074004,-4.14670817263442,-4.14621750791801,0.0158163957288528,0.0158241581804026,0.442107145149079,0.000490664716409619,0.161730626692118,0.00859336026478891,0.067654458127789,0.00176680507433135,9.92016436230064e-05,0.000632246744426443,3.00245533496464,3.00232962401104,-0.363851062232873,10,3.33725352780668,3.33761701861651,1.48007308884285,1779,22.5999722406053,9.40943934765851,1,7759.22689632081,65119.5157599449
611,"joint",-4302.26029266626,-4301.72892112443,8.60685070526903,-4.14621750791801,-4.14560553058924,0.0158241581804026,0.0158338451702626,0.552449795042859,0.000611977328768882,0.31286653425554,0.0150450447414941,0.15347318822278,0.00274307461744297,0.000147018542488377,0.000914367794120417,3.00232962401104,3.00208890922393,-0.363991427899417,10,3.33761701861651,3.33801113155437,1.48222579979538,1759,22.8154435838524,9.32337232646563,1,7758.96997883029,65200.4105250835
612,"joint",-4301.72506669769,-4301.65414647636,8.60648936194128,-4.14560553058924,-4.14529203082132,0.0158338451702626,0.015838809855222,0.283144564321147,0.000313499767927123,0.188995270028729,0.00934055862246758,0.0973861003283503,0.00208111620031886,0.000106648271957706,0.00107268695869211,3.00208890922393,3.00202847698556,-0.36387869718795,10,3.33801113155437,3.33927316261249,1.48327884291545,1758,22.7193814748876,9.45957260472322,1,7758.59816960402,65281.2993378639
613,"joint",-4300.59028806795,-4301.74368679244,8.60621783136699,-4.14529203082132,-4.14505879411941,0.015838809855222,0.0158425044778388,0.210710440717813,0.000233236701906156,0.195763798698489,0.0104526954756282,0.0778316223288968,0.00254298194793378,0.000134186860734492,0.000934697268714203,3.00202847698556,3.0018443105594,-0.364244019902431,10,3.33927316261249,3.3389282793527,1.484505294289,1765,23.1933747301649,9.55660744415541,0.999999999999998,7758.40303404537,65362.131579876
614,"joint",-4298.29864355667,-4301.59038342146,8.60613899814169,-4.14505879411941,-4.14487114648366,0.0158425044778388,0.0158454775652861,0.169554271534946,0.000187647635748119,0.217134865012655,0.0118225455061962,0.091175814696161,0.00225024245198098,0.000131153291082605,0.000865994382574293,3.0018443105594,3.00163721091062,-0.364435981238427,10,3.3389282793527,3.33868191224723,1.48606525374696,1762,22.742897594542,9.41651785860355,1,7758.27162276158,65442.8695340157
615,"joint",-4302.11648298795,-4301.49742428141,8.60596561464949,-4.14487114648366,-4.14418676922572,0.0158454775652861,0.0158563255614105,0.619841506270061,0.000684377257941665,0.248952847204258,0.011730283695299,0.126989991130699,0.00238590893207027,0.000122254745062755,0.00108439375607532,3.00163721091062,3.00162809235398,-0.364969828485287,10,3.33868191224723,3.34057799528617,1.48694720517361,1751,23.0873603794009,9.8963251122226,0.999999999999997,7758.08422096873,65523.7704060078
616,"joint",-4300.49341062191,-4301.44115613075,8.6055659863595,-4.14418676922572,-4.14376739920406,0.0158563255614105,0.0158629766235352,0.380158497745297,0.000419370021660991,0.274127465539888,0.0139275923133429,0.0973945046329327,0.00332005579190627,0.000161677339000978,0.00174383257466011,3.00162809235398,3.00161851819643,-0.36511439234962,10,3.34057799528617,3.3426517972966,1.48779057404742,1781,23.0418949971297,9.7543221619748,1,7757.80107404234,65604.7083969116
617,"joint",-4301.72649385568,-4301.36668185341,8.60525250833169,-4.14376739920406,-4.14334971961497,0.0158629766235352,0.0158696036489834,0.378956823548366,0.000417679589091735,0.199186778944084,0.00971446886808085,0.0766365763729863,0.00209893743521933,0.000107409322507533,0.0009831649950065,3.00161851819643,3.00151254309714,-0.36575494913448,10,3.3426517972966,3.34338256782366,1.48900857729201,1775,22.6856925948688,9.5625821244746,0.999999999999997,7757.62786413446,65685.7249970436
618,"joint",-4301.15354234536,-4301.48760438086,8.6049570283241,-4.14334971961497,-4.14274536277143,0.0158696036489834,0.0158791974513008,0.549331494567636,0.000604356843533479,0.281826027627445,0.0157146450005625,0.0940147024484658,0.00345950659563228,0.000188575209377288,0.00115718394844805,3.00151254309714,3.00117507707689,-0.366615988361814,10,3.34338256782366,3.343901691456,1.49164722882373,1754,22.7801819789654,9.77268629448266,0.999999999999997,7757.39565159742,65766.7237699032
619,"joint",-4301.86046357902,-4301.52869542621,8.60457929292489,-4.14274536277143,-4.14247854180681,0.0158791974513008,0.0158834349193797,0.2426138860686,0.000266820964623447,0.211723377405399,0.00983857805699986,0.0979202428553097,0.00210988352311955,0.000105107520765123,0.000920130044237247,3.00117507707689,3.00114073696206,-0.366725702859838,10,3.343901691456,3.34512229907262,1.49255226275217,1780,22.547281711428,9.28008270568767,1,7757.02441740934,65847.6398980618
620,"joint",-4305.32992177434,-4301.76619058175,8.60438333298975,-4.14247854180681,-4.14203560943482,0.0158834349193797,0.0158904717651923,0.403143409134902,0.000442932371991288,0.219678304163636,0.0109869687988543,0.102983703893134,0.00227556664734561,0.000122120855150442,0.000999252657848903,3.00114073696206,3.00093133615333,-0.367142848548742,10,3.34512229907262,3.34538432916556,1.49428413454876,1756,22.7395951432258,9.4475628056531,1,7756.85616815896,65928.4980728626
621,"joint",-4299.76052817018,-4301.5571541343,8.60413086618654,-4.14203560943482,-4.14184432830857,0.0158904717651923,0.0158935116032508,0.174130051122093,0.000191281126251503,0.180845229608855,0.00949736521448765,0.0752891580781004,0.00197046598084837,0.000107500368001175,0.000726687626498217,3.00093133615333,3.00077540800197,-0.367487675103361,10,3.34538432916556,3.34542041397328,1.49552053940045,1763,22.7046140913377,9.38376755198191,1,7756.60105730024,66009.4053959846
622,"joint",-4301.50612506631,-4301.59687582595,8.60396190045178,-4.14184432830857,-4.14165140242726,0.0158935116032508,0.0158965781687844,0.175660024205437,0.000192925881312407,0.156200044867632,0.0074960436182004,0.0931906294867136,0.00152357221756386,8.28727651182461e-05,0.000542328987968995,3.00077540800197,3.00066675599166,-0.367599260946556,10,3.34542041397328,3.34605948327078,1.49664854908788,1750,22.8979898907684,9.91549169784667,1,7756.45452483842,66090.459897995
623,"joint",-4302.00075301232,-4301.62993966464,8.6038082733516,-4.14165140242726,-4.14122337909999,0.0158965781687844,0.0159033837314302,0.390074958837021,0.000428023327262928,0.293627911119864,0.0159688061629083,0.109704277231446,0.00335605398007391,0.00018238809366995,0.00141582420507468,3.00066675599166,3.00076228454353,-0.368068631332864,10,3.34605948327078,3.34857818612694,1.49712342169729,1769,23.041488987126,9.9337484271403,1,7756.31471253453,66171.4892699718
624,"joint",-4302.12232670868,-4301.64275694552,8.60345923460523,-4.14122337909999,-4.14050933134786,0.0159033837314302,0.015914743562083,0.652405895781212,0.00071404775213367,0.265024752595601,0.0147056349719597,0.113247784859487,0.00302868328952162,0.000170794552622637,0.0010605150603604,3.00076228454353,3.0004560692837,-0.368252378634353,10,3.34857818612694,3.34835127523077,1.49934097472427,1756,22.6453049133115,9.48406061788972,1,7756.13439009584,66252.4115970135
625,"joint",-4302.11997674648,-4301.6568950085,8.60305116690243,-4.14050933134786,-4.1403321186685,0.015914743562083,0.0159175641063417,0.161939806897447,0.000177212679360837,0.174336699331143,0.00959504422955807,0.0709875392356156,0.00192978077734306,0.00010896074388992,0.000778231640201569,3.0004560692837,3.00037847917728,-0.368593027043958,10,3.34835127523077,3.34905524131486,1.50018403950392,1736,23.0709473682942,9.48223811236041,1,7755.72158130421,66334.2778940201
626,"joint",-4298.96364405483,-4301.5330060564,8.60293508737129,-4.1403321186685,-4.14044556541106,0.0159175641063417,0.0159157584129712,-0.103676136428279,-0.000113446742565912,0.167632662893345,0.0098629263366495,0.059701380063936,0.00238519077213135,0.000130138632444091,0.00124470889610876,3.00037847917728,3.00025707369205,-0.368898914885508,10,3.34905524131486,3.34910289024557,1.50100977786953,1762,22.724953836887,9.55765903574964,1,7755.63261705999,66416.4495630264
627,"joint",-4300.18576166063,-4301.37591830908,8.60297909636041,-4.14044556541106,-4.14003326339439,0.0159157584129712,0.0159223218652312,0.377113154972421,0.000412302016677388,0.202742764776184,0.0107497108698596,0.101982446993325,0.00222894747726596,0.000123178354775092,0.000735725455023991,3.00025707369205,3.00012995669748,-0.369175288185597,10,3.34910289024557,3.35028521084648,1.50243401494283,1769,22.7743601937741,9.71759988890941,1,7755.6205386135,66498.4413130283
628,"joint",-4301.89233413392,-4301.36228334695,8.60269341689913,-4.14003326339439,-4.13948034844763,0.0159223218652312,0.015931127989272,0.506499967545966,0.000552914946760424,0.288456756496577,0.0168040054498825,0.0971039167306661,0.00327139050383199,0.000197025037916455,0.000896427668983629,3.00012995669748,2.99979997329619,-0.370012035056323,10,3.35028521084648,3.34995136143977,1.50487821064362,1752,22.7017284827434,9.41689002929279,0.999999999999997,7755.40456801561,66580.2082118988
629,"joint",-4301.93761500444,-4301.43396741502,8.60234413539761,-4.13948034844763,-4.13913057258173,0.015931127989272,0.0159367012880051,0.320609775103047,0.000349775865900285,0.184118289269581,0.010540655633446,0.0744880632636182,0.00228063523163601,0.00012973314974649,0.00100385676752168,2.99979997329619,2.99970110772572,-0.370408986037276,10,3.34995136143977,3.35006688311811,1.50564959798779,1765,22.9799614715496,9.49373666269985,0.999999999999998,7755.05440857738,66661.5270478725
630,"joint",-4299.05879386068,-4301.25512322857,8.60212142745496,-4.13913057258173,-4.13827411714054,0.0159367012880051,0.0159503562091189,0.787934963274913,0.000856455441187127,0.318964301859117,0.0144349433536181,0.166436223988427,0.00265359845963743,0.000139241092973164,0.00113814730312195,2.99970110772572,2.99958164208724,-0.370414466251194,10,3.35006688311811,3.35134589714539,1.50738509845263,1761,23.0378186471442,9.47637970329971,1,7754.8763217707,66742.7363829613
631,"joint",-4301.69857169543,-4301.22703718002,8.60161970584853,-4.13827411714054,-4.13797302599787,0.0159503562091189,0.0159551594431652,0.277128074981651,0.00030109114267267,0.178064324133441,0.00928671673698812,0.074004577784238,0.00183153139896888,9.97356098700948e-05,0.000785192134836846,2.99958164208724,2.999495540545,-0.370715120534069,10,3.35134589714539,3.35210400257339,1.50848909926913,1784,22.6405455100806,9.47280713055216,1,7754.43004098477,66823.7084639072
632,"joint",-4300.17509300578,-4301.14953849543,8.60138697462085,-4.13797302599787,-4.1377393682007,0.0159551594431652,0.0159588879261518,0.215120307091609,0.000233657797166181,0.14073522865863,0.00700305741439454,0.0537515967784204,0.00200733369634856,9.1620281676959e-05,0.000941057022874121,2.999495540545,2.99937457233532,-0.371298300758288,10,3.35210400257339,3.35228610606656,1.50940946854699,1756,22.9264352311927,9.31557727945154,1,7754.24163707884,66904.7771909237
633,"joint",-4301.07570135289,-4301.17380915968,8.6012148196677,-4.1377393682007,-4.13750156090925,0.0159588879261518,0.0159626835173559,0.219002531083528,0.000237807291454366,0.207177477178486,0.0112358057456241,0.0898825695165787,0.0022833012623874,0.000127759740380264,0.000723644043499531,2.99937457233532,2.99933496187733,-0.371328883859394,10,3.35228610606656,3.35148377374177,1.50964335187641,1757,22.8739240441376,9.6896895648714,0.999999999999998,7754.10586232518,66985.7913980484
634,"joint",-4301.66882105869,-4301.34231803478,8.60111112378121,-4.13750156090925,-4.13742986626836,0.0159626835173559,0.0159638279972443,0.0660270392562973,7.16946408879328e-05,0.127483630738088,0.00680969422869883,0.0524692135758878,0.00147314550231617,8.05434632046964e-05,0.000593233795307655,2.99933496187733,2.9993351989013,-0.371542911330192,10,3.35148377374177,3.35190142849111,1.50993094024062,1774,23.1093427400187,9.58200646002577,0.999999999999999,7753.97782750861,67066.7767560482
635,"joint",-4300.19034226183,-4301.24601099847,8.60103163092139,-4.13742986626836,-4.13703392206576,0.0159638279972443,0.0159701500338954,0.364930204774545,0.000395944202601413,0.234758043711584,0.0137972095402004,0.0954860873163041,0.003088479242177,0.000177132421513881,0.00112107963175972,2.9993351989013,2.9991976064412,-0.372147113222865,10,3.35190142849111,3.35367469427904,1.51161537550603,1776,22.7855394830411,9.33960866326835,1,7753.94439745752,67147.8619160652
636,"joint",-4296.89364606652,-4301.0660227707,8.60074015172859,-4.13703392206576,-4.13639874342947,0.0159701500338954,0.0159802971542911,0.58661013435408,0.000635178636284186,0.237927334305063,0.0102164513468574,0.133844295152253,0.00200654544129729,9.86953602133722e-05,0.000907649429326283,2.9991976064412,2.99906643127535,-0.372458670963589,10,3.35367469427904,3.35468647460408,1.5131783704599,1743,23.086735716873,9.88986335092182,0.999999999999995,7753.73364961325,67228.9329869747
637,"joint",-4299.59317824165,-4300.95935699,8.60034527322257,-4.13639874342947,-4.13580943958124,0.0159802971542911,0.0159897171802562,0.545190620394715,0.000589303848232002,0.27148993104373,0.0143915364891905,0.116381262953707,0.00271016131799211,0.000153273737679279,0.00119407336401472,2.99906643127535,2.99880666084832,-0.372678101302827,10,3.35468647460408,3.35437931413624,1.5151451733076,1747,23.0909369266294,9.66158679424973,1,7753.39963852442,67309.9218170643
638,"joint",-4300.60192423221,-4300.93177608434,8.59999194215631,-4.13580943958124,-4.13569225903182,0.0159897171802562,0.0159915909738843,0.1084162664888,0.000117180549419096,0.165993831852251,0.00849732186898774,0.073156848406044,0.00202259459707116,0.000101095858743489,0.000834585214246533,2.99880666084832,2.99885663726758,-0.373060584253639,10,3.35437931413624,3.35508911047835,1.51515719558111,1778,22.8756187558745,9.63400412501593,1,7753.02035901443,67390.9054620266
639,"joint",-4299.6417091113,-4300.82083836096,8.59990551084703,-4.13569225903182,-4.13521752358744,0.0159915909738843,0.0159991845512593,0.439724355122333,0.000474735444386614,0.235219688717342,0.0117598879227302,0.109228893050624,0.00231154682019999,0.000125046641189169,0.000838612938118097,2.99885663726758,2.99864113763605,-0.373504741649077,10,3.35508911047835,3.35537909005829,1.5169850347293,1777,22.8382624015717,9.49073075521225,1,7752.96977288535,67471.8279678822
640,"joint",-4304.8755180469,-4300.79811817458,8.59962863116801,-4.13521752358744,-4.13455262681562,0.0159991845512593,0.0160098258947246,0.617227399423412,0.000664896771815456,0.196048082355826,0.00963417730790359,0.103438298142523,0.00207768297936303,0.000110686358418682,0.000743912354458438,2.99864113763605,2.99855686630901,-0.374036573171049,10,3.35537909005829,3.3564708820054,1.51806891318442,1772,23.2380365254796,9.64550102927506,0.999999999999999,7752.69331054106,67552.9746558666
641,"joint",-4298.75410892893,-4300.74779721252,8.59925308473343,-4.13455262681562,-4.13434274515088,0.0160098258947246,0.0160131864162792,0.194877252324291,0.000209881664740784,0.186113546550616,0.00934527393907203,0.0903557351279188,0.00176908805349509,0.000100371440237656,0.000571683271211697,2.99855686630901,2.99856324580534,-0.374113836800381,10,3.3564708820054,3.35759076947988,1.51848047340575,1756,22.9443674144813,9.63327367310593,1,7752.4062040764,67634.4529850483
642,"joint",-4300.75560783838,-4300.71027135112,8.59908850506071,-4.13434274515088,-4.13412283362685,0.0160131864162792,0.0160167082877443,0.204239470475691,0.000219911524026629,0.148825841223972,0.00830107703320523,0.0547124404072671,0.00182364787822074,9.77843590718875e-05,0.000951127474084517,2.99856324580534,2.99842762952442,-0.374405397527392,10,3.35759076947988,3.35735969295877,1.51946748443716,1759,23.2568340729812,9.68289955029468,1,7752.3133494981,67715.4598519802
643,"joint",-4302.11150230535,-4300.71580881578,8.59895193681423,-4.13412283362685,-4.1338016200602,0.0160167082877443,0.0160218538981151,0.298476216816562,0.000321213566650562,0.178655162737599,0.00812077396838151,0.0991177119672124,0.00162907926967064,8.40145573308086e-05,0.00060798073088728,2.99842762952442,2.99839489254481,-0.374396424988864,10,3.35735969295877,3.35779717221357,1.52012770653578,1754,23.0209308651833,9.94320148667057,1,7752.16240666988,67796.305232048
644,"joint",-4303.86811874324,-4300.8030984175,8.59874342753343,-4.1338016200602,-4.13326790972344,0.0160218538981151,0.016030407209447,0.496639073797832,0.000533710336763509,0.195162785695087,0.00940171930212954,0.0969613658458579,0.00171564262636941,9.48999167599507e-05,0.000605976064514986,2.99839489254481,2.99828474025208,-0.374614933050356,10,3.35779717221357,3.35813989482361,1.52125175251092,1749,23.1803118613273,10.039966451943,1,7751.98758110764,67877.667206049
645,"joint",-4304.95524277481,-4300.94486171892,8.59839574127549,-4.13326790972344,-4.13282345008069,0.016030407209447,0.0160375336621015,0.413996805856932,0.000444459642752706,0.17047901867729,0.00866937476220882,0.0833665040193625,0.00152904729003548,8.72510677540705e-05,0.000527905371306034,2.99828474025208,2.99826747091586,-0.374935631365366,10,3.35813989482361,3.35920327547933,1.52192147226389,1754,22.856637795776,9.3740096596055,1,7751.69461120627,67958.5825240612
646,"joint",-4297.17369276277,-4300.85536415432,8.59812931235123,-4.13282345008069,-4.13220523830618,0.0160375336621015,0.0160474513195359,0.576943687271551,0.000618211774510198,0.259867969832082,0.0122646784515265,0.121623148122788,0.00233735416424087,0.000127172778955656,0.000978987556021657,2.99826747091586,2.99813046132786,-0.37485442546581,10,3.35920327547933,3.36029646609481,1.52339518473312,1756,22.9901444383933,9.58758328229237,0.999999999999999,7751.49500277356,68039.462487936
647,"joint",-4302.90316874517,-4300.99123450854,8.59773343332285,-4.13220523830618,-4.13160719277475,0.0160474513195359,0.0160570512964138,0.559124394355363,0.000598045531424336,0.270175618731482,0.0131297850829096,0.127663802874114,0.00260783049415594,0.000135496956260218,0.00118464299345151,2.99813046132786,2.99807458761295,-0.375056249340077,10,3.36029646609481,3.36253208111112,1.5247997304845,1764,22.9483491190893,9.65490861732173,0.999999999999998,7751.14113929721,68120.3521440029
648,"joint",-4299.03123169118,-4300.84817938641,8.59732519375677,-4.13160719277475,-4.13123390173684,0.0160570512964138,0.0160630463686418,0.349240460239679,0.000373291037913325,0.202316393432295,0.0101423599459859,0.0908667764490213,0.00192902854105424,0.000102462725375572,0.000739243606426999,2.99807458761295,2.99803821389091,-0.375403121987176,10,3.36253208111112,3.36411486961132,1.52586467241253,1768,22.9869012451476,9.301314374767,1,7750.84677223897,68201.2708640099
649,"joint",-4301.40262830897,-4300.82143005163,8.59706135580687,-4.13123390173684,-4.13088038640276,0.0160630463686418,0.0160687259056877,0.330945736338979,0.000353515334078799,0.239041141509636,0.012709622392419,0.097120460505895,0.00236652412404395,0.000136423180590844,0.000897108664206294,2.99803821389091,2.9980707654136,-0.375117252752265,10,3.36411486961132,3.36447347890442,1.52606440927531,1779,23.2479862615727,9.73408272025235,0.999999999999996,7750.65256405367,68282.1812720299
650,"joint",-4301.69811648841,-4300.95339618302,8.59685562101898,-4.13088038640276,-4.13041586265182,0.0160687259056877,0.0160761919444601,0.435336949427048,0.000464523750936518,0.215930000794836,0.0100446365028846,0.123445889696296,0.00189377767004355,0.000103922313932063,0.000760428824832776,2.9980707654136,2.99794399945529,-0.375487959889965,10,3.36447347890442,3.3646872652722,1.52725176081187,1755,22.9576819265346,9.3584585448802,1,7750.47702835299,68363.0821130276
651,"joint",-4300.17691018498,-4300.8773131075,8.59655654313026,-4.13041586265182,-4.12981903649202,0.0160761919444601,0.0160857895001139,0.560325411352165,0.000596826159802986,0.263727022490179,0.0136391824109793,0.118073879642323,0.00247126934960172,0.000138054853658939,0.000870184019373034,2.99794399945529,2.99775219689927,-0.375652920601691,10,3.3646872652722,3.3655621605842,1.52916922425367,1767,23.1118374769498,10.0616815651111,0.999999999999999,7750.21389590253,68444.0001239777
652,"joint",-4305.15668284676,-4301.12639259955,8.59616609156839,-4.12981903649202,-4.12956702861527,0.0160857895001139,0.0160898437566024,0.236670720469769,0.000252007876748122,0.200799212159835,0.010864539029224,0.0801889881246243,0.00200790236414268,0.000112989932912193,0.00069525668728124,2.99775219689927,2.99756841008261,-0.375763661897872,10,3.3655621605842,3.36523597268892,1.53052012062498,1772,22.645699708181,9.36734767226817,1,7749.85132171182,68524.8620688915
653,"joint",-4302.15706628323,-4301.18046084606,8.59603742806097,-4.12956702861527,-4.12883226674115,0.0160898437566024,0.0161016703046715,0.6919146569805,0.000734761874117152,0.307426306319474,0.012901715114872,0.170311319035391,0.00224756678493964,0.000118037942433878,0.000859091419380036,2.99756841008261,2.99750269090948,-0.375716836462077,10,3.36523597268892,3.36599889757506,1.53166477598783,1763,22.8517515434692,9.60821023678076,1,7749.66604438798,68605.7104148865
654,"joint",-4299.47229209981,-4301.07063439812,8.59561955958548,-4.12883226674115,-4.12810896710816,0.0161016703046715,0.0161133208498031,0.682909535218073,0.000723299632996415,0.276950816132373,0.0169847097591645,0.0864245939233327,0.00322179700817873,0.000197893536483233,0.00110115426999525,2.99750269090948,2.99716533262234,-0.376204902369604,10,3.36599889757506,3.36625567881142,1.53422581583333,1734,22.4087080938008,9.43129718641188,1,7749.29905712552,68686.616494894
655,"joint",-4300.98173024586,-4301.11020379732,8.59518114880725,-4.12810896710816,-4.12842294357795,0.0161133208498031,0.0161082624403584,-0.296589796514169,-0.000313976469790244,0.160806427132022,0.00890785934592987,0.0674481272302758,0.00178965764637018,0.000101740753900449,0.000608458899629895,2.99716533262234,2.99713176828065,-0.376764334636994,10,3.36625567881142,3.36616136072777,1.53449358301212,1769,23.3262791028308,9.61634120000654,1,7748.84754179996,68767.5455300808
656,"joint",-4299.90106113771,-4301.26057455088,8.595339488015,-4.12842294357795,-4.12781362549048,0.0161082624403584,0.0161180804868739,0.576648111186742,0.000609318087470949,0.275690465119291,0.0145929566306258,0.106759259286558,0.00283175803480437,0.000154718177730385,0.00122762330629403,2.99713176828065,2.99686978122876,-0.376976631645299,10,3.36616136072777,3.36531240973129,1.53624340385105,1759,23.3107495405178,9.73740403212653,1,7748.99284217509,68848.5054609776
657,"joint",-4299.57374652316,-4301.25960296496,8.5950242122182,-4.12781362549048,-4.12677138345961,0.0161180804868739,0.0161348881851376,0.991761154346305,0.0010422420308675,0.377504156642347,0.0184769499015819,0.200802467381252,0.00309866603813366,0.000179520138756914,0.00101253388408478,2.99686978122876,2.99655537175124,-0.377249602049219,10,3.36531240973129,3.36604926749861,1.53908751525639,1762,22.7521421833388,9.2603181745807,0.999999999999998,7748.62851785605,68929.5054988861
658,"joint",-4300.11701654696,-4301.23535758069,8.59442084608121,-4.12677138345961,-4.12600279672029,0.0161348881851376,0.0161472940131038,0.733530110423663,0.000768586739322177,0.321432091104243,0.01495260542793,0.161709817770994,0.00248041329070116,0.000137619149782165,0.000829252029143575,2.99655537175124,2.9963402473658,-0.377569367959709,10,3.36604926749861,3.3663341293391,1.54113829923815,1770,23.3357104765179,9.6609195060867,0.999999999999998,7748.04360562975,69010.6248738766
659,"joint",-4300.71355318689,-4301.28894978447,8.59400064686373,-4.12600279672029,-4.1254095565524,0.0161472940131038,0.0161568760784671,0.567180342315172,0.00059324016788646,0.366638113380899,0.0193748981444638,0.145527582423445,0.00348471936845754,0.00020074464162485,0.00132391531127152,2.9963402473658,2.99597890701087,-0.377683669434443,10,3.3663341293391,3.36538046154105,1.54360393148123,1760,23.1535239449748,9.75425492091213,1,7747.60758014895,69091.475415945
660,"joint",-4302.17246084378,-4301.15379692432,8.59365004103049,-4.1254095565524,-4.12517938183482,0.0161568760784671,0.0161605954108873,0.220121932124231,0.00023017471758516,0.211733549302208,0.0107352509782405,0.0853327002133264,0.00217412615997161,0.000112734446689683,0.000883657282369714,2.99597890701087,2.99581105568246,-0.377855828277416,10,3.36538046154105,3.36528448646651,1.54486060074464,1762,23.1909345954004,9.53010000820395,1,7747.17011796125,69172.4019899368
661,"joint",-4301.51496552407,-4301.29183975407,8.59347968479104,-4.12517938183482,-4.12507548490622,0.0161605954108873,0.0161622745343411,0.0993646364063219,0.000103896928594294,0.246950515996053,0.0139772743738785,0.088916151501231,0.00280585810491943,0.000157924546716437,0.00101065211772236,2.99581105568246,2.99556557117934,-0.378464650634625,10,3.36528448646651,3.36432631870381,1.54641297711742,1778,23.2780792149261,10.0685141392059,1,7746.97461346304,69253.3520128727
662,"joint",-4301.7909523272,-4301.34360697852,8.5934454953825,-4.12507548490622,-4.12482973766337,0.0161622745343411,0.0161662468568198,0.235098019800754,0.000245747242855529,0.197191145057129,0.0105381422517589,0.109883755408725,0.00208714649051105,0.000119522739308217,0.000732764120766791,2.99556557117934,2.99550565988631,-0.378442539746171,10,3.36432631870381,3.36440751975346,1.54709224284524,1767,23.2592433031634,9.8260172660683,0.999999999999997,7746.85215701089,69334.3259589672
663,"joint",-4306.61252025385,-4301.56865787594,8.59329205439831,-4.12482973766337,-4.12453801047518,0.0161662468568198,0.016170963678538,0.279204301283329,0.000291727188187358,0.150362146510257,0.0086510719022883,0.048975719502495,0.00203976154177646,0.000109848150099251,0.000825031078040108,2.99550565988631,2.99544570426819,-0.378965163284201,10,3.36440751975346,3.36555480173538,1.54802584588298,1761,23.1566838685356,9.64704298168829,0.999999999999999,7746.71532840919,69415.9934380054
664,"joint",-4303.99770324706,-4301.57513710113,8.59303099037901,-4.12453801047518,-4.12399363660625,0.016170963678538,0.0161797691251101,0.521779394279578,0.000544373868933202,0.228580264352382,0.0120255165337104,0.100006541229674,0.00219835003237455,0.000125099724929697,0.000781729752710704,2.99544570426819,2.99527859526161,-0.379746893036912,10,3.36555480173538,3.36677599095072,1.54972781329069,1758,22.940855492248,9.07381512663845,1,7746.55052387753,69497.0087020397
665,"joint",-4300.53193464072,-4301.35397169443,8.5926360154475,-4.12399363660625,-4.12343710627516,0.0161797691251101,0.0161887761634907,0.534259308826774,0.000556530331081673,0.287188758598489,0.0172718283335303,0.0948379306069175,0.00303010373123419,0.000188464109577444,0.000810084992114232,2.99527859526161,2.99493935986437,-0.380410467025008,10,3.36677599095072,3.36668772989297,1.55230009290822,1751,23.1209753147004,9.45550677131753,0.999999999999996,7746.23190091272,69578.1706809998
666,"joint",-4301.86078361066,-4301.58832623682,8.59229411228452,-4.12343710627516,-4.12326759189506,0.0161887761634907,0.0161915206264531,0.162754202650263,0.000169514380103554,0.195779278604024,0.0112596729423592,0.0671336845432944,0.0023346091848842,0.000134462177173905,0.000756587347695296,2.99493935986437,2.9947252750902,-0.380745816319682,10,3.36668772989297,3.36589318839372,1.55361794749939,1790,23.3123830712398,9.71162904714182,1,7745.84885878145,69659.1803929806
667,"joint",-4302.1099335512,-4301.54866447712,8.59221076485825,-4.12326759189506,-4.12298151749456,0.0161915206264531,0.016196153268618,0.27477830827599,0.000286074400496321,0.182338299207229,0.0102069668512185,0.074114049787919,0.00199268823485177,0.000114568346998953,0.000759874629895201,2.9947252750902,2.994624782741,-0.381217215775171,10,3.36589318839372,3.36732888122313,1.55498719890941,1785,23.1237725122728,9.82745587363617,1,7745.70207883581,69740.2024679184
668,"joint",-4303.43340273632,-4301.76877302938,8.59196084763955,-4.12298151749456,-4.12259699138148,0.016196153268618,0.0162023823100191,0.369615860716896,0.000384526113084595,0.222339799630589,0.0105017209434484,0.107823534640125,0.00200368454978655,0.000105395283917131,0.00072269597019732,2.994624782741,2.99457821454027,-0.381115532354331,10,3.36732888122313,3.36778462372694,1.55580159918186,1747,23.0380248881869,9.59179415802101,1,7745.514064782,69821.3284790516
669,"joint",-4301.17380086381,-4301.75733165712,8.59176525633848,-4.12259699138148,-4.12250499880977,0.0162023823100191,0.0162038728773951,0.0884292411730004,9.19925717077755e-05,0.238292934867443,0.0127835468348826,0.0914513400298975,0.00254684775313096,0.000139197634684181,0.000914930104347801,2.99457821454027,2.99440960547281,-0.381616729459557,10,3.36778462372694,3.36729768525008,1.55697335624389,1773,23.3574263956622,9.60076932233149,1,7745.30543300212,69902.2596709728
670,"joint",-4297.42146735318,-4301.54349920036,8.59167932533659,-4.12250499880977,-4.12222978588152,0.0162038728773951,0.0162083330064132,0.264652806512986,0.00027521292825608,0.152392749919051,0.00727959103925931,0.0713745065569474,0.00160339040889509,7.88379380215387e-05,0.000909065977873753,2.99440960547281,2.99443176030897,-0.381434608149853,10,3.36729768525008,3.36782522452598,1.55726045442989,1777,23.0007772169908,9.78444816470358,1,7745.18183625654,69983.3575639725
671,"joint",-4300.49332966608,-4301.55932017442,8.59151310497279,-4.12222978588152,-4.12183533857741,0.0162083330064132,0.016214727600754,0.379607500081818,0.000394447304106472,0.207769754694298,0.00999368053283163,0.0971783492572059,0.00182955415982658,9.55043813223609e-05,0.000759556079649514,2.99443176030897,2.99431807120996,-0.381552797022263,10,3.36782522452598,3.36766405531915,1.55826222715118,1782,23.2031896889169,9.76925098715036,1,7745.05781633379,70064.384816885
672,"joint",-4300.72326623038,-4301.3376493436,8.59131673423929,-4.12183533857741,-4.12141895906039,0.016214727600754,0.0162214804869852,0.401062399998561,0.00041637951702211,0.238313628643887,0.0127717205235143,0.0993790973694091,0.00245783018202704,0.000136347365144261,0.00111327062457069,2.99431807120996,2.99410177099524,-0.382067571176938,10,3.36766405531915,3.36745782780853,1.5599205100367,1790,22.8765715000816,9.17454665255518,1,7744.82262297379,70145.1935889721
673,"joint",-4300.8660477431,-4301.27309841659,8.5910271385576,-4.12141895906039,-4.12109375271011,0.0162214804869852,0.0162267566733287,0.313408941997046,0.000325206350280733,0.215243239595255,0.010275121398754,0.114356253687251,0.00208446926309414,0.000108248325933822,0.000768212197093395,2.99410177099524,2.99408270485913,-0.382194263853531,10,3.36745782780853,3.36751800120904,1.5604515909644,1772,22.9424192704176,9.52477865387776,0.999999999999998,7744.52464696492,70226.0562360287
674,"joint",-4305.06037666365,-4301.55250264478,8.59086905650479,-4.12109375271011,-4.12029731824905,0.0162267566733287,0.0162396853692806,0.769988392365494,0.000796434461052644,0.277872696025924,0.0151255759686132,0.110198856341745,0.00300493510330232,0.000170451740884483,0.0010827916232698,2.99408270485913,2.99386314615373,-0.383277055476801,10,3.36751800120904,3.36907645092066,1.56277042333943,1784,23.1177483760233,9.44926431803939,1,7744.37145946508,70306.9815840721
675,"joint",-4303.82116050279,-4301.69447415763,8.59033605209059,-4.12029731824905,-4.11979459608746,0.0162396853692806,0.0162478514714812,0.486644316413365,0.000502722161589779,0.263845519148863,0.0134982975412947,0.113239342522439,0.00276737829991889,0.000148565439006034,0.00100732722944834,2.99386314615373,2.99360166890857,-0.383523053204241,10,3.36907645092066,3.36946544960038,1.56483344083391,1768,22.9166595042221,9.26732906773244,0.999999999999998,7743.95419434174,70387.9420499802
676,"joint",-4303.19988949973,-4301.85941557573,8.5900116647023,-4.11979459608746,-4.11930747111152,0.0162478514714812,0.0162557681337838,0.472106418378282,0.000487124975941162,0.223210284146882,0.011450067136064,0.0959770961514261,0.0020704545289549,0.000115990711477111,0.000801164374102737,2.99360166890857,2.99341357054079,-0.383786704804957,10,3.36946544960038,3.36929698508526,1.56629964353043,1765,23.1458455721431,9.63224670286863,1,7743.63256500479,70468.7666518688
677,"joint",-4300.20190350034,-4301.89082342459,8.58971511734367,-4.11930747111152,-4.11867346430531,0.0162557681337838,0.0162660776692334,0.615698423678245,0.000634006806215925,0.26121459866477,0.012460461972997,0.132961971347232,0.00217916898160646,0.000119582125628181,0.000741709959343532,2.99341357054079,2.99329387436312,-0.3845284147643,10,3.36929698508526,3.37017812042209,1.56787084673836,1780,22.8951822567868,9.69274281053661,1,7743.32670361276,70549.6011259556
678,"joint",-4302.35953318576,-4302.00294925653,8.58929474510335,-4.11867346430531,-4.11835963988148,0.0162660776692334,0.0162711831627582,0.304912217343745,0.000313824423827858,0.186499414601887,0.0101558718723163,0.0873762368717311,0.00174570197283356,0.000105334633782533,0.00057859527857623,2.99329387436312,2.99323840043187,-0.384839765626556,10,3.37017812042209,3.37073855923501,1.56875957728336,1762,23.0167459248401,9.4743549707803,0.999999999999999,7742.96906272406,70630.4209668636
679,"joint",-4301.90324977353,-4302.06243408586,8.58908175518994,-4.11835963988148,-4.11798633595223,0.0162711831627582,0.0162772583932496,0.362955570012171,0.000373303929251152,0.299354073070414,0.0171009494684971,0.106297858801418,0.00306682127226095,0.000182269588649883,0.0010441147407257,2.99323840043187,2.9929103151723,-0.385072179197196,10,3.37073855923501,3.37033156504984,1.57106671837948,1775,23.1241133957029,9.45378897491337,1,7742.78637285245,70711.295938015
680,"joint",-4302.90892580471,-4302.09925733391,8.58883598442224,-4.11798633595223,-4.1174511703828,0.0162772583932496,0.0162859717528434,0.521076966172535,0.000535165569425577,0.272180140080854,0.0120668863047561,0.159172184515002,0.0021623895827119,0.000117805313982802,0.00081161147089582,2.9929103151723,2.99287305889955,-0.385421847869691,10,3.37033156504984,3.37146120480272,1.57206140538146,1737,23.1548810270346,9.9044679379085,1,7742.46657428116,70792.4700610638
681,"joint",-4302.31520212194,-4302.1392691638,8.5884922344085,-4.1174511703828,-4.11658616413143,0.0162859717528434,0.01630006531485,0.845403107303461,0.000865006251367547,0.240957083834615,0.012454611661258,0.117438611404281,0.00218107347678112,0.000124419838841609,0.000955549459174785,2.99287305889955,2.99271976201844,-0.385720480842889,10,3.37146120480272,3.37273752534883,1.57384019578875,1754,23.1627650860011,9.87762727584694,1,7742.19745360299,70873.3278210163
682,"joint",-4299.95141563718,-4302.0472923293,8.58795938736439,-4.11658616413143,-4.1161494750944,0.01630006531485,0.0163071849290916,0.427200126038175,0.000436689037033122,0.343952278066939,0.0200779149437234,0.119445267328397,0.0038333476378476,0.000225866880239663,0.00134746003245859,2.99271976201844,2.99231320163401,-0.386322943427665,10,3.37273752534883,3.37252437991769,1.57677410604116,1753,23.4125408565199,9.68406289356126,0.999999999999997,7741.73691020568,70954.2118239403
683,"joint",-4304.18190602142,-4301.92576161768,8.58766199742761,-4.1161494750944,-4.11564504733198,0.0163071849290916,0.0163154128009057,0.494095949382478,0.00050442776241739,0.228934431648417,0.0129430234743004,0.0929090280226913,0.00281836554476088,0.000150970707815229,0.00123844698112387,2.99231320163401,2.9920689029693,-0.386870649886113,10,3.37252437991769,3.37299040955561,1.57869562728349,1746,23.4667777244302,9.60476673174325,0.999999999999995,7741.36956120554,71035.2861559391
684,"joint",-4301.44019983965,-4301.79788644731,8.58731994369259,-4.11564504733198,-4.11530199055665,0.0163154128009057,0.016321010873983,0.336228110630271,0.000343056775332439,0.220013385656494,0.0105295756261302,0.109684338250626,0.00176481013181279,9.68986641419087e-05,0.000568741565281535,2.9920689029693,2.99201315671217,-0.387111463789566,10,3.37299040955561,3.37308760608093,1.57935610589093,1780,23.1474609600851,9.77683899741121,0.999999999999999,7741.04575974756,71116.2305819988
685,"joint",-4301.89993997896,-4301.86628671422,8.58709615861979,-4.11530199055665,-4.11486341973826,0.016321010873983,0.0163281703629356,0.430254898050981,0.000438570818390516,0.217653489885452,0.0121327702380127,0.0912074698212817,0.00244404292391413,0.000136162200854945,0.000934946659948568,2.99201315671217,2.99192751263382,-0.387716717147388,10,3.37308760608093,3.37476785204656,1.58066173622269,1767,22.9822202159159,9.1576501312267,1.00000000000001,7740.83661328989,71197.5406320095
686,"joint",-4300.99085394847,-4301.82279023111,8.58675846773811,-4.11486341973826,-4.1148059245119,0.0163281703629356,0.0163291091817753,0.0564059682147745,5.74952263609022e-05,0.137981389821168,0.00702468607424788,0.0547696917960506,0.00148638672765509,7.71516992658196e-05,0.000614058218760187,2.99192751263382,2.99189120583234,-0.387961065411809,10,3.37476785204656,3.37494748334179,1.58114901324684,1740,23.208492436096,9.61515655465945,1,7740.59144387827,71279.0159490108
687,"joint",-4301.04499071919,-4301.76954308951,8.58671790078862,-4.1148059245119,-4.11389359208425,0.0163291091817753,0.0163440135554343,0.898796498555773,0.000912332427646577,0.457152577587125,0.022551759838103,0.201910962332081,0.00364558043168091,0.000207813089968868,0.00139308424447834,2.99189120583234,2.99152689439383,-0.388225885206647,10,3.37494748334179,3.37512757338327,1.58418861170425,1765,23.349117753199,9.8123034090077,1,7740.53788714606,71360.4241130352
688,"joint",-4302.08446538409,-4301.7020962219,8.58618724715928,-4.11389359208425,-4.11361840659484,0.0163440135554343,0.0163485118097021,0.271205374373973,0.000275185489405927,0.21690578556877,0.0121253369905541,0.101240694947249,0.00213452029356568,0.000125303622142052,0.000626930842054841,2.99152689439383,2.99131083035318,-0.388753586154789,10,3.37512757338327,3.37502477147602,1.58589118354745,1755,23.3248201021278,9.80630291700133,0.999999999999996,7739.93249405652,71441.8966469765
689,"joint",-4299.8337616164,-4301.63509425953,8.58598874372465,-4.11361840659484,-4.11321935385099,0.0163485118097021,0.0163550370300647,0.39359459939152,0.000399052743855535,0.161540206962618,0.0079767927804808,0.0891444172615559,0.00162691769630049,8.52003349383207e-05,0.000741201833246063,2.99131083035318,2.99119822068671,-0.389094088874517,10,3.37502477147602,3.37559621749918,1.58683765439681,1768,23.0832231660667,9.34306345485063,1,7739.70932051336,71523.0805459023
690,"joint",-4304.4923019922,-4301.98863599148,8.58573751036146,-4.11321935385099,-4.11296900968701,0.0163550370300647,0.0163591319306827,0.246997430081077,0.000250344163976745,0.2164618626944,0.0104500263771533,0.0999672105611411,0.00211771347922767,0.000105832056054707,0.00102240104418849,2.99119822068671,2.99113374294015,-0.38901903986328,10,3.37559621749918,3.37538742786644,1.58749498146954,1755,23.2829873802421,9.5723015360048,1,7739.50223718205,71604.0276138783
691,"joint",-4302.95329991752,-4302.11163450405,8.58556259770715,-4.11296900968701,-4.11279321802659,0.0163591319306827,0.0163620079824334,0.173468389324999,0.000175791660426707,0.213218526238286,0.0111735656984433,0.107968584524461,0.00207479502737323,0.000116693240475877,0.000876758434224628,2.99113374294015,2.99103318163271,-0.38885439300589,10,3.37538742786644,3.37584054036116,1.58856589980236,1780,23.6201215247414,9.94687735057394,1,7739.33715411334,71684.9418530464
692,"joint",-4300.78768248355,-4302.11485531671,8.5854136966992,-4.11279321802659,-4.11224838245309,0.0163620079824334,0.0163709250153739,0.538434754593871,0.000544835573498119,0.286149611535867,0.0153189143133545,0.104468475969261,0.00256766222356596,0.000149022133563247,0.000882210384087354,2.99103318163271,2.99085355817522,-0.389488693491804,10,3.37584054036116,3.37674766406652,1.59044903321309,1765,23.5110086701914,9.69468033354504,1,7739.17390462069,71765.7496829033
693,"joint",-4300.11841152315,-4302.07747350571,8.58505263961997,-4.11224838245309,-4.11177251104315,0.0163709250153739,0.0163787173244644,0.470814183461174,0.00047587140993319,0.179201955604865,0.00899340988473156,0.080543543910863,0.0018688792572765,9.64491887575502e-05,0.000812931599757682,2.99085355817522,2.99070709132161,-0.389679613309592,10,3.37674766406652,3.37613399398227,1.59131070526714,1743,23.484802937749,9.88603071702604,1,7738.82481927627,71846.5470118523
694,"joint",-4301.05777917549,-4301.8773436313,8.58481327813209,-4.11177251104315,-4.11126102940918,0.0163787173244644,0.0163870968803757,0.506709210922947,0.000511481633974935,0.191234336791925,0.0095606452544192,0.0948000796314471,0.00183613914037405,9.83367024382029e-05,0.00081875251729657,2.99070709132161,2.99061386928274,-0.389883902365552,10,3.37613399398227,3.37674885947391,1.59230783907156,1766,23.1026911204391,9.55837428560805,1,7738.56224312409,71927.3306748867
695,"joint",-4300.1919289917,-4301.69588205575,8.58451195484681,-4.11126102940918,-4.11086598556035,0.0163870968803757,0.0163935717810491,0.391663592197961,0.000395043848825896,0.223326665858897,0.0122762536933283,0.0808833751438462,0.00253999911607741,0.000139419932290758,0.000908309389537882,2.99061386928274,2.99040136036077,-0.390315069141423,10,3.37674885947391,3.37684005434,1.5938348041397,1751,23.4165209760364,10.0204907750888,0.999999999999997,7738.29102459361,72008.1310670376
696,"joint",-4302.12814271709,-4301.64229471662,8.58425379239707,-4.11086598556035,-4.11050034380276,0.0163935717810491,0.0163995670514422,0.362755656905709,0.00036564175759497,0.184283854772735,0.00920569906871788,0.0773159698102861,0.00188504802683144,9.51501207984747e-05,0.000860448474178059,2.99040136036077,2.99036055362835,-0.390711497891409,10,3.37684005434,3.37813687979551,1.59470084654016,1749,23.1930495606683,9.61919251645348,1,7738.03074069779,72089.001242876
697,"joint",-4300.5657837681,-4301.66048873,8.58402580527424,-4.11050034380276,-4.10986281278741,0.0163995670514422,0.0164100256175517,0.63378813965529,0.000637531015352355,0.231379449182163,0.0102825617828285,0.122426101199115,0.002077424415176,0.000105290389221591,0.000793537071794158,2.99036055362835,2.99032295463765,-0.390714630262814,10,3.37813687979551,3.37894675695841,1.59548439304798,1756,23.2105077323925,9.91987502933782,1,7737.85892346351,72169.7900969982
698,"joint",-4301.70530965521,-4301.62777755348,8.58365601398591,-4.10986281278741,-4.10935730067502,0.0164100256175517,0.0164183231813487,0.503187645796399,0.000505512112381438,0.228847363516605,0.011915875160189,0.106549908450044,0.00205621107544582,0.000118296950672877,0.000701445076992103,2.99032295463765,2.99020570536392,-0.390949462039897,10,3.37894675695841,3.37997219346581,1.59686662060048,1752,23.5278368259743,10.0663452885539,0.999999999999997,7737.57441113397,72250.5699100494
699,"joint",-4300.92509711589,-4301.5788699206,8.58335562095565,-4.10935730067502,-4.1085172204639,0.0164183231813487,0.0164321216848665,0.839183768610476,0.0008400802111222,0.302188135546365,0.0157141902420798,0.117308502280335,0.0027085196244776,0.00015454476156475,0.000962120137882151,2.99020570536392,2.98996772266476,-0.391354165011824,10,3.37997219346581,3.38058336354882,1.5989803391156,1774,23.2363661058949,9.94883428051344,1,7737.28945547379,72331.295279026
700,"joint",-4300.07697613469,-4301.43727243709,8.58281341258978,-4.1085172204639,-4.10836508183737,0.0164321216848665,0.0164346218354705,0.151993872073933,0.000152138626528149,0.166556431678818,0.0084010466770639,0.0614354798277266,0.00169863263298131,8.72795090460007e-05,0.000648263398259836,2.98996772266476,2.9899646314437,-0.391878628491416,10,3.38058336354882,3.38176690082096,1.5995423346902,1768,23.2289614413625,9.54830289647892,0.999999999999999,7736.77984674781,72412.1383850574
701,"joint",-4297.70633519445,-4301.20682909072,8.58264587352582,-4.10836508183737,-4.10819856859003,0.0164346218354705,0.0164373586455725,0.166377883068782,0.000166513247344565,0.215416063117518,0.0118123845127391,0.085301479006318,0.00227495061264184,0.000127284650707053,0.000826176603799997,2.9899646314437,2.99007320716015,-0.391790666978231,10,3.38176690082096,3.38255119425736,1.59928067620049,1761,23.4196213641481,9.56319598934113,1,7736.67402448091,72492.879062891
702,"joint",-4300.39987602665,-4301.22925211019,8.58252622652481,-4.10819856859003,-4.10800314929325,0.0164373586455725,0.016440571136521,0.19529772818524,0.000195419296776463,0.228873901082538,0.0121046641884238,0.10240680302678,0.00253847167370144,0.000136380542061285,0.00112530819858806,2.99007320716015,2.9898451776827,-0.392443392972497,10,3.38255119425736,3.38287350292197,1.60105583056763,1758,23.2383941437568,9.55933327337205,0.999999999999998,7736.62426918517,72573.5986330509
703,"joint",-4300.02759146708,-4301.02153638248,8.58239367515845,-4.10800314929325,-4.10744728778321,0.016440571136521,0.0164497123576099,0.556375929361505,0.000555861510039559,0.243283218960221,0.0113549979369909,0.132681991852002,0.0021202640372045,0.000113395762967947,0.000802377021507584,2.9898451776827,2.98971683722019,-0.39304491317707,10,3.38287350292197,3.38423274314566,1.60263263565917,1751,23.1657290422178,9.7008990660369,1,7736.4610741575,72654.3991248608
704,"joint",-4299.51866542337,-4300.92545966166,8.58200221602242,-4.10744728778321,-4.10735496283905,0.0164497123576099,0.0164512311464948,0.0924143245627538,9.23249441596373e-05,0.162864513373262,0.00795870411716357,0.0928654817187261,0.00163268189401035,8.56579124329202e-05,0.000760302584836522,2.98971683722019,2.9897188281745,-0.392765294438053,10,3.38423274314566,3.38429955910771,1.6027990583746,1771,23.209688688022,9.70871155365522,1,7736.14527087334,72735.0693318844
705,"joint",-4297.32782656928,-4300.69685399118,8.58198824421372,-4.10735496283905,-4.10740782996383,0.0164512311464948,0.0164503614401946,-0.052919045332188,-5.28671247799198e-05,0.17975477566887,0.00935606082334905,0.0801074617486509,0.0019586355791959,0.000102945896728336,0.000875911399648358,2.9897188281745,2.98961788174837,-0.393080587889061,10,3.38429955910771,3.38473658218908,1.60383690529632,1760,23.3440868489903,9.4484856033197,0.999999999999996,7736.10519697016,72815.8139209747
706,"joint",-4303.09386393736,-4300.80200449062,8.58197039808502,-4.10740782996383,-4.10703400194431,0.0164503614401946,0.0164565121958231,0.374456892589575,0.000373828019527558,0.13931377173406,0.00780157652077899,0.059088265734323,0.00152054928138791,8.63929190463822e-05,0.000572650924514496,2.98961788174837,2.98954845389397,-0.393241622392325,10,3.38473658218908,3.38523045496787,1.60462680860603,1776,23.2709182727229,9.63760013737048,0.999999999999996,7736.07807658517,72896.6574649811
707,"joint",-4300.28248695441,-4300.76387930238,8.58169998914335,-4.10703400194431,-4.10644778716499,0.0164565121958231,0.0164661620746628,0.588212499866018,0.000586214779319412,0.222008010476883,0.0102988072146419,0.11642088844619,0.00168851607600735,9.42767513515603e-05,0.000604164428586548,2.98954845389397,2.98949987751429,-0.393599987633928,10,3.38523045496787,3.38592080384741,1.60547614773639,1764,23.2648651781246,9.70221095192574,0.999999999999999,7735.87155223836,72977.3603010178
708,"joint",-4297.84233255952,-4300.55177266116,8.58134897692483,-4.10644778716499,-4.10641667440198,0.0164661620746628,0.0164666743904307,0.0312189411239248,3.11127630036268e-05,0.200023891980594,0.0105656344577509,0.0745546788490737,0.00216741011999088,0.000115152519990475,0.000884396068753827,2.98949987751429,2.98932944176817,-0.393612585070813,10,3.38592080384741,3.38539686209335,1.60665585266008,1757,23.3268496548033,9.47995391140732,0.999999999999998,7735.56241524339,73058.1071648598
709,"joint",-4302.72986000294,-4300.69657758048,8.58132524676906,-4.10641667440198,-4.10570413221558,0.0164666743904307,0.0164784117717967,0.716795830238335,0.000712542186400959,0.2186610817572,0.0114911383142538,0.0975219268825524,0.00222727732837231,0.000121712775356433,0.000762622343900327,2.98932944176817,2.9891226035378,-0.394331755961142,10,3.38539686209335,3.38605392046294,1.60844428771323,1762,23.3444406810589,9.56184599592643,1,7735.47301447348,73139.0066149235
710,"joint",-4302.64478288219,-4300.60420162498,8.58086585083581,-4.10570413221558,-4.10503752394184,0.0164784117717967,0.0164894000794634,0.672082625045027,0.000666608273743405,0.263515503724856,0.0127779640726848,0.132007909573315,0.00208863397200797,0.000115334789419141,0.000835649519849335,2.9891226035378,2.98904419246989,-0.394671125111456,10,3.38605392046294,3.3866312386394,1.60950805767171,1754,23.229815973276,9.697406480574,1,7735.06104595466,73219.7707939148
711,"joint",-4298.09912736872,-4300.36149299754,8.58045601153738,-4.10503752394184,-4.10456389920403,0.0164894000794634,0.0164972117169991,0.478050744473697,0.000473624737810794,0.200279147568496,0.0105867171052423,0.0856018384767341,0.0021139620613583,0.00011466528601037,0.000733390913065779,2.98904419246989,2.98886463242777,-0.395031582743117,10,3.3866312386394,3.38702300996099,1.61099419744466,1757,23.2623168753129,9.75423781611114,0.999999999999997,7734.69671108341,73300.5154409409
712,"joint",-4302.49325973932,-4300.44677186033,8.58014265659489,-4.10456389920403,-4.10461337307511,0.0164972117169991,0.0164963955562629,-0.0499368138287055,-4.94738710818221e-05,0.0947758065177722,0.00526661395211358,0.0423676495742271,0.00110997430184638,6.01436006480326e-05,0.000627755019628903,2.98886463242777,2.98881500919159,-0.395158851228733,10,3.38702300996099,3.38704026612881,1.61140171880279,1783,23.3061461059261,9.49221112182677,0.999999999999996,7734.41864590845,73381.387763977
713,"joint",-4302.63502631844,-4300.57260260009,8.58014566060743,-4.10461337307511,-4.10390940814767,0.0164963955562629,0.0165080125286545,0.712319351759797,0.000703964927440068,0.317660931966617,0.0153358330519893,0.188375632599708,0.00263111608395934,0.000150007037868664,0.00106943211554762,2.98881500919159,2.98873055894184,-0.395376606614415,10,3.38704026612881,3.38781435487062,1.61267422075014,1758,23.3525072870201,9.78435355823593,0.999999999999996,7734.41908437285,73462.1901478767
714,"joint",-4302.09497996667,-4300.62446263965,8.57972855954213,-4.10390940814767,-4.10351993047318,0.0165080125286545,0.0165144432832209,0.394399118660965,0.000389477674488743,0.23078685360066,0.0121770232166189,0.0932162748591259,0.00212827749100835,0.000122174427208469,0.000674439119364271,2.98873055894184,2.98855930604149,-0.395855245036123,10,3.38781435487062,3.38860555090487,1.61428699040551,1759,23.0254968525668,9.53641974857723,0.999999999999998,7734.03651753963,73543.1945610046
715,"joint",-4301.20772168224,-4300.67525227418,8.57946295419205,-4.10351993047318,-4.1030101497279,0.0165144432832209,0.0165228641746476,0.516894420638928,0.000509780745286889,0.270817570707735,0.0143756052340499,0.124995470980628,0.00288440297079055,0.000157421280890708,0.00109754779667448,2.98855930604149,2.98832947206755,-0.396283601689108,10,3.38860555090487,3.38972508500472,1.61638277263614,1769,23.4690635006559,9.5059623536511,1,7733.78082130398,73623.9343910217
716,"joint",-4301.98354425838,-4300.66802235124,8.5790773602284,-4.1030101497279,-4.10249229550595,0.0165228641746476,0.0165314228254945,0.52578603905277,0.00051785422194214,0.243721505366288,0.0113232669324662,0.131569150728332,0.00223181618375947,0.0001111420339115,0.000997830400289824,2.98832947206755,2.98824052069208,-0.396450301672237,10,3.38972508500472,3.39008667070614,1.61742696111656,1748,23.0641874053978,9.76209643596895,1,7733.42633145746,73704.6450459957
717,"joint",-4301.42378655887,-4300.71092249078,8.57876453096317,-4.10249229550595,-4.10154909398761,0.0165314228254945,0.0165470226443339,0.961936645041776,0.000943201518345632,0.387741023893696,0.022153240202858,0.131917946650848,0.00398313495537069,0.000231896144929031,0.00126707892223401,2.98824052069208,2.98782387320997,-0.397350821063909,10,3.39008667070614,3.39051368243861,1.62067072586101,1766,23.3283449602184,9.74017299323317,0.999999999999999,7733.13105628179,73785.4029750824
718,"joint",-4301.5499356968,-4300.70315379286,8.57817252930927,-4.10154909398761,-4.10066435954644,0.0165470226443339,0.0165616688432091,0.905860516283901,0.000884734441172169,0.351015047596786,0.0188789521807136,0.132607201704707,0.00324623255458458,0.000187289195187474,0.00117997785555724,2.98782387320997,2.98751757947713,-0.397926988998977,10,3.39051368243861,3.38992050612283,1.62286343766905,1781,23.5502490454933,9.86466852909476,0.999999999999998,7732.51972121679,73866.1926579475
719,"joint",-4300.46662597757,-4300.68023023595,8.57764573277891,-4.10066435954644,-4.10011183733964,0.0165616688432091,0.0165708220614718,0.566581065808282,0.000552522206792163,0.228658229997436,0.0114219046735085,0.116811509857884,0.00209743392801793,0.000114343022860913,0.000858133087167058,2.98751757947713,2.98736620295217,-0.398459949449378,10,3.38992050612283,3.39105731003642,1.62443080006232,1764,23.5175777568494,9.80653127054141,0.999999999999998,7731.95672833632,73946.9180390835
720,"joint",-4301.48478922951,-4300.75062089069,8.57724643107812,-4.10011183733964,-4.09962530466796,0.0165708220614718,0.0165788862693927,0.499503983476865,0.000486532671687969,0.211030513538954,0.0108229781395481,0.0793368874822152,0.00199786915804808,0.000106401005750072,0.000809309404092195,2.98736620295217,2.98721912169051,-0.399258700661672,10,3.39105731003642,3.39207345755923,1.62607187050013,1760,23.6715790090731,10.0438376828012,0.999999999999995,7731.61851504979,74027.7004668713
721,"joint",-4299.65075933174,-4300.84784209755,8.57686276865463,-4.09962530466796,-4.09928177904201,0.0165788862693927,0.0165845825200238,0.352892552257845,0.000343525625944906,0.18966715412489,0.00988889960981876,0.0804068103592653,0.00177524665750638,9.65336047173791e-05,0.000671123555438748,2.98721912169051,2.98709478428228,-0.399180540364596,10,3.39207345755923,3.39158673598887,1.62693453807902,1764,23.5761689875528,9.94445002233279,1,7731.30061571407,74108.4674339294
722,"joint",-4300.89377864364,-4300.8725372284,8.57667735444476,-4.09928177904201,-4.09886477345423,0.0165845825200238,0.016591499825783,0.428749040907908,0.000417005587776867,0.200980113259562,0.0109529944902504,0.0771317213676949,0.00229261078490314,0.0001244480770474,0.000821561755622468,2.98709478428228,2.98688429406184,-0.399898153234072,10,3.39158673598887,3.39128088061348,1.62834556948252,1778,23.6235687838236,9.86435007702351,1,7731.07800906389,74189.135518074
723,"joint",-4300.2198423514,-4300.88214977262,8.57641923597327,-4.09886477345423,-4.09824876326624,0.016591499825783,0.0166017235073324,0.634563013333476,0.000616010187990229,0.296870864897746,0.0162372145496899,0.104823734965816,0.00266135448229692,0.000157982528910221,0.000970014041062303,2.98688429406184,2.98662037216309,-0.400150465084406,10,3.39128088061348,3.39116835568155,1.63046567847115,1769,23.4908709201822,9.9460700740641,1,7730.80807393023,74269.8036789894
724,"joint",-4301.16322657455,-4300.96437783018,8.57602071686995,-4.09824876326624,-4.0977196924103,0.0166017235073324,0.0166105093193522,0.545769649897654,0.000529070855945953,0.243126733581664,0.0127282406852274,0.123259106642981,0.00204704085735904,0.000121147282332671,0.000642023739362164,2.98662037216309,2.98661841769072,-0.400543816197906,10,3.39116835568155,3.39262104597127,1.63127182243825,1759,23.7012554806129,9.94862793150888,1,7730.38571767807,74350.7920379639
725,"joint",-4305.41466911225,-4301.36871995733,8.57567194054251,-4.0977196924103,-4.09747166310418,0.0166105093193522,0.0166146297234224,0.2559364650754,0.000248029306121099,0.175340866875947,0.00854318388049822,0.0839777917251015,0.00163249054142425,8.40733048185964e-05,0.000780999987808312,2.98661841769072,2.98655444847784,-0.400492325100398,10,3.39262104597127,3.39289769183415,1.63206358079214,1755,23.2449710830261,9.76838020495762,1,7730.11298363528,74431.6220400333
726,"joint",-4298.72936856937,-4301.15049518893,8.57552197474802,-4.09747166310418,-4.09669350724176,0.0166146297234224,0.0166275635265482,0.805405598201185,0.000778155862417825,0.341981591197837,0.0185786757483495,0.161051557697794,0.00315738461254094,0.000182289324412352,0.000991110407596663,2.98655444847784,2.98622762298707,-0.400902984784279,10,3.39289769183415,3.39289978630446,1.63460175856816,1763,23.1255990903016,9.59890918568352,1,7729.95979572077,74512.6260550022
727,"joint",-4299.10044624421,-4301.09139315342,8.57507367581202,-4.09669350724176,-4.09627748683188,0.0166275635265482,0.0166344823714325,0.430961859746491,0.000416020409883086,0.283990546132313,0.0143770376470331,0.118814288979964,0.00243007211924791,0.000135553600605543,0.000905315778201435,2.98622762298707,2.98601220030828,-0.40112903770574,10,3.39289978630446,3.39244206757843,1.63623818946922,1741,23.9074630552961,10.0233867659008,0.999999999999997,7729.46615837997,74593.4710609913
728,"joint",-4298.71118741174,-4301.13483589603,8.57478483845954,-4.09627748683188,-4.09588574159755,0.0166344823714325,0.0166410001271935,0.406126586150135,0.000391745234329241,0.209890505961635,0.0100035062997064,0.0884753562704079,0.00182860674606684,9.46120010661514e-05,0.000793091777462887,2.98601220030828,2.98590191380127,-0.401212729258454,10,3.39244206757843,3.39293265517564,1.6373799074175,1759,23.5656944461879,10.032958463392,1,7729.13146116619,74674.4304058552
729,"joint",-4303.64902193116,-4301.18079399244,8.57454805519569,-4.09588574159755,-4.09547246663471,0.0166410001271935,0.0166478788572082,0.428813046791699,0.00041327496283801,0.155398978637046,0.00689508062175452,0.0864794877179415,0.00132726432359351,6.37270866087671e-05,0.000838314085683965,2.98590191380127,2.98583172751038,-0.401216150064861,10,3.39293265517564,3.39300818024118,1.63808194247303,1764,23.1530651452162,9.61669326788722,0.999999999999998,7728.89225060835,74755.2206659317
730,"joint",-4304.5488271244,-4301.27599620455,8.57430349316119,-4.09547246663471,-4.09554052861542,0.0166478788572082,0.0166467458081578,-0.0706225732869085,-6.80619807109121e-05,0.1584633585356,0.00888241433576349,0.0598830400284986,0.00160027276001763,9.22861712100174e-05,0.000598897555151077,2.98583172751038,2.98568851944631,-0.401815047620013,10,3.39300818024118,3.39345437257252,1.6393780510209,1786,23.5598939574518,9.66976880233543,0.999999999999999,7728.6636666162,74836.3414130211
731,"joint",-4303.75954018134,-4301.55901684518,8.57424019666848,-4.09554052861542,-4.09514311111274,0.0166467458081578,0.0166533628310778,0.412694973456496,0.000397417502676761,0.205824800296809,0.0106182011196937,0.0905384877313271,0.0018109945896777,0.00010255443535571,0.000674204298948712,2.98568851944631,2.9855900023603,-0.402489251918961,10,3.39345437257252,3.39439215165769,1.64065275814737,1766,23.5346082383723,9.84614303602024,1,7728.60045768661,74917.505895853
732,"joint",-4297.27668236505,-4301.29818797647,8.57392581508643,-4.09514311111274,-4.0949897855932,0.0166533628310778,0.0166559164123456,0.159238357316679,0.000153325519541454,0.204028988962781,0.00974576902052905,0.102368412945685,0.00194533054646215,0.000100516027046983,0.000691848810923084,2.9855900023603,2.9854457661813,-0.403093849612081,10,3.39439215165769,3.39477828854483,1.6419609567635,1743,23.3942377372978,9.45492177619958,0.999999999999999,7728.33804229367,74998.3555278778
733,"joint",-4302.24119906687,-4301.27849661389,8.5737653381983,-4.0949897855932,-4.09469220116748,0.0166559164123456,0.0166608736912339,0.30919739434475,0.000297584425720977,0.200470642422986,0.00983897471419691,0.0906232284903993,0.0016849915180771,9.1099867669484e-05,0.000635379042129062,2.9854457661813,2.98534701421683,-0.403446618501447,10,3.39477828854483,3.39569770400761,1.64316622202574,1785,23.4835900248964,9.85037900952405,0.999999999999997,7728.19380639704,75079.8049888611
734,"joint",-4301.61843541813,-4301.25466938646,8.57355165703004,-4.09469220116748,-4.09421130046727,0.0166608736912339,0.0166688878439096,0.500246207304596,0.000480900700213874,0.286319942111577,0.0130410597478487,0.15226732976794,0.00241532111501143,0.000122714622539109,0.00115968442654073,2.98534701421683,2.98529124779724,-0.403486416769102,10,3.39569770400761,3.3960443628627,1.6441237605634,1774,23.7112917729779,9.78794732739707,0.999999999999996,7727.99992619872,75160.7919840813
735,"joint",-4301.30089833213,-4301.25932821896,8.57323465416839,-4.09421130046727,-4.09359959323459,0.0166688878439096,0.0166790874424305,0.637508630770211,0.000611707232678669,0.236681414628009,0.0120157166076227,0.122255541190903,0.00213308922081268,0.00012054697512648,0.000820011922020685,2.98529124779724,2.9851336391488,-0.403883938750029,10,3.3960443628627,3.39709585827083,1.64575290068089,1752,23.7011488567438,9.78421520487955,1,7727.70792611948,75241.6382930279
736,"joint",-4299.05341138839,-4301.11282157546,8.5728026231101,-4.09359959323459,-4.09342787225081,0.0166790874424305,0.016681951837666,0.178990451323709,0.000171720983778103,0.231523449804769,0.0113265427808484,0.118797721745714,0.00212373312632736,0.000109690918271429,0.00104718182449828,2.9851336391488,2.98509701865443,-0.403835340878981,10,3.39709585827083,3.39790146803241,1.64651814921262,1761,23.6259396078882,9.74599281315605,1,7727.33505656466,75322.3758730888
737,"joint",-4301.40801008987,-4301.11203275201,8.57262286196639,-4.09342787225081,-4.09323004623909,0.016681951837666,0.0166852522881124,0.206240944172876,0.000197826011721216,0.258728763625094,0.014692597518015,0.102551415465106,0.00277070283395835,0.000160958120810986,0.000910407347558176,2.98509701865443,2.98491298297844,-0.404658501685998,10,3.39790146803241,3.39894526593726,1.64826201882613,1742,23.1668501271631,9.60687086987311,1,7727.16828732248,75403.1321458817
738,"joint",-4300.90416724328,-4301.07974432933,8.57241770449874,-4.09323004623909,-4.09290656901453,0.0166852522881124,0.0166906504602595,0.337413564137465,0.000323477224563079,0.215644307056615,0.0099377798878857,0.10692631962284,0.00180734801196964,9.1901417500266e-05,0.000841250852116542,2.98491298297844,2.98489047817457,-0.404794002823316,10,3.39894526593726,3.400226359947,1.649007669578,1745,23.6660816388388,9.65335046787851,0.999999999999999,7726.98552093629,75483.8701059818
739,"joint",-4302.0520730455,-4301.15901668273,8.57214314408878,-4.09290656901453,-4.09248246896802,0.0166906504602595,0.0166977304671055,0.442769873918377,0.000424100046508128,0.227382518344291,0.0109758082636022,0.097727001621413,0.00192205981085456,0.000102980847669667,0.000695269234868062,2.98489047817457,2.98470763467519,-0.404978601235613,10,3.400226359947,3.40044635400858,1.65051340215248,1775,23.5779314275848,9.85001728039156,1,7726.76831801294,75564.6398398876
740,"joint",-4300.30818986551,-4301.10018671453,8.57187768513148,-4.09248246896802,-4.09206398612952,0.0166977304671055,0.0167047196430709,0.43728845872211,0.000418482838495247,0.277144206043938,0.0154392821653677,0.0991496815269073,0.00275500328255676,0.000157355165256462,0.000948627856330729,2.98470763467519,2.9844398713976,-0.405444981698219,10,3.40044635400858,3.40070938839228,1.65261388841332,1771,23.3535744448753,9.3982289142865,1,7726.47302947545,75645.4009280205
741,"joint",-4301.66617266924,-4301.2009573814,8.57160697184158,-4.09206398612952,-4.09158898796624,0.0167047196430709,0.0167126562390045,0.496904329764392,0.000474998163281183,0.255150583712098,0.0108512893039138,0.146948826964917,0.00172177325526593,9.13213825561374e-05,0.00067985980382274,2.9844398713976,2.98441154924719,-0.405370175701328,10,3.40070938839228,3.40172162893149,1.65343350401856,1755,23.5543738532126,9.86052280711223,1,7726.15652408886,75726.1487898827
742,"joint",-4303.15180674585,-4301.31385878651,8.57128034654842,-4.09158898796624,-4.09111625012178,0.0167126562390045,0.0167205588118656,0.495093297937123,0.000472737844464344,0.251016767125981,0.0131189551250571,0.106214578416937,0.00207394695455682,0.000121744671674099,0.000749833300899162,2.98441154924719,2.9842255763494,-0.405676236834437,10,3.40172162893149,3.4020007595503,1.65505726337279,1781,23.4916117520061,9.90369807848956,0.999999999999997,7725.88983789878,75806.8854880333
743,"joint",-4299.09976637376,-4301.25785498763,8.57098685013002,-4.09111625012178,-4.09062451518108,0.0167205588118656,0.0167287829167355,0.515612515234008,0.000491734940695794,0.302238753684045,0.0140675061148362,0.154235120044827,0.00230964455038528,0.000122838133248821,0.000956204369045627,2.9842255763494,2.98406345717079,-0.405676895310593,10,3.4020007595503,3.4018416191632,1.65651461776999,1772,23.4562607159306,9.7719072106943,0.999999999999995,7725.57312450997,75887.7674779892
744,"joint",-4302.97443361913,-4301.34841533986,8.57070861866682,-4.09062451518108,-4.09022178033042,0.0167287829167355,0.0167355215374729,0.422633660434075,0.000402734850663705,0.237818729929915,0.011660582090167,0.103578595215001,0.0023499687986013,0.000112935823957382,0.00122792140522188,2.98406345717079,2.98407285360036,-0.405753007961996,10,3.4018416191632,3.40376234980366,1.65732730949455,1755,23.518313225946,9.98324340993742,1,7725.2447384146,75968.5188069344
745,"joint",-4301.5483262543,-4301.15509819696,8.5704140080458,-4.09022178033042,-4.08989548684114,0.0167355215374729,0.0167409831201812,0.342597818101128,0.000326293489276536,0.174391751070472,0.00883615361401195,0.0841334456973468,0.00163391506318658,8.78990219409958e-05,0.000711998273521787,2.98407285360036,2.98399131319094,-0.406051951126306,10,3.40376234980366,3.40457008954243,1.65829962792833,1769,23.7606327065447,9.57148651110094,1,7725.02421631405,76049.2563390732
746,"joint",-4300.07922354291,-4301.22259094564,8.57017694040282,-4.08989548684114,-4.08987910652976,0.0167409831201812,0.0167412573449434,0.0171988306558326,1.63803113765825e-05,0.139789346236135,0.00789587901503665,0.0486949570963327,0.00148269966562539,8.29941187412734e-05,0.000585627569828131,2.98399131319094,2.98394288461921,-0.406460693849827,10,3.40457008954243,3.40542101689706,1.659067529522,1778,23.7220983011856,9.93951191460999,0.999999999999997,7724.82895948491,76130.613476038
747,"joint",-4302.79649445836,-4301.40739335635,8.57009004596616,-4.08987910652976,-4.08948773958107,0.0167412573449434,0.0167478106020282,0.411238502281459,0.000391366948689499,0.215433477853986,0.0102256843113106,0.0868963232967833,0.00306368599441794,0.000132411051786973,0.00136235637883239,2.98394288461921,2.98374527078035,-0.407274415175839,10,3.40542101689706,3.40630780309962,1.66061906264649,1770,23.4326812416802,9.91763852918057,0.999999999999998,7724.78096897581,76211.3715929985
748,"joint",-4300.40943218638,-4301.49230559508,8.5697423063668,-4.08948773958107,-4.08941998711372,0.0167478106020282,0.0167489453459597,0.071194215081398,6.77524673547409e-05,0.148995890239694,0.00687939784441051,0.068281157327146,0.00136399590730203,6.60038883552585e-05,0.000703251324009745,2.98374527078035,2.98367031333315,-0.407636464930396,10,3.40630780309962,3.40631189505426,1.66138923769751,1755,23.9102023865089,10.1739005450558,1,7724.51627491292,76292.3013720512
749,"joint",-4302.28361264686,-4301.42403513086,8.56964777577019,-4.08941998711372,-4.08904281395671,0.0167489453459597,0.0167552637900513,0.396615333386498,0.000377173157008951,0.237728269234214,0.0119736716305213,0.124099801696461,0.0019282583349256,0.000110125096646042,0.000604770871753977,2.98367031333315,2.98352552772494,-0.408101763298869,10,3.40631189505426,3.40740375339428,1.66300159900085,1759,23.6472432179069,9.75962674569741,1,7724.42362086178,76373.2598838806
750,"joint",-4302.13132561451,-4301.30316005537,8.56935646265492,-4.08904281395671,-4.08894283445125,0.0167552637900513,0.0167569390567836,0.105138412313376,9.99795054576537e-05,0.180283816297279,0.00953189696686544,0.0754390926466262,0.00184020355981303,9.84066304765507e-05,0.000794244199478339,2.98352552772494,2.98358701083989,-0.407664747412158,10,3.40740375339428,3.40804102227703,1.66288467042838,1769,24.0565708147501,10.2047417202114,0.999999999999998,7724.1594642458,76454.2673990726
751,"joint",-4301.1770693704,-4301.17403651482,8.56928886975533,-4.08894283445125,-4.08886618865396,0.0167569390567836,0.0167582234549589,0.0806030606973584,7.66457972888935e-05,0.208586344016216,0.01055008638958,0.0756186347793908,0.00214253155005984,0.00010829905604373,0.000865058940343075,2.98358701083989,2.98346469661747,-0.407496505470214,10,3.40804102227703,3.40816668974949,1.66393785532845,1783,23.800769678685,9.81743446596435,0.999999999999995,7724.10676941363,76535.073390007
752,"joint",-4298.85810868601,-4301.25310783087,8.56922590994751,-4.08886618865396,-4.08830577933242,0.0167582234549589,0.0167676175516195,0.590271181447967,0.000560409321546273,0.270193407330106,0.0151087920183556,0.103649946444284,0.00323116590320509,0.000174055764721658,0.00110278308999685,2.98346469661747,2.98322048791736,-0.408254166807403,10,3.40816668974949,3.40964551611924,1.6661095388691,1773,23.652611386877,9.86867873007184,1,7724.0073793264,76615.9200968742
753,"joint",-4299.87975047992,-4301.13503540152,8.56881974483291,-4.08830577933242,-4.08784552105145,0.0167676175516195,0.0167753367627289,0.485297806729151,0.000460258280970123,0.251808947863282,0.0124398559494419,0.127122944647401,0.00190487632303099,0.000109748159175504,0.000582322285579266,2.98322048791736,2.9830398687103,-0.408455167469542,10,3.40964551611924,3.40955098487326,1.66761293123011,1762,23.5518145541027,9.79599408992962,1,7723.65062347573,76696.7617740631
754,"joint",-4300.23869437232,-4301.06604834923,8.56855998078726,-4.08784552105145,-4.08738121426832,0.0167753367627289,0.0167831274738772,0.490095120870627,0.000464306783131023,0.24869982777616,0.0132996740680531,0.0969816224110012,0.00242480624361204,0.000133120528534525,0.000972511491401299,2.9830398687103,2.9828755900882,-0.408099947726796,10,3.40955098487326,3.40928348878262,1.66885348057385,1769,23.6913662143986,9.5191748918737,1,7723.33991356825,76777.6081080437
755,"joint",-4300.80709397007,-4301.04135813113,8.56828813087055,-4.08738121426832,-4.08654748911295,0.0167831274738772,0.0167971258240153,0.883106154618366,0.000833725155366137,0.344194874548107,0.0185268792732308,0.130141313513804,0.00296936036555522,0.000174185507397915,0.000980259326938073,2.9828755900882,2.98259667219334,-0.408714836661995,10,3.40928348878262,3.41019257763233,1.67144581485544,1751,23.4735717948952,9.557615739808,0.999999999999999,7723.04235377554,76858.5143210888
756,"joint",-4302.75058067602,-4301.22621659551,8.56768908828125,-4.08654748911295,-4.08637674193372,0.0167971258240153,0.0167999941307397,0.180886794052287,0.000170747179234483,0.33556851826425,0.0161091137943461,0.151986313002241,0.00272263622789114,0.000147550266945521,0.00104432785830922,2.98259667219334,2.98256008596082,-0.408141016832406,10,3.41019257763233,3.41017136245384,1.67211451204205,1769,23.7151378452811,10.2919956360145,0.999999999999999,7722.47152505118,76939.3784480095
757,"joint",-4302.97076480865,-4301.30435433145,8.56761423609109,-4.08637674193372,-4.08596159816002,0.0167999941307397,0.0168069699915937,0.440176057679304,0.000415143773697674,0.228278814331806,0.0117486961023919,0.106157590180473,0.00224674109626083,0.000121092576866368,0.000731478917026676,2.98256008596082,2.98241941423499,-0.408851397330447,10,3.41017136245384,3.41028180551674,1.67329574621568,1776,24.1869866555337,10.3202956372816,1,7722.31989976416,77020.2431130409
758,"joint",-4302.18180993588,-4301.36823646608,8.56733604470547,-4.08596159816002,-4.08548247409297,0.0168069699915937,0.0168150245448218,0.508598330482628,0.000479124067045853,0.227781656495498,0.0115963679545585,0.115547052340689,0.00214032295983987,0.000115337536030531,0.000840064361768985,2.98241941423499,2.98222946901718,-0.409667569331551,10,3.41028180551674,3.41098957530136,1.67508026749945,1782,23.9492834268071,9.98642266567948,1,7722.06059751226,77100.9526929855
759,"joint",-4303.55535817565,-4301.44340072259,8.56699975939647,-4.08548247409297,-4.08488302086125,0.0168150245448218,0.016825107387421,0.637476178985752,0.000599453231718593,0.199198228187062,0.00948731812976818,0.113058162257278,0.00164242340883477,8.69573534722372e-05,0.000685393856652636,2.98222946901718,2.98210762888624,-0.409957779096404,10,3.41098957530136,3.41119103206306,1.6762222909713,1784,23.2197360200715,9.84556842842688,1,7721.74495372094,77181.7770760059
760,"joint",-4302.3122249233,-4301.54360247548,8.56662830946301,-4.08488302086125,-4.08437310020127,0.016825107387421,0.0168336890450807,0.542970985228137,0.000509920659987257,0.204818637784266,0.00980612206961807,0.11755164353328,0.00175163697370196,9.17379072615106e-05,0.000799433744384821,2.98210762888624,2.98202552417566,-0.410300396125309,10,3.41119103206306,3.41211518868404,1.67739097649283,1768,23.5117299420354,10.0805898392359,0.999999999999998,7721.39843843346,77262.5576848984
761,"joint",-4299.79906336634,-4301.45024701033,8.5662598332825,-4.08437310020127,-4.08409906304367,0.0168336890450807,0.0168383027335105,0.291908404855247,0.000274037157591435,0.217057211959387,0.0116778080231318,0.105918002601306,0.00197127244828991,0.000115524311383916,0.000691241920395619,2.98202552417566,2.98191066258133,-0.410218968635389,10,3.41211518868404,3.41207957423815,1.67841434724829,1777,23.711520005013,9.70329329338093,1,7721.09876762595,77343.3547968864
762,"joint",-4299.8173528505,-4301.28352431557,8.56609441595052,-4.08409906304367,-4.08374229885686,0.0168383027335105,0.0168443111086154,0.380272535137838,0.000356764186815761,0.236543814884699,0.0132426236370198,0.0901889286240545,0.00236366296353268,0.000136459567169457,0.000847220812161138,2.98191066258133,2.98168218697066,-0.410710876382964,10,3.41207957423815,3.41232436432447,1.68021836975404,1760,23.6167941518324,9.56549379434161,1,7720.88919205723,77424.1581308842
763,"joint",-4300.25516484809,-4301.34129423928,8.5658221907488,-4.08374229885686,-4.08288429739722,0.0168443111086154,0.0168587697540157,0.91792291784992,0.000858001459643504,0.394768609431196,0.0203431743218105,0.176712644941997,0.00355593283364083,0.000196934879731609,0.00141378249820198,2.98168218697066,2.98133778925876,-0.411020260677765,10,3.41232436432447,3.41212301724114,1.6827157451055,1766,23.9651247771993,10.1866641208635,1,7720.59304899866,77505.1459488869
764,"joint",-4303.98547545864,-4301.39184633126,8.56529681770884,-4.08288429739722,-4.08243215866828,0.0168587697540157,0.0168663939802179,0.484210566783388,0.000452138728939907,0.234739508573873,0.0128953245932269,0.0943838329003808,0.00209053436649499,0.000120017592762555,0.000746849968057777,2.98133778925876,2.98113497447551,-0.411526157735551,10,3.41212301724114,3.41221014511532,1.68439910646258,1774,23.726620069943,10.0617167318941,1.00000000000001,7719.98405813848,77585.9589788914
765,"joint",-4301.32837813267,-4301.38084892518,8.56501997109649,-4.08243215866828,-4.08207710240064,0.0168663939802179,0.0168723835623693,0.38048159743554,0.00035505626763224,0.280479881350688,0.0153983742860356,0.10193761087745,0.00295390099581436,0.000165713803774874,0.00105923218484975,2.98113497447551,2.98092743679203,-0.412266072143715,10,3.41221014511532,3.41282327468942,1.68618586521407,1777,23.7109582629681,9.94575372904852,1,7719.67023428469,77666.6442170143
766,"joint",-4300.67338092628,-4301.41055679434,8.56475196180664,-4.08207710240064,-4.0815798487261,0.0168723835623693,0.0168807755033828,0.533521665035713,0.00049725367453876,0.197817774487376,0.0113363760050614,0.0788800889397967,0.00205544321426146,0.000119176476713946,0.000728034725932546,2.98092743679203,2.98076365618584,-0.412731048875937,10,3.41282327468942,3.41316872925846,1.68754763786217,1767,23.3246858478069,9.84861868506349,1,7719.42745402102,77747.3886950016
767,"joint",-4302.4223108573,-4301.39184761429,8.56442936310253,-4.0815798487261,-4.08195342442889,0.0168807755033828,0.0168744704335943,-0.401103028006824,-0.000373575702783781,0.175177435648918,0.00818585412106653,0.0906503654804535,0.00175819751898966,8.64066146789763e-05,0.000824306907029974,2.98076365618584,2.98084844155587,-0.412860126252996,10,3.41316872925846,3.41308854498413,1.68698190910831,1778,23.9859439659653,9.92591615061848,0.999999999999998,7719.10776201265,77828.1622178555
768,"joint",-4301.32790423347,-4301.43777121665,8.5646960494739,-4.08195342442889,-4.08167520129427,0.0168744704335943,0.0168791659548243,0.298839989456389,0.000278223134614956,0.115888036090691,0.00599108125324056,0.0541269133423269,0.00118978214026058,6.24487392927631e-05,0.000543442398547621,2.98084844155587,2.98078502833999,-0.413172351441821,10,3.41308854498413,3.41345953188892,1.68767017318971,1748,23.8991467604134,9.97314202096192,0.999999999999998,7719.35334119603,77908.8598539829
769,"joint",-4298.87391155221,-4301.26728616191,8.56453332708385,-4.08167520129427,-4.08130931995884,0.0168791659548243,0.0168853428565425,0.393257140119435,0.000365881335433531,0.206333034580897,0.0114560540712566,0.0725289120018574,0.00198799633219337,0.000113321798976754,0.000653841174627075,2.98078502833999,2.98064060027741,-0.413667889140545,10,3.41345953188892,3.41333294684597,1.68881466796894,1734,23.7632983856822,9.57292568208416,0.999999999999998,7719.20091974502,77989.7787380219
770,"joint",-4300.57277531095,-4301.18935864673,8.56434180667812,-4.08130931995884,-4.08092718256338,0.0168853428565425,0.016891796610515,0.411029724496373,0.000382137395459754,0.238896324276212,0.0124226789848965,0.0972255348372015,0.00206700787480503,0.000115766127710937,0.000687928565679027,2.98064060027741,2.98050100387596,-0.414292875172692,10,3.41333294684597,3.4133964002662,1.69010962921934,1755,23.7113820790557,9.61590001883532,1,7718.96570009474,78070.6334810257
771,"joint",-4299.82035891157,-4301.12152312379,8.56415325428904,-4.08092718256338,-4.08039405031965,0.016891796610515,0.0169008045729468,0.574257553545478,0.000533132243728891,0.275336927944372,0.0152246640061208,0.10233329998647,0.00284953735770381,0.000157906197315483,0.00105010709704306,2.98050100387596,2.98027342607818,-0.41505088745967,10,3.4133964002662,3.41474648543416,1.6923202706357,1765,23.7745206112334,9.84464406012955,1,7718.7186642231,78151.5809869766
772,"joint",-4301.780684691,-4301.26765192404,8.56377434789876,-4.08039405031965,-4.08013874809024,0.0169008045729468,0.0169051199368707,0.275085662430305,0.000255302229410803,0.172595479615354,0.00947476732915754,0.063285224813619,0.00183176955584098,9.91294155419287e-05,0.000634352085213907,2.98027342607818,2.98021874388532,-0.41565433573424,10,3.41474648543416,3.41585818584105,1.69308776034318,1767,23.6902401528098,9.52831549095691,0.999999999999998,7718.36501236289,78232.4599809647
773,"joint",-4298.4767181284,-4301.19750030647,8.56354948792619,-4.08013874809024,-4.07962102748817,0.0169051199368707,0.0169138743317122,0.558588006742907,0.000517720602071186,0.22519251933407,0.0107519508142341,0.102521413544183,0.00185336754983589,9.86670627573031e-05,0.000773698455439749,2.98021874388532,2.98012407729164,-0.415766678923719,10,3.41585818584105,3.41622287833779,1.69408769224732,1748,23.2925107980167,9.81547292076706,0.999999999999997,7718.22882999363,78313.2857558727
774,"joint",-4300.78798279071,-4301.22496472739,8.563230093443,-4.07962102748817,-4.07889136267744,0.0169138743317122,0.0169262202942847,0.789366634441904,0.000729664810731962,0.310472609735188,0.0171854328340378,0.111460933823426,0.00271677981940356,0.000160433475085834,0.000940184462057931,2.98012407729164,2.97983529703648,-0.416115472838976,10,3.41622287833779,3.41619186331643,1.69637491458353,1757,24.0558186303549,9.86464526117505,0.999999999999997,7717.90898846367,78394.1353259087
775,"joint",-4303.36010404332,-4301.35261523105,8.562763768733,-4.07889136267744,-4.07861286159576,0.0169262202942847,0.0169309349214293,0.301405199768573,0.000278501081682689,0.256388360530675,0.0135289012336121,0.109568591341443,0.00229089116262521,0.000128146814101599,0.000920300174042396,2.97983529703648,2.97960875482601,-0.416373225506008,10,3.41619186331643,3.41572773442847,1.69799783182726,1749,23.5634595533878,9.86127092683128,0.999999999999998,7717.40763073853,78475.5129098892
776,"joint",-4301.02209920968,-4301.26619115773,8.56255030043371,-4.07861286159576,-4.077682556601,0.0169309349214293,0.0169466931836111,1.01119921796636,0.000930304994754848,0.313063466712093,0.0132601260533459,0.174554898874955,0.00204655750305638,0.000108428826958865,0.0007946352440611,2.97960875482601,2.97944417126297,-0.416770172547051,10,3.41572773442847,3.41670343252368,1.69980953794119,1758,24.1234700257321,10.2092984257611,1,7717.14943295412,78556.637871027
777,"joint",-4300.5403406429,-4301.14466994944,8.5619919495804,-4.077682556601,-4.07743049916623,0.0169466931836111,0.0169509652620048,0.274062041418508,0.000252057434770323,0.243101503407799,0.0134111555340251,0.0850701666163926,0.00237038883901313,0.000131911365706224,0.000852546298386751,2.97944417126297,2.97923184027382,-0.416858325950734,10,3.41670343252368,3.41579307604508,1.70111408757919,1773,23.5360673674259,10.1626096301355,0.999999999999999,7716.61379578627,78637.8281059265
778,"joint",-4303.32247717715,-4301.20170331151,8.5618845719914,-4.07743049916623,-4.07679429757246,0.0169509652620048,0.0169617529243205,0.693146159614987,0.000636201593771802,0.269842281555685,0.0124025313653758,0.139317607828954,0.00195771682793381,0.000105328681980841,0.000792876918944725,2.97923184027382,2.97910486594409,-0.41705034242116,10,3.41579307604508,3.416956244237,1.7026878440982,1762,23.5200622003971,9.87323819502705,1,7716.39255314271,78718.8031830788
779,"joint",-4300.27353288594,-4301.03761204702,8.56145753002907,-4.07679429757246,-4.07656550083315,0.0169617529243205,0.016965634162073,0.249340945134795,0.00022879673931355,0.239136141120854,0.0117438920472422,0.107368331099508,0.00196019581077816,0.000105536742247446,0.000794021894818661,2.97910486594409,2.97896415760418,-0.417319017064911,10,3.416956244237,3.4174527454396,1.70407453515174,1744,24.4131140997556,10.3473194326931,1,7715.99963570715,78799.6789360046
780,"joint",-4302.3624527221,-4301.04012343696,8.56131035256506,-4.07656550083315,-4.07655294667734,0.016965634162073,0.0169658471526247,0.0136814342342216,1.25541558105179e-05,0.175971934261068,0.00924892104168276,0.075035796968162,0.00157327619743814,8.73560096626314e-05,0.000628222321806926,2.97896415760418,2.97885369697145,-0.417330107740943,10,3.4174527454396,3.4170926168927,1.70485388541948,1759,23.5598835165674,9.77131050575661,0.999999999999999,7715.80702112665,78880.451004982
781,"joint",-4303.01136539389,-4301.20073853834,8.56127983532757,-4.07655294667734,-4.07642653622195,0.0169658471526247,0.0169679919486488,0.137772268906672,0.000126410455389697,0.156995420226013,0.00821384104707935,0.0633676324250164,0.00140457781373498,7.63316642099934e-05,0.000551582360928352,2.97885369697145,2.97878344607588,-0.417439775144821,10,3.4170926168927,3.41695649433342,1.70543830322735,1748,23.7673357153888,9.93419149613259,1,7715.73139438983,78961.1899399757
782,"joint",-4301.1774559776,-4301.26874369469,8.56117201590625,-4.07642653622195,-4.0762822701681,0.0169679919486488,0.0169704400304722,0.157249099191199,0.000144266053844078,0.137221505929329,0.00777008933985775,0.0531009600148185,0.00141443505585214,8.18074268861505e-05,0.000427108768568104,2.97878344607588,2.97866579791632,-0.417860521030222,10,3.41695649433342,3.41724486547219,1.706364620926,1763,23.7677624769007,9.71669729253341,1,7715.6130901828,79041.9633719921
783,"joint",-4302.45975712799,-4301.37897330869,8.56105598619917,-4.0762822701681,-4.07608298748873,0.0169704400304722,0.0169738222822325,0.217260023147187,0.000199282679373627,0.138219534625434,0.00720580638452263,0.0616643869355096,0.00140581151455048,7.43396352286505e-05,0.000658491841431707,2.97866579791632,2.97864531739625,-0.417813069337114,10,3.41724486547219,3.41754672580069,1.70673792186047,1752,23.7513904165851,9.63543385455301,0.999999999999999,7715.50427949181,79122.7723529339
784,"joint",-4300.16624268425,-4301.18801166997,8.56093238334861,-4.07608298748873,-4.07565267123345,0.0169738222822325,0.0169811279656391,0.469570157548086,0.000430316255276891,0.201071118315758,0.0107657021224384,0.073551785792056,0.0019326883892567,0.000106073318364944,0.000718695243059,2.97864531739625,2.97849253696908,-0.418484155811734,10,3.41754672580069,3.41807247805116,1.70819944255668,1763,23.5462466980397,9.73522438347899,0.999999999999999,7715.38068057561,79203.6650760174
785,"joint",-4300.40967827091,-4301.14207667688,8.56062256857902,-4.07565267123345,-4.07532187988111,0.0169811279656391,0.0169867461050879,0.361164140346416,0.000330791352343576,0.244535663267992,0.0124067023444633,0.101355272797887,0.00234737196247261,0.000121019059898163,0.00111785694715727,2.97849253696908,2.97851156347124,-0.418867463837949,10,3.41807247805116,3.41986831200004,1.70888108245053,1778,23.8717089988447,9.91794102556597,0.999999999999999,7715.0896283365,79284.4356808662
786,"joint",-4299.81611838629,-4301.09921354988,8.56035549939888,-4.07532187988111,-4.0741189196316,0.0169867461050879,0.0170071927812244,1.32302203554649,0.00120296024950805,0.402151655524604,0.0216393285262807,0.165052676013776,0.00320840129339336,0.000194633548221189,0.000984120621560436,2.97851156347124,2.97816575191298,-0.419526018364985,10,3.41986831200004,3.4205656800652,1.71180529778517,1781,23.654293988393,10.0933608853026,1,7714.92548168679,79365.2440080643
787,"joint",-4300.62622747186,-4301.00940938061,8.55960384080888,-4.0741189196316,-4.07380790773442,0.0170071927812244,0.0170124830431415,0.342218078125941,0.000311011897175785,0.317432591966178,0.0161554543481318,0.135927879871754,0.00260285041715648,0.00014632327916002,0.000789400600387815,2.97816575191298,2.97807932800283,-0.419282898707472,10,3.4205656800652,3.42019559584477,1.7126206747049,1752,24.2660113648506,10.2819498397087,0.999999999999998,7714.15446839687,79446.069423914
788,"joint",-4301.18792386802,-4301.00241036234,8.55941661924352,-4.07380790773442,-4.07288626380475,0.0170124830431415,0.0170281697225229,1.01845419061223,0.000921643929669297,0.404055394532319,0.0192793462474817,0.182693726928513,0.00292729646118691,0.000160644247242003,0.0011513973449414,2.97807932800283,2.97783764738628,-0.419770066133623,10,3.42019559584477,3.42122768528519,1.71507951192023,1775,23.914987155864,9.84445031793875,1,7713.90029865851,79526.8432538509
789,"joint",-4299.27150258783,-4301.02228991412,8.55878877382722,-4.07288626380475,-4.07245116432201,0.0170281697225229,0.0170355802824096,0.481258456598345,0.000435099482740203,0.241184309664787,0.0138281874813246,0.0908984164589758,0.00240266136767008,0.000138638245497975,0.000896052598482436,2.97783764738628,2.9776009448002,-0.420225260869623,10,3.42122768528519,3.42143701653821,1.71696120724808,1772,23.6200394208968,9.68795446350424,1,7713.26816511615,79607.6591379642
790,"joint",-4301.54983039825,-4301.07114266848,8.5584555249456,-4.07245116432201,-4.07176720704261,0.0170355802824096,0.0170472358770626,0.758292876137176,0.000683957279400537,0.368167273260587,0.0173956703092868,0.160335071153407,0.00272418371750452,0.000146031100474141,0.0012066275006437,2.9776009448002,2.97742057322693,-0.420142080471147,10,3.42143701653821,3.42163037609201,1.71867785107112,1774,23.5196797068832,9.85194413344139,1,7712.92495418573,79688.43968606
791,"joint",-4298.36544946586,-4300.9983971962,8.55809579277299,-4.07176720704261,-4.07128400793477,0.0170472358770626,0.0170554750766562,0.536341885927683,0.000483199107844325,0.187629251114517,0.00942917328713766,0.092366932935044,0.00188271937626028,9.61790336314334e-05,0.000856988933792986,2.97742057322693,2.97741296706344,-0.420503268863758,10,3.42163037609201,3.42296365349937,1.71947938693992,1759,23.8299481829509,9.67604502511349,0.999999999999997,7712.48557237434,79769.2825760841
792,"joint",-4302.63541653861,-4301.04113378858,8.55776747243151,-4.07128400793477,-4.07082306372182,0.0170554750766562,0.0170633385113551,0.512183779476584,0.000460944212954713,0.219087554491499,0.011135842096406,0.0971094517588497,0.00178520437493916,0.000100345822749975,0.000638836848296324,2.97741296706344,2.97732930177069,-0.420812762983007,10,3.42296365349937,3.42428727855506,1.72072300747425,1751,23.5057140565544,9.48685865767479,1,7712.22991245114,79850.0480110645
793,"joint",-4301.74034945812,-4301.20431535506,8.55744274013095,-4.07082306372182,-4.07038588719698,0.0170633385113551,0.0170707998332262,0.48623890336285,0.000437176524835509,0.197687021985441,0.0101140470529796,0.0808495191294135,0.00184804406472982,9.88473633241644e-05,0.000754318584956909,2.97732930177069,2.97720675809238,-0.421548284970272,10,3.42428727855506,3.42524453436352,1.72202248299135,1772,24.0196131545115,9.65418340647048,0.999999999999996,7711.94680079015,79930.6648960114
794,"joint",-4299.74113642758,-4301.15197303691,8.55710996581819,-4.07038588719698,-4.06993345416656,0.0170707998332262,0.0170785249743491,0.50372339279226,0.000452433030418305,0.254026673375882,0.0136519278588168,0.100341763459992,0.00210885419123089,0.000123350765774589,0.00071913314760004,2.97720675809238,2.97700824430929,-0.422187562842681,10,3.42524453436352,3.42554761960694,1.72375915745175,1787,23.6561807297296,9.96461746049439,1,7711.6736448413,80011.1519949436
795,"joint",-4301.83178236499,-4301.07555695299,8.55677844565906,-4.06993345416656,-4.06982691598281,0.0170785249743491,0.0170803445863084,0.118622685939459,0.000106538183750454,0.255323835321484,0.0137542420492108,0.111079066268225,0.00251823821889477,0.000137825224973567,0.000917599279316046,2.97700824430929,2.97682754794746,-0.422203234657834,10,3.42554761960694,3.42485572878695,1.7249074934763,1748,23.4095583245633,9.53074539177582,1,7711.32465236747,80092.0811340809
796,"joint",-4302.4602516852,-4301.14746457677,8.55670183689752,-4.06982691598281,-4.06975459115597,0.0170803445863084,0.0170815799639466,0.0805306540327624,7.23248268403509e-05,0.126939617338009,0.00727613495945383,0.0488813885104193,0.00133170681629767,7.59163088459373e-05,0.000515370152425859,2.97682754794746,2.97681069898869,-0.422090143157492,10,3.42485572878695,3.42487817098101,1.72510039542702,1762,23.5281111140722,9.50801202965013,1,7711.17632250227,80172.7374739647
797,"joint",-4300.28306796996,-4301.13460094312,8.55667418549479,-4.06975459115597,-4.06907696002992,0.0170815799639466,0.017093158896892,0.756252061942865,0.000677631126052599,0.304580055948493,0.0145538135798218,0.142419309423545,0.00230023146192603,0.000123312318150815,0.000872033661494903,2.97681069898869,2.97669119201056,-0.422304146987904,10,3.42487817098101,3.42598202874532,1.72671362611693,1754,23.8999851590731,9.93570761867188,1,7711.12204271773,80253.5109729767
798,"joint",-4299.39022510396,-4300.93798833946,8.55623002718737,-4.06907696002992,-4.06887221629868,0.017093158896892,0.0170966589723202,0.228546663790804,0.000204743731238767,0.22739459135471,0.0102806350183139,0.11200009108673,0.00158314541072191,8.3909923381825e-05,0.000781735312828396,2.97669119201056,2.97664108095125,-0.422065689899824,10,3.42598202874532,3.42581442105718,1.72723925057613,1782,23.8527183853906,9.74657410553242,0.999999999999998,7710.68459347383,80334.3429679871
799,"joint",-4301.4505830723,-4300.99684084878,8.55612231775647,-4.06887221629868,-4.06867716365062,0.0170966589723202,0.0170999940461727,0.217770352323405,0.000195052648060351,0.131004735047899,0.00612489718520236,0.0599886825826421,0.0012062220558634,5.73997234671436e-05,0.000560023570789437,2.97664108095125,2.97661433211228,-0.422116911041068,10,3.42581442105718,3.42674301745113,1.72788022820482,1759,24.0855279413518,9.94899057761911,0.999999999999999,7710.54146221268,80415.069177866
800,"joint",-4303.19130756267,-4301.03828359081,8.5559618971212,-4.06867716365062,-4.06815744410346,0.0170999940461727,0.017108883557161,0.581036320488882,0.000519719547159571,0.242752453579289,0.0128077852927987,0.0988008966415237,0.00221809733931649,0.000120889245462439,0.000894219006600692,2.97661433211228,2.97657905425999,-0.422734654252764,10,3.42674301745113,3.42796699227593,1.72890142123709,1758,23.4114695487349,9.68169193955868,1,7710.41688921918,80495.8011159897
801,"joint",-4300.99806009595,-4300.93761832591,8.5556100711038,-4.06815744410346,-4.06787108883077,0.017108883557161,0.017113783477703,0.32027094861719,0.000286355272688899,0.202506891413169,0.0107249172523315,0.0816256126276765,0.0020185480882912,0.000109042286417122,0.000871188722173138,2.97657905425999,2.97656056518484,-0.423495778076503,10,3.42796699227593,3.4286668721459,1.72940319851921,1763,23.7228979957478,9.5990010266194,1,7710.12807202191,80576.5698978901
802,"joint",-4300.90183632018,-4300.92383734304,8.55540559749651,-4.06787108883077,-4.06770006201388,0.017113783477703,0.017116710643921,0.191311069664011,0.000171026816891768,0.133747226915508,0.00639796802352351,0.0598694326962842,0.0014065874523911,6.63534441805209e-05,0.000701642305506306,2.97656056518484,2.97648020286459,-0.424019744050728,10,3.4286668721459,3.42913414771422,1.73023652591048,1742,23.8101761106661,9.94931443618576,0.999999999999998,7709.99282361159,80657.3194189072
803,"joint",-4303.0014942613,-4300.9509241997,8.55524597020053,-4.06770006201388,-4.06764506554063,0.017116710643921,0.0171176520285263,0.0615201372338614,5.49964732539389e-05,0.166562899874983,0.00781973811711122,0.0844902560258244,0.00149852886038092,7.41477558855596e-05,0.000781090538816064,2.97648020286459,2.97647023744639,-0.424261059994174,10,3.42913414771422,3.42973286929123,1.73065624293649,1772,23.8090342869547,10.0854566861607,0.999999999999997,7709.86510363138,80738.0784380436
804,"joint",-4301.6767398206,-4301.02644905652,8.55516506403603,-4.06764506554063,-4.06747988218542,0.0171176520285263,0.0171204798132666,0.184802565612832,0.0001651833552035,0.199414131126488,0.0105853353910093,0.0943841684868165,0.00225451623828739,0.000114021561192763,0.00106073988660275,2.97647023744639,2.97654586424363,-0.424397600533554,10,3.42973286929123,3.43130033798322,1.73083083405854,1776,23.8295761610575,9.60317885254255,0.999999999999999,7709.83577456354,80818.8169698715
805,"joint",-4299.76413478594,-4300.99417188227,8.5549715815415,-4.06747988218542,-4.06717817837343,0.0171204798132666,0.0171256459065653,0.337691601061148,0.000301703811997843,0.175148278893482,0.00903398157305964,0.073356140092901,0.00163576770311894,8.73199368360501e-05,0.000629819286045778,2.97654586424363,2.97642703676052,-0.424469456323788,10,3.43130033798322,3.43131966053636,1.73188738493209,1778,23.7755060359246,10.0936468183789,1.00000000000001,7709.74917982719,80899.5303878784
806,"joint",-4302.84579708436,-4301.14565581718,8.55475725056187,-4.06717817837343,-4.06672413776044,0.0171256459065653,0.0171334234108482,0.508724062780161,0.000454040612982097,0.20323420554809,0.00920080972402384,0.119465960154784,0.00151128109095696,8.10416812735289e-05,0.000556334889612881,2.97642703676052,2.9763265528868,-0.424944038566621,10,3.43131966053636,3.43197037944547,1.73299788496645,1746,23.8670793846238,10.3074489122385,0.999999999999998,7709.53186914469,80981.8069760799
807,"joint",-4301.93966931252,-4301.21132790921,8.5544428173045,-4.06672413776044,-4.06637020306903,0.0171334234108482,0.0171394885970527,0.396810268487385,0.000353934691417191,0.23304905794041,0.0117475608160439,0.119649883967235,0.00199805042413414,0.00010848180495378,0.000752595083337154,2.9763265528868,2.97614702861776,-0.42509271272427,10,3.43197037944547,3.43246296596496,1.73457981633797,1764,23.5859584834197,9.8561441045109,1,7709.24764195251,81063.1814820766
808,"joint",-4299.92837285277,-4301.14835035845,8.55418609170653,-4.06637020306903,-4.06598450977133,0.0171394885970527,0.0171461004579237,0.432738094831034,0.000385693297692608,0.218417506417707,0.0116199415040856,0.0947445466374165,0.00213102562400921,0.000115494092658773,0.000903659386381633,2.97614702861776,2.97609333628298,-0.425355409664458,10,3.43246296596496,3.43332297342725,1.73545528415713,1749,23.5767156645289,9.57420480199304,0.999999999999999,7708.97785807961,81144.3807649612
809,"joint",-4302.89742821105,-4301.32964663961,8.55390126361821,-4.06598450977133,-4.06566359574004,0.0171461004579237,0.0171516037651397,0.36024294876253,0.00032091403129723,0.210892165398987,0.0105945450042327,0.118807847531159,0.00188020263001465,0.000103647739005987,0.000710051000731819,2.97609333628298,2.97613015341245,-0.425462364229271,10,3.43332297342725,3.43429394928151,1.7357296799393,1781,23.9072463032734,9.67774091515485,0.999999999999995,7708.74637705292,81225.4116249084
810,"joint",-4302.43651894317,-4301.37398106685,8.55370083646255,-4.06566359574004,-4.06532517589013,0.0171516037651397,0.0171574091905917,0.38011188431506,0.000338419849906693,0.20154300869927,0.0100028769711468,0.103189510599054,0.00160698775175386,8.99893699943052e-05,0.000567597511714322,2.97613015341245,2.97608813751713,-0.425387309011149,10,3.43429394928151,3.43464324675115,1.73641475633532,1753,24.1185734914503,9.50473313771071,1,7708.608908099,81306.3808579445
811,"joint",-4300.67116524499,-4301.48926685581,8.55346324503019,-4.06532517589013,-4.06512772937878,0.0171574091905917,0.0171607971956441,0.221814409800274,0.000197446511349846,0.236797252762931,0.0129866990575548,0.0838256384770408,0.002348283669399,0.000129559735048273,0.0008502664025608,2.97608813751713,2.97590141565976,-0.425362671780406,10,3.43464324675115,3.43433927313887,1.7376805687129,1768,23.6664815708831,9.77038559851509,1,7708.38736383464,81387.2333068848
812,"joint",-4302.01251761735,-4301.45812190975,8.55334022826931,-4.06512772937878,-4.06482271269658,0.0171607971956441,0.0171660323234287,0.342819882233787,0.000305016682202764,0.26242578282035,0.0131098451514593,0.097532145547308,0.00203282764185727,0.000109733133673065,0.000768359797623759,2.97590141565976,2.97572503691472,-0.425674872898149,10,3.43433927313887,3.43457928376968,1.73930376012789,1774,24.0631458581126,9.97094622593602,1,7708.17983176811,81468.0627119541
813,"joint",-4301.71481375989,-4301.45684512484,8.5531166856908,-4.06482271269658,-4.06457527208796,0.0171660323234287,0.0171702804224688,0.278193114710775,0.000247440608617857,0.202740499027381,0.0106558424811368,0.100492870234601,0.00186167337626006,0.00010638181605836,0.000561120121180168,2.97572503691472,2.97579811004423,-0.425721283423461,10,3.43457928376968,3.43529455871964,1.73927120511128,1745,24.1879184798142,9.74000402409067,0.999999999999998,7707.91276778527,81549.0007629395
814,"joint",-4299.76584863223,-4301.45808073507,8.55293014197771,-4.06457527208796,-4.06411663415942,0.0171702804224688,0.0171781571704639,0.516181715478283,0.000458637928544151,0.244162552754087,0.011830904116589,0.12213679375453,0.00203395566355371,0.000106642502901675,0.000776280231310989,2.97579811004423,2.97569004524102,-0.426076729039882,10,3.43529455871964,3.43596306163975,1.74060852272804,1766,23.9064624511641,10.0265435268566,1,7707.79389263912,81629.9118549824
815,"joint",-4303.17102813635,-4301.52504302364,8.55263037348389,-4.06411663415942,-4.06368752810186,0.0171781571704639,0.017185530003514,0.48338982087005,0.000429106057557719,0.229811811373662,0.0102435400692122,0.127036631220289,0.00178927696551319,9.1106459120241e-05,0.000688973543828434,2.97569004524102,2.97567898313149,-0.426435809524248,10,3.43596306163975,3.43731509718096,1.74136901108827,1763,23.9114766468654,10.0384799729155,1,7707.51962391009,81710.7337100506
816,"joint",-4300.59098148291,-4301.43157951352,8.55231430887155,-4.06368752810186,-4.06272377811738,0.017185530003514,0.0172021005414334,1.09074582319787,0.000963749984478853,0.419418108825559,0.0215762282232552,0.17970338574028,0.00315717546709749,0.000187564592486237,0.000925045800771407,2.97567898313149,2.97540562928107,-0.426779685882873,10,3.43731509718096,3.43852327763731,1.74405681027693,1756,24.0523330884434,9.77187337740142,1,7707.28352992446,81791.5312829018
817,"joint",-4302.67897527122,-4301.55137487859,8.5515938517807,-4.06272377811738,-4.0626236684411,0.0172021005414334,0.0172038227243521,0.113307066284238,0.000100109676283869,0.316641294744042,0.0157910985787004,0.138940983903741,0.00282559879025077,0.000146623519322267,0.00114133788364584,2.97540562928107,2.97527025293022,-0.426610414004848,10,3.43852327763731,3.43712397026735,1.74480719604682,1792,24.1877527532881,10.1566368181305,1,7706.58703875895,81872.3161869049
818,"joint",-4299.58012696333,-4301.56086997155,8.55158459342963,-4.0626236684411,-4.06181547336373,0.0172038227243521,0.0172177323892941,0.917741037971523,0.000808195077366056,0.288252001844694,0.0130993571399227,0.155155739302977,0.00202424360633434,0.000109068383048443,0.000699941422488335,2.97527025293022,2.97513162003003,-0.426762627473505,10,3.43712397026735,3.43844677701815,1.74645479915379,1725,23.9581197197506,10.0230586288432,1,7706.45137996336,81954.2235150337
819,"joint",-4298.88734443808,-4301.43270803984,8.55104703486551,-4.06181547336373,-4.06156645666662,0.0172177323892941,0.0172220204260196,0.282857118627893,0.000249016697109594,0.1921988896382,0.0100343004789365,0.10697707175893,0.00193633765952896,0.000102848053796227,0.000835983078927037,2.97513162003003,2.97506001106706,-0.427071477262134,10,3.43844677701815,3.43906275657452,1.74714761842124,1787,24.0766454038102,10.3008937575478,1,7705.94587641239,82035.673762083
820,"joint",-4299.27884489515,-4301.23708490647,8.5508475058858,-4.06156645666662,-4.06113220566417,0.0172220204260196,0.0172295007297009,0.493729803688696,0.000434251002447787,0.317993912880178,0.0169160426318355,0.147536803057371,0.00264408189539062,0.000152073603339216,0.00105652391987337,2.97506001106706,2.97484083901643,-0.42751356855602,10,3.43906275657452,3.44016213974433,1.74920582753295,1761,24.10274606673,9.97233862532527,0.999999999999998,7705.82362415161,82117.5641310215
821,"joint",-4304.56424882822,-4301.41539434308,8.5505143929087,-4.06113220566417,-4.06076608917022,0.0172295007297009,0.0172358098889737,0.41654226211947,0.000366116493949979,0.21225637453295,0.0108069714710885,0.101925482628765,0.0016244879785448,9.3968989349113e-05,0.000587418037922131,2.97484083901643,2.97472916804785,-0.427877918969203,10,3.44016213974433,3.44076530955173,1.75043035273588,1744,24.0151993180062,9.91164861024869,1.00000000000001,7705.4779645476,82198.7271249294
822,"joint",-4301.80954118378,-4301.46077958626,8.55022929592309,-4.06076608917022,-4.06030485822454,0.0172358098889737,0.0172437614114716,0.525316028827041,0.000461230945685738,0.236820305862506,0.0120087040133359,0.11463757576403,0.00190989444522195,0.000107132574640965,0.000705268782000435,2.97472916804785,2.97459392243991,-0.428396250452223,10,3.44076530955173,3.44163252130757,1.75189671381351,1709,23.8863999753657,10.0226727470593,1,7705.21318341993,82280.196639061
823,"joint",-4301.24172477211,-4301.3727911118,8.54993060401844,-4.06030485822454,-4.05977022812747,0.0172437614114716,0.0172529829101346,0.609785618492563,0.000534630097068815,0.348998979993782,0.0191783769546801,0.133123670719225,0.00298524115446676,0.00017526754637718,0.000928894517991067,2.97459392243991,2.97428863801063,-0.428747068286951,10,3.44163252130757,3.44146677262552,1.75412414224446,1753,23.673421066818,9.87862416040611,1,7704.91144559858,82361.1777648926
824,"joint",-4302.24785398771,-4301.40134682016,8.54959095498221,-4.05977022812747,-4.05994969241416,0.0172529829101346,0.0172498868936838,-0.204725414777284,-0.00017946428669202,0.183644473956781,0.0103448289971666,0.0761165915477315,0.00191036370249312,0.000104644748850799,0.000743487707460653,2.97428863801063,2.97437378379008,-0.428789510083567,10,3.44146677262552,3.44205768348487,1.75384878772195,1747,23.8462905626175,9.44686923600133,0.999999999999998,7704.46272892593,82442.0339689255
825,"joint",-4300.69001334633,-4301.44764074818,8.54969065133516,-4.05994969241416,-4.05976531099257,0.0172498868936838,0.0172530677455875,0.21037044066553,0.000184381421588265,0.240287652271764,0.0120111310685463,0.100642212046121,0.00182747779816828,0.000103634193001166,0.000600986851427176,2.97437378379008,2.97431379505811,-0.428728314304404,10,3.44205768348487,3.44157436452962,1.75435945488521,1776,24.4244766832892,10.1942026471144,1,7704.59998645726,82523.004486084
826,"joint",-4302.6386795215,-4301.43728487003,8.54957950181022,-4.05976531099257,-4.05924590949295,0.0172530677455875,0.017262031342499,0.593413420120106,0.000519401499624501,0.211786960472306,0.0101720447049601,0.125989054476966,0.0016950044682886,9.02587981470904e-05,0.000734272710471497,2.97431379505811,2.97427145252591,-0.429078471554655,10,3.44157436452962,3.4427809166294,1.75521066037136,1771,23.8072521622621,9.53347103266471,1,7704.43578824483,82604.7958278656
827,"joint",-4298.37353735942,-4301.25897827238,8.54922393179455,-4.05924590949295,-4.05902485071025,0.017262031342499,0.0172658476879372,0.252620201914232,0.00022105878269367,0.168369723241002,0.00947555833227061,0.0641089713108686,0.00153590760048514,8.81397812350704e-05,0.000507651930627612,2.97427145252591,2.97412525816925,-0.429464439365358,10,3.4427809166294,3.44276969612504,1.75632992652463,1749,23.9740639475962,9.98258509877552,0.999999999999996,7704.15896658817,82686.3421449661
828,"joint",-4298.72785566793,-4301.19895241313,8.54905186149238,-4.05902485071025,-4.05819845991753,0.0172658476879372,0.0172801219227308,0.947619101043542,0.000826390792718471,0.373541942538206,0.018783353027643,0.177039008752456,0.00288997703440338,0.000165002707829252,0.00101446101177709,2.97412525816925,2.9739640434979,-0.429781730010326,10,3.44276969612504,3.44398972763736,1.75813433417454,1760,23.9074417918086,9.97022043342378,1,7703.96622035826,82767.481003046
829,"joint",-4301.95440253877,-4301.15180112952,8.5484097227687,-4.05819845991753,-4.05766654394878,0.0172801219227308,0.0172893159405291,0.610810677596104,0.000531915968751794,0.245179799161408,0.0122213736381091,0.128100411774338,0.00184977185900627,0.000105081155271399,0.000547687599243126,2.9739640434979,2.9738323335653,-0.430218599619092,10,3.44398972763736,3.44513427660675,1.75969654896142,1772,24.2138527733105,10.030034035399,1,7703.38410256693,82848.552439928
830,"joint",-4303.1717100238,-4301.18856068355,8.54801982172519,-4.05766654394878,-4.05754068530735,0.0172893159405291,0.0172914920872852,0.144537663860564,0.000125858641430844,0.176704195702567,0.0101464946151709,0.0611113007839764,0.00167173141084117,9.69918519287527e-05,0.000668652388879287,2.9738323335653,2.97384586711624,-0.430467298907712,10,3.44513427660675,3.44618055827744,1.76018013715021,1739,24.0464890356454,9.89213992538966,1,7703.02476931153,82930.4165370464
831,"joint",-4302.85214969323,-4301.29760990597,8.54788056115032,-4.05754068530735,-4.05711759087293,0.0172914920872852,0.017298809569234,0.486322502544689,0.000423094434421106,0.143218800519571,0.00668578663053678,0.0834387082340047,0.00104147551876385,5.76240463154652e-05,0.000395187299907646,2.97384586711624,2.97377724705869,-0.430692611072077,10,3.44618055827744,3.44674322159304,1.76095546848862,1778,24.3788109239405,10.220823071862,0.999999999999999,7702.93475975317,83011.8367650509
832,"joint",-4300.6823663373,-4301.23110234196,8.54761429985551,-4.05711759087293,-4.05682634806082,0.017298809569234,0.0173038484569134,0.334908782242882,0.000291242812111066,0.246394070004525,0.0135818593072847,0.0897367248889063,0.00241927491556158,0.000135667876833251,0.000829928710669003,2.97377724705869,2.97360157639775,-0.431453472482527,10,3.44674322159304,3.44762377659445,1.76258628146779,1748,23.9615073141456,9.98195295487807,1,7702.68085756742,83093.7595069408
833,"joint",-4301.48890770568,-4301.21980703925,8.54733255166325,-4.05682634806082,-4.05629092241919,0.0173038484569134,0.0173131158618578,0.616586340262522,0.000535425641629556,0.252821892966027,0.0121917583234391,0.139637165474658,0.00204810114807021,0.000109830096953711,0.000903386027338769,2.97360157639775,2.97347205052683,-0.431456148944453,10,3.44762377659445,3.44810908528981,1.76386280944651,1758,23.7604845250305,9.84373387826523,1,7702.42444047189,83175.183631897
834,"joint",-4303.82936807792,-4301.42298301154,8.54699920136263,-4.05629092241919,-4.05575714167212,0.0173131158618578,0.0173223597366584,0.61556968180542,0.000533780747074347,0.304671376909139,0.0149749446245767,0.115143660661871,0.00227523609771377,0.000123305612610837,0.000904391832885226,2.97347205052683,2.97327752602058,-0.431826615778878,10,3.44810908528981,3.4486537250316,1.76571158038666,1754,24.152770586119,10.0575501350138,0.999999999999999,7702.07751977203,83256.739289999
835,"joint",-4297.01531660443,-4301.11519743494,8.54666228826378,-4.05575714167212,-4.05520123046298,0.0173223597366584,0.0173319921077281,0.642084006817133,0.000555911209134476,0.207214749125826,0.0103345912776353,0.101944828782538,0.00172901977282468,9.56280280556447e-05,0.000591598843593052,2.97327752602058,2.97322753074797,-0.432262167972339,10,3.4486537250316,3.44999771231137,1.76670011005921,1767,24.5705903128138,10.1095925790683,0.999999999999999,7701.69358944936,83338.3989310265
836,"joint",-4301.38097424048,-4301.15469707282,8.54627764249816,-4.05520123046298,-4.05491009572346,0.0173319921077281,0.0173370387873321,0.336406658229117,0.000291134739526302,0.162808739694048,0.00883625967921849,0.0663227966075362,0.0014141965625594,8.18182550748213e-05,0.000583376260895959,2.97322753074797,2.97310369224786,-0.432427514953014,10,3.44999771231137,3.45060008501479,1.76785472410438,1777,23.9415482450279,10.0828751795754,1,7701.39031442857,83419.7943620682
837,"joint",-4300.80177055835,-4301.06083683718,8.54607810482691,-4.05491009572346,-4.05464812672818,0.0173370387873321,0.0173415811489173,0.302809517515362,0.000261968995278278,0.23474151875641,0.0120504946400315,0.101353220937665,0.00215251050302272,0.000111851764342396,0.0010068298915481,2.97310369224786,2.97291131755946,-0.432609845737348,10,3.45060008501479,3.45083209730841,1.76941243738784,1765,24.0568505068685,10.3464924726192,1,7701.18156404949,83501.8462619781
838,"joint",-4301.83383047767,-4301.17352201289,8.54590297250046,-4.05464812672818,-4.05418130990414,0.0173415811489173,0.017349678380568,0.540181672904862,0.000466816824040959,0.171702548094326,0.00876991174151882,0.0801639422213584,0.00153515389555611,8.19811321041873e-05,0.000692959432660108,2.97291131755946,2.9728227821937,-0.432969770480585,10,3.45083209730841,3.45170951802134,1.77041872888092,1777,23.9645038299494,9.90069625061485,1,7700.95584124671,83583.2946200371
839,"joint",-4298.54303721809,-4301.15630665189,8.54557248535531,-4.05418130990414,-4.05391349335435,0.017349678380568,0.0173543255338364,0.310017752173404,0.000267816549790503,0.218110752486866,0.0109563879476186,0.097712525814243,0.00184323770831635,9.77841258101381e-05,0.000830832746846415,2.9728227821937,2.97268412621529,-0.433140121223407,10,3.45170951802134,3.45250480036101,1.7718106198489,1772,23.8621219241759,9.60285126665337,0.999999999999996,7700.66625721731,83664.2974760532
840,"joint",-4302.34188704319,-4301.3094587593,8.54535958291961,-4.05391349335435,-4.05332644366075,0.0173543255338364,0.0173645163762964,0.680728069879219,0.000587049693594889,0.24651018905381,0.0105481982751572,0.155465397657922,0.00184825647560957,9.030816191647e-05,0.00079225884608168,2.97268412621529,2.97255025463676,-0.43364436884386,10,3.45250480036101,3.45332996712485,1.77322112390953,1772,23.7529729110124,9.87393751991786,0.999999999999995,7700.45885816041,83745.3183979988
841,"joint",-4299.65748938758,-4301.06412078726,8.5449589444313,-4.05332644366075,-4.05272169342279,0.0173645163762964,0.0173750207476475,0.702539025860697,0.000604750237964328,0.244764431171047,0.0134093115112388,0.0964301665146549,0.00202456241732897,0.000119940902064588,0.000770170353447779,2.97255025463676,2.97234450811773,-0.434007520995781,10,3.45332996712485,3.45377952044927,1.77494496072836,1781,24.0141803617315,10.161516111738,1,7700.08072802424,83826.0446219444
842,"joint",-4299.79497201586,-4300.96339232887,8.54456794971139,-4.05272169342279,-4.05193648657811,0.0173750207476475,0.0173886690905498,0.91500074594536,0.000785206844677297,0.314677602449098,0.0182649106452837,0.100321997084312,0.00332198397343638,0.000185834411771151,0.00122789582915113,2.97234450811773,2.9720201188935,-0.4346235904792,10,3.45377952044927,3.4542970205658,1.77743470075763,1750,23.8545858722782,9.87692251105285,1,7699.66360269092,83906.9008820057
843,"joint",-4301.34302525968,-4300.96845735325,8.54399356207128,-4.05193648657811,-4.05168064752783,0.0173886690905498,0.0173931183602598,0.298226603871996,0.000255839050282793,0.284352457838198,0.0149847112230493,0.113158947896275,0.00237691400683121,0.000135862695273782,0.000981346776534436,2.9720201188935,2.97201282592695,-0.434291202023756,10,3.4542970205658,3.45475938092555,1.77798479478676,1782,24.1227451024366,9.91237891859459,1,7699.08821312517,83988.0387220383
844,"joint",-4301.20049572317,-4300.91608944002,8.54383373625109,-4.05168064752783,-4.05115678716417,0.0173931183602598,0.01740223231258,0.611493471080369,0.00052386036366019,0.233654934437537,0.0110057594171813,0.128485235580857,0.00178471134940941,9.29996488754236e-05,0.000778858224275602,2.97201282592695,2.97188199417137,-0.434619848428892,10,3.45475938092555,3.45536567586573,1.77933881339751,1773,23.8387748249306,10.1287925115585,1,7698.89709292901,84068.9234929085
845,"joint",-4301.60812838387,-4300.9619951919,8.54349788213447,-4.05115678716417,-4.05128087182353,0.01740223231258,0.017400073096477,-0.144853106640806,-0.000124084659358268,0.18145184963551,0.00987966725862912,0.0659999982648201,0.00174336720681523,9.55211411217306e-05,0.000730406742805345,2.97188199417137,2.97181550948556,-0.434666121896129,10,3.45536567586573,3.45515965856041,1.77983325765109,1781,24.3077625313999,10.1570757074965,1,7698.54185878375,84149.8014450073
846,"joint",-4299.0765965808,-4300.78389104486,8.5435469541197,-4.05128087182353,-4.05064384660994,0.017400073096477,0.0174111609129921,0.745159636109607,0.000637025213587637,0.315103832781723,0.0150760482403953,0.148424233137143,0.00218278535307679,0.000121958186592814,0.000888598156863603,2.97181550948556,2.97167223625051,-0.434749544336465,10,3.45515965856041,3.45550347646796,1.78132574900951,1743,24.1839898604281,10.3664161651718,0.999999999999997,7698.53697415817,84230.7322919369
847,"joint",-4299.77258938753,-4300.85384364627,8.54316208022501,-4.05064384660994,-4.04983809270429,0.0174111609129921,0.0174251956774235,0.945604479497938,0.000805753905651781,0.279072844946597,0.0151245982424345,0.113121920325047,0.00240131836457251,0.000137089671599449,0.000889621414757531,2.97167223625051,2.97157893406444,-0.435355743591644,10,3.45550347646796,3.45694647225583,1.7826022873368,1774,24.2428169097978,10.2363848980558,1,7698.10291233818,84311.6361680031
848,"joint",-4299.49253536391,-4300.89207763107,8.54260575526462,-4.04983809270429,-4.04950288645548,0.0174251956774235,0.0174310376909863,0.393607475812656,0.000335206248810656,0.270322138296076,0.0135937812793677,0.101878783265468,0.00220591507795952,0.000117920741206271,0.000849627673471003,2.97157893406444,2.97152727031552,-0.435625304558633,10,3.45694647225583,3.4573781679565,1.78333258427412,1754,24.2448807041404,9.84158654081763,1.00000000000001,7697.6155160997,84392.6673169136
849,"joint",-4300.8130203014,-4300.8350085192,8.54238656254786,-4.04950288645548,-4.04928624089872,0.0174310376909863,0.0174348144569466,0.254450296584618,0.00021664555675103,0.189315673921561,0.0102120796126832,0.0671796075084261,0.00170634751393244,9.57342288737056e-05,0.000681627724580634,2.97152727031552,2.9715194168167,-0.43585086819119,10,3.4573781679565,3.45795911417839,1.78388847249589,1766,24.132611732612,10.1881529664204,0.999999999999998,7697.3895809135,84473.5109319687
850,"joint",-4298.96828430841,-4300.62483723343,8.54219775542594,-4.04928624089872,-4.04929430448944,0.0174348144569466,0.0174346738703055,-0.0094706937253367,-8.06359071077521e-06,0.131728953738143,0.00698668691556613,0.0517597816268748,0.00126411936930275,6.58843080135161e-05,0.000591067324872739,2.9715194168167,2.97148423852987,-0.436010733518231,10,3.45795911417839,3.45883439483939,1.78456319440657,1757,24.0004612127152,9.62526303364593,1,7697.24732073117,84554.4486138821
851,"joint",-4302.37068310261,-4300.6007639039,8.54212292498324,-4.04929430448944,-4.0489593392264,0.0174346738703055,0.0174405148586338,0.393637864986609,0.000334965263030881,0.194162296091494,0.0102394980156588,0.0829854671420885,0.00165970520157532,9.28399121121986e-05,0.000590387814965469,2.97148423852987,2.97143518504552,-0.436384867800488,10,3.45883439483939,3.45935976181411,1.78535226996615,1745,24.1843624439324,9.87608872983454,1,7697.20075306509,84635.3116080761
852,"joint",-4302.11620980502,-4300.67245607728,8.54191456695145,-4.0489593392264,-4.04892439665749,0.0174405148586338,0.0174411242856736,0.041063368995902,3.49425689140737e-05,0.147220500405107,0.00795980219846906,0.0724078740047196,0.00138474648433577,7.54980467919489e-05,0.00068446929381175,2.97143518504552,2.9713563917863,-0.436710658745761,10,3.45935976181411,3.45932979147471,1.78604068272077,1766,24.0808023947873,9.86404218622452,1,7697.0077039755,84716.0289640427
853,"joint",-4297.97145094585,-4300.49658323929,8.54182513788716,-4.04892439665749,-4.04873616010135,0.0174411242856736,0.0174444076518595,0.221248671382585,0.000188236556144227,0.191097379917501,0.00969773298442683,0.0781830000365561,0.00161367798069605,8.75684202196952e-05,0.000613208553049856,2.9713563917863,2.9712474174459,-0.436785043097944,10,3.45932979147471,3.4592300039864,1.78690058102511,1767,23.9272587801095,9.70595431779863,0.999999999999999,7696.91699982206,84796.8216788769
854,"joint",-4299.76012414425,-4300.29312104261,8.5417230467157,-4.04873616010135,-4.04833260972168,0.0174444076518595,0.0174514487698178,0.47471000151737,0.000403550379664653,0.220922891213547,0.0112284955985508,0.109657492979119,0.00175381683099038,0.000100718672031883,0.000583439696576287,2.9712474174459,2.97124979774356,-0.436886343805616,10,3.4592300039864,3.46030994871322,1.78751661997758,1756,24.2306060953219,9.89383611575639,0.999999999999999,7696.76370351246,84877.6330718994
855,"joint",-4301.99809706501,-4300.54226006564,8.54141862514063,-4.04833260972168,-4.04749013436766,0.0174514487698178,0.0174661573802492,0.994568171008412,0.000842475354019805,0.346154125456312,0.0177674928838185,0.14913962694528,0.0027696416392818,0.000155854497438774,0.000906329924825735,2.97124979774356,2.97098732980197,-0.43766779368364,10,3.46030994871322,3.46108212751309,1.78984078943715,1764,23.9953331226062,10.1768613114863,1,7696.52185941188,84958.4109940529
856,"joint",-4301.64060661551,-4300.55524168439,8.54085636035155,-4.04749013436766,-4.04697839911656,0.0174661573802492,0.0174750977160294,0.604911835791304,0.000511735251105008,0.24116236187966,0.0119468737048475,0.134447519107322,0.00167431242822136,9.9735441546064e-05,0.000612640101930472,2.97098732980197,2.9708632021748,-0.437941627022656,10,3.46108212751309,3.46141957944895,1.79107929642369,1737,23.8060656401415,9.57960375392338,1,7695.92684301785,85039.2086389065
857,"joint",-4302.11392921838,-4300.62084961739,8.54051583161425,-4.04697839911656,-4.04673752179938,0.0174750977160294,0.0174793075776944,0.284818819753213,0.000240877317175547,0.213452468080562,0.00934901238839576,0.122426163417025,0.0014941502553262,7.83255966221263e-05,0.000560006874833213,2.9708632021748,2.97083744575602,-0.437941395517028,10,3.46141957944895,3.46217726375524,1.79181055785553,1744,24.0318880145601,9.68034628976296,1,7695.58487417906,85120.018226862
858,"joint",-4299.75752708836,-4300.51703444792,8.54033221523832,-4.04673752179938,-4.04614343304044,0.0174793075776944,0.0174896949230374,0.703706998537286,0.000594088758939844,0.261140935774909,0.0141139220544583,0.100992606059339,0.00266691251423693,0.000143295935185237,0.00112204257072132,2.97083744575602,2.97068597492494,-0.438818925098406,10,3.46217726375524,3.46388754090729,1.79360052145104,1731,24.1209920327435,9.96259778485421,1,7695.41806127094,85200.8552689552
859,"joint",-4300.46984807807,-4300.61337499092,8.53984245581463,-4.04614343304044,-4.04591340162644,0.0174896949230374,0.0174937185650553,0.272547759982703,0.000230031414002548,0.234769709100379,0.0123884749421893,0.103262656954271,0.00210130535670146,0.000116311157703394,0.000887222282137212,2.97068597492494,2.9707030972715,-0.438974943105572,10,3.46388754090729,3.46513764784343,1.79389471480039,1767,24.0045553183956,9.77799651419157,1,7695.00440226178,85281.8140659332
860,"joint",-4300.2097388602,-4300.50676758177,8.53970624123426,-4.04591340162644,-4.04568533556137,0.0174937185650553,0.0174977087436067,0.270289462182373,0.000228066065068347,0.201411377114263,0.00959436356746127,0.112556324203116,0.00180870304021473,8.76114001799197e-05,0.00100679499583157,2.9707030972715,2.97068408284234,-0.439227982068021,10,3.46513764784343,3.46645865664616,1.79465477396719,1760,23.9125218114366,10.07821427825,0.999999999999994,7694.94176188108,85362.5845050812
861,"joint",-4300.0848857258,-4300.52813739868,8.53948371931343,-4.04568533556137,-4.04585581735911,0.0174977087436067,0.0174947259570264,-0.202073601532578,-0.000170481797737896,0.206321506845494,0.0108638505995735,0.0817921058293478,0.00202976945966085,0.000108015332036026,0.000779891907646374,2.97068408284234,2.97072181125864,-0.43893549111795,10,3.46645865664616,3.46631191447989,1.79457252060807,1791,24.0444123054158,9.86596719079624,1,7694.77732429967,85445.1904609203
862,"joint",-4299.87828500909,-4300.53230304835,8.53957733388097,-4.04585581735911,-4.04517512486615,0.0174947259570264,0.0175066385395946,0.808706622625064,0.000680692492961472,0.225641499200884,0.011889919031158,0.0841572173352858,0.00198591558497339,0.000108028766107537,0.000737055335592071,2.97072181125864,2.97059233192838,-0.439085300933827,10,3.46631191447989,3.46725880509381,1.7959125543991,1771,24.0557362489735,10.0464985874228,0.999999999999997,7694.83022886293,85526.6387910843
863,"joint",-4302.51340129616,-4300.59082185017,8.53909633427262,-4.04517512486615,-4.04448869143092,0.0175066385395946,0.0175186598070545,0.817455394197088,0.000686433435223822,0.298508002948326,0.016548774179327,0.122140154001141,0.00281186282371102,0.000156546234972203,0.00111831623806378,2.97059233192838,2.97034057525225,-0.439495527430785,10,3.46725880509381,3.46808242924454,1.79804345721688,1746,24.2483896774766,10.1064533497803,1,7694.38910194573,85607.6310720444
864,"joint",-4301.79666200193,-4300.62063016411,8.53855714962497,-4.04448869143092,-4.04385991219455,0.0175186598070545,0.0175296786404341,0.750281173255614,0.000628779236377165,0.208537107362389,0.0118561566246119,0.0782751393174672,0.0021167374840588,0.000119344222814947,0.000801828159219445,2.97034057525225,2.97028216242236,-0.439797500265335,10,3.46808242924454,3.46975129242479,1.79908610353279,1763,24.6381497152581,10.4437506425666,0.999999999999999,7693.85221429121,85688.7522580624
865,"joint",-4305.6140705564,-4300.82092727273,8.53807697878581,-4.04385991219455,-4.04323352405861,0.0175296786404341,0.01754066246287,0.748898670589556,0.000626388135932244,0.316796006507887,0.0152060423702178,0.14963153180115,0.00217973216570747,0.00012072363093647,0.000771807907714013,2.97028216242236,2.97010223189862,-0.440297493511742,10,3.46975129242479,3.4708971215086,1.80100301504755,1777,24.1272803984456,10.0125762787752,0.999999999999998,7693.47881121962,85770.4466700554
866,"joint",-4298.65791532079,-4300.79999320973,8.53763362454011,-4.04323352405861,-4.04319318164655,0.01754066246287,0.017541370109777,0.048233072895691,4.03424120647137e-05,0.203769960378577,0.0103216984902957,0.0806830650073726,0.00159686346181384,8.81844644965389e-05,0.000656950625035284,2.97010223189862,2.96998972175207,-0.440578827372827,10,3.4708971215086,3.4707770260453,1.80194840412555,1758,24.051998294418,9.73580330367533,1,7693.02798470918,85851.8473680019
867,"joint",-4301.20119766067,-4300.87142362339,8.5375108244806,-4.04319318164655,-4.04278396978595,0.017541370109777,0.0175485497153668,0.489660656463678,0.000409211860602868,0.2131749289523,0.0105243458991512,0.133518925740853,0.00173517260656973,9.64669955522592e-05,0.000639057278548573,2.96998972175207,2.96982739160802,-0.440772232908902,10,3.4707770260453,3.47110456740895,1.80320255612093,1777,24.2495182249119,10.3080859191404,1,7692.89357838537,85932.9968280792
868,"joint",-4304.42301336667,-4301.11794752353,8.53717855674697,-4.04278396978595,-4.04235998203271,0.0175485497153668,0.0175559916630692,0.507798036574883,0.00042398775324023,0.255708748043787,0.0139075440778432,0.0992238294773643,0.00218130004671089,0.000123513357479048,0.000806353953596357,2.96982739160802,2.96965670425959,-0.441055093575782,10,3.47110456740895,3.47188226412527,1.80482853776529,1772,24.175469695646,9.85070460697248,0.999999999999999,7692.5671629496,86013.8616008759
869,"joint",-4301.59335021795,-4301.15696401936,8.53685664625422,-4.04235998203271,-4.04173470232474,0.0175559916630692,0.0175669725010992,0.750347940220562,0.000625279707970679,0.36809444621486,0.0213631738224023,0.118207796006451,0.00354343785147057,0.000203586688987944,0.00125626545660822,2.96965670425959,2.96929450185654,-0.441844953834936,10,3.47188226412527,3.47180682621599,1.80737651376773,1762,24.4379838353575,10.2037438901568,1,7692.21968405348,86094.7153148651
870,"joint",-4300.53390234676,-4301.23524492127,8.53638924130082,-4.04173470232474,-4.04128720525934,0.0175669725010992,0.0175748354289286,0.537543769749024,0.00044749706539262,0.275551209287871,0.0149308033313392,0.0996684819389462,0.00276391358570395,0.000149670065649155,0.000946313980823833,2.96929450185654,2.96903860072509,-0.441822946908914,10,3.47180682621599,3.47165722676173,1.80908898550972,1755,24.5190990676606,10.4575387483885,1,7691.67539833122,86175.5319640636
871,"joint",-4299.11684708383,-4301.07255312034,8.53609926294896,-4.04128720525934,-4.04097721823742,0.0175748354289286,0.0175802842443114,0.372542576810431,0.000309987021919073,0.267982722731376,0.013565532471985,0.120418705818257,0.00207958747514971,0.000116111455515092,0.000738946127499564,2.96903860072509,2.96889583834541,-0.441944824184695,10,3.47165722676173,3.47178010441898,1.81031054697037,1783,24.2246871626161,9.98994058632714,1,7691.32547763082,86256.2817969322
872,"joint",-4301.22144607573,-4301.02781493387,8.53592653745818,-4.04097721823742,-4.04016026360947,0.0175802842443114,0.0175946524071549,0.985109416930251,0.000816954627949311,0.292358383057235,0.0148494853304093,0.132964162344405,0.00221835862846936,0.000126555481000096,0.000812721492315743,2.96889583834541,2.96880257259922,-0.442480098675879,10,3.47178010441898,3.47304447139482,1.81177107454912,1747,24.4577951698097,9.91303388235328,1,7691.06589173924,86337.070194006
873,"joint",-4300.7697201835,-4301.16772839575,8.53533679612971,-4.04016026360947,-4.04004965268041,0.0175946524071549,0.0175965986756415,0.133386274419264,0.000110610929064208,0.16085205907031,0.00875821448422783,0.0653919837018792,0.0014948950991421,8.35834795636525e-05,0.000576606617699658,2.96880257259922,2.96872883120474,-0.442836530138359,10,3.47304447139482,3.47369846963395,1.81258628006563,1765,24.1655597749843,9.90965731571551,1,7690.55467823098,86417.8054909706
874,"joint",-4301.3720195981,-4301.24832316845,8.53523415159039,-4.04004965268041,-4.03920968374659,0.0175965986756415,0.0176113854812292,1.01651510003899,0.000839968933824697,0.370238810681782,0.0183139074624333,0.189607697488954,0.00262349295530777,0.000148383393019749,0.000893976404064483,2.96872883120474,2.96847895300701,-0.442932084584768,10,3.47369846963395,3.47429549818032,1.81479171248803,1748,24.3547217349232,10.324639864638,1,7690.45108788471,86498.791821003
875,"joint",-4301.76250672187,-4301.23654365129,8.53465947880398,-4.03920968374659,-4.03902357255828,0.0176113854812292,0.0176146634621338,0.225267385991927,0.000186111188300471,0.191448965201662,0.0111001973669623,0.061182140368553,0.00176096270281959,0.000103870476137136,0.000508958247271942,2.96847895300701,2.96831681062441,-0.443219297211475,10,3.47429549818032,3.47425431818574,1.81591601873904,1767,24.5921353402718,10.3710670287324,1,7689.82239352215,86579.5613920689
876,"joint",-4303.86063365453,-4301.34754500324,8.53449583181531,-4.03902357255828,-4.03873757057203,0.0176146634621338,0.0176197020113543,0.346316018308059,0.000286001986250479,0.217907667489335,0.0124962847230636,0.0749602531906105,0.00200782276407599,0.000116413683656068,0.000701994069069657,2.96831681062441,2.96818328240567,-0.44342819225642,10,3.47425431818574,3.47528303458518,1.8171523486492,1755,24.6374004946922,10.341087263419,1,7689.64056334065,86660.4859979153
877,"joint",-4298.83439497491,-4301.18356829107,8.5342821541868,-4.03873757057203,-4.0386567788291,0.0176197020113543,0.0176211255952959,0.0978328447654501,8.07917429361618e-05,0.217181833051339,0.0114423211713999,0.093832805486622,0.001985599115181,0.00010779942678478,0.000741431496997993,2.96818328240567,2.96819887110886,-0.443509387218178,10,3.47528303458518,3.47630532864706,1.81760218301395,1761,23.9851007081814,9.62516607229325,0.999999999999998,7689.42502849729,86741.6149709225
878,"joint",-4299.57581709654,-4301.17448279148,8.53420018936338,-4.0386567788291,-4.03807369845941,0.0176211255952959,0.0176314031237437,0.707270665933841,0.000583080369688802,0.234669946419128,0.0122997232054292,0.0971861449484096,0.00183013452179038,0.000106321844709706,0.000686296977166759,2.96819887110886,2.96804312876452,-0.443581426958776,10,3.47630532864706,3.47679018735802,1.81889169166059,1752,24.4312001304439,10.0588486710998,1,7689.38397014247,86824.4835848808
879,"joint",-4303.30287365263,-4301.3161340702,8.53386397143664,-4.03807369845941,-4.03750240086366,0.0176314031237437,0.017641478779783,0.69411192909758,0.000571297595751195,0.301105963941708,0.0164426890365115,0.120100935774948,0.00238000821189946,0.000139832125021921,0.000757783697673464,2.96804312876452,2.9678000202366,-0.443831199235196,10,3.47679018735802,3.47639799989573,1.82061173219669,1746,24.3248930034149,9.87478605327538,0.999999999999997,7688.98626475382,86910.0236759186
880,"joint",-4301.04565069666,-4301.35792966203,8.5335132428178,-4.03750240086366,-4.03682358217209,0.017641478779783,0.0176534582107965,0.826654092096154,0.00067881869157021,0.31157024046216,0.0176008935867662,0.128221130739094,0.00257944265542605,0.000156443488850959,0.00070840252386681,2.9678000202366,2.96753080919855,-0.44449390278775,10,3.47639799989573,3.47701402092807,1.82286141092906,1735,24.4623012530153,10.1820379388368,1,7688.5394396797,86997.084995985
881,"joint",-4298.86049963418,-4301.29671035745,8.53300916644435,-4.03682358217209,-4.03654256210533,0.0176534582107965,0.0176584198839336,0.342356765096417,0.000281020066754438,0.241952000827623,0.0117589011706839,0.116860882744816,0.00182535246897435,9.70955185269415e-05,0.000830617790660108,2.96753080919855,2.96747487750744,-0.444834369912975,10,3.47701402092807,3.47857170682616,1.82393839469384,1756,24.359133306756,10.3458038075813,1,7688.01317224808,87078.6994180679
882,"joint",-4301.9312100115,-4301.39935660757,8.53270875937156,-4.03654256210533,-4.03589033090975,0.0176584198839336,0.0176699410130581,0.796285624096661,0.000652231195587502,0.28684068391328,0.0144357556354515,0.15145080582845,0.00222610483262716,0.000121241384202292,0.000782877275446374,2.96747487750744,2.96740468545162,-0.445461216385678,10,3.47857170682616,3.47965240893622,1.82512366082712,1755,24.294976933585,10.0763446519238,1,7687.77378790451,87160.0742330551
883,"joint",-4302.22872414473,-4301.38512274999,8.53223485226182,-4.03589033090975,-4.03514624139526,0.0176699410130581,0.0176830939237522,0.910957489973061,0.000744089514488403,0.280240616700103,0.0139847802108145,0.167377213121622,0.00198856188282437,0.000116521866233574,0.00085899953548187,2.96740468545162,2.96726103977189,-0.445832866019159,10,3.47965240893622,3.48048743330127,1.82660618700276,1782,24.2367622641512,9.89892992973233,1.00000000000001,7687.34452064654,87241.8759598732
884,"joint",-4300.48053129707,-4301.31931621475,8.5316769732281,-4.03514624139526,-4.03507052047291,0.0176830939237522,0.0176844329546297,0.0927045974934727,7.57209223450199e-05,0.212636576111485,0.0101650131046078,0.113178194971314,0.00177539718136937,8.95571185930082e-05,0.000861790890904586,2.96726103977189,2.96718193702977,-0.445930085236687,10,3.48048743330127,3.48026932094602,1.82729736647584,1770,24.7594784927145,10.2097874611641,1,7686.8302775818,87323.8795499802
885,"joint",-4305.51375656228,-4301.31430051505,8.53165662201499,-4.03507052047291,-4.03435189253325,0.0176844329546297,0.0176971460496935,0.88209180254681,0.000718627939662686,0.271521965757922,0.0141525638439291,0.128772266774768,0.00215886582141253,0.000122742201920748,0.000857397247682519,2.96718193702977,2.96698041564343,-0.446452897144099,10,3.48026932094602,3.48076901404636,1.8290770906947,1767,24.3891876680412,10.1556875428072,1,7686.75489881201,87406.2381410599
886,"joint",-4302.29410237404,-4301.49610986771,8.53116522767368,-4.03435189253325,-4.03423696343979,0.0176971460496935,0.0176991800835285,0.141080942782424,0.000114929093462186,0.213465373185111,0.0120819353092028,0.0778609990785261,0.00216219038276304,0.000117675030717425,0.000894569129510785,2.96698041564343,2.96692321657505,-0.446945112879369,10,3.48076901404636,3.4819834677792,1.82998211249697,1769,24.0754133653644,9.83519789938888,1,7686.2645732978,87487.8426179886
887,"joint",-4301.56484323146,-4301.51429214625,8.53099513190101,-4.03423696343979,-4.03389877436566,0.0176991800835285,0.0177051667651119,0.415380822844946,0.000338189074128803,0.27015615069698,0.0149124334061711,0.116206970486838,0.00227578734481818,0.000134081421340903,0.000800678720968874,2.96692321657505,2.9667400461238,-0.447391565494613,10,3.4819834677792,3.481905793642,1.83136133493293,1786,24.5934201355313,10.3035405081004,0.999999999999996,7686.17441433231,87569.0184118748
888,"joint",-4302.09964380759,-4301.39812366829,8.53080551185818,-4.03389877436566,-4.03346981766651,0.0177051667651119,0.0177127631441477,0.5273515801129,0.000428956699151824,0.3153895670058,0.0161843600423522,0.164924119690633,0.00238761483829141,0.000141215577682585,0.000712017379956697,2.9667400461238,2.96679893192859,-0.447281903156362,10,3.481905793642,3.48328631813696,1.83174955121588,1760,24.0287159386029,9.81916129457461,1,7685.8968238021,87650.1131029129
889,"joint",-4300.08664179182,-4301.32278824699,8.53049365852071,-4.03346981766651,-4.03288560149753,0.0177127631441477,0.017723114250121,0.719453581905207,0.000584216168971695,0.359392513601942,0.0152997015278734,0.176383397566317,0.00214882929560832,0.000109113752031903,0.000797611443271967,2.96679893192859,2.96668036652165,-0.447044028756316,10,3.48328631813696,3.48359523514273,1.83307455309143,1745,23.8044280581568,9.51955428068309,1,7685.65119574527,87730.9451909065
890,"joint",-4301.64677596986,-4301.37843192814,8.53007320264352,-4.03288560149753,-4.03239830849907,0.017723114250121,0.0177317527041642,0.600807875721015,0.00048729299846258,0.213529060961232,0.0103487830152493,0.122055522457314,0.001641915967412,9.14228801145281e-05,0.000553155544648991,2.96668036652165,2.96665844162057,-0.447010545243113,10,3.48359523514273,3.48409287378548,1.83361745879345,1757,24.0131211777576,10.1270976290634,1,7685.20481708371,87811.8554430008
891,"joint",-4296.8228767156,-4301.26373340973,8.52975777020748,-4.03239830849907,-4.0316489198294,0.0177317527041642,0.0177450456589069,0.926564097134339,0.000749388669674497,0.353660336742505,0.0195548650553231,0.155959646678293,0.0029401745064192,0.000171832830338901,0.000945244752361629,2.96665844162057,2.9663528936672,-0.447737553213145,10,3.48409287378548,3.48453286904385,1.83612053493149,1746,24.0558151813174,10.0016552186661,0.999999999999998,7684.90850583863,87892.6407699585
892,"joint",-4303.85033146649,-4301.39517767927,8.52921029618423,-4.0316489198294,-4.03087071821006,0.0177450456589069,0.0177588602567479,0.96511599329429,0.000778201619335307,0.338640473093726,0.0157135513197285,0.159384864543492,0.00220809305213964,0.000122348441037235,0.00073324769432304,2.9663528936672,2.96615606064337,-0.447792874449424,10,3.48453286904385,3.4854966571794,1.83809503811284,1733,24.4594998960494,10.2152952779204,1,7684.32539160863,87973.5240678787
893,"joint",-4296.33203350816,-4301.1732933455,8.52865828301483,-4.03087071821006,-4.03024690594653,0.0177588602567479,0.0177699419076379,0.775153923582874,0.000623812263530353,0.274855441252416,0.0141495748210211,0.128714224791296,0.00192216855412053,0.000112963518648734,0.000573135392173404,2.96615606064337,2.96595907939151,-0.448197603950653,10,3.4854966571794,3.48600727218508,1.83989772013796,1764,24.4776795747712,10.3039010688896,1,7683.75810831597,88055.2346639633
894,"joint",-4302.23280225009,-4301.2163324781,8.52820076477349,-4.03024690594653,-4.0298733419668,0.0177699419076379,0.0177765813579091,0.464517709099264,0.000373563979738474,0.237030210094313,0.0133957602691858,0.086884736860972,0.0022109848400804,0.000125424433310251,0.000738094006747226,2.96595907939151,2.96575249415853,-0.448695476108825,10,3.48600727218508,3.48674230129491,1.84165572339357,1753,24.5532226811629,10.161730190663,0.999999999999997,7683.28605795358,88137.9287068844
895,"joint",-4300.58062876487,-4301.15723858025,8.52788691965445,-4.0298733419668,-4.02928323526216,0.0177765813579091,0.0177870745334961,0.735064271014961,0.000590106704639657,0.291516308947849,0.0139990443685846,0.121796248301899,0.00190878906071164,0.000106366352584861,0.000663013424741234,2.96575249415853,2.96559215833535,-0.448989341644114,10,3.48674230129491,3.48732980465558,1.84327319635761,1755,24.5971968469093,10.4136002547761,0.999999999999996,7682.95390720253,88220.1802899837
896,"joint",-4300.2582681301,-4300.97712030403,8.5274382165054,-4.02928323526216,-4.02893477201765,0.0177870745334961,0.0177932737552361,0.434325747175379,0.000348463244507258,0.315056768389648,0.0166014603722529,0.139548440279965,0.0024933247278892,0.000140345220890017,0.000968383112228888,2.96559215833535,2.96535771977039,-0.449437351998948,10,3.48732980465558,3.48752764587492,1.84517993666018,1758,24.5991694644293,10.2997765373365,1,7682.49066352197,88302.2127058506
897,"joint",-4303.77611696293,-4301.22420640343,8.52714574101948,-4.02893477201765,-4.02845919663033,0.0177932737552361,0.0178017378107827,0.593430211056472,0.000475575387320153,0.244938620829218,0.0106672946673515,0.122316052435858,0.00150806646306386,7.81541323151464e-05,0.0007041628343693,2.96535771977039,2.9652447692882,-0.449527251775363,10,3.48752764587492,3.48804435097678,1.84635702636127,1758,24.869385307846,10.0547298560828,1,7682.14906767867,88383.9671919346
898,"joint",-4301.16452615405,-4301.3036418563,8.52680754991702,-4.02845919663033,-4.02800004112387,0.0178017378107827,0.0178099134535251,0.573546138463068,0.000459155506459075,0.255391606081808,0.0118126367376972,0.121861348519446,0.00161258424230909,8.72122577515924e-05,0.000515815087009588,2.9652447692882,2.96511095141948,-0.449694813738102,10,3.48804435097678,3.48885920169676,1.84778890388726,1764,24.1812397163409,10.1280388542199,0.999999999999997,7681.78020238703,88465.1597549915
899,"joint",-4299.2895673649,-4301.10297654192,8.52645463475685,-4.02800004112387,-4.02718852440099,0.0178099134535251,0.0178243723621552,1.01704650101488,0.000811516722876919,0.280899667994675,0.0151974193210144,0.127914791032074,0.00222390671189353,0.000131751711171853,0.00081987535446871,2.96511095141948,2.96494433767236,-0.450157142732309,10,3.48885920169676,3.49021148228453,1.8496461139926,1756,24.5435358747238,10.1860249293018,1,7681.41727393437,88546.3713650703
900,"joint",-4300.37196036626,-4301.0692920254,8.52585392712045,-4.02718852440099,-4.02657018893028,0.0178243723621552,0.0178353972120065,0.776424669760679,0.000618335470712821,0.307387129565931,0.0130493882038332,0.165453679106568,0.00189458478188734,9.57029133910122e-05,0.000762881707419337,2.96494433767236,2.96480004537356,-0.450550471688397,10,3.49021148228453,3.49096193193423,1.85115604931603,1769,24.5554006087745,10.2788451433075,1,7680.86356619254,88627.8003509045
901,"joint",-4298.73499644885,-4301.06301686613,8.52540816116884,-4.02657018893028,-4.02602570976468,0.0178353972120065,0.0178451108583977,0.684701276139849,0.000544479165603764,0.235265396794034,0.0117084980214721,0.111598146589618,0.0018783137148514,9.79061652132727e-05,0.00100703835717003,2.96480004537356,2.96466015005854,-0.450934367995334,10,3.49096193193423,3.49182056475013,1.85259418978109,1752,24.4132896710704,10.142864018467,1,7680.40524991255,88709.1820399761
902,"joint",-4298.66228788101,-4300.89957075961,8.52500345438817,-4.02602570976468,-4.02566018502473,0.0178451108583977,0.0178516348801766,0.459967311424186,0.000365524739945752,0.275273785162512,0.016242477130641,0.100780051793741,0.00250029356886036,0.000149371665114749,0.00077821170967518,2.96466015005854,2.96441458048691,-0.451495775022871,10,3.49182056475013,3.49223837913013,1.8545675810273,1756,24.2203651123443,9.89989210657243,1,7680.01836581693,88790.6118938923
903,"joint",-4301.53858457642,-4300.86506378119,8.52466959250069,-4.02566018502473,-4.02553155937985,0.0178516348801766,0.0178539312059052,0.161872728088618,0.000128625644877628,0.208243989232904,0.0119252214402517,0.0835619992128583,0.0020276488308464,0.000115622191298208,0.000670620846378812,2.96441458048691,2.96433197499281,-0.45182993071582,10,3.49223837913013,3.49330539140507,1.85557541305292,1765,24.6754141925,10.2481739032638,1,7679.64625031321,88873.1240859032
904,"joint",-4301.1965039706,-4300.90086241487,8.52450517127051,-4.02553155937985,-4.02537174217652,0.0178539312059052,0.0178567847992795,0.201152353092692,0.000159817203328127,0.252750219320992,0.0130744450453497,0.10882069180926,0.001921832053776,0.000109298884559429,0.000652889092518011,2.96433197499281,2.96427925876733,-0.451973868947907,10,3.49330539140507,3.49346889941845,1.85618890903184,1769,24.3309423482339,10.3020706324779,1,7679.53627774668,88955.0454449654
905,"joint",-4300.07774671264,-4300.62906192239,8.52433986864768,-4.02537174217652,-4.02490720680487,0.0178567847992795,0.0178650818344267,0.585314757957049,0.000464535371652257,0.275807648325439,0.0143104531537263,0.111377169855913,0.00216001727239289,0.000120289721279858,0.000833519462603373,2.96427925876733,2.96414264248934,-0.452435819078112,10,3.49346889941845,3.49496471085427,1.85779569688634,1760,24.2221799355957,10.2182088705351,1.00000000000001,7679.3548177557,89036.7524850368
906,"joint",-4298.37894530154,-4300.43330406876,8.52393875408279,-4.02490720680487,-4.02443586203431,0.0178650818344267,0.0178735044321429,0.594555420279096,0.000471344770566158,0.332929688978555,0.015485383684734,0.163460181911755,0.00209535238552659,0.000113718724219991,0.000688529614270008,2.96414264248934,2.96397964563576,-0.452906353568446,10,3.49496471085427,3.49548274851488,1.85946829855504,1763,24.9072657824129,10.3917072418819,1,7678.99214775697,89119.4569599628
907,"joint",-4302.95144928847,-4300.50263437161,8.52358722564403,-4.02443586203431,-4.02385618079685,0.0178735044321429,0.01788386837091,0.732442949385425,0.000579681237456808,0.283903455386056,0.0131315949680301,0.159457071373047,0.00195164745690184,0.000102271145842265,0.000888914381003318,2.96397964563576,2.96391954892804,-0.453095499534612,10,3.49548274851488,3.49660289290798,1.86063928135812,1767,24.1736056232117,9.72766181592145,0.999999999999998,7678.59092891012,89203.5612699986
908,"joint",-4303.45454344131,-4300.5703793533,8.52317714583816,-4.02385618079685,-4.02313770937299,0.01788386837091,0.0178967220362253,0.910160278773331,0.000718471423862635,0.277956265648263,0.013736464892753,0.130944470593951,0.00185369307513545,0.000104205498586788,0.000552441309977636,2.96391954892804,2.96374800994736,-0.453322414677345,10,3.49660289290798,3.49701808143741,1.86222407693954,1741,24.857711522909,10.0584271304679,1.00000000000001,7678.1966645757,89289.1735908985
909,"joint",-4298.23430141063,-4300.47776233424,8.52269373789925,-4.02313770937299,-4.02287168288144,0.0178967220362253,0.0179014836717313,0.337121922777866,0.000266026491548175,0.209791188394435,0.0099700163890292,0.113719061503083,0.0014091154188171,7.79177292586597e-05,0.000579271138673798,2.96374800994736,2.96362297957404,-0.453607764933376,10,3.49701808143741,3.49694656174056,1.86318790992973,1759,24.5936183435877,10.3450304512365,0.999999999999997,7677.68003221435,89375.2198698521
910,"joint",-4304.62376256773,-4300.62661166413,8.52250902891915,-4.02287168288144,-4.02262295291975,0.0179014836717313,0.0179059368608771,0.315300452897421,0.000248729961692562,0.181618279315925,0.00956436373196378,0.0766829508731982,0.00167863451286888,8.8546663465711e-05,0.00063681612242446,2.96362297957404,2.96350051774717,-0.45423955650761,10,3.49694656174056,3.49735943749416,1.86427536122533,1756,24.9117042018296,10.1077328569617,1,7677.44759027346,89531.7548279762
911,"joint",-4300.84572913924,-4300.82775428531,8.52225827804782,-4.02262295291975,-4.02217256016959,0.0179059368608771,0.0179140033814387,0.571516563133769,0.000450392750151124,0.302172601291918,0.017433475063721,0.094832380615412,0.00266109066936268,0.000155838530585785,0.000856487238766647,2.96350051774717,2.96323483566287,-0.454964017745696,10,3.49735943749416,3.49761408569108,1.8663212645977,1758,24.3061889549104,10.077060080266,1,7677.22288928524,89743.8356618881
912,"joint",-4298.1086934677,-4300.54067238537,8.52193427869774,-4.02217256016959,-4.0218059200297,0.0179140033814387,0.0179205725783366,0.465553436231131,0.00036664013989328,0.233136407294187,0.0127424061678455,0.0928171439771426,0.00207140526390709,0.000116229252059822,0.000816259184190845,2.96323483566287,2.96311149129729,-0.455238547940599,10,3.49761408569108,3.49875286802838,1.86758424414795,1769,24.102785124969,9.93486380310037,1,7676.82846214382,90672.4261639118
913,"joint",-4301.77824839713,-4300.81298312982,8.52162406934647,-4.0218059200297,-4.02178482364204,0.0179205725783366,0.0179209506416707,0.0267878951475227,2.10963876630693e-05,0.157461754566352,0.00825843277391963,0.0703031873305652,0.00134824178691137,7.38077342837238e-05,0.000546960511945495,2.96311149129729,2.96312657074145,-0.455219190864129,10,3.49875286802838,3.49962056150673,1.86787451478232,1768,24.4406238244582,10.3621304902385,1,7676.53109210192,97895.4406590462
