"iteration","phase","elbo","elbo_ma20","log_Z","log_beta_before","log_beta_after","beta_before","beta_after","g_grad","g_step","M_grad_frob","M_grad_mean_abs","M_grad_max_abs","M_step_frob","M_step_mean_abs","M_step_max_abs","M_lower_mean_before","M_lower_mean_after","M_lower_min_after","M_lower_max_after","M_l2_true_before","M_l2_true_after","M_l2_init_after","sample_unique_fmats","sample_mean_d2_to_M_before","sample_sd_d2_to_M_before","exact_prior_prob_sum","exact_prior_ess","elapsed_seconds"
1,"joint",-3140.86937090431,-3140.86937090431,8.82615273329514,-4.60517018598809,-4.59776064994733,0.01,0.0100743705457748,0.110333815996576,0.00740953604076425,0.111495671166901,0.00561864545467942,0.0530906060857837,0.0104786699164507,0.000538083161800639,0.00468918292024005,3.15555555555555,3.15508802940601,-0.00468918292024005,10,4,4.0019238101358,0.0104786699164507,1768,14.9825,5.88485424668721,0.999999999999964,7907.35204799945,82.1409931182861
2,"joint",-3141.55635057106,-3141.21286073769,8.8248797333081,-4.59776064994733,-4.59468529270397,0.0100743705457748,0.0101054005238826,0.0481268822244802,0.00307535724335603,0.062769304809004,0.00330138861123354,0.0282685476601462,0.00586041624804384,0.000314517231117709,0.00252553872022552,3.15508802940601,3.1549571025043,-0.00678694065687141,10,4.0019238101358,4.00386885771224,0.0151561700147998,1764,14.9806249989431,6.00015017975705,1,7906.88350359321,164.953351020813
3,"joint",-3140.69576818036,-3141.04049655191,8.8243402485763,-4.59468529270397,-4.58803995860673,0.0101054005238826,0.0101727779112237,0.139167581674721,0.00664533409723781,0.0907931734351366,0.00472579746120272,0.0332696246861689,0.00836890358173482,0.000442601396932169,0.00304849343533292,3.1549571025043,3.15474466381598,-0.00922116211209192,10,4.00386885771224,4.00684082686452,0.0221559505635547,1762,15.0754580986259,6.1422859355858,1,7906.68542340986,247.472460031509
4,"joint",-3140.10503498564,-3140.80663116034,8.82308818383611,-4.58803995860673,-4.58305249419064,0.0101727779112237,0.0102236410125888,0.120505884204241,0.00498746441609289,0.104450892841155,0.00527477129493147,0.0471546042612044,0.0092202857351781,0.000480114071664303,0.00384610959205299,3.15474466381598,3.15460148023272,-0.0118208239917205,10,4.00684082686452,4.00989547085538,0.0296936629899853,1752,15.2685155577276,5.98581878280774,1,7906.22847041213,328.45007109642
5,"joint",-3139.22207071343,-3140.48971907096,8.82212083814439,-4.58305249419064,-4.58151216652062,0.0102236410125888,0.0102394009043114,0.0376665392459921,0.00154032767001801,0.107653129543423,0.00616691370086807,0.036996305069959,0.00976066058617583,0.000563853740412133,0.00344425445243506,3.15460148023272,3.15515155257824,-0.0104741958058289,10,4.00989547085538,4.01436348926225,0.0305364133149177,1780,15.2986934650072,6.00930641522032,0.999999999999999,7905.8958772637,409.437909126282
6,"joint",-3138.43439416564,-3140.14716492007,8.82177907787363,-4.58151216652062,-4.57565949046969,0.0102394009043114,0.0102995045126698,0.176506952495354,0.00585267605093003,0.113329782802783,0.0059823962150831,0.0491763506191866,0.00953546227232292,0.000521687100065581,0.00366696316253118,3.15515155257824,3.15456525123968,-0.0141411589683601,10,4.01436348926225,4.0164340188843,0.0384109772747102,1771,15.1385124356302,6.11019368089165,1,7905.78947688532,490.537944078445
7,"joint",-3139.02281534982,-3139.98654355289,8.82067024723353,-4.57565949046969,-4.57677444262525,0.0102995045126698,0.0102880274572851,-0.0338360671070268,-0.00111495215555394,0.112432737232412,0.00599603391118781,0.0479589651968194,0.0097671708863899,0.000525794775884109,0.00423923951711695,3.15456525123968,3.15454662011786,-0.0158769945114367,10,4.0164340188843,4.01665138069139,0.0440086774189814,1751,14.9804366674809,6.0726713549939,0.999999999999999,7905.3770763077,571.222639083862
8,"joint",-3141.11344025295,-3140.1274056404,8.82093110627852,-4.57677444262525,-4.5728436039578,0.0102880274572851,0.0103285476203631,0.129734622724084,0.00393083866744608,0.064733946486933,0.00345551077713821,0.0289710522945253,0.00569510220017068,0.000304152999435188,0.00245036452992292,3.15454662011786,3.15420287263436,-0.0169305596108501,10,4.01665138069139,4.01633586667703,0.0472506208925469,1766,15.0632955650816,5.99139635603449,0.999999999999998,7905.48946862363,652.384435176849
9,"joint",-3139.74459272626,-3140.08487087216,8.82025169067156,-4.5728436039578,-4.57244774118999,0.0103285476203631,0.0103326371171979,0.0130754270812645,0.000395862767810439,0.0801142638801163,0.00411209777226409,0.0375713989020676,0.00710576196696459,0.000366107259702296,0.00302854141829655,3.15420287263436,3.15380455783551,-0.0178285058194578,10,4.01633586667703,4.0161569127632,0.0503292986337049,1771,15.3250076726371,5.87928916450948,1,7905.2342169977,733.044484138489
10,"joint",-3138.84031223575,-3139.96041500852,8.82013482717635,-4.57244774118999,-4.56909010863819,0.0103326371171979,0.0103673886246768,0.117738418606076,0.00335763255180388,0.119049227333914,0.00624386014088469,0.0556106790729631,0.00931091396778935,0.000512997572921301,0.00374957883611466,3.15380455783551,3.15321966071837,-0.0215780846555725,10,4.0161569127632,4.01526919239976,0.0583123266109569,1779,14.8906024918443,5.89619242408573,0.999999999999999,7905.19407926465,814.074265003204
11,"joint",-3139.19591734305,-3139.89091522075,8.81948769180408,-4.56909010863819,-4.57139002878417,0.0103673886246768,0.0103435718575474,-0.0828703224344057,-0.00229992014598236,0.144932274591305,0.00696144027350622,0.0598437527645489,0.0117558577239571,0.000571990582326424,0.00482264508193638,3.15321966071837,3.15300453811185,-0.0228460915090103,10,4.01526919239976,4.01612339091147,0.0652115863241225,1768,15.0874534439249,6.10441219921703,0.999999999999995,7904.95749106907,894.687299966812
12,"joint",-3141.7098375436,-3140.04249208099,8.81996086329081,-4.57139002878417,-4.57245029268571,0.0103435718575474,0.0103326107535521,-0.0384198046686514,-0.001060263901543,0.0942184622146906,0.00437173983335864,0.057594169829348,0.00711252371969596,0.000351170076410743,0.00374031613132706,3.15300453811185,3.15315740557509,-0.0234588521558873,10,4.01612339091147,4.01730777737178,0.0701409902372503,1762,14.9371892084811,5.95724235940424,1,7905.14495952419,975.744062185287
13,"joint",-3140.98236801331,-3140.11479022963,8.82016178643554,-4.57245029268571,-4.56990632494904,0.0103326107535521,0.0103589300454651,0.0953194269698164,0.00254396773667253,0.0888752114712144,0.00461564495813764,0.035846719607145,0.00679555113365484,0.000364195877470439,0.00242012206103789,3.15315740557509,3.15291845536499,-0.0257861156954206,10,4.01730777737178,4.0196018443096,0.0761825992053007,1772,15.2063463896283,5.93500777336115,1,7905.24582048536,1056.63284397125
14,"joint",-3139.98238655425,-3140.10533282424,8.81961238603986,-4.56990632494904,-4.5667195568958,0.0103589300454651,0.0103919942087275,0.125972140172891,0.00318676805324335,0.0774004802126645,0.00374896772947803,0.0412147445221709,0.00613350091362151,0.000303683349062465,0.00303679425713775,3.15291845536499,3.15291712644668,-0.0272109346247665,10,4.0196018443096,4.02193200679562,0.0788561780511423,1771,15.3182869950519,5.88559238705047,0.999999999999998,7905.06348135648,1137.69027614594
15,"joint",-3137.34356036872,-3139.92121466054,8.81892467840446,-4.5667195568958,-4.56484505390579,0.0103919942087275,0.0104114923018515,0.0754358003548332,0.00187450299000507,0.089847073241959,0.00451939093085941,0.037352426152803,0.006922986112645,0.000356784594097752,0.00285244699473237,3.15291712644668,3.15267183762509,-0.0285237797416169,10,4.02193200679562,4.02431273670915,0.0837988436395543,1746,15.3666104066885,6.00788465925062,1,7904.81407330426,1218.33074212074
16,"joint",-3141.37656201633,-3140.01217387028,8.81857188589594,-4.56484505390579,-4.56283996197024,0.0104114923018515,0.0104323892442472,0.0823637616380055,0.00200509193555214,0.126706429838111,0.00679888381107527,0.040098153561055,0.00957164784634069,0.000522995409463884,0.00305140260061249,3.15267183762509,3.15182533097582,-0.0309047051712676,10,4.02431273670915,4.02358722263595,0.0907178780442808,1766,15.4753081081489,6.24211293709849,0.999999999999998,7904.67697371632,1299.35031104088
17,"joint",-3138.88861749368,-3139.94608231871,8.81811717260968,-4.56283996197024,-4.56374000687095,0.0104323892442472,0.0104230038497775,-0.0371220789739801,-0.0009000449007103,0.0639757825614858,0.00354407173008157,0.0267869354522206,0.00514275136285114,0.000283192239824568,0.00232418020403298,3.15182533097582,3.15145763721079,-0.0311638302142729,10,4.02358722263595,4.02148054679403,0.0930698861697873,1714,15.1125173270695,6.06907781080079,0.999999999999998,7904.48816780962,1380.26010704041
18,"joint",-3140.06421601771,-3139.95264530199,8.81827559504292,-4.56374000687095,-4.56402285566555,0.0104230038497775,0.0104200561326013,-0.0116706821616989,-0.00028284879459951,0.0980128228977259,0.00543367371438635,0.0397262787789539,0.00778162480640121,0.00043180837327802,0.00288091005363221,3.15145763721079,3.15156509732146,-0.0322483022247286,10,4.02148054679403,4.02641857969698,0.0976680702563879,1768,15.3330488497559,6.18501135441794,0.999999999999998,7904.54872601949,1461.11327815056
19,"joint",-3139.61279802337,-3139.93475860312,8.81820072542601,-4.56402285566555,-4.56208756845207,0.0104200561326013,0.0104402414599012,0.0813910116935005,0.00193528721347294,0.10445956462197,0.00564993615688143,0.044670206095386,0.00789392437568293,0.000432547104751584,0.0033234482947668,3.15156509732146,3.15116987223464,-0.0334739706469661,10,4.02641857969698,4.02445480878731,0.102936408810961,1783,15.5918418035162,6.07894466101451,1,7904.52802894731,1544.06759500504
20,"joint",-3140.96622414922,-3139.98633188042,8.81785476316996,-4.56208756845207,-4.55984044170563,0.0104402414599012,0.0104637283848905,0.0969862439222103,0.00224712674644343,0.067877478258472,0.00380609090628278,0.0251497291510511,0.00515894469639435,0.000291033313524903,0.00203843835698397,3.15116987223464,3.15115178771564,-0.0345170588158649,10,4.02445480878731,4.02553318124984,0.104736411432155,1751,15.2474497370762,6.07483126047654,0.999999999999995,7904.40492471742,1628.73111820221
21,"joint",-3138.83207365906,-3139.88446701816,8.81736850797933,-4.55984044170563,-4.55738345621218,0.0104637283848905,0.0104894692232235,0.109397201614852,0.00245698549345503,0.103728024735161,0.00550707558123369,0.039214395416666,0.00783732262222986,0.000414559612655737,0.00300410016702508,3.15115178771564,3.15080355631402,-0.0360545189220606,10,4.02553318124984,4.02331421713251,0.10676802300692,1754,15.1295542013943,6.19025601291165,1,7904.21968160378,1712.9699780941
22,"joint",-3140.34721946236,-3139.82401046273,8.81691586491696,-4.55738345621218,-4.55439462468793,0.0104894692232235,0.0105208673780343,0.139452020907288,0.0029888315242441,0.0706977141022432,0.00386426977544737,0.0265231536066858,0.00505180152447567,0.000284730070075526,0.00170342646666441,3.15080355631402,3.15072679066677,-0.0376253265780569,10,4.02331421713251,4.02620201197096,0.110193297753675,1769,15.1978288738117,5.97698565036485,0.999999999999996,7904.04487670063,1797.19591212273
23,"joint",-3140.11519044513,-3139.79498157596,8.81626725051104,-4.55439462468793,-4.55387037323364,0.0105208673780343,0.0105263844040858,0.0244940527740379,0.000524251454295113,0.120486623638485,0.00573722168057803,0.0585211270861076,0.00786936636862518,0.000400436732450465,0.00322535911714124,3.15072679066677,3.15071846690069,-0.0401548496010535,10,4.02620201197096,4.02854704617467,0.11632417551588,1746,15.3781065330107,6.04962652546764,1,7903.80851460733,1880.74870920181
24,"joint",-3139.40504664715,-3139.75998215904,8.81606809346619,-4.55387037323364,-4.55295440166639,0.0105263844040858,0.0105360306900932,0.0429766498394243,0.000915971567243732,0.093722032288808,0.00490962483713735,0.0436503748114242,0.00640331071107444,0.000350378899677547,0.0023909702876576,3.15071846690069,3.15064427101796,-0.0413894775402725,10,4.02854704617467,4.03152422173498,0.121491076579047,1759,15.3185086036355,5.9229424473377,1,7903.75213044632,1963.5852060318
25,"joint",-3140.34545121105,-3139.81615118392,8.81581710478793,-4.55295440166639,-4.55069535111106,0.0105360306900932,0.0105598590206428,0.108805533193162,0.00225905055533726,0.114877543227534,0.00632536606464513,0.0355262509552212,0.00831166577320088,0.000460046258988314,0.00271684571190318,3.15064427101796,3.15083358827976,-0.0431685616308463,10,4.03152422173498,4.034779214636,0.12353270847989,1728,15.3147824648398,6.09660323377798,1,7903.6724256001,2044.88556408882
26,"joint",-3140.86029783677,-3139.93744636748,8.81524972376322,-4.55069535111106,-4.54868041949435,0.0105598590206428,0.0105811578651029,0.0990798570635829,0.00201493161670074,0.0833654850013087,0.00443890004626938,0.0342711295835391,0.00555578908779737,0.000307400003680096,0.00181777273855485,3.15083358827976,3.15062025586298,-0.044720687356386,10,4.034779214636,4.03609027600215,0.128388718140379,1771,15.2922773281164,6.01704642627577,1,7903.45993136974,2126.66476511955
27,"joint",-3140.73849333798,-3140.02323026688,8.81484503126574,-4.54868041949435,-4.54826688719538,0.0105811578651029,0.0105855344205018,0.020351955988656,0.000413532298975984,0.0913250980588448,0.00502816648377885,0.033921608000194,0.00648486775767582,0.00036154264175266,0.00211524792429646,3.15062025586298,3.15007918934408,-0.0458825453342446,10,4.03609027600215,4.03464414939205,0.132014582860875,1768,15.27311120044,6.08272136098453,0.999999999999999,7903.30133644546,2208.08869314194
28,"joint",-3140.19294266918,-3139.9772053877,8.81470877892304,-4.54826688719538,-4.54999351199524,0.0105855344205018,0.0105672729441474,-0.0862713945728411,-0.00172662479986355,0.122012031765986,0.00612975029899663,0.0525389736830388,0.00808574819344643,0.000418923706665984,0.00333826761006635,3.15007918934408,3.15020744143134,-0.0468953043475504,10,4.03464414939205,4.03729592236712,0.137394961595004,1767,15.1889215972521,6.0761953558607,1,7903.24758164685,2289.14266514778
29,"joint",-3138.83207735974,-3139.93157961937,8.81502548199837,-4.54999351199524,-4.55091345119603,0.0105672729441474,0.0105575561656287,-0.046160816394766,-0.000919939200785329,0.0999853622390757,0.00446423019788956,0.0560704816189713,0.00627591372107932,0.000298809268680004,0.00342589747419225,3.15020744143134,3.15029342150531,-0.047772997344571,10,4.03729592236712,4.03665743422622,0.140488704277053,1754,15.1267053392866,5.90605452549741,1,7903.38694705497,2370.08060598373
30,"joint",-3138.97793638874,-3139.93846082702,8.81530734121049,-4.55091345119603,-4.54891971206895,0.0105575561656287,0.0105786261755145,0.102091719806245,0.00199373912707713,0.0905657539235128,0.00500650389438055,0.0336654101208869,0.00612596299450682,0.00034525036393968,0.00223573558787035,3.15029342150531,3.14975706183315,-0.0491692062623564,10,4.03665743422622,4.03507272346269,0.143741181903884,1765,15.1379254091867,6.02989609308581,1,7903.50608966338,2451.7372481823
31,"joint",-3139.76607452205,-3139.96696868597,8.81489044834881,-4.54891971206895,-4.54719461745054,0.0105786261755145,0.0105968910563943,0.0896799612515774,0.00172509461841135,0.0719527056279366,0.00397197617350237,0.0257480445068172,0.00511793409147895,0.000282074886024752,0.00208018018466816,3.14975706183315,3.14944853405979,-0.0499491580626338,10,4.03507272346269,4.03485940948558,0.146822344405162,1758,15.3147730392965,5.90973029469431,1,7903.32788199676,2533.42320609093
32,"joint",-3140.49801307629,-3139.9063774626,8.81461987879006,-4.54719461745054,-4.54432028230493,0.0105968910563943,0.0106273938894738,0.156007255048016,0.00287433514560684,0.0636263583227526,0.00340702912409797,0.0240993152092876,0.00435231997926916,0.000237134719006008,0.00158999988618832,3.14944853405979,3.14915524656749,-0.05105607219025,10,4.03485940948558,4.03484385757297,0.149332864333948,1764,15.3604124691962,6.09922757121669,1,7903.21991730603,2614.55266499519
33,"joint",-3142.45145365329,-3139.9798317446,8.81411903792906,-4.54432028230493,-4.54329853532299,0.0106273938894738,0.0106382579463198,0.0557480415739385,0.00102174698194363,0.12289233277291,0.0066909239106273,0.0462114395650129,0.00823974954077927,0.000454597482648426,0.00310719674608672,3.14915524656749,3.14845147890391,-0.0521517235646676,10,4.03484385757297,4.03254987491363,0.15289846807056,1754,15.3146934312573,5.94941227708141,1,7903.0110809117,2695.63096904755
34,"joint",-3140.33561093106,-3139.99749296344,8.81394188514845,-4.54329853532299,-4.54204569323635,0.0106382579463198,0.0106515943560667,0.0688998045925492,0.00125284208663643,0.0980164756696744,0.00539428393771066,0.0453878079388349,0.00666456627134751,0.000369584337351005,0.00299161338804611,3.14845147890391,3.1486508018175,-0.0534699949855066,10,4.03254987491363,4.0355315762796,0.155764538111874,1767,15.3772653788503,6.09231914896777,1,7902.91697252055,2776.72501397133
35,"joint",-3141.95054571244,-3140.22784223063,8.8136596939347,-4.54204569323635,-4.53957783617422,0.0106515943560667,0.010677913430921,0.140051083794745,0.00246785706213416,0.0803316045019058,0.0039725461451735,0.0406758130664261,0.00498806857657486,0.000256601991688825,0.00237979396927182,3.1486508018175,3.148312077417,-0.0549812361066779,10,4.0355315762796,4.03579972127106,0.159240248799629,1775,15.2002392459595,5.9960294265445,1,7902.82138708935,2878.5192451477
36,"joint",-3138.59373187646,-3140.08870072364,8.81313722844974,-4.53957783617422,-4.53775917467431,0.010677913430921,0.0106973506104448,0.104959563834979,0.00181866149990863,0.119605046742122,0.00653396639648026,0.0483007828812526,0.00763900836937752,0.000427707948831976,0.00302012384659847,3.148312077417,3.14786387660708,-0.0561231816554753,10,4.03579972127106,4.03670070830536,0.165301514995122,1789,15.2980719455553,6.24821148662901,1,7902.60947317949,3173.03890299797
37,"joint",-3139.64486853486,-3140.1265132757,8.81279760437607,-4.53775917467431,-4.5375742241441,0.0106973506104448,0.0106993292740839,0.0106757898557833,0.000184950530208237,0.095674567987346,0.00530643941985338,0.0352099029345468,0.00600682631290613,0.000341481851604874,0.00212414675627818,3.14786387660708,3.14767266705747,-0.0576589764412107,10,4.03670070830536,4.03911847998716,0.170141719924688,1763,15.3426329931672,5.9818687120051,1,7902.47143068613,3585.42432117462
38,"joint",-3140.28303651165,-3140.13745430039,8.81265333125745,-4.5375742241441,-4.53662147540872,0.0106993292740839,0.0107095279041136,0.0552462657874552,0.000952748735380791,0.0935758854634939,0.00498320253723096,0.0388906977966381,0.00569958788393287,0.000317659820705468,0.00194694212933992,3.14767266705747,3.14723494502629,-0.0596059185705506,10,4.03911847998716,4.03895880038132,0.174138941044062,1766,15.4491092714787,6.0182493337749,1,7902.42048449437,3900.21979403496
39,"joint",-3139.64253252365,-3140.13894102541,8.81238241177622,-4.53662147540872,-4.53479173568995,0.0107095279041136,0.0107291414910966,0.107921586816884,0.00182973971877392,0.140834779558504,0.00666683006600525,0.0758565649419116,0.00842824469082681,0.000417973811468571,0.00339785583459701,3.14723494502629,3.14742413180967,-0.061388763200343,10,4.03895880038132,4.04196439980231,0.179163267002423,1776,15.2793853260048,6.15211386513806,1,7902.31764770611,4196.8458340168
40,"joint",-3139.33694242106,-3140.057476939,8.8119434302242,-4.53479173568995,-4.53092378485248,0.0107291414910966,0.0107707216460698,0.24739504185329,0.00386795083746496,0.105042415478978,0.00575912556914007,0.0509854055204032,0.00629500557149675,0.000360760681996098,0.00222647238293415,3.14742413180967,3.14760666837039,-0.0629812219199589,10,4.04196439980231,4.04501452837324,0.182373962997353,1770,15.5261255178996,6.0624605831211,1,7902.17370553068,4566.17586612701
41,"joint",-3139.84642347312,-3140.1081944297,8.81114692492873,-4.53092378485248,-4.52974194108382,0.0107707216460698,0.0107834584813233,0.0761245101855761,0.00118184376866129,0.0773740494051022,0.0037783312246221,0.0348685838757201,0.00446589165414279,0.000231044869966375,0.00199696817083207,3.14760666837039,3.1477035299424,-0.0638298609564609,10,4.04501452837324,4.04743318501846,0.185310363130634,1775,15.3764284276643,5.87803416395047,1,7901.87585347036,4877.89470815659
42,"joint",-3139.05400470263,-3140.04353369171,8.81091753049435,-4.52974194108382,-4.52618793013387,0.0107834584813233,0.0108218511944943,0.244908864802069,0.0035540109499486,0.148023628643806,0.00733701346999242,0.0689905372120675,0.00842157270384247,0.000436155760409263,0.00317052129593631,3.1477035299424,3.14713287379455,-0.0670003822523972,10,4.04743318501846,4.04807640075792,0.192618402816762,1755,15.3280921261186,6.22770107198001,0.999999999999995,7901.79626892407,5213.51025009155
43,"joint",-3140.54025910761,-3140.06478712484,8.81016626628236,-4.52618793013387,-4.52505258395966,0.0108218511944943,0.0108341447192284,0.078746505946227,0.00113534617421375,0.0736320532922115,0.00376323963132721,0.0341434283177603,0.00417983376368424,0.000225523874986125,0.00179715782450154,3.14713287379455,3.14709244945469,-0.0680509654230071,10,4.04807640075792,4.04913420627672,0.195375368731003,1758,15.5284850011081,6.16822075517542,0.999999999999997,7901.4878029733,5422.72825217247
44,"joint",-3139.09566482329,-3140.04931803365,8.80997861919422,-4.52505258395966,-4.52308233141411,0.0108341447192284,0.0108555117627643,0.139387005957607,0.0019702525455525,0.116939840993136,0.00611533635049538,0.043496751946929,0.00670337714719313,0.000365338905416738,0.0023005885642223,3.14709244945469,3.14699738606171,-0.0689378811860145,10,4.04913420627672,4.05197440070638,0.199644699879371,1766,15.4816528015269,6.00395983857983,1,7901.41404661864,5703.15422701836
45,"joint",-3139.51633275304,-3140.00786211074,8.80951176572905,-4.52308233141411,-4.52015662496,0.0108555117627643,0.0108873183092124,0.2164524267305,0.00292570645410923,0.100127400641594,0.00580215757127619,0.0359209320359639,0.00581712256904989,0.000353189262251283,0.00196921824349642,3.14699738606171,3.14681851131505,-0.07035863188661,10,4.05197440070638,4.05399052396907,0.203999289065558,1760,15.679491992111,6.18344844703299,1,7901.23907515347,6116.03145718575
46,"joint",-3140.52157512002,-3139.99092597491,8.80886315823647,-4.52015662496,-4.51834585847409,0.0108873183092124,0.0109070505601858,0.136217682813359,0.00181076648590885,0.0743569771271411,0.0038365096758104,0.0306363621701061,0.00410447517772227,0.000224934342872736,0.00147597457696432,3.14681851131505,3.14659696768439,-0.0714081137873833,10,4.05399052396907,4.05506536375583,0.207395528949494,1770,15.6555068195755,6.03438181923941,1,7900.97477947082,6635.00473618507
47,"joint",-3140.18746926962,-3139.96337477149,8.80845703610953,-4.51834585847409,-4.51752832352194,0.0109070505601858,0.0109159711011738,0.0617068779684586,0.000817534952143748,0.139921523008139,0.00747426266719959,0.0665604671014152,0.00799530862937608,0.000449514678625368,0.00296806130424396,3.14659696768439,3.14704417172993,-0.072650885577262,10,4.05506536375583,4.05944336553865,0.211387268465606,1760,15.3893659469079,6.16126980584423,0.999999999999997,7900.82567966762,6720.75770998001
48,"joint",-3140.32108524311,-3139.96978190019,8.80819813138574,-4.51752832352194,-4.51672045351914,0.0109159711011738,0.0109247933499131,0.061177340362989,0.000807870002804851,0.0878301941325226,0.00390996233742626,0.0493010162711454,0.00482346472678327,0.000233151796220709,0.00200926692831456,3.14704417172993,3.14734281419258,-0.0728787446858868,10,4.05944336553865,4.06193422067403,0.21407021083889,1769,15.7068694259751,6.2875863786183,1,7900.77034885942,6802.49357008934
49,"joint",-3140.76781470794,-3140.0665687676,8.80802429236366,-4.51672045351914,-4.51461377587747,0.0109247933499131,0.0109478326274478,0.16319422523835,0.0021066776416681,0.148253280750232,0.00752922089612258,0.0591465267196402,0.00806432814534729,0.000426559174054119,0.00277472733494685,3.14734281419258,3.14677736107641,-0.0754215047126586,10,4.06193422067403,4.06354014599694,0.220639482389818,1760,15.3429002840759,5.9515178585566,0.999999999999997,7900.72555889349,6891.74358510971
50,"joint",-3140.29780973963,-3140.13256243514,8.80749049658662,-4.51461377587747,-4.51365759834432,0.0109478326274478,0.0109583057053058,0.0744114369359434,0.00095617753314767,0.125358714192707,0.00683078346907914,0.0524563086819941,0.00700690336010651,0.000398103705962945,0.00264023379748804,3.14677736107641,3.14624286186158,-0.0770314567120058,10,4.06354014599694,4.06274590002753,0.225612649662952,1766,15.3709161748633,6.08646565794557,0.999999999999996,7900.49988205452,6976.42905402184
51,"joint",-3139.02068988325,-3140.0952932032,8.80729289953469,-4.51365759834432,-4.51249753709844,0.0109583057053058,0.0109710253874537,0.0908916856110641,0.00116006124587871,0.0857980706318723,0.00474396560952998,0.034128937722777,0.00471187908607473,0.000270964640426497,0.00149325270114559,3.14624286186158,3.14596256831322,-0.0778339496638003,10,4.06274590002753,4.06317741188644,0.229459535319072,1770,15.272573732378,5.99582537216396,0.999999999999999,7900.4122375102,7058.30867910385
52,"joint",-3138.54613778932,-3139.99769943885,8.80705276869025,-4.51249753709844,-4.51263787167552,0.0109710253874537,0.0109694858812714,-0.0109964042730912,-0.000140334577073783,0.112855772648384,0.00591094750987298,0.0448011269506702,0.00621783784150846,0.000337152447349486,0.00233828984909473,3.14596256831322,3.14564166866328,-0.0783239795446818,10,4.06317741188644,4.06280834334913,0.233824742822155,1775,15.632151495363,6.06658236395088,0.999999999999998,7900.30948760433,7139.16462802887
53,"joint",-3140.68694919289,-3139.90947421583,8.80707924945014,-4.51263787167552,-4.50901326500817,0.0109694858812714,0.0110093180973832,0.304741368934119,0.00362460666735237,0.107478828324178,0.00608598958617651,0.045285362373609,0.0063035682603776,0.000359098843739648,0.00264448428876047,3.14564166866328,3.14552796244569,-0.0793301713837031,10,4.06280834334913,4.0648015528431,0.235998913760846,1775,15.6170620989594,6.18912795380455,1,7900.31577167511,7220.6946451664
54,"joint",-3138.95658029177,-3139.84052268387,8.80621543222892,-4.50901326500817,-4.51025725189909,0.0110093180973832,0.0109956311649394,-0.10540785265829,-0.00124398689092711,0.0552731927134649,0.0032565149858048,0.0169349579094713,0.00334813278971633,0.000196662721824275,0.00116333661707544,3.14552796244569,3.14547707964667,-0.0787204814598004,10,4.0648015528431,4.06377681398114,0.235913509421677,1760,15.5830138925772,6.13870915524343,1,7899.98259991549,7301.63030099869
55,"joint",-3139.006549503,-3139.6933228734,8.80648724690425,-4.51025725189909,-4.50871684883093,0.0109956311649394,0.0110125819210688,0.132101032773831,0.00154040306816587,0.0699852983706102,0.00365815021581885,0.0291102796546594,0.00381279355738918,0.000206721970524293,0.00142722226146239,3.14547707964667,3.14549022466316,-0.0798681338395731,10,4.06377681398114,4.06468638046921,0.23780665759491,1736,15.2867286532281,6.17333176796954,1,7900.09569185493,7382.42797708511
56,"joint",-3138.5924560918,-3139.69325908416,8.80613389391734,-4.50871684883093,-4.5082506214047,0.0110125819210688,0.0110177174858715,0.0400259988035124,0.000466227426223656,0.154044567851874,0.00816218782242651,0.0681652953850167,0.00794543257932004,0.000447037751464044,0.00310195664228703,3.14549022466316,3.14560890461888,-0.0814237686432755,10,4.06468638046921,4.0673675008934,0.243384782331072,1769,15.4766626717886,6.1277712156394,1,7899.96438718441,7462.99277710915
57,"joint",-3139.34559922387,-3139.67829561861,8.80602334572357,-4.5082506214047,-4.50836689687522,0.0110177174858715,0.0110164364700636,-0.00998301735765466,-0.000116275470517705,0.0502453438010186,0.00237959636795033,0.0291811302867513,0.0027378646995349,0.000138527876248232,0.00116274411738683,3.14560890461888,3.14556670193329,-0.0821769221165459,10,4.0673675008934,4.06655437283879,0.244327591711452,1775,15.3639805773793,6.05039177471811,0.999999999999997,7899.94403509533,7543.91043019295
58,"joint",-3139.95222987956,-3139.66175528701,8.8060456181019,-4.50836689687522,-4.5075197894964,0.0110164364700636,0.0110257725284494,0.0729921291413379,0.000847107378819393,0.152605432823806,0.00875253739424926,0.0505627698303019,0.00857750311520709,0.000499125172420155,0.00267215603571128,3.14556670193329,3.14478832192555,-0.0834599840916371,10,4.06655437283879,4.06440288562949,0.248523545198589,1764,15.5533783357899,6.11066016701534,1,7899.96344394203,7624.65405797958
59,"joint",-3142.98860130862,-3139.82905872626,8.80585968656786,-4.5075197894964,-4.50731017368006,0.0110257725284494,0.0110280839470053,0.0180657937966351,0.00020961581634636,0.069724430083502,0.00375300502544907,0.0389669884607608,0.00375920481432766,0.000213028199176217,0.00139511446646011,3.14478832192555,3.14480841430611,-0.0836759447915381,10,4.06440288562949,4.0651160894391,0.25096775543356,1778,15.4299940973842,6.11380100780227,0.999999999999999,7899.87371142141,7714.08394503593
60,"joint",-3137.83207810009,-3139.75381551021,8.80578987833646,-4.50731017368006,-4.5063718938529,0.0110280839470053,0.0110384362316154,0.0812242184200224,0.000938279827155341,0.0837639375085575,0.00452759937191766,0.0286809045134306,0.00428323061939398,0.000243482858024103,0.00137330011077228,3.14480841430611,3.14461609052382,-0.0846623788520384,10,4.0651160894391,4.06587313107304,0.254472642256567,1770,15.6075027700631,6.15192392438861,0.999999999999997,7899.85509051189,7795.54553198814
61,"joint",-3140.88503296444,-3139.80574598477,8.80554304610634,-4.5063718938529,-4.5059274767376,0.0110384362316154,0.0110433429918462,0.0385099754785289,0.000444417115304116,0.0955130948889348,0.00519835017215263,0.0364274595228928,0.00563853516898125,0.000305572088928511,0.00237139382208045,3.14461609052382,3.14420989457573,-0.0851495922092837,10,4.06587313107304,4.0633171774373,0.255958004318426,1743,15.6733839452775,6.11052184154928,1,7899.7596333001,7877.09511613846
62,"joint",-3139.08638597157,-3139.80736504822,8.80552205197754,-4.5059274767376,-4.50388421648832,0.0110433429918462,0.0110659304838044,0.180870000480756,0.00204326024927587,0.107321300263259,0.00513705545918133,0.0627147610049523,0.00583896750636236,0.000289572067521805,0.00304312751230805,3.14420989457573,3.14391885314136,-0.0855503044463309,10,4.0633171774373,4.06487675330216,0.25765646337296,1775,15.3343500929303,5.72493876021182,1,7899.73117615751,7958.64918899536
63,"joint",-3140.1722895606,-3139.78896657087,8.80497746155109,-4.50388421648832,-4.50273665166903,0.0110659304838044,0.011078636645498,0.102258330603135,0.00114756481928633,0.136841618611198,0.00713439112609493,0.070834929285831,0.0068702001359692,0.000385086385124209,0.00244041352493674,3.14391885314136,3.14418815754566,-0.0868110025061216,10,4.06487675330216,4.06775284834674,0.261020623663361,1764,15.6089603285766,6.20372932270539,1,7899.5137154588,8039.54379701614
64,"joint",-3140.91009195176,-3139.8796879273,8.80469713799804,-4.50273665166903,-4.50101964001572,0.011078636645498,0.0110976751336969,0.155307618197114,0.00171701165331597,0.0834456737049651,0.00468191071620908,0.0342360658501937,0.00468946012074636,0.000261848004659251,0.00172137505173112,3.14418815754566,3.14388092242829,-0.0877173329906047,10,4.06775284834674,4.06711101207555,0.263902005495302,1745,15.5740823221707,6.10371619329629,1,7899.41108784532,8122.25984597206
65,"joint",-3139.58884288529,-3139.88331343391,8.80430584721896,-4.50101964001572,-4.49970119876103,0.0110976751336969,0.0111123164161387,0.120306235034433,0.00131844125468668,0.0886783403615267,0.00497562392745288,0.0353945026960799,0.00450768403759724,0.000263925446337551,0.00144494646346166,3.14388092242829,3.14374787293726,-0.0891168322326979,10,4.06711101207555,4.06915746066254,0.26741157156647,1789,15.607365959896,6.2869186092038,1,7899.2583224878,8202.95771718025
66,"joint",-3137.64498990037,-3139.73948417292,8.80395796641447,-4.49970119876103,-4.49935104503074,0.0111123164161387,0.011116208116491,0.0319707269811993,0.000350153730292118,0.0835219528907633,0.00424621252874909,0.0351265569278014,0.0046449396839729,0.0002381821405961,0.00177165519424009,3.14374787293726,3.14366819045465,-0.0894630138723004,10,4.06915746066254,4.06847976316124,0.267107994751561,1762,15.4422831188858,6.23342422606243,1,7899.11571004271,8283.16519808769
67,"joint",-3141.46753374949,-3139.80348739692,8.8038150439943,-4.49935104503074,-4.49832501236721,0.011116208116491,0.0111276195623701,0.0941787802714212,0.0010260326635328,0.082459433618095,0.00427815378452235,0.0349126002646131,0.00398083361869528,0.000221005830820594,0.00156829966517654,3.14366819045465,3.14352441933164,-0.0908248069920265,10,4.06847976316124,4.06832492509187,0.270015222948515,1764,15.4199567333187,6.19153900758423,1,7899.06270365409,8363.05786299706
68,"joint",-3140.18934359405,-3139.79690031447,8.80361233128879,-4.49832501236721,-4.49896088828249,0.0111276195623701,0.01112054602628,-0.0584849387833432,-0.000635875915278768,0.103529415743296,0.00559880027841645,0.0383718467433258,0.0052717230331483,0.00029667300372967,0.00183129000701885,3.14352441933164,3.14323992996887,-0.0921343564480005,10,4.06832492509187,4.06899380009517,0.27368736365442,1758,15.3538781416075,6.2083605237266,0.999999999999997,7898.98965569233,8447.77988409996
69,"joint",-3137.82813673257,-3139.6499164157,8.80369073422927,-4.49896088828249,-4.49790946860251,0.01112054602628,0.0111322445361682,0.0972437413418784,0.00105141967997823,0.0899638271524484,0.00497061795441391,0.0336891861422799,0.00489825891981069,0.000268360798588458,0.00226822694707243,3.14323992996887,3.14313031248499,-0.0931216559501695,10,4.06899380009517,4.07026434874696,0.275446081042202,1801,15.6213083377861,6.1115472142632,1,7899.01520242475,8529.08983898163
70,"joint",-3139.94004288388,-3139.63202807291,8.80341878724781,-4.49790946860251,-4.49690070231203,0.0111322445361682,0.0111434800352372,0.0937771758831104,0.00100876629047959,0.0797148150154335,0.00420259305881183,0.036143328655785,0.00395444341947594,0.000217749599110742,0.00169037323094735,3.14313031248499,3.14298568231564,-0.0940772615123859,10,4.07026434874696,4.07161608654094,0.278516668745428,1759,15.444653022865,5.9852119046331,0.999999999999996,7898.89357965938,8611.72889304161
71,"joint",-3138.95519244032,-3139.62875320076,8.80316283651917,-4.49690070231203,-4.49492223845775,0.0111434800352372,0.0111655488316571,0.187631336951559,0.00197846385427785,0.0969227200466511,0.00496314741002071,0.0377424816713958,0.00458582628729909,0.000252196613385044,0.00169752445070948,3.14298568231564,3.14290041034252,-0.0954493970176746,10,4.07161608654094,4.07371505812515,0.28219896967402,1769,15.4073740378673,6.19990141825833,1,7898.79721962832,8699.13377118111
72,"joint",-3138.4346948743,-3139.62318105501,8.80267223788784,-4.49492223845775,-4.49354902865499,0.0111655488316571,0.0111808920050529,0.131476460664042,0.00137320980275787,0.120511115071573,0.00671548813628243,0.0471189949652179,0.00600895742528337,0.000347609321970779,0.00218860599112935,3.14290041034252,3.14230605160038,-0.0971947162584781,10,4.07371505812515,4.07085156034171,0.285102430100091,1776,15.7034165356476,6.30154522074413,1,7898.60563053327,8781.00842905045
73,"joint",-3141.65251285628,-3139.67145923818,8.80240962752129,-4.49354902865499,-4.4930867662934,0.0111808920050529,0.0111860617053828,0.0443061643209092,0.000462262361595901,0.0891728698929127,0.00487057931323388,0.0308985483005192,0.0044748754692437,0.000252249232873984,0.00143266697684261,3.14230605160038,3.14203306384297,-0.0983456074079048,10,4.07085156034171,4.07058189537963,0.288514860027734,1772,15.6517777895333,6.26782960858925,0.999999999999998,7898.47286943467,8862.54918217659
74,"joint",-3140.98118409196,-3139.77268942819,8.80231383345247,-4.4930867662934,-4.49201408497018,0.0111860617053828,0.0111980672227505,0.103409257495666,0.00107268132321981,0.113476143809775,0.00674909105524159,0.0383995697999216,0.00605658520100369,0.000364413966679141,0.00205843862114845,3.14203306384297,3.14158106861712,-0.0995788088583466,10,4.07058189537963,4.06929021581936,0.292508058734551,1770,15.7452190776671,6.26967273844476,1,7898.43256143625,8943.40503716469
75,"joint",-3139.92935300647,-3139.81882960336,8.80211336814738,-4.49201408497018,-4.49140575111036,0.0111980672227505,0.0112048814586617,0.0587537753369512,0.000608333859817021,0.088799880263651,0.00500163616054394,0.0329587824741611,0.00457350816607047,0.000263732039658311,0.0017405348708915,3.14158106861712,3.14131329685133,-0.100682348744157,10,4.06929021581936,4.06845287261371,0.295646401281575,1740,15.7302091330043,6.4924012052831,0.999999999999999,7898.34439994822,9023.93241810799
76,"joint",-3139.02308794036,-3139.84036119579,8.80194994898835,-4.49140575111036,-4.48984889713166,0.0112048814586617,0.0112223394091551,0.152219294962982,0.00155685397870216,0.0955206508743787,0.00463002583695428,0.048862306686102,0.00483733153087491,0.000242278706791739,0.00217826718371276,3.14131329685133,3.14159019904568,-0.101285638978704,10,4.06845287261371,4.07183455477893,0.297404634864249,1781,15.3698485684909,5.9899627058757,1,7898.28538536731,9104.61506199837
77,"joint",-3141.50093092306,-3139.94812778075,8.80156284320253,-4.48984889713166,-4.48955144336034,0.0112223394091551,0.0112256780328539,0.0290960154705103,0.000297453771319297,0.0754166755194387,0.00368895533568288,0.0392891135953619,0.00347119268518139,0.000180890350742354,0.00186264695362175,3.14159019904568,3.14161844525017,-0.102331573178856,10,4.07183455477893,4.07334374296491,0.299583584895751,1758,15.7186593753609,5.97965771829905,1,7898.14427461316,9187.41190218925
78,"joint",-3138.57563575462,-3139.87929807451,8.80148827482162,-4.48955144336034,-4.48908950676926,0.0112256780328539,0.0112308647821793,0.0452335069740791,0.000461936591078881,0.0943923526779609,0.00519682717869883,0.0330970844782142,0.00457826881343923,0.000260088595213405,0.00159081991022935,3.14161844525017,3.14133085867917,-0.103457687518233,10,4.07334374296491,4.07332340696775,0.302935024778068,1774,15.4272750643536,6.10438269413469,0.999999999999999,7898.12871647964,9268.4974091053
79,"joint",-3141.19662904606,-3139.78969946138,8.80133725856016,-4.48908950676926,-4.48733852917643,0.0112308647821793,0.0112505470012947,0.174148702371106,0.00175097759283074,0.102135285286092,0.00545033669148783,0.0476755029394539,0.00522382580268014,0.000281598318069706,0.00211940895031953,3.14133085867917,3.14115688704905,-0.104442731080935,10,4.07332340696775,4.07413047907001,0.305484079140764,1758,15.7393010262084,6.16442893376213,0.999999999999997,7898.05760357818,9349.15638208389
80,"joint",-3139.6493001234,-3139.88056056254,8.80090464433544,-4.48733852917643,-4.4868508097738,0.0112505470012947,0.01125603544966,0.0485653844925137,0.000487719402625644,0.120813081199847,0.00712600239656157,0.0401377613950301,0.00626077896135041,0.000366582326680854,0.00270871787948182,3.14115688704905,3.14083318881702,-0.10563363038464,10,4.07413047907001,4.07370205649379,0.310024647396341,1758,15.4705201028128,5.94391305737442,1,7897.89265307924,9429.12548398972
81,"joint",-3139.82054527743,-3139.82733617819,8.80079338203494,-4.4868508097738,-4.48602886745986,0.01125603544966,0.011265291064753,0.0821240082760106,0.000821942313938684,0.0760297740339238,0.00378804868441831,0.033280266350559,0.00358405905119442,0.00018608942644546,0.00144442386912455,3.14083318881702,3.14071707941884,-0.106508614709658,10,4.07370205649379,4.0738393225155,0.312498999853948,1784,15.4971853762969,6.0750450217877,1,7897.84456085128,9508.96282219887
82,"joint",-3141.01896183951,-3139.92396497159,8.80060583210497,-4.48602886745986,-4.48588598466067,0.011265291064753,0.0112669007960728,0.0142775301335806,0.000142882799197542,0.130062580096292,0.00730151632591656,0.051227266609881,0.0061506266328774,0.000362014976932921,0.00202746559304338,3.14071707941884,3.14071238675695,-0.107162620712522,10,4.0738393225155,4.07571648087005,0.316686182451456,1753,15.7589865780169,6.28208360741509,1,7897.77721268981,9589.28954911232
83,"joint",-3140.37244924355,-3139.93397295574,8.80056044830439,-4.48588598466067,-4.48340780800851,0.0112669007960728,0.011294856792209,0.255604365535295,0.00247817665215628,0.121033420157373,0.00634062573570538,0.0500817196096329,0.00554943017025427,0.000306436306972671,0.00175478919932903,3.14071238675695,3.14037289981643,-0.108917409911851,10,4.07571648087005,4.07792656659904,0.320681611378906,1775,15.6453918907359,6.0838976723078,0.999999999999995,7897.75838089821,9670.65047502518
84,"joint",-3138.59146002566,-3139.81804135943,8.79997167061518,-4.48340780800851,-4.48256437121194,0.011294856792209,0.0113043873086687,0.0873049413763989,0.000843436796574015,0.102098358509351,0.00508449810787999,0.0405994535841531,0.0052576022965619,0.000256677102903791,0.0027558214771249,3.14037289981643,3.14001352523592,-0.1095017521099,10,4.07792656659904,4.07840347096821,0.32375551949438,1770,15.4744595567981,6.05776943773631,1,7897.51140338192,9750.79717516899
85,"joint",-3139.26650271508,-3139.80192435092,8.79975255059874,-4.48256437121194,-4.4827969600526,0.0113043873086687,0.0113017583400763,-0.0240820058828897,-0.000232588840667877,0.139649691277201,0.00715587915549384,0.0598321131771069,0.00654213972315829,0.000345926400965512,0.00289457100090085,3.14001352523592,3.1399783087729,-0.110262380480687,10,4.07840347096821,4.07842498825497,0.32748385512923,1753,15.7622729769026,6.18112316051117,0.999999999999999,7897.4200673708,12084.7047731876
86,"joint",-3139.74929712207,-3139.90713971201,8.79989164058559,-4.4827969600526,-4.48124488666672,0.0113017583400763,0.0113193131180375,0.162671323554823,0.00155207338588624,0.117527813081402,0.00633034021392318,0.0546013203788544,0.00519105065452431,0.000300720434870495,0.00182471784137423,3.1399783087729,3.13995671668126,-0.111482264549265,10,4.07842498825497,4.08083303449805,0.331625508527249,1772,15.6220215475793,6.18632452370481,1,7897.48172044582,14293.0183360577
87,"joint",-3139.97904601875,-3139.83271532547,8.79949516817288,-4.48124488666672,-4.4794657025683,0.0113193131180375,0.0113394701861925,0.189497973801951,0.00177918409842304,0.0826322490235669,0.00444572389881404,0.0352477405903265,0.00405973591222689,0.000221747335663908,0.00155411425312304,3.13995671668126,3.13994039625168,-0.111909731246874,10,4.08083303449805,4.08293200304366,0.333893837231351,1768,15.47182918124,6.12307165806329,0.999999999999998,7897.33236170393,14372.3087182045
88,"joint",-3141.12701461404,-3139.87959887647,8.7991409192178,-4.4794657025683,-4.47794522691838,0.0113394701861925,0.0113567246886948,0.163848398449013,0.00152047564991553,0.139927003930617,0.00714655687870604,0.0597322945994929,0.00629564440242086,0.000335987006802582,0.00227136346179819,3.13994039625168,3.14001486648552,-0.113394634491073,10,4.08293200304366,4.08693447130896,0.338074108520183,1759,15.3983382507531,6.09597537137203,1,7897.17853020638,14452.6069481373
89,"joint",-3138.97744651845,-3139.93706436576,8.79867120934138,-4.47794522691838,-4.4768703338002,0.0113567246886948,0.0113689385170118,0.116506868418146,0.00107489311817724,0.0953802036865664,0.00548926094947214,0.0311645899982034,0.00468422546489352,0.000271532866976172,0.00159975545237219,3.14001486648552,3.1397195315491,-0.114343970929083,10,4.08693447130896,4.08721364367476,0.34104750707694,1768,15.8236658923174,6.07900376592375,1,7896.99864605457,14533.5289530754
90,"joint",-3139.4774270539,-3139.91393357426,8.79843830833816,-4.4768703338002,-4.47671468745869,0.0113689385170118,0.0113707081884167,0.0168724354622313,0.000155646341511735,0.111059893589172,0.00575675890232871,0.04680282759697,0.00504557288845237,0.000266752920526702,0.00221043698185283,3.1397195315491,3.13980634200208,-0.115279943669222,10,4.08721364367476,4.08841008355452,0.343611909806745,1755,15.6526202366129,6.21892773314416,1,7896.88736859388,14614.6404139996
91,"joint",-3140.26859285269,-3139.97960359488,8.79838757926178,-4.47671468745869,-4.47753605722107,0.0113707081884167,0.0113613724670984,-0.0893403220549942,-0.000821369762373553,0.0825404597157547,0.00446872298707848,0.0320793671744229,0.00429725618111896,0.000231031882127057,0.00147242871758125,3.13980634200208,3.1396421784501,-0.115399941278719,10,4.08841008355452,4.08731500812864,0.345380215849482,1765,15.7814732946563,6.07091680519204,1,7896.88089162942,14695.6517930031
92,"joint",-3140.30920966779,-3140.07332933456,8.79858275849198,-4.47753605722107,-4.47554180556839,0.0113613724670984,0.0113840525102577,0.221361056034786,0.00199425165267165,0.0885419681686922,0.00484564023995956,0.0411965178384105,0.00405856457093306,0.000233032710415541,0.00160932791937773,3.1396421784501,3.13952341009436,-0.116782896115936,10,4.08731500812864,4.08838102043109,0.347043528712663,1785,15.6064868159182,6.29688243986917,0.999999999999999,7896.96288668369,14776.4431991577
93,"joint",-3139.96857161318,-3139.9891322724,8.79810406507538,-4.47554180556839,-4.47523807738619,0.0113840525102577,0.0113875106929799,0.0337292559381045,0.000303728182199557,0.0506519582197187,0.00255592512312976,0.0273531528352351,0.00273215640766236,0.000130811255625949,0.00178131594886662,3.13952341009436,3.13948127654208,-0.117275691643392,10,4.08838102043109,4.08853790796767,0.348280895054858,1788,15.9267826784321,6.20092602802511,0.999999999999999,7896.76177731434,14856.7967250347
94,"joint",-3140.99685317011,-3139.98991572631,8.79801949621706,-4.47523807738619,-4.47600957692039,0.0113875106929799,0.011378728621902,-0.0859317557527553,-0.000771499534200461,0.111542021475302,0.00589742315443835,0.0387406600057341,0.00551786644356039,0.000290369308864526,0.00208855269474682,3.13948127654208,3.13952390573143,-0.117448107082954,10,4.08853790796767,4.08763425957874,0.349282308496453,1757,15.7369485725336,6.33189446089837,1,7896.74006673369,14937.0201120377
95,"joint",-3139.05441124017,-3139.94616863799,8.79820491222772,-4.47600957692039,-4.4755212969867,0.011378728621902,0.0113842859834226,0.0544509208582324,0.000488279933690493,0.170375482754718,0.00915004781559523,0.0719422221976602,0.00740491680402842,0.000414905509285923,0.00278665383459108,3.13952390573143,3.13928466710803,-0.118405028171204,10,4.08763425957874,4.08944500800301,0.354747389887435,1753,15.7865731402312,6.22350969135685,0.999999999999995,7896.83528029449,15017.3022379875
96,"joint",-3140.69025150795,-3140.02952681637,8.79810691311787,-4.4755212969867,-4.47330327995138,0.0113842859834226,0.0114095645474483,0.253662184518147,0.00221801703531987,0.128005370898663,0.00681683478196169,0.0552842148648277,0.00598281802199694,0.000324064190088349,0.00234244914803016,3.13928466710803,3.13883198467194,-0.119054668142206,10,4.08944500800301,4.09042591459944,0.358462930459973,1753,15.7836681048492,6.34054743151189,0.999999999999999,7896.79697205611,15097.6269659996
97,"joint",-3137.9421117071,-3139.85158585557,8.79761450656657,-4.47330327995138,-4.47258970300776,0.0114095645474483,0.011417709055167,0.0818163651289405,0.000713576943622847,0.105004332037436,0.00589840924647116,0.0358052629428876,0.00483405605443711,0.000277227542927165,0.00194470001727368,3.13883198467194,3.13892924785242,-0.120238583584781,10,4.09042591459944,4.09297957299155,0.361141231835362,1759,15.52201330233,6.24741138712346,1,7896.56986505944,15177.9840099812
98,"joint",-3139.61052128373,-3139.90333013203,8.79738328983044,-4.47258970300776,-4.47145138151766,0.011417709055167,0.0114307134789555,0.131370071781876,0.00113832149010097,0.120991512830546,0.00622119669378966,0.0503873566706176,0.00509676853080132,0.000278034019127062,0.0020179992307661,3.13892924785242,3.1385803153928,-0.121172957220891,10,4.09297957299155,4.09374461845759,0.365215118603162,1778,15.6595771688058,6.19888563908801,0.999999999999995,7896.48352567329,15258.3444240093
99,"joint",-3138.86848544107,-3139.78692295178,8.79708266762109,-4.47145138151766,-4.47116524057264,0.0114307134789555,0.0114339847421114,0.0330361458784052,0.000286140945017095,0.10832819797785,0.00563534019983483,0.047638851680062,0.00470374882052176,0.000253878222162648,0.00206923332178826,3.1385803153928,3.13870876634792,-0.122337723809892,10,4.09374461845759,4.09624243613233,0.367506263766881,1769,15.4870013903211,6.00227680940007,1,7896.36470083173,15339.5360100269
100,"joint",-3139.72588822766,-3139.79075235699,8.79691453019371,-4.47116524057264,-4.47071173965299,0.0114339847421114,0.0114391712406593,0.0524124657620101,0.000453500919647967,0.096611551495078,0.00549704869285829,0.0370209173103839,0.00440729216804584,0.000258153955210129,0.00140770144947695,3.13870876634792,3.13836849839537,-0.123281104496391,10,4.09624243613233,4.09545768390267,0.370343292424784,1764,15.6186318132911,6.07827073010306,1,7896.31071920966,15420.8133141994
101,"joint",-3138.75432781729,-3139.73744148399,8.79683493330237,-4.47071173965299,-4.47103829568468,0.0114391712406593,0.0114354363201567,-0.03776120253834,-0.000326556031690578,0.139692716249068,0.00744687455673844,0.0538834247396617,0.00608902434794035,0.000338919331554599,0.00221717699223516,3.13836849839537,3.13853340059832,-0.124994311322884,10,4.09545768390267,4.09757565817528,0.373752322514311,1776,15.7296994150162,6.25019890282629,1,7896.26846051177,15501.4972610474
102,"joint",-3140.97174901189,-3139.73508084261,8.7968477285239,-4.47103829568468,-4.47080985328018,0.0114354363201567,0.0114380489571334,0.0264227599433889,0.000228442404508786,0.125672827964948,0.00696941652528438,0.0446981179531002,0.00565236629377144,0.000320730064401797,0.00183684165729837,3.13853340059832,3.13805693136811,-0.12612441106389,10,4.09757565817528,4.09623090230004,0.377702917317172,1787,15.7883792808237,6.16830098193892,0.999999999999999,7896.29195646757,15582.2699120045
103,"joint",-3140.06223253054,-3139.71957000696,8.79677946996133,-4.47080985328018,-4.46858216681879,0.0114380489571334,0.0114635577461828,0.264306728267859,0.00222768646138675,0.0929216304852126,0.00474807829724961,0.041059066289716,0.003972539602853,0.000210742257782228,0.00170607039118823,3.13805693136811,3.13816301471359,-0.1264593629246,10,4.09623090230004,4.09896422968697,0.379683870784723,1767,15.7767637006696,6.10750825187874,0.999999999999998,7896.25404147634,15662.7302761078
104,"joint",-3141.54038288439,-3139.86701614989,8.79623950359792,-4.46858216681879,-4.467560986865,0.0114635577461828,0.0114752700807351,0.121795923742037,0.00102117995378589,0.101605846993331,0.00495478833568209,0.0475123482049582,0.00414403594803187,0.00021401420548278,0.0020725900717579,3.13816301471359,3.13817660810227,-0.127186168600724,10,4.09896422968697,4.10081772204536,0.381893744979129,1760,15.822322867475,6.18487240929738,1,7896.04673664792,15743.9720480442
105,"joint",-3139.18223410781,-3139.86280271953,8.7959813050365,-4.467560986865,-4.46582856834332,0.0114752700807351,0.0114951672813272,0.209797484073226,0.00173241852168005,0.131499181245563,0.00688045021005261,0.0660015754855967,0.00570673239556271,0.000304918270577531,0.00227788105427184,3.13817660810227,3.13796256770028,-0.128141469569109,10,4.10081772204536,4.10321482840586,0.38580160606893,1766,15.7890274560973,6.22031643999471,1,7895.9487364984,15824.4943180084
106,"joint",-3139.26842994913,-3139.83875936088,8.7955355641616,-4.46582856834332,-4.46531416943327,0.0114951672813272,0.011501081903955,0.0623767644842975,0.000514398910056471,0.0914520144392518,0.00495080638060569,0.0395528465452535,0.00409833040875086,0.000227186494153886,0.00136595940666507,3.13796256770028,3.13773935856329,-0.129382338533961,10,4.10321482840586,4.10269536730301,0.388184778114482,1777,15.5685604923641,6.21318625566182,0.999999999999998,7895.76935075553,15904.8634161949
107,"joint",-3139.96043551717,-3139.8378288358,8.79541594897947,-4.46531416943327,-4.46381157267795,0.011501081903955,0.0115183763823661,0.184299513700997,0.00150259675531752,0.101010115998981,0.00565497743326291,0.0400965550497711,0.00443263107110417,0.000254691351672128,0.00143023605210548,3.13773935856329,3.13745875881777,-0.130146896762336,10,4.10269536730301,4.10364864579145,0.391520923375686,1759,15.7631606533904,6.13163284464051,0.999999999999999,7895.71946023934,15985.156550169
108,"joint",-3140.00196771867,-3139.78157649104,8.79502370020158,-4.46381157267795,-4.46299947142195,0.0115183763823661,0.0115277342695549,0.0999375670449636,0.00081210125599635,0.101417708372508,0.00538751227361108,0.0474260863909704,0.00430505986250611,0.000239106659284317,0.00149782841996111,3.13745875881777,3.1371304845208,-0.131614353193658,10,4.10364864579145,4.10294472668025,0.394514330767695,1775,15.8732224972212,6.29159377135777,1,7895.54866891863,16065.5371580124
109,"joint",-3140.77121366555,-3139.87126484839,8.79483087115133,-4.46299947142195,-4.46244375295518,0.0115277342695549,0.0115341422247132,0.0684928215677066,0.000555718466775282,0.0921064337530169,0.00501721996427137,0.0336121160783417,0.00389488155140529,0.000217251412425878,0.00156424088426048,3.1371304845208,3.13695364249743,-0.132556637472123,10,4.10294472668025,4.10350338634787,0.397541407262646,1762,15.9836525035512,6.19803396621194,1,7895.44939635737,16145.767580986
110,"joint",-3140.71614409492,-3139.93320070044,8.79464688454547,-4.46244375295518,-4.46044817630247,0.0115341422247132,0.0115571824712888,0.251005393001184,0.00199557665271123,0.11939811688855,0.0063208460117224,0.0435532942668414,0.0047214825602878,0.000261379879626411,0.0015352991785054,3.13695364249743,3.13675147954492,-0.133339258907273,10,4.10350338634787,4.1054291355074,0.400980857129155,1772,15.7578952499257,6.26469076958162,1,7895.37385341836,16225.9857590199
111,"joint",-3139.47648209683,-3139.89359516265,8.79413054563035,-4.46044817630247,-4.45913818533002,0.0115571824712888,0.0115723321968285,0.16620408672258,0.00130999097245038,0.117216607551821,0.00677550223417839,0.038967678786207,0.00529045116077827,0.000305270768727412,0.00213984029400599,3.13675147954492,3.13626726199795,-0.134422321363035,10,4.1054291355074,4.10317613195856,0.403607951927396,1767,15.8372298247218,6.20672057262778,1,7895.16171643591,16306.2403230667
112,"joint",-3140.72538498801,-3139.91440392866,8.79391484978201,-4.45913818533002,-4.4571016753946,0.0115723321968285,0.0115959233800093,0.263911258712435,0.00203650993541647,0.134073064918806,0.00714127923062729,0.0478371956562935,0.00543658047732793,0.000299902904185768,0.00169734764695477,3.13626726199795,3.13584459420942,-0.13581887672493,10,4.10317613195856,4.10438655158897,0.408449960084262,1775,15.5926707006107,6.22976834944426,1,7895.0562886962,16386.6050350666
113,"joint",-3138.49937748139,-3139.84094422207,8.79338308575866,-4.4571016753946,-4.45542166972538,0.0115959233800093,0.0116154209704729,0.220850857654457,0.00168000566921636,0.155886446678792,0.00873745500624684,0.0596369629174641,0.0063251886141767,0.000369330331239939,0.00182505614260534,3.13584459420942,3.13543893122483,-0.136949502779235,10,4.10438655158897,4.10489696401243,0.413933851651097,1748,15.8074006129364,6.07901582761246,1,7894.83044665065,22449.1071341038
114,"joint",-3139.34003740757,-3139.75810343394,8.79294672551154,-4.45542166972538,-4.45450486051173,0.0116154209704729,0.0116260749785392,0.12103200662318,0.000916809213652496,0.0812577107998075,0.00450389353428308,0.0351986538967627,0.00351348002161041,0.00020109415753471,0.00142963346559729,3.13543893122483,3.13525275744757,-0.13800087514258,10,4.10489696401243,4.10442724637797,0.416241310156979,1783,15.7851943379369,6.0935520681512,0.999999999999998,7894.65297254585,24474.534183979
115,"joint",-3140.56036984816,-3139.83340136434,8.79275417084211,-4.45450486051173,-4.45403131279756,0.0116260749785392,0.0116315817835347,0.0625853237270852,0.000473547714174953,0.111951057497976,0.00606535006689032,0.0526876315143704,0.00460465298239594,0.000260055982439412,0.0016022836891027,3.13525275744757,3.13518800695755,-0.138971530469294,10,4.10442724637797,4.10464659174239,0.419313265569967,1799,15.8615197395452,6.20338726792614,0.999999999999999,7894.56742687284,24553.5389831066
116,"joint",-3140.22097174263,-3139.80993737608,8.79264712084574,-4.45403131279756,-4.4546271943686,0.0116315817835347,0.0116246528029387,-0.0788934811997658,-0.000595881571047692,0.108480236660764,0.0059590058455581,0.0518907136974531,0.0046591488541267,0.000264260980284115,0.0014202278512461,3.13518800695755,3.13530496366445,-0.139063386502965,10,4.10464659174239,4.10596861534712,0.421504379261989,1765,15.7157883550297,6.24607165586123,1,7894.52248117688,24634.4111499786
117,"joint",-3138.3489352448,-3139.83027855296,8.79274858631663,-4.4546271943686,-4.45327381934836,0.0116246528029387,0.0116403959684617,0.180847920211164,0.00135337502023942,0.127722927216549,0.00632141134445835,0.0651013948032369,0.00504069115145054,0.000263470183844132,0.00211831264067468,3.13530496366445,3.13553026719109,-0.139690863996811,10,4.10596861534712,4.10930892105547,0.424011857659636,1748,15.859794574452,6.1841667939992,1,7894.59114915338,24715.4415609837
118,"joint",-3139.58164360809,-3139.82883466918,8.7924106296088,-4.45327381934836,-4.45325865217597,0.0116403959684617,0.011640572521693,0.00202675141592758,1.51671723974342e-05,0.0975700881008924,0.00561710474224772,0.0354898959004592,0.0040278714756226,0.000238319782845794,0.00137955238610197,3.13553026719109,3.13548102749885,-0.140487449826427,10,4.10930892105547,4.1104893330903,0.426636732078185,1785,15.5781694291227,6.13739152107518,1,7894.478702434,24796.1391170025
119,"joint",-3140.96083616643,-3139.93345220545,8.79236644383737,-4.45325865217597,-4.45244593446658,0.011640572521693,0.0116500368665282,0.108961888652083,0.000812717709387878,0.0953523435131227,0.0052339926352568,0.0378653764251522,0.00393225628086962,0.000219683135181449,0.00137828102101721,3.13548102749885,3.13528422298774,-0.140950084059064,10,4.1104893330903,4.1104494569521,0.429432470832483,1774,15.9248938081131,6.07450392364753,1,7894.46219664597,24876.5278511047
120,"joint",-3138.30219290992,-3139.86226743956,8.79217906815613,-4.45244593446658,-4.45100212652453,0.0116500368665282,0.0116668694308522,0.195622490180972,0.00144380794205205,0.109260038471931,0.00606347790566378,0.0429293699334018,0.00455289184440991,0.000260621454065864,0.00160154086969826,3.13528422298774,3.13489525158105,-0.142208261575755,10,4.1104494569521,4.11088681658769,0.43281497901032,1767,15.6949489743819,5.9941445780461,0.999999999999997,7894.39146513518,24956.5939881802
121,"joint",-3141.17140073364,-3139.98312108538,8.79177214317984,-4.45100212652453,-4.44998911787962,0.0116668694308522,0.0116786940586586,0.137962913143954,0.00101300864491012,0.125689121384113,0.00660972429778404,0.051117074991326,0.00514013703750379,0.000273776280359443,0.00220873137574027,3.13489525158105,3.13487421842075,-0.1432549842553,10,4.11088681658769,4.11273568292278,0.436947196728316,1758,15.6567347741259,6.09657628553876,0.999999999999999,7894.21115991018,25036.6563980579
122,"joint",-3141.73155021327,-3140.02111114545,8.79150739703164,-4.44998911787962,-4.4500501626069,0.0116786940586586,0.0116779811577244,-0.00831391259533069,-6.10447272844494e-05,0.0742997432099164,0.00399868958993911,0.032385597784395,0.00303337189241171,0.000168651910965559,0.00125795940886574,3.13487421842075,3.1348579656069,-0.143489657716386,10,4.11273568292278,4.11352454323506,0.43858809375681,1742,15.3956417893507,6.15965113177084,1,7894.1185437019,25116.7884969711
123,"joint",-3139.64035154483,-3140.00001709616,8.79151277940417,-4.4500501626069,-4.44902166316617,0.0116779811577244,0.0116899981334811,0.140822029633024,0.00102849944073178,0.088627070985368,0.00462792924332971,0.038653338201193,0.00349526777766785,0.000192748047922507,0.00131787930951715,3.1348579656069,3.1346464795993,-0.144170243737546,10,4.11352454323506,4.11413348343734,0.441425160491144,1769,15.8846701079488,6.24379690849693,1,7894.12440683335,25196.9967601299
124,"joint",-3139.32878333881,-3139.88943711888,8.7912413769752,-4.44902166316617,-4.44973896002822,0.0116899981334811,0.0116816159411221,-0.0984658443276189,-0.000717296862051686,0.125953698296299,0.00643334530387898,0.0600391115915788,0.00494058488832221,0.000265198926396674,0.00197256157718916,3.1346464795993,3.13485790242576,-0.144588063372896,10,4.11413348343734,4.11547051994707,0.443355309966388,1740,15.8504029099131,6.24124450004003,1,7894.0105250574,25277.1830420494
125,"joint",-3139.84192542813,-3139.9224216849,8.79139664144074,-4.44973896002822,-4.44851960605564,0.0116816159411221,0.011695868653711,0.168643386938062,0.0012193539725811,0.115333776427931,0.00644206765857976,0.0441709838470221,0.00473968397704514,0.000271349950887897,0.0018064269956281,3.13485790242576,3.13459223074153,-0.145746863315693,10,4.11547051994707,4.11598648375392,0.446971052154587,1758,15.7714165312844,6.11575666831023,0.999999999999997,7894.09547685453,25357.3594059944
126,"joint",-3140.14031173453,-3139.96601577417,8.79105600321226,-4.44851960605564,-4.44829364517901,0.011695868653711,0.0116985117610531,0.0312596181928989,0.000225960876630735,0.170381820148887,0.00908198963660276,0.0706188258184658,0.00641389875657056,0.00036040107422728,0.00259522139311324,3.13459223074153,3.13453319568378,-0.1468615219838,10,4.11598648375392,4.11705761174475,0.45139504010206,1776,15.8398831874224,6.46971161262864,1,7893.960177508,25437.5436530113
127,"joint",-3141.29815619578,-3140.0329018081,8.79101243128159,-4.44829364517901,-4.44789876577506,0.0116985117610531,0.0117031321745975,0.0546705901708718,0.000394879403949737,0.0819648984664495,0.00434704261440628,0.0320289955906687,0.00322097848808599,0.000173329765414319,0.00147065939048261,3.13453319568378,3.13432320314717,-0.147641690488741,10,4.11705761174475,4.1168328116726,0.453625946372864,1771,15.8107165398671,6.21576102278862,1,7893.96016539254,25517.7157831192
128,"joint",-3138.44437137868,-3139.9550219911,8.79094453977869,-4.44789876577506,-4.4463607243943,0.0117031321745975,0.0117211459255626,0.21550423304082,0.00153804138076047,0.165200753291477,0.00908979057042939,0.0609296133163122,0.00665542600440444,0.000369355107761323,0.00242228965825011,3.13432320314717,3.13373942795284,-0.148769500235761,10,4.1168328116726,4.11641149892755,0.457345234388432,1762,16.0636914954421,6.22854574252565,1,7893.91735183142,25598.434926033
129,"joint",-3139.46198108371,-3139.88956036201,8.79055410123875,-4.4463607243943,-4.44614750028488,0.0117211459255626,0.0117236454229311,0.0298829068819356,0.000213224109419749,0.0820889664543305,0.0043666366282173,0.0341275961474394,0.0031534121914393,0.000175114366197553,0.001076074536524,3.13373942795284,3.13378070065349,-0.14973423337802,10,4.11641149892755,4.11769542967358,0.459669930969236,1773,15.8608979906735,6.35382687643766,0.999999999999997,7893.71833101,30905.6921269894
130,"joint",-3141.20779487089,-3139.91414290081,8.79044498556356,-4.44614750028488,-4.4453640452672,0.0117236454229311,0.0117328339707002,0.110138094805051,0.000783455017683663,0.121375210315102,0.00690686866800339,0.0478981652866704,0.00460845291035689,0.000276391365550687,0.00154155767959836,3.13378070065349,3.13361921331651,-0.150628745534224,10,4.11769542967358,4.11935251174227,0.46321128247951,1755,15.8502417444516,6.20303194719943,1,7893.68985359503,33574.2878201008
131,"joint",-3140.66580272971,-3139.97360893245,8.79018261880354,-4.4453640452672,-4.4443797614648,0.0117328339707002,0.0117443880944694,0.139045789658286,0.000984283802400706,0.123045646105914,0.00681928345754413,0.0452115055667984,0.00477199166850044,0.000272699197156696,0.00181642701852159,3.13361921331651,3.13333021360267,-0.151334877282491,10,4.11935251174227,4.11840867977426,0.466461984428803,1766,15.8022766199104,6.30157421548006,1,7893.58183053599,33742.4272670746
132,"joint",-3139.75076023311,-3139.9248776947,8.79000043381717,-4.4443797614648,-4.44413731846351,0.0117443880944694,0.0117472357843546,0.0342590116619046,0.000242443001289576,0.0711584215670999,0.00331511039982621,0.0372194624128801,0.00252879136710716,0.000126419992650224,0.00118127227029912,3.13333021360267,3.13325900243974,-0.152374514561635,10,4.11840867977426,4.11872077639532,0.468094913277265,1774,16.1685997472889,6.23076664056927,0.999999999999998,7893.50280388051,33822.0040559769
133,"joint",-3141.23400523319,-3140.06160908229,8.78994057377691,-4.44413731846351,-4.44322662850569,0.0117472357843546,0.011757938746816,0.129224291435083,0.000910689957812475,0.0989399724714184,0.00569840537165227,0.0322319967542974,0.00405772857635133,0.000236077297117626,0.00134684184011613,3.13325900243974,3.13287361238453,-0.153244084230488,10,4.11872077639532,4.11843187628715,0.470920698746167,1747,15.8367638023601,6.25444092527122,1,7893.48446652564,33902.570674181
134,"joint",-3140.79748226373,-3140.1344813251,8.78968299398239,-4.44322662850569,-4.44324816081231,0.011757938746816,0.0117576855739994,-0.00305537959720768,-2.15323066210788e-05,0.141230320318209,0.00815759016259457,0.0486023556323683,0.00540072370988696,0.000322874581009711,0.00174345990621847,3.13287361238453,3.1323660292623,-0.154225937342337,10,4.11843187628715,4.11741012525564,0.474120375079845,1743,16.1213639592824,5.90557684268412,0.999999999999997,7893.36879271001,33983.3700580597
135,"joint",-3141.39182431502,-3140.17605404845,8.78962797637133,-4.44324816081231,-4.44186795289513,0.0117576855739994,0.0117739248289125,0.19774050520941,0.00138020791717987,0.126657770904906,0.00685781911925124,0.0502776115595946,0.00476031412471459,0.00026691365126286,0.00172883293570422,3.1323660292623,3.13212091299571,-0.155604941260155,10,4.11741012525564,4.11857167222047,0.478320636237001,1744,16.0098272633279,6.27736122603629,0.999999999999999,7893.33304081407,34064.1839680672
136,"joint",-3141.25527261372,-3140.227769092,8.78924411331885,-4.44186795289513,-4.44148131995372,0.0117739248289125,0.0117784778962273,0.0554338221433771,0.000386632941417274,0.0846088034475052,0.00473631275782684,0.0334552217559208,0.00347967670206094,0.000194310619069676,0.00130722562214613,3.13212091299571,3.13185359198572,-0.156038302425374,10,4.11857167222047,4.11805273367345,0.48061015294556,1771,15.883162487299,6.35335405036835,1,7893.17555948264,34144.8703560829
137,"joint",-3139.7680763016,-3140.29872614484,8.78913283249539,-4.44148131995372,-4.44040316912398,0.0117784778962273,0.0117911837201106,0.155487119015926,0.00107815082973355,0.123438261509586,0.00689118642783103,0.0456887402356258,0.00482825281830467,0.000276953336990845,0.00153081119599203,3.13185359198572,3.13172247596728,-0.157280568593287,10,4.11805273367345,4.1193807107264,0.483947488316758,1788,15.908120922345,6.10682748180662,1,7893.12859940615,34225.2869451046
138,"joint",-3141.89241817539,-3140.4142648732,8.78884535476555,-4.44040316912398,-4.43979532732411,0.0117911837201106,0.0117983530731412,0.087823196632723,0.000607841799875361,0.114968242955729,0.00644333272434715,0.0401502410219906,0.00463815913792,0.000264401515118308,0.00158467750283109,3.13172247596728,3.1313137644965,-0.1580742121612,10,4.1193807107264,4.11828074448361,0.486974896283108,1757,16.1753173275883,6.28797275108659,1,7893.01033278713,34306.1783480644
139,"joint",-3140.79670389056,-3140.40605825941,8.78865455543865,-4.43979532732411,-4.43827322907314,0.0117983530731412,0.0118163249997674,0.222510950410346,0.00152209825096875,0.130148586012706,0.00708242253683259,0.0500912472829148,0.00517250279243591,0.000286916232555201,0.00176193358691609,3.1313137644965,3.13096745309745,-0.159419542905946,10,4.11828074448361,4.11803050037964,0.490807214524452,1773,15.9852588756566,6.09516565551487,1,7892.91688088236,34386.8061041832
140,"joint",-3140.66589693939,-3140.52424346088,8.7883110233333,-4.43827322907314,-4.43747115804998,0.0118163249997674,0.0118258063334932,0.117631324841788,0.000802071023158619,0.0762254399491382,0.00412284699932295,0.0288629920211173,0.00331058397667818,0.000177464890465323,0.00130705241534702,3.13096745309745,3.130876641352,-0.159673516664428,10,4.11803050037964,4.11755990294575,0.491456983156102,1766,16.2963324734786,6.5802750646814,0.999999999999999,7892.75941312332,34467.8020939827
141,"joint",-3140.38729489921,-3140.48503816916,8.78813125160878,-4.43747115804998,-4.43664809997664,0.0118258063334932,0.0118355436655149,0.121120221083159,0.000823058073338004,0.150994283059003,0.00643037371506779,0.0904279381977355,0.00532917960030106,0.000242311268270716,0.00270195074572237,3.130876641352,3.13110186910293,-0.159604965810749,10,4.11755990294575,4.12158822478198,0.493432429385813,1772,15.9539155784319,6.25150087000172,1,7892.68034000158,34548.4984741211
142,"joint",-3139.70206375751,-3140.38356384638,8.78787260513719,-4.43664809997664,-4.43703468996369,0.0118355436655149,0.0118309690471503,-0.0569326698136937,-0.000386589987049685,0.104201227181503,0.00525798159162686,0.0461363305465415,0.00368345627300689,0.000195697326070282,0.00149680899884246,3.13110186910293,3.13102869119333,-0.159943832459907,10,4.12158822478198,4.12189875136148,0.495620287292665,1765,16.0090492464615,6.25323268251109,1,7892.58779026933,34629.4036090374
143,"joint",-3140.38491889226,-3140.42079221375,8.78798210326182,-4.43703468996369,-4.43618326455655,0.0118309690471503,0.0118410465242894,0.125845428295881,0.000851425407143238,0.11853748806531,0.00600484096884627,0.047999754759289,0.00438203892589393,0.000229678436975056,0.00156922941508892,3.13102869119333,3.13117357480164,-0.16076903067765,10,4.12189875136148,4.12482750195456,0.4977719077893,1754,15.9975969768378,6.0375761031011,0.999999999999998,7892.6370304984,34710.3445570469
144,"joint",-3138.97107303749,-3140.40290669868,8.78770897703982,-4.43618326455655,-4.43544794283039,0.0118410465242894,0.0118497567050593,0.108979680932069,0.000735321726164177,0.135170331625169,0.00769568279339113,0.0445781055497873,0.00509182241610745,0.000297195804403162,0.00160571278362078,3.13117357480164,3.13079635262177,-0.161952729548552,10,4.12482750195456,4.12481181609185,0.502096968158603,1765,15.7350143879023,6.24712419497821,1,7892.53597973641,34791.1167721748
145,"joint",-3140.53843689735,-3140.43773227214,8.78746717059333,-4.43544794283039,-4.43441962467543,0.0118497567050593,0.0118619482923519,0.153215979520606,0.0010283181549533,0.138322793421139,0.00682344363924301,0.0556498658222425,0.00472850891935834,0.000245604676032344,0.00167984128193446,3.13079635262177,3.13048753455594,-0.163305993464189,10,4.12481181609185,4.12520096590071,0.505839780365044,1761,16.1411269692923,6.41876770132236,1,7892.4287814517,34872.0137221813
146,"joint",-3140.46534152369,-3140.4539837616,8.78721355346622,-4.43441962467543,-4.4332436871503,0.0118619482923519,0.0118759054072093,0.17643491726475,0.00117593752513693,0.107886773407319,0.00587292647480683,0.0465439714478221,0.00411950645812143,0.000229730129886975,0.00181971336899977,3.13048753455594,3.13018578820454,-0.164215438839408,10,4.12520096590071,4.12463488556851,0.507979657820356,1771,16.1689704278137,6.25054657992658,0.999999999999999,7892.30532448058,34954.0475740433
147,"joint",-3141.86076422496,-3140.48211416306,8.78693111227766,-4.4332436871503,-4.43249495634723,0.0118759054072093,0.0118848005930363,0.112654031184167,0.000748730803069185,0.141082577629658,0.00781817084127493,0.0511476408767686,0.00523448345353678,0.000297363904356077,0.00175873188470126,3.13018578820454,3.1297556729059,-0.165038278510436,10,4.12463488556851,4.12407458832809,0.511894143026564,1774,15.6346271897976,6.11226218949665,1,7892.1646248054,35034.7906901836
148,"joint",-3139.94648606952,-3140.5572198976,8.78669012914229,-4.43249495634723,-4.431423387091,0.0118848005930363,0.0118975428058307,0.16216201189495,0.00107156925623059,0.145072790285836,0.00751836642426827,0.0503647869576023,0.00527487544506695,0.000277401374564276,0.00170641301317266,3.1297556729059,3.12936634228933,-0.165892938921119,10,4.12407458832809,4.12482420380521,0.515948738774972,1783,15.8935477355262,6.25948844411421,1,7892.05997202001,35115.7886440754
149,"joint",-3140.65036192161,-3140.6166389395,8.78639039193977,-4.431423387091,-4.43150701301392,0.0118975428058307,0.0118965479044333,-0.0126556655419347,-8.36259229272633e-05,0.0819445781516525,0.00456051572833314,0.0312402200486995,0.00304905109798129,0.000175345067950812,0.00106316892093664,3.12936634228933,3.12924617670278,-0.166309349070176,10,4.12482420380521,4.12462011869807,0.517684765370712,1769,15.9367453238062,6.11601851723372,0.999999999999997,7891.91168298712,35196.6235551834
150,"joint",-3140.21666438237,-3140.56708241507,8.78642521037921,-4.43150701301392,-4.4319053252417,0.0118965479044333,0.0118918103075187,-0.0603271053886432,-0.000398312227775323,0.0746692662423738,0.00418138782628469,0.0335212579555756,0.00275992247135474,0.000160322979459183,0.000881607791024531,3.12924617670278,3.12909070939854,-0.167177382644241,10,4.12462011869807,4.12413393126734,0.519667029602009,1773,16.2219934428001,6.22401908422145,0.999999999999999,7891.92803953847,35277.8398320675
151,"joint",-3139.60107694436,-3140.5138461258,8.78648323471847,-4.4319053252417,-4.43188835643997,0.0118918103075187,0.011892012099002,0.00257004453394799,1.69688017253476e-05,0.0589741590391054,0.00312282955836169,0.0253324769234854,0.00215240227680277,0.000118502130975336,0.00090214520958521,3.12909070939854,3.12907059889978,-0.167611814814354,10,4.12413393126734,4.12458886000246,0.520885725262766,1750,16.0102124506088,6.50467630133794,1,7891.95372977922,35359.1506111622
152,"joint",-3140.03669374255,-3140.52814280127,8.78646549357936,-4.43188835643997,-4.43083312022087,0.011892012099002,0.0119045676042337,0.160720291586439,0.00105523621909864,0.148979432737252,0.00854409330703461,0.0545641537351161,0.00565564869283113,0.00032582537097998,0.00175456859896768,3.12907059889978,3.12880426588154,-0.168768476125858,10,4.12458886000246,4.1255782075226,0.524886525888798,1763,16.1478849888504,6.29924410991222,1,7891.94481843205,35440.3097600937
153,"joint",-3140.68487477186,-3140.50068627821,8.78620942687846,-4.43083312022087,-4.43073529950759,0.0119045676042337,0.0119057321744867,0.014899532001646,9.78207132828097e-05,0.102924947730071,0.00583164007749511,0.0385428229766337,0.00389362954922855,0.000225537843898979,0.00170653475571262,3.12880426588154,3.12888898746951,-0.169456292828549,10,4.1255782075226,4.12742691188989,0.526744430346101,1761,15.9304511927693,6.31235718873235,1,7891.81274292154,35521.4366390705
154,"joint",-3141.07243540418,-3140.51443393523,8.7861496500709,-4.43073529950759,-4.43020631772726,0.0119057321744867,0.0119120317559235,0.0806846636438319,0.000528981780329877,0.123996515529972,0.00661291289399299,0.0556364394632182,0.00453601754917854,0.000245516155304237,0.00164941699931711,3.12888898746951,3.12893751388062,-0.169949519688778,10,4.12742691188989,4.12792203967536,0.529165473037222,1756,15.7620034095954,6.28873553141776,0.999999999999999,7891.79786077112,35602.7266201973
155,"joint",-3140.49561392557,-3140.46962341576,8.78606071719916,-4.43020631772726,-4.42972551456814,0.0119120317559235,0.0119177604755062,0.0734209763630484,0.000480803159126746,0.103083822539179,0.00537545049470873,0.0421106150609159,0.00379612353113061,0.00019965677862119,0.00183762457834436,3.12893751388062,3.12910255674825,-0.170566038099643,10,4.12792203967536,4.12961477342885,0.530287073631029,1753,16.1718389916264,6.2473627939068,1,7891.76039562284,35683.7575290203
156,"joint",-3139.43707001187,-3140.37871328567,8.78588946294114,-4.42972551456814,-4.42825708582699,0.0119177604755062,0.0119352737128421,0.226693593948947,0.00146842874114461,0.118745302720279,0.00620963881781196,0.0472668435039593,0.0042114036500004,0.000227835462686663,0.00162914223596317,3.12910255674825,3.12909201173219,-0.171765279545701,10,4.12961477342885,4.13143228496999,0.532507074786504,1771,16.0474344488195,6.27411250669727,1,7891.71070440613,35765.3090941906
157,"joint",-3139.26430483568,-3140.35352471237,8.7854786689501,-4.42825708582699,-4.42723842946813,0.0119352737128421,0.0119474378497903,0.158080789367077,0.00101865635885942,0.116999117149438,0.00624080614551616,0.0480476215365893,0.00390403436560406,0.000223388503575069,0.00123639085417545,3.12909201173219,3.12885313700221,-0.17297537233053,10,4.13143228496999,4.13262162167078,0.535740085270924,1780,15.8260068464507,6.32571401885156,1,7891.5330794525,35847.1189720631
158,"joint",-3139.93651865836,-3140.25572973652,8.78517356735917,-4.42723842946813,-4.42690584367908,0.0119474378497903,0.0119514120586808,0.0516410911896652,0.000332585789054694,0.100521411903545,0.00515237628167733,0.0463121147304404,0.003388954996669,0.000184844081337218,0.00152457710005356,3.12885313700221,3.12884680252206,-0.174109770952454,10,4.13262162167078,4.13390752389846,0.538061273007469,1802,16.0887157244167,6.44437635154617,1,7891.38952567954,35928.0758001804
159,"joint",-3139.86537274382,-3140.20916317918,8.7850715260525,-4.42690584367908,-4.42544291372611,0.0119514120586808,0.0119689089325917,0.229621744626725,0.00146292995296689,0.111969902052763,0.00555278296069323,0.052451969006079,0.00403611587315769,0.000201744735306663,0.00196107853317919,3.12884680252206,3.12873647530207,-0.175187256605401,10,4.13390752389846,4.13598452587653,0.540926940532025,1746,16.1473578156128,6.3416291318874,1,7891.35400550649,36009.0963041782
160,"joint",-3141.60563378185,-3140.2561500213,8.78462706939422,-4.42544291372611,-4.42495792264996,0.0119689089325917,0.0119747151544843,0.0762139718754223,0.000484991076151771,0.084357785175195,0.00430911277104241,0.0357156406276627,0.00307223935759228,0.000160070045557543,0.00129312550054831,3.12873647530207,3.12871817924239,-0.1754531585659,10,4.13598452587653,4.13656475748616,0.542958078341357,1761,16.1818629148781,6.33220729539147,1,7891.16914301634,36090.6128280163
161,"joint",-3139.48685667594,-3140.21112811014,8.78450477478429,-4.42495792264996,-4.42307226743756,0.0119747151544843,0.011997316641141,0.301734410582316,0.00188565521240282,0.11263574463195,0.00573580246733515,0.0602365745589873,0.00375306904867856,0.00020515619163931,0.0014065358787513,3.12871817924239,3.12856305383076,-0.176458975807931,10,4.13656475748616,4.13673160958018,0.545265524947406,1771,16.0778346325141,6.39653187637716,1,7891.11992390907,36171.3762099743
162,"joint",-3140.08533536464,-3140.2302916905,8.78405218972106,-4.42307226743756,-4.42261831582975,0.011997316641141,0.0120027640786626,0.0727143381096211,0.000453951607808766,0.100932251923877,0.00571381504007998,0.0383383584439478,0.00408244305112874,0.000225491377212043,0.00143082172930977,3.12856305383076,3.12815929470719,-0.177109162068968,10,4.13673160958018,4.1355842457878,0.547057994808488,1770,16.2569731221267,6.29789538221914,1,7890.93162921917,36251.836318016
163,"joint",-3138.9385743625,-3140.15797446401,8.78390331128324,-4.42261831582975,-4.42131253373109,0.0120027640786626,0.012018447310344,0.210967541237474,0.00130578209865191,0.117815330710524,0.00612839412252785,0.0502996042570233,0.00398650307745045,0.000219782118149102,0.00142417820215575,3.12815929470719,3.1281722695436,-0.178126228882773,10,4.1355842457878,4.13710314842787,0.549725812010916,1762,16.2316750354646,6.42700113904747,1,7890.86240699302,36332.127546072
164,"joint",-3139.01853778108,-3140.16034770119,8.78355264958843,-4.42131253373109,-4.42055295216076,0.012018447310344,0.0120275797694097,0.123076699050991,0.000759581570333339,0.122713191074752,0.00653103213359993,0.0511127068836819,0.00446491541088173,0.000240857057923456,0.00166796370986482,3.1281722695436,3.12783137166761,-0.179371867993117,10,4.13710314842787,4.13709859533676,0.553163606533169,1773,16.4148947429719,6.31422659353927,1,7890.72281758375,36413.4174461365
165,"joint",-3137.79382679453,-3140.02311719605,8.78332121206286,-4.42055295216076,-4.41974626055578,0.0120275797694097,0.0120372862315723,0.131137428958433,0.000806691604978347,0.115938200290218,0.00592399835889474,0.0474224251301933,0.0037981885069324,0.00020334613172239,0.00126706808997372,3.12783137166761,3.12783305392325,-0.180519931664869,10,4.13709859533676,4.13933146397601,0.55546685647458,1771,16.1584874171064,6.29196642669247,0.999999999999999,7890.60615419858,36494.7905271053
166,"joint",-3139.51467902168,-3139.97558407095,8.78306215597824,-4.41974626055578,-4.41856786182706,0.0120372862315723,0.0120514793152783,0.192906953428833,0.00117839872872314,0.148195461944206,0.0083618183396592,0.051846024129521,0.00499743583963981,0.000295445317032426,0.00147350480771745,3.12783305392325,3.12750095288758,-0.181430803822514,10,4.13933146397601,4.1388449044629,0.559351236107436,1763,16.1303296880256,6.22538831378494,1,7890.49719911233,36575.9303472042
167,"joint",-3139.0353771185,-3139.83431471562,8.78279243885804,-4.41856786182706,-4.41763156220859,0.0120514793152783,0.0120627683949189,0.153950992505736,0.000936299618465124,0.111633406841747,0.0065742890285671,0.0335155665172295,0.00410893051767501,0.000242644206539125,0.00138342297806456,3.12750095288758,3.1271757369481,-0.182162489923112,10,4.1388449044629,4.13770926890919,0.562070681795867,1749,16.0303972980186,6.24377676096244,1,7890.3634507109,36656.5213840008
168,"joint",-3140.31184844888,-3139.85258283459,8.78258028246602,-4.41763156220859,-4.4161715500435,0.0120627683949189,0.0120803930464923,0.242662661039167,0.00146001216509258,0.107075156296765,0.00566960431278877,0.0457552799690346,0.00341254759744178,0.000192285411913414,0.00128370753421711,3.1271757369481,3.12705919993513,-0.183153847231549,10,4.13770926890919,4.13937179803813,0.564363226387856,1782,16.1268935038476,6.29227071168185,1,7890.26070178182,36737.041383028
169,"joint",-3140.91271906467,-3139.86570069174,8.78215906806934,-4.4161715500435,-4.41568111410685,0.0120803930464923,0.0120863191584415,0.0816115628631286,0.000490435936652449,0.12384199690836,0.00646246200713371,0.0613479246046512,0.00397296048617047,0.000223663058903845,0.00156525593937613,3.12705919993513,3.12667619552134,-0.18460607285246,10,4.13937179803813,4.13883281927787,0.567183936714156,1773,16.0629510221566,6.18479447829662,1,7890.08433176893,36817.9029581547
170,"joint",-3138.71062895791,-3139.79039892052,8.78198291723928,-4.41568111410685,-4.41568755374987,0.0120863191584415,0.0120862413271113,-0.00107159651469253,-6.43964302347778e-06,0.173708394334499,0.00875192866386835,0.0811187741033107,0.00549460587961638,0.000291602284008072,0.00249233911999332,3.12667619552134,3.12645538411654,-0.185337420588642,10,4.13883281927787,4.13931195143406,0.570963458541045,1772,16.0642383458522,6.22083761783521,0.999999999999999,7889.99875234405,36898.9487400055
171,"joint",-3141.37037453507,-3139.87886380006,8.78195876432937,-4.41568755374987,-4.41457969862422,0.0120862413271113,0.0120996385512368,0.185495809169394,0.00110785512565158,0.119112997467333,0.00643626453645948,0.0474904427516758,0.0040337229624243,0.0002251439708634,0.00153448200660555,3.12645538411654,3.12609540262898,-0.186451620798788,10,4.13931195143406,4.13894815862303,0.573626183576712,1772,16.0120887765051,6.32095604317661,1,7889.99329727335,36979.9278361797
172,"joint",-3138.81554638285,-3139.81780643207,8.78169551408758,-4.41457969862422,-4.41395299081768,0.0120996385512368,0.0121072238658129,0.105140681561003,0.000626707806544391,0.107151253140857,0.00590756648456371,0.0393270027319123,0.00372754925135324,0.000210990265156353,0.00140587361137322,3.12609540262898,3.12577146344911,-0.187365806410759,10,4.13894815862303,4.13906506700059,0.576085233177022,1753,16.0362747078499,6.28670602983599,0.999999999999998,7889.86806913256,37060.7978401184
173,"joint",-3138.74657502503,-3139.72089144473,8.7814833666071,-4.41395299081768,-4.41252624905407,0.0121072238658129,0.0121245100762905,0.241833743419229,0.00142674176360725,0.126045164418743,0.00676189110068834,0.0629206303950904,0.00435196706341287,0.000236929668142267,0.00203254166417219,3.12577146344911,3.12544672936909,-0.188044522322402,10,4.13906506700059,4.13856019672433,0.579051798903293,1765,16.1068993966399,6.27466784517072,1,7889.75899705464,37142.1837480068
174,"joint",-3139.98240664561,-3139.6663900068,8.78112347687199,-4.41252624905407,-4.41225749568175,0.0121245100762905,0.0121277690171673,0.0455703480387084,0.000268753372314367,0.160368760190941,0.00918604442934964,0.0609670485535177,0.00520699509552622,0.000314033491647695,0.0019358775583085,3.12544672936909,3.12528971387506,-0.189022083446161,10,4.13856019672433,4.13869295932071,0.58258933646345,1762,16.3281960272239,6.39382005046187,1,7889.58686036051,37222.9594011307
175,"joint",-3141.26575424883,-3139.70489702296,8.7810949610573,-4.41225749568175,-4.41162275860578,0.0121277690171673,0.0121354694054138,0.107844729140078,0.000634737075978744,0.0895041666789538,0.00524519677886432,0.0314897935843987,0.0031957587720641,0.000188286508151057,0.00104202101744946,3.12528971387506,3.12521660859569,-0.189560712583571,10,4.13869295932071,4.14002420706921,0.584710718597999,1776,16.2710361641939,6.36662917844787,0.999999999999997,7889.56679570851,37303.4463231564
176,"joint",-3140.91764549373,-3139.77892579706,8.78088085318044,-4.41162275860578,-4.41083143189314,0.0121354694054138,0.0121450763271302,0.134872972892341,0.000791326712636926,0.114910040944029,0.00653212702707994,0.0515977159696029,0.00377202325101911,0.000224090039548546,0.00120341890150564,3.12521660859569,3.12507378067118,-0.190153510794723,10,4.14002420706921,4.14004413651141,0.587549751392914,1771,15.8368012052075,6.35069861212003,1,7889.46818696114,37384.0042750835
177,"joint",-3139.21800550093,-3139.77661083032,8.78067688159662,-4.41083143189314,-4.41049997430658,0.0121450763271302,0.012149102572046,0.0565243746030867,0.00033145758655582,0.124209406096616,0.00591613610846371,0.0809019670298344,0.00369399408336992,0.0001938755988865,0.0017813792243166,3.12507378067118,3.12513823022936,-0.190598121105975,10,4.14004413651141,4.14210332438973,0.590027725301995,1771,16.1137769063543,6.2742237508282,0.999999999999999,7889.38633243611,37464.5127780437
178,"joint",-3140.19593385007,-3139.78958158991,8.78051124048885,-4.41049997430658,-4.40942140268284,0.012149102572046,0.0121622133185027,0.185011068280879,0.00107857162374247,0.11464006705964,0.0062670286047926,0.0446566935918733,0.0037349850140928,0.00021178946635081,0.00122447110947346,3.12513823022936,3.12498160595168,-0.191448409664373,10,4.14210332438973,4.14332221988976,0.592959470441167,1787,15.9110029017581,6.15826836580061,0.999999999999999,7889.33629216899,37544.9481220245
179,"joint",-3140.78403286596,-3139.83551459601,8.78018373149167,-4.40942140268284,-4.40832406109006,0.0121622133185027,0.0121755667463333,0.189374382226296,0.00109734159277743,0.131266712671966,0.00673379015267391,0.060930498703257,0.00403940238552883,0.000225285889236903,0.00153690140491356,3.12498160595168,3.12501776746153,-0.192409908091412,10,4.14332221988976,4.14526590611293,0.595908227196461,1786,15.9311842933182,6.38197121057189,0.999999999999999,7889.18649998574,37625.3530910015
180,"joint",-3139.31211267167,-3139.7208385405,8.77987613406743,-4.40832406109006,-4.40735125091822,0.0121755667463333,0.0121874170246132,0.168683370770439,0.000972810171846867,0.0991082629261609,0.00503783237063605,0.0439561896124012,0.00313664405420907,0.000168436392110912,0.00138309062669985,3.12501776746153,3.12495225528861,-0.192897948424417,10,4.14526590611293,4.14673088671259,0.598186066644388,1755,15.9979490538497,6.39808924912267,0.999999999999998,7889.0630339742,37705.3707661629
181,"joint",-3139.4035276565,-3139.71667208953,8.77956706175658,-4.40735125091822,-4.40632923724556,0.0121874170246132,0.0121998790985669,0.1781479918571,0.00102201367265103,0.124885583445486,0.00675755823812753,0.0473982047700283,0.00400859996427333,0.000225107495305295,0.00138409804655911,3.12495225528861,3.12472231208769,-0.193976234342348,10,4.14673088671259,4.14723844086497,0.601271903068043,1770,16.157620054806,6.3799706547039,1,7888.94221229668,37785.9550330639
182,"joint",-3140.45592809544,-3139.73520172607,8.77929031595722,-4.40632923724556,-4.40559307053316,0.0121998790985669,0.0122088635500759,0.128670921843556,0.000736166712404152,0.124362196000963,0.00639178490363755,0.058745760957857,0.00404313202532406,0.000218939107183788,0.00155864526785287,3.12472231208769,3.12486885256452,-0.194759408305973,10,4.14723844086497,4.14904609493769,0.603629599435413,1782,16.361523994749,6.4235403085815,1,7888.81409202614,37866.2838220596
183,"joint",-3140.44242636873,-3139.81039432638,8.77908869599918,-4.40559307053316,-4.40568866101139,0.0122088635500759,0.0122076965547482,-0.0167085481185184,-9.55904782297206e-05,0.0879912590941238,0.00494202225519218,0.0277386926115874,0.00287566174710653,0.000164971547770314,0.00105714678691144,3.12486885256452,3.12478418765822,-0.195299976150191,10,4.14904609493769,4.15014728854347,0.605900890296551,1768,16.2737840773326,6.43539987896051,1,7888.73748723196,37946.2121810913
184,"joint",-3139.78678400481,-3139.84880663757,8.77905681856132,-4.40568866101139,-4.40428174373065,0.0122076965547482,0.0122248838617136,0.24838993911723,0.00140691728073629,0.101238424329453,0.00545499703186041,0.042893293025088,0.00329371702014127,0.000186574017921398,0.00119443898499572,3.12478418765822,3.12477850079103,-0.19568910188674,10,4.15014728854347,4.15206352117591,0.608224031608292,1776,16.3689061564574,6.28142019626099,1,7888.72569017317,38026.0230371952
185,"joint",-3140.83698987359,-3140.00096479152,8.77865113291012,-4.40428174373065,-4.40411601164323,0.0122248838617136,0.0122269100851351,0.0292638653447805,0.000165732087429326,0.0936027965001571,0.00511673193421078,0.0349522164756843,0.00312598575677065,0.000174474295105716,0.00114937971526949,3.12477850079103,3.12485236198644,-0.196267162326451,10,4.15206352117591,4.15348934643898,0.609672462537493,1766,16.1860361129814,6.19706067365225,1,7888.55576117037,38105.8569691181
186,"joint",-3139.08602893495,-3139.97953228719,8.77856989890846,-4.40411601164323,-4.40367309269593,0.0122269100851351,0.0122323268147762,0.0782844960436389,0.000442918947297112,0.0974692231164982,0.00496131377069714,0.0498906147689592,0.00300807675092686,0.000162713550631851,0.001120011246642,3.12485236198644,3.12476778775685,-0.197387173573093,10,4.15348934643898,4.15428749123804,0.611722872701665,1764,16.1684819720631,6.3881205954832,1,7888.52362360057,38185.5121631622
187,"joint",-3139.57140378795,-3140.00633362066,8.77844434978659,-4.40367309269593,-4.40263585434184,0.0122323268147762,0.0122450212357403,0.184322747026092,0.0010372383540884,0.116026555999082,0.00621543166548035,0.0474825093724699,0.00363909323497635,0.000206385158195112,0.00120714229066959,3.12476778775685,3.1247478900214,-0.198447119633054,10,4.15428749123804,4.1562183214602,0.614409380733239,1754,16.0895613049595,6.42476165174955,1,7888.46603554585,38265.2699520588
188,"joint",-3140.05169832179,-3139.9933261143,8.77812908598876,-4.40263585434184,-4.4021967201991,0.0122450212357403,0.0122503996234738,0.0781118133790826,0.000439134142737172,0.10795767166751,0.00598541308074358,0.0423598795907657,0.00356826575365335,0.00020556562270462,0.00127039928024274,3.1247478900214,3.12466361787493,-0.199388514507672,10,4.1562183214602,4.15747905327276,0.616244612752672,1761,16.1320405592882,6.126346831901,1,7888.32860168331,38344.9877300262
189,"joint",-3138.96199005976,-3139.89578966406,8.77793576166386,-4.4021967201991,-4.40119239904777,0.0122503996234738,0.0122627091392468,0.179553355237989,0.00100432115133045,0.116706108740539,0.00628567197037504,0.0411506688383575,0.00381079955019755,0.000207421320615143,0.00143219544246889,3.12466361787493,3.12456199376816,-0.199872061596695,10,4.15747905327276,4.15912534170697,0.61886717797383,1752,16.2870539260233,6.50714456289518,1,7888.25631558357,38426.1493780613
190,"joint",-3138.50684923902,-3139.88560067811,8.77760060054592,-4.40119239904777,-4.40015481575431,0.0122627091392468,0.012275439324554,0.186506650672932,0.00103758329346344,0.11259341255669,0.00635925522810161,0.0403798781180197,0.00371913520166518,0.000213041364955896,0.00142829715303003,3.12456199376816,3.12458388974971,-0.200636167010799,10,4.15912534170697,4.16148533948637,0.621170140734523,1779,16.1033491379736,6.32941612406635,0.999999999999996,7888.10943816248,38507.0528700352
191,"joint",-3139.67824457857,-3139.80099418029,8.77724421384542,-4.40015481575431,-4.39938383638541,0.012275439324554,0.0122849070842721,0.138998048799867,0.000770979368894763,0.147435611720141,0.00728696055815622,0.0650952071277969,0.0046839092498831,0.000246293019849137,0.00196842441858316,3.12458388974971,3.12454263644628,-0.2018834492658,10,4.16148533948637,4.16273433379348,0.624107165854527,1764,16.3364023024213,6.24408870763049,1.00000000000001,7887.95746346533,38588.3565180302
192,"joint",-3143.08715741657,-3140.01457473197,8.77701128970919,-4.39938383638541,-4.39822480177813,0.0122849070842721,0.0122991539714528,0.210377453206996,0.00115903460728812,0.14464837508139,0.00758375211511271,0.061170947579956,0.0044627855991571,0.000248112948049881,0.00168133019759937,3.12454263644628,3.12461679172806,-0.202572336018917,10,4.16273433379348,4.16576324932722,0.626841057225626,1772,16.3628215508996,6.33317441004876,0.999999999999999,7887.84753370408,38670.5060400963
193,"joint",-3138.65370413541,-3140.00993118749,8.77664011121454,-4.39822480177813,-4.39714750040898,0.0122991539714528,0.0123124110064944,0.196686659085189,0.0010773013691446,0.0794135033156961,0.00422272305487178,0.0385338652709447,0.00257248618928648,0.000140821558392347,0.0010771460712231,3.12461679172806,3.12450628534549,-0.203022947751268,10,4.16576324932722,4.16709243242514,0.627891283697935,1782,16.1700719747047,6.39602439461822,0.999999999999999,7887.6947946593,38751.8441140652
194,"joint",-3140.31550266874,-3140.02658598865,8.77632165588209,-4.39714750040898,-4.39651794896325,0.0123124110064944,0.012320164743076,0.115167849612042,0.000629551445731479,0.135448941590701,0.00786117429880663,0.0490146822797287,0.00442445201612293,0.00026257802413948,0.00131440625891597,3.12450628534549,3.124198315999,-0.204089543590726,10,4.16709243242514,4.16707156764729,0.631289807665558,1738,16.3772785340027,6.48264910069506,1,7887.55009370236,38833.1982941628
195,"joint",-3142.48755334741,-3140.08767594358,8.77613183518979,-4.39651794896325,-4.39505747921829,0.012320164743076,0.0123381711166174,0.270068788707256,0.00146046974495772,0.0792981928738901,0.00395387941212307,0.0477055952187745,0.00249384091426129,0.000130831807951333,0.0011964860505013,3.124198315999,3.12419764735137,-0.204424413673031,10,4.16707156764729,4.16866454113253,0.632716440562174,1740,16.1822393789796,6.40088033827136,1,7887.44951102354,38914.950024128
196,"joint",-3139.87106405861,-3140.03534687182,8.77574386634237,-4.39505747921829,-4.39484917056785,0.0123381711166174,0.0123407415321022,0.038528613736451,0.00020830865044017,0.097336836060837,0.00548780918958552,0.038162171051734,0.00324117067201855,0.000186698094327991,0.00124646991107522,3.12419764735137,3.12402497266214,-0.205251541115955,10,4.16866454113253,4.16852836575648,0.634878619613584,1774,16.3224292871367,6.41494767452208,0.999999999999996,7887.2867457193,38996.3510360718
197,"joint",-3139.38543164645,-3140.0437181791,8.77567425699793,-4.39484917056785,-4.39382765124027,0.0123407415321022,0.0123533542790796,0.189933034462751,0.00102151932758671,0.095604259879404,0.0051100286695473,0.0366690765145933,0.0029674638384345,0.000163561053913372,0.0011037045308416,3.12402497266214,3.12395887392682,-0.205789724221253,10,4.16852836575648,4.16990765185753,0.636962005066244,1758,16.1110599723288,6.34745758928529,1,7887.25853685836,39076.6618762016
198,"joint",-3139.35154271379,-3140.00149862228,8.7753696054523,-4.39382765124027,-4.39241216080568,0.0123533542790796,0.0123708527154096,0.26586172968457,0.00141549043458136,0.138169247720364,0.00800641160093061,0.0503422511366086,0.00450275668959865,0.000267316695480845,0.00137871328250772,3.12395887392682,3.12383048384517,-0.20652619243862,10,4.16990765185753,4.17179533927775,0.640229414109031,1772,16.2343111564154,6.46567047205656,0.999999999999997,7887.12028795245,39156.6298491955
199,"joint",-3139.81887051173,-3139.95324050457,8.77498975889574,-4.39241216080568,-4.39153763029197,0.0123708527154096,0.0123816761356057,0.164888735530963,0.0008745305137183,0.0956656552313805,0.00514073391977808,0.0410410265350257,0.00344210041101398,0.000182906972936508,0.00131441233798268,3.12383048384517,3.1237940898656,-0.206762906395066,10,4.17179533927775,4.17282579655667,0.641543765176098,1762,16.4269247645052,6.39802573291869,1,7886.93891431524,39237.9124741554
200,"joint",-3140.70759194115,-3140.02301446805,8.77477183725331,-4.39153763029197,-4.39045704830712,0.0123816761356057,0.0123950627831626,0.204938804502805,0.00108058198484451,0.107597189561644,0.00581471662758691,0.043415838422532,0.00327639484506402,0.000186392086093497,0.00117666210489872,3.1237940898656,3.12355631221492,-0.207508562935043,10,4.17282579655667,4.17333801268991,0.643804710388803,1780,16.2559588592881,6.16350207890983,1,7886.84373287894,39318.3707261086
201,"joint",-3138.6405532858,-3139.98486574951,8.77446978019635,-4.39045704830712,-4.390065624839,0.0123950627831626,0.0123999154512868,0.0742927249065726,0.000391423468115947,0.0646460722469335,0.00353402639409702,0.0248794145912165,0.00258369684584755,0.000132751780552391,0.00121779990479144,3.12355631221492,3.12357589098473,-0.207522139313602,10,4.17333801268991,4.17354286247161,0.644065551085046,1787,16.2152969583935,6.45251525538748,0.999999999999999,7886.69684004707,39399.4755010605
202,"joint",-3139.03697810694,-3139.91391825009,8.77436792019414,-4.390065624839,-4.3897416215222,0.0123999154512868,0.0124039337159515,0.0615285896082393,0.000324003316805611,0.109743688697424,0.00613496466848094,0.0373860252209287,0.00347131696624293,0.000195114688627834,0.00119955476973494,3.12357589098473,3.12334070042634,-0.208164134174293,10,4.17354286247161,4.17356976468181,0.64674367324624,1772,16.3681049086755,6.43427977244006,1,7886.6546620966,39479.9495270252
203,"joint",-3141.03858532066,-3139.94372619768,8.77427539043363,-4.3897416215222,-4.38954757929656,0.0124039337159515,0.0124063408363904,0.0368557732905472,0.000194042225643735,0.10799891013659,0.00558837485542418,0.0482212415944398,0.00333773901989505,0.00018036322644219,0.00149456152465333,3.12334070042634,3.12328275880842,-0.208829887918406,10,4.17356976468181,4.17358474590284,0.648870202941118,1762,16.2809774464033,6.49278234017627,0.999999999999998,7886.60564010634,39560.4271490574
204,"joint",-3141.54993424946,-3140.03188370992,8.7742309117949,-4.38954757929656,-4.38907189442912,0.0124063408363904,0.0124122437488383,0.0904524897084623,0.000475684867436641,0.141069664109506,0.00795355252718385,0.0480288769391304,0.00461617513929777,0.000265071048870504,0.00181951598680252,3.12328275880842,3.12283223125454,-0.209839132930364,10,4.17358474590284,4.17184609711042,0.651444511888572,1779,16.376123348229,6.31754634122692,1,7886.60009693778,39641.7768070698
205,"joint",-3140.72254104802,-3140.02616126864,8.77408808787358,-4.38907189442912,-4.38858735727732,0.0124122437488383,0.0124182593993572,0.0922441176867505,0.000484537151794786,0.119143280422729,0.00632620207465134,0.0516752355020686,0.00392279378863299,0.000216974918627075,0.00130482722956764,3.12283223125454,3.1226718427636,-0.210934033456159,10,4.17184609711042,4.17238599781142,0.653792868124468,1739,16.1614990106467,6.36344376677653,1,7886.52055376178,39722.7792861462
206,"joint",-3140.44908993988,-3140.09431431888,8.77393047566635,-4.38858735727732,-4.38838837640526,0.0124182593993572,0.0124207306412987,0.0378886317342055,0.000198980872063301,0.112691569343168,0.00572471428666467,0.046233691889852,0.00341110065678694,0.000181178206220056,0.00137762619199389,3.1226718427636,3.12263634036644,-0.211618635335859,10,4.17238599781142,4.17260235711328,0.655991259020114,1765,16.1402333780327,6.44539967177902,1,7886.43786376508,39803.8594181538
207,"joint",-3141.54003097168,-3140.19274567807,8.77390669271927,-4.38838837640526,-4.38841267448815,0.0124207306412987,0.0124204288450227,-0.00462669513090928,-2.42980828842455e-05,0.0983945910066247,0.00558368606645336,0.0326744510207618,0.00326466333433117,0.000185535606507711,0.00111253474444843,3.12263634036644,3.12240860352252,-0.212281685010675,10,4.17260235711328,4.17164364142651,0.657485095897553,1775,16.2515822361664,6.32259870012102,1,7886.42073080639,39885.1009030342
208,"joint",-3139.47888276927,-3140.16410490045,8.77385896128053,-4.38841267448815,-4.38658117453996,0.0124204288450227,0.0124431977040262,0.354743726324335,0.00183149994818316,0.137941186428757,0.00764417464242524,0.0487146720192062,0.00439233011113728,0.000247784768638397,0.00188710464041209,3.12240860352252,3.12216249145058,-0.213027991850495,10,4.17164364142651,4.17264423599039,0.660806475198151,1747,16.3921265793534,6.36214122226839,1,7886.38983009387,39965.7691941261
209,"joint",-3140.46984350774,-3140.23949757284,8.77335702450298,-4.38658117453996,-4.38610808625819,0.0124431977040262,0.012449085827739,0.0917353138650293,0.000473088281769311,0.133228753602992,0.0068313485297286,0.0569931332601034,0.00405231634575796,0.000216397720638683,0.00148419751198607,3.12216249145058,3.12189592080453,-0.214218210829784,10,4.17264423599039,4.17236043254051,0.663859027983576,1768,16.0227688036235,6.40778574165785,1,7886.17114664198,40047.0434310436
210,"joint",-3139.71542476856,-3140.29992634932,8.7732215162579,-4.38610808625819,-4.38492708811789,0.012449085827739,0.0124637968600911,0.23061819536425,0.00118099814030454,0.111861214641107,0.00612311948696564,0.0422834687269995,0.00367940691530303,0.000200220449182878,0.00150993847558647,3.12189592080453,3.12191554778797,-0.21443186733428,10,4.17236043254051,4.17494270067701,0.665667404055626,1783,16.4762188449552,6.35616293085165,0.999999999999998,7886.09413827774,40127.6312410831
211,"joint",-3138.06483869344,-3140.21925605507,8.77281373735078,-4.38492708811789,-4.38390893256844,0.0124637968600911,0.0124764934064642,0.199857878907194,0.00101815554944704,0.123391410745376,0.00682672642569043,0.0469788381689183,0.00382664242240133,0.000217191300021226,0.00142887809254535,3.12191554778797,3.1218473973199,-0.215151587661457,10,4.17494270067701,4.17499334382797,0.667658984421848,1781,16.3233725748576,6.3264208067522,1,7885.91872838503,40208.0231380463
212,"joint",-3141.91776328237,-3140.16078634836,8.77252466548042,-4.38390893256844,-4.38283307373918,0.0124764934064642,0.0124899235752411,0.212417604977711,0.00107585882925971,0.123353219702925,0.0066497887001668,0.0423583310742977,0.00378584435879188,0.000207414358209519,0.00161974548568144,3.1218473973199,3.1218770511123,-0.215610508700847,10,4.17499334382797,4.1772891768384,0.669839988935533,1768,16.4546837619686,6.42364703689236,1,7885.80137825885,40288.9823811054
213,"joint",-3141.59328889577,-3140.30776558637,8.77216332648229,-4.38283307373918,-4.38188210840434,0.0124899235752411,0.0125018067089246,0.188613414606227,0.000950965334842556,0.122535358680122,0.00623991268467426,0.0555643533787496,0.00396584696919009,0.000202709043734097,0.00206328615590925,3.1218770511123,3.12200132930026,-0.215997323238449,10,4.1772891768384,4.18015685199504,0.67176052652838,1780,16.5588121790128,6.35644795276975,0.999999999999999,7885.65560815158,40369.8063900471
214,"joint",-3140.08884794841,-3140.29643285036,8.77183574957377,-4.38188210840434,-4.38136536081954,0.0125018067089246,0.0125082686568013,0.102628260182043,0.000516747584800066,0.0941656675876372,0.00533698234571424,0.0368066642033884,0.00308015504709767,0.000174615239213651,0.00107096695300455,3.12200132930026,3.12175055500055,-0.216316747467444,10,4.18015685199504,4.18000930521567,0.673651707203548,1774,16.233486803296,6.45212647198866,1,7885.51615889056,40450.2314431667
215,"joint",-3139.85295749894,-3140.16470305793,8.77165784579028,-4.38136536081954,-4.38109924893297,0.0125082686568013,0.0125115976987004,0.0528696716715067,0.000266111886571239,0.10833871258543,0.00576412333799003,0.0513378943330543,0.00330459167484157,0.000186919776250834,0.0012213731177913,3.12175055500055,3.1217941891666,-0.216409622401239,10,4.18000930521567,4.18160131993791,0.675772859057894,1757,16.4111372960849,6.34348506387662,0.999999999999996,7885.42526076033,40530.0423471928
216,"joint",-3139.41975180982,-3140.14213744549,8.77153738006035,-4.38109924893297,-4.38070296596376,0.0125115976987004,0.0125165568143276,0.078793251827505,0.000396282969207359,0.0985301446386428,0.00523718346572532,0.0451451195195475,0.00314429334934565,0.000172362491143997,0.00132372686170577,3.1217941891666,3.12173013292062,-0.216758800125824,10,4.18160131993791,4.18155943413986,0.677421558427813,1787,16.1168968010976,6.23251453969736,0.999999999999997,7885.3810543552,40610.4891190529
217,"joint",-3140.12914984599,-3140.17932335547,8.77146798598991,-4.38070296596376,-4.37982788157154,0.0125165568143276,0.0125275146516571,0.174663761102391,0.00087508439221622,0.100226958945349,0.00506878184995155,0.0434326175318362,0.00297442472690819,0.000158770668068843,0.00110696551597479,3.12173013292062,3.12169545708376,-0.217152498469108,10,4.18155943413986,4.18342348226598,0.679186462041587,1759,16.2328178329836,6.32866616224946,0.999999999999997,7885.35602311567,40690.2981910706
218,"joint",-3138.59557069792,-3140.14152475468,8.77115036935312,-4.37982788157154,-4.37866499074892,0.0125275146516571,0.0125420912573335,0.233694431509145,0.00116289082262035,0.122422744463905,0.0063431608095905,0.0525152780307615,0.0036648435341451,0.000196094271812385,0.00148463540219906,3.12169545708376,3.12170550819611,-0.217792115157281,10,4.18342348226598,4.18561382206383,0.681436177629012,1758,16.0756738511375,6.26580476891042,1,7885.22584234641,40770.16279912
219,"joint",-3139.76121868598,-3140.13864216339,8.7707945393347,-4.37866499074892,-4.37721014400397,0.0125420912573335,0.0125603513575772,0.295509942961794,0.00145484674495569,0.120019128138069,0.00658121157051527,0.0567762538265056,0.00368834522980677,0.00020875490874311,0.00160089145319324,3.12170550819611,3.12144071906491,-0.218339778634573,10,4.18561382206383,4.18569408193912,0.684003459286768,1746,16.3565573547973,6.26231202876182,1,7885.06732498249,40849.9709801674
220,"joint",-3142.30403272975,-3140.21846420282,8.77037238097755,-4.37721014400397,-4.37668005020082,0.0125603513575772,0.0125670112870349,0.107824789786441,0.000530093803145744,0.100575959490403,0.00550773447676746,0.0385483833854865,0.00313686445831304,0.00017245310946486,0.001313904922407,3.12144071906491,3.12130746975256,-0.219036145171513,10,4.18569408193912,4.18612174091793,0.686021667258323,1790,16.5631930358528,6.49801536802689,1,7884.86812746117,40929.6586360931
221,"joint",-3137.17549857578,-3140.14521146732,8.77019009855207,-4.37668005020082,-4.37578533754185,0.0125670112870349,0.012578260182633,0.182723647856322,0.00089471265897083,0.115076691871375,0.00613810404489264,0.0498877760033048,0.00338431967239541,0.000192017896458664,0.00118996454730427,3.12130746975256,3.12099443675262,-0.220059584207202,10,4.18612174091793,4.18588588885715,0.68835586558372,1767,16.5995436213911,6.33817071667497,0.999999999999999,7884.8014575546,41009.5041780472
222,"joint",-3141.80472750697,-3140.28359893732,8.76992568412011,-4.37578533754185,-4.37455227770356,0.012578260182633,0.0125937794962547,0.253759476729019,0.00123305983829519,0.166425802542743,0.00942487416724605,0.0651098064629669,0.00483323792252611,0.000287844396231569,0.00158832299810973,3.12099443675262,3.1207171999066,-0.221383542141978,10,4.18588588885715,4.18645231740812,0.692770992877639,1758,16.5213081963846,6.41027245790827,1,7884.6649687877,41089.3121211529
223,"joint",-3138.21515790413,-3140.14242756649,8.76956872746515,-4.37455227770356,-4.3735765093171,0.0125937794962547,0.0126060741055231,0.201772640441803,0.000975768386453734,0.112888878638099,0.00648670216863605,0.0388229825647609,0.00368072281255122,0.000212018693971178,0.00123195838504413,3.1207171999066,3.12060798839046,-0.221974005683326,10,4.18645231740812,4.18818689499541,0.695034867558195,1762,16.5846816523344,6.57703568401743,0.999999999999997,7884.49503159993,41169.0636019707
224,"joint",-3139.62736400991,-3140.04629905452,8.76923645887406,-4.3735765093171,-4.37273397141123,0.0126060741055231,0.0126166996763958,0.174844487087609,0.000842537905867946,0.137766268039002,0.00758560956642242,0.0540986106504293,0.00416861235594703,0.000233220231451264,0.00189173103793335,3.12060798839046,3.12041480367478,-0.223065578167677,10,4.18818689499541,4.18946896987846,0.697108847653694,1754,16.1076591558889,6.41121246695608,1,7884.34075344463,41248.8566560745
225,"joint",-3139.01430619947,-3139.96088731209,8.76891031327816,-4.37273397141123,-4.37122751090402,0.0126166996763958,0.0126357205596972,0.31623141728304,0.00150646050721587,0.163763324413487,0.0092374361221245,0.069494522794443,0.00450036249364408,0.000276862501503658,0.00138863742590214,3.12041480367478,3.12043787300244,-0.224454215593579,10,4.18946896987846,4.19196730010534,0.700353011792678,1782,16.4127603288169,6.53955494651245,0.999999999999996,7884.17673057429,41328.4730181694
226,"joint",-3139.31302092515,-3139.90408386135,8.76841666595578,-4.37122751090402,-4.37094434504548,0.0126357205596972,0.0126392990709899,0.0594651251816467,0.000283165858537058,0.116878845897364,0.00643151673156584,0.0452049077538094,0.00347022843704165,0.000195527688365743,0.00119654993381725,3.12043787300244,3.12017835422789,-0.225353836038553,10,4.19196730010534,4.19117788670466,0.702812738674443,1749,16.5163944718924,6.40600057945433,1,7883.97046227207,41408.3018651009
227,"joint",-3137.88733803481,-3139.72144921451,8.7683339999501,-4.37094434504548,-4.37018574780933,0.0126392990709899,0.0126488908460191,0.159766577044009,0.000758597236154455,0.13038673579821,0.00698848834210573,0.0572547732026139,0.00353714914190165,0.000206318421944268,0.00124870384333662,3.12017835422789,3.12010283799067,-0.2259427683548,10,4.19117788670466,4.1929834719783,0.705422575441535,1771,16.194168123964,6.44045563660822,0.999999999999997,7883.91846689674,41489.2117500305
228,"joint",-3141.3761706593,-3139.81631360901,8.76808279372426,-4.37018574780933,-4.37003687515639,0.0126488908460191,0.0126507740601322,0.0313572330729395,0.000148872652939522,0.106600649751486,0.00566766883872681,0.0476716911720508,0.00320551955417761,0.000177594957830039,0.00119502484477604,3.12010283799067,3.12017411614037,-0.225977090217908,10,4.1929834719783,4.19488018637524,0.707232837095846,1751,16.5995440878241,6.58056996372574,1,7883.80637545383,41569.7384300232
229,"joint",-3138.13104879136,-3139.69937387319,8.76798139863032,-4.37003687515639,-4.36953519792805,0.0126507740601322,0.0126571222576389,0.105802127312814,0.000501677228334927,0.0969056623836693,0.00479173960008221,0.0528902844224385,0.002822116504561,0.00014621427651954,0.00119824267455617,3.12017411614037,3.12021041669685,-0.226297266337392,10,4.19488018637524,4.19659873473964,0.708624054074131,1769,16.2408045064885,6.23413426091718,1,7883.76670854711,41649.9988341331
230,"joint",-3140.60997736855,-3139.74410150319,8.76782641927546,-4.36953519792805,-4.36909102142897,0.0126571222576389,0.012662745502656,0.0937679512773166,0.000444176499088557,0.117536222741398,0.00646299617288691,0.0435467973962965,0.00394413293547959,0.000210481960981931,0.00184008157877388,3.12021041669685,3.11994021181477,-0.226822805669591,10,4.19659873473964,4.19634393000032,0.710840393888828,1741,16.3586864206915,6.51679348679242,1,7883.69336355717,41730.8870840073
231,"joint",-3140.50748047522,-3139.86623359228,8.76770310844583,-4.36909102142897,-4.36867976245658,0.012662745502656,0.0126679542413559,0.0868924048813587,0.000411258972388682,0.0968335900088192,0.00469430803911416,0.0425436638124305,0.00280090834865763,0.000142488719195418,0.00110366010507262,3.11994021181477,3.11986353930211,-0.227036774651558,10,4.19634393000032,4.19705754281872,0.712767315861032,1753,16.4438450738767,6.39154712718453,1,7883.61533033114,41811.0942311287
232,"joint",-3138.65803089908,-3139.70324697312,8.76759088692104,-4.36867976245658,-4.36843645890303,0.0126679542413559,0.0126710367746195,0.0514213489074247,0.000243303553548635,0.0935297016595564,0.00528752661592199,0.0353332579535472,0.00300236774477768,0.000169605526530586,0.0012448354736763,3.11986353930211,3.11969136198774,-0.227675080311481,10,4.19705754281872,4.19688608240922,0.714690012678644,1754,16.4177552708203,6.44830456161629,1,7883.56627251235,41891.6264371872
233,"joint",-3141.51078717886,-3139.69912188727,8.76751147550538,-4.36843645890303,-4.36712394410397,0.0126710367746195,0.0126876786168485,0.279816037933027,0.00131251479905288,0.121275319660393,0.00629616972769181,0.0506460584552775,0.00328924067275251,0.000178326771413578,0.00125174450038527,3.11969136198774,3.11960177151325,-0.228672054558885,10,4.19688608240922,4.19846657857213,0.717111578356269,1786,16.5766598798842,6.43124865062678,1,7883.52842940486,41972.4924981594
234,"joint",-3140.150063074,-3139.70218264355,8.7671179806294,-4.36712394410397,-4.3665744390597,0.0126876786168485,0.0126946524761586,0.117326673638003,0.000549505044277248,0.140630510840012,0.00759868888462585,0.0590860462076009,0.00425701584257642,0.000236569758815028,0.00144495121946213,3.11960177151325,3.11924104406677,-0.229170284731008,10,4.19846657857213,4.1982222958914,0.719992689533522,1774,16.3246210814391,6.58297212687366,1,7883.33656987601,42052.9352991581
235,"joint",-3138.39950238658,-3139.62950988793,8.76695635029314,-4.3665744390597,-4.36605721136642,0.0126946524761586,0.0127012202003338,0.110583045087173,0.000517227693278947,0.13787802707196,0.00779458832381299,0.0509848060324871,0.00429175878370009,0.000243729242327261,0.00160414604825121,3.11924104406677,3.11884954475044,-0.229682020700308,10,4.1982222958914,4.19743222642564,0.722307618800896,1784,16.6407767677771,6.45811930089955,1,7883.24705394413,42133.0707371235
236,"joint",-3140.40478149325,-3139.6787613721,8.76678943257288,-4.36605721136642,-4.36597582431611,0.0127012202003338,0.0127022539572479,0.0174010905832869,8.13870503092704e-05,0.120536261184896,0.00644554027371848,0.0426917266043163,0.00363644010271628,0.00019289558997629,0.00143380636533961,3.11884954475044,3.11867909815829,-0.230209533845576,10,4.19743222642564,4.19745755899902,0.724572158520826,1781,16.3901434962975,6.36965365797713,0.999999999999997,7883.1391987936,42213.0935220718
237,"joint",-3139.13246802167,-3139.62892728089,8.76676423763277,-4.36597582431611,-4.36518464696662,0.0127022539572479,0.0127123076694766,0.169690892884904,0.000791177349492322,0.152804781845052,0.00778539708950795,0.0574950837365434,0.00406376763853831,0.000218752480852593,0.00140507356735606,3.11867909815829,3.11845441653251,-0.231103411488419,10,4.19745755899902,4.19832238008977,0.728029859210619,1766,16.6404873027929,6.45124901875357,1,7883.13647087528,42293.3361341953
238,"joint",-3142.41765487289,-3139.82003148964,8.7665084188887,-4.36518464696662,-4.36437844793151,0.0127123076694766,0.0127225604519901,0.173477411585382,0.00080619903510517,0.140064425333171,0.00711116093561494,0.0647754714644403,0.00385570308566653,0.000205883047998566,0.00185727788606751,3.11845441653251,3.11853721095398,-0.231774063061878,10,4.19832238008977,4.20033731076309,0.73024224159424,1757,16.5598313246926,6.30669360696927,1,7883.01480468917,42372.917112112
239,"joint",-3141.48956187125,-3139.9064486489,8.76621816748067,-4.36437844793151,-4.36358277180753,0.0127225604519901,0.0127326875179756,0.171757660628899,0.000795676123981369,0.0750771408617291,0.00388862503011455,0.0386171518307552,0.00233778453475395,0.000121118881996093,0.000978784772970915,3.11853721095398,3.11851113778091,-0.23217698046047,10,4.20033731076309,4.20106588195593,0.731102052668284,1768,16.4112092029904,6.35247138690957,1,7882.91315145302,42452.5733790398
240,"joint",-3138.77233349075,-3139.72986368695,8.76599706810354,-4.36358277180753,-4.36288506615215,0.0127326875179756,0.0127415742858788,0.150977306269378,0.000697705655385235,0.0945810932039137,0.00505831266676479,0.0397243362751329,0.00264034930031842,0.000148885456088633,0.000843611880085658,3.11851113778091,3.11850479285797,-0.232562103984507,10,4.20106588195593,4.2021822232685,0.732898867278733,1747,16.5909776846302,6.42413462899029,1,7882.81092110883,42532.2616820335
241,"joint",-3141.14376504094,-3139.92827701021,8.76577486117537,-4.36288506615215,-4.36219351840167,0.0127415742858788,0.0127503887403705,0.150003908284507,0.000691547750475851,0.153386273124174,0.00804624308650793,0.0615412791929506,0.00402419668519744,0.000223777549015078,0.00122548305477857,3.11850479285797,3.11838894647787,-0.233421824395883,10,4.2021822232685,4.20328972190672,0.736505401554749,1765,16.2625918574059,6.3780147256323,1,7882.71606522424,42611.817430973
242,"joint",-3140.23119531594,-3139.84960040066,8.76555940063886,-4.36219351840167,-4.362091070975,0.0127503887403705,0.012751695051799,0.0222230798861671,0.000102447426666095,0.0880859814859931,0.00504492039603507,0.0403240430533874,0.00258694996733903,0.000153450342289063,0.00088353792289699,3.11838894647787,3.1183154714253,-0.233707197298854,10,4.20328972190672,4.20413841943349,0.738194720363668,1754,16.4167147331557,6.48286352333075,1,7882.6161451346,42691.5771369934
243,"joint",-3138.62027407499,-3139.8698562092,8.76547587742331,-4.362091070975,-4.36129855620562,0.012751695051799,0.0127618049640604,0.172456161998853,0.000792514769380215,0.0892570431338569,0.00430024885766583,0.0471401730789224,0.0023854977720314,0.000123851861219616,0.00110280724763018,3.1183154714253,3.1182679424037,-0.233738222211945,10,4.20413841943349,4.20523279442663,0.739485814838028,1771,16.1949349544448,6.42628311786707,1,7882.59095325724,42771.3717620373
244,"joint",-3139.71600263726,-3139.87428814057,8.76525931061676,-4.36129855620562,-4.36012862917793,0.0127618049640604,0.0127767440817448,0.256343796530296,0.0011699270276959,0.130171360273111,0.00710596424837444,0.0546428023142236,0.00380170515060359,0.000213607279710265,0.00143002335097592,3.1182679424037,3.11816313043105,-0.234791034102631,10,4.20523279442663,4.20664422223127,0.742156729204062,1757,16.6620077947701,6.52117245922007,0.999999999999997,7882.48853715195,42851.6462771893
245,"joint",-3139.48703099811,-3139.8979243805,8.76487870940149,-4.36012862917793,-4.35985530115546,0.0127767440817448,0.0127802368012455,0.0599115402038264,0.000273328022463036,0.0888847660751571,0.00484438822467571,0.0354005663991338,0.00268370420425002,0.000148275142491728,0.000825335729023874,3.11816313043105,3.11809132415186,-0.235136692208258,10,4.20664422223127,4.20675226116804,0.743396074055606,1767,16.5546487721404,6.42924693983545,1,7882.31066137837,42931.4322741032
246,"joint",-3139.18789202141,-3139.89166793531,8.76484669045589,-4.35985530115546,-4.35862469324204,0.0127802368012455,0.0127959739429281,0.271806383481007,0.00123060791342582,0.106911925170383,0.00544077839984765,0.0448611640778412,0.00304444479897218,0.000160579238831187,0.00117632482131923,3.11809132415186,3.11802225811556,-0.235701689541321,10,4.20675226116804,4.20772772172654,0.745400742974569,1761,16.2069782980008,6.33269852181067,1,7882.2831166377,43011.0401251316
247,"joint",-3141.54855406677,-3140.07472873691,8.76447276569704,-4.35862469324204,-4.35817641166649,0.0127959739429281,0.0128017114281963,0.0991123214568102,0.00044828157554354,0.109593399500667,0.00560565737907713,0.0458405282704911,0.00329611632624637,0.000171924139875905,0.00134536082562287,3.11802225811556,3.11797348958218,-0.236032120379545,10,4.20772772172654,4.20757322193654,0.74677657999571,1774,16.6605847322072,6.44216096732292,0.999999999999998,7882.11186558371,43090.6981179714
248,"joint",-3140.73340756665,-3140.04259058228,8.76434845652405,-4.35817641166649,-4.3575214430553,0.0128017114281963,0.0128100988938148,0.145121171837585,0.000654968611193148,0.160999718034053,0.00928358862198032,0.0514484112230418,0.00460897909581208,0.000269590186259977,0.00166055559578479,3.11797348958218,3.11751392642068,-0.237015875358609,10,4.20757322193654,4.20613226739599,0.748968462245941,1804,16.4879564862369,6.29836733047024,0.999999999999999,7882.06663830148,43170.3421471119
249,"joint",-3138.26831707121,-3140.04945399627,8.7641668052882,-4.3575214430553,-4.3567766364747,0.0128100988938148,0.0128196434937683,0.165486184844081,0.000744806580601274,0.104791795327145,0.00519819317483169,0.0489227095897043,0.0030485785963315,0.000151448193006808,0.00154477200249047,3.11751392642068,3.11735936718064,-0.237490292776765,10,4.20613226739599,4.20631623065592,0.750150268359027,1752,16.4237979784654,6.24096464423929,1,7881.95616030895,43249.8322341442
250,"joint",-3138.88344350079,-3139.96312730288,8.76393029770388,-4.3567766364747,-4.35572322563814,0.0128196434937683,0.0128331549604587,0.235363501747974,0.00105341083655921,0.16319246419932,0.00899426906206218,0.0594374948454375,0.00464074311956111,0.000261239215143242,0.0018134437786507,3.11735936718064,3.11718035559746,-0.238618283569542,10,4.20631623065592,4.20766771268098,0.753903399049708,1782,16.3505975206683,6.4377196212487,0.999999999999999,7881.84805613162,43330.4956521988
251,"joint",-3139.5188163156,-3139.9136940949,8.7635667031453,-4.35572322563814,-4.35481235187068,0.0128331549604587,0.0128448496700594,0.20436602456906,0.000910873767458425,0.109909413384914,0.00571442437552952,0.0552822356051088,0.00284776195977461,0.000159899506995431,0.00103084360470974,3.11718035559746,3.11720615868296,-0.239068196651301,10,4.20766771268098,4.20894298165974,0.755818967865847,1784,16.6641059225718,6.43204206691052,0.999999999999998,7881.67129687479,43410.8312959671
252,"joint",-3140.12222207175,-3139.98690365353,8.76332888688735,-4.35481235187068,-4.35429102658341,0.0128448496700594,0.0128515477607939,0.11712517682661,0.000521325287267819,0.138236780569547,0.0081089072420629,0.0433682034758963,0.00407242875097064,0.000242445560657069,0.00133193492735076,3.11720615868296,3.11682878154866,-0.239796557952349,10,4.20894298165974,4.20744653612168,0.757570530239037,1750,16.5923157283287,6.54185950978177,1,7881.55740203165,43491.0108001232
253,"joint",-3138.28749612839,-3139.82573910101,8.76323418062771,-4.35429102658341,-4.35388292328866,0.0128515477607939,0.012856793590125,0.0917642513639588,0.000408103294750914,0.176122501983788,0.00893329250614831,0.0798503769421077,0.00491120068494345,0.00025834074146348,0.00210729517207565,3.11682878154866,3.11703013865105,-0.240353964702268,10,4.20744653612168,4.21047108752042,0.759685964545492,1730,16.7079009790312,6.65412988391997,1,7881.48331987889,43570.8520030975
254,"joint",-3140.01445916676,-3139.81895890565,8.76310707787861,-4.35388292328866,-4.35364661340617,0.012856793590125,0.0128598321365128,0.0531504080590229,0.000236309882497806,0.13327441067565,0.00728449693627594,0.0473110679316154,0.00359061394020254,0.000204387829916515,0.00154469648538435,3.11703013865105,3.1170554463542,-0.241226470846873,10,4.21047108752042,4.21163896332259,0.761685686175181,1759,16.5686808856376,6.33283153738943,0.999999999999998,7881.43594822792,43650.5345261097
255,"joint",-3138.29807305406,-3139.81388743902,8.76301415401767,-4.35364661340617,-4.35321326314549,0.0128598321365128,0.0128654061557854,0.0975600356942042,0.000433350260672302,0.0968026927220734,0.00484181595270537,0.0424037324122104,0.00238951642134604,0.000128041935216498,0.000971435624919687,3.1170554463542,3.11691341360185,-0.241880275679436,10,4.21163896332259,4.21232072943947,0.763805647219876,1762,16.433208195285,6.49065618620853,0.999999999999999,7881.39378611678,43730.2669100761
256,"joint",-3140.23881244233,-3139.80558898648,8.76285142254301,-4.35321326314549,-4.3529341603015,0.0128654061557854,0.0128689974283765,0.0628588411788166,0.000279102843994577,0.116008626445811,0.0060910578935399,0.0515114617335127,0.00314202700754492,0.000172590620621622,0.00117409011624143,3.11691341360185,3.1169359968744,-0.242195429779,10,4.21232072943947,4.21356599809935,0.765367914312221,1782,16.4786804226061,6.70796429069469,0.999999999999996,7881.31338944439,43809.9462711811
257,"joint",-3143.71896271798,-3140.03491372129,8.76273982679402,-4.3529341603015,-4.35187433923115,0.0128689974283765,0.0128826434929214,0.240042146775322,0.00105982107034537,0.114843174265097,0.00586835153839015,0.0501637306448298,0.00304843343018902,0.000167345618494702,0.00106490354579471,3.1169359968744,3.11685089953579,-0.243012515382214,10,4.21356599809935,4.21455226863436,0.767450364717325,1749,16.6565570228831,6.39218821389281,0.999999999999999,7881.27513318431,43889.563560009
258,"joint",-3138.56262679395,-3139.84216231734,8.76239634535074,-4.35187433923115,-4.35095763049674,0.0128826434929214,0.0128944585393845,0.208506136026013,0.00091670873441725,0.127081363920341,0.00690577643266811,0.0545368501655767,0.00335431312945424,0.000191359534286601,0.00141626285739545,3.11685089953579,3.1167150767263,-0.24402679763523,10,4.21455226863436,4.21580024540184,0.77006703478032,1752,16.7170952128291,6.29475688611581,0.999999999999997,7881.11762450075,43969.2236981392
259,"joint",-3139.90453574572,-3139.76291101107,8.76209222669635,-4.35095763049674,-4.35028720214346,0.0128944585393845,0.0129031062485002,0.152833326030348,0.000670428353273431,0.0904375745853741,0.00496052351063772,0.0339806689849483,0.00240885508314306,0.000137490726447888,0.000814073428902952,3.1167150767263,3.11656226196376,-0.244629777996196,10,4.21580024540184,4.21668693107968,0.772008970762089,1736,16.5871484398175,6.42993462088059,1,7880.97403939973,44048.7431981564
260,"joint",-3138.33640112811,-3139.74111439294,8.76186371365886,-4.35028720214346,-4.34960595815022,0.0129031062485002,0.0129118994069293,0.155660524455295,0.000681243993245111,0.107595180933472,0.00586369800594568,0.0362215624660268,0.00273898837710553,0.000157826063618492,0.00091348128020887,3.11656226196376,3.11642698041046,-0.245300689697516,10,4.21668693107968,4.21759518739285,0.774196195707981,1756,16.6365567921469,6.4830489422264,0.999999999999998,7880.85895396339,44128.341987133
261,"joint",-3139.84583439191,-3139.67621786048,8.76160980516611,-4.34960595815022,-4.34875652704403,0.0129118994069293,0.0129228718354269,0.194794384711822,0.000849431106191436,0.149915715643316,0.00824533385184577,0.0601319876722452,0.00411475505779649,0.000235205151882774,0.00134616516313254,3.11642698041046,3.11627453443938,-0.24584179229133,10,4.21759518739285,4.21853841848025,0.776956480051448,1764,16.6393702261845,6.45530396272557,0.999999999999999,7880.73775381798,44207.8719711304
262,"joint",-3139.71001966413,-3139.65015907789,8.76133972281399,-4.34875652704403,-4.3480357116618,0.0129228718354269,0.0129321901982345,0.165730905089713,0.000720815382225104,0.108557352618119,0.00592630725677039,0.0422929071588093,0.00303299596225838,0.000171088171259214,0.00108079482083933,3.11627453443938,3.11607959159732,-0.246621630295136,10,4.21853841848025,4.21933337937241,0.779015053839555,1773,16.3316312020915,6.54938717503008,1,7880.59901731,44287.4449281693
263,"joint",-3140.38913052212,-3139.73860190025,8.76103759899586,-4.3480357116618,-4.34707376037022,0.0129321901982345,0.0129446363206207,0.222203689388382,0.000961951291582584,0.109854882233869,0.00597898084466456,0.0451904305504381,0.00313473508416363,0.000175291820946731,0.00116209814458112,3.11607959159732,3.11590266053158,-0.247257455885773,10,4.21933337937241,4.2199138893778,0.781146486544836,1765,16.4572085045245,6.51938911801601,0.999999999999998,7880.45926696001,44367.115748167
264,"joint",-3140.15621645644,-3139.76061259121,8.76069943942789,-4.34707376037022,-4.34638380470593,0.0129446363206207,0.0129535706275557,0.159755397902441,0.000689955664286574,0.144963350277081,0.00736334586077601,0.0859422869136123,0.00346219425421123,0.000195497660232293,0.00153191605644204,3.11590266053158,3.11588513201253,-0.24773169590303,10,4.2199138893778,4.2210848524793,0.7837340448026,1754,16.5378791302101,6.441841770065,1,7880.29568863853,44446.6447100639
265,"joint",-3141.80861730895,-3139.87669190675,8.76049771758414,-4.34638380470593,-4.34620042697047,0.0129535706275557,0.0129559462418142,0.0424672359752186,0.000183377735457815,0.057972212049488,0.00289252931608868,0.0271201194517196,0.00146901183837174,7.93983208966398e-05,0.000511796263451131,3.11588513201253,3.1157702283795,-0.248229571626013,10,4.2210848524793,4.22107177186093,0.784477461778326,1787,16.3077029142279,6.42593206473853,1,7880.20703807052,44526.6183362007
266,"joint",-3140.59112955015,-3139.94685378319,8.76042038491489,-4.34620042697047,-4.34603552598403,0.0129559462418142,0.0129580828662907,0.0381935211772465,0.000164900986444311,0.127923570422066,0.00627028741408268,0.066979647967292,0.00343363543114895,0.000180713183259139,0.00122294555225635,3.1157702283795,3.1158906282978,-0.248367098581101,10,4.22107177186093,4.22260912349229,0.786180474051534,1773,16.6205640523464,6.41104215556537,0.999999999999997,7880.17035755083,44606.301361084
267,"joint",-3138.90314832744,-3139.81458349622,8.76035679996701,-4.34603552598403,-4.34530639422285,0.0129580828662907,0.0129675344613828,0.169328463825722,0.000729131761178263,0.122925268340519,0.00624981869932594,0.0461319407017997,0.00350779113458955,0.000181307976151964,0.00140863741997104,3.1158906282978,3.11572253965384,-0.249156568592567,10,4.22260912349229,4.22335877058065,0.788760285875239,1766,16.6044074151955,6.34460671886137,0.999999999999999,7880.16595750006,44685.9169130325
268,"joint",-3139.10025394606,-3139.73292581519,8.76007172898603,-4.34530639422285,-4.34434326097722,0.0129675344613828,0.0129800299413766,0.224716023063847,0.000963133245633359,0.0660572238409928,0.00325005730752789,0.030097789340736,0.00189298548297689,9.59511408283577e-05,0.000767949470348321,3.11572253965384,3.11570657284227,-0.249180759534967,10,4.22335877058065,4.22361113208665,0.788705936361629,1782,16.6916369449745,6.40652835837609,1,7880.0358921481,44765.5270400047
269,"joint",-3140.61444814724,-3139.85023236899,8.75979830172336,-4.34434326097722,-4.34348882859017,0.0129800299413766,0.012991125238759,0.200085896104284,0.000854432387042495,0.163891793938387,0.00895845357931338,0.0570245934551738,0.00466733757409016,0.000256704492609318,0.00181301700727489,3.11570657284227,3.11546583860327,-0.250218622134465,10,4.22361113208665,4.22422818716161,0.792204464024111,1754,16.8280974836722,6.54844587424843,1,7879.90760933263,44845.1022880077
270,"joint",-3139.93447473344,-3139.90278393063,8.75951113233694,-4.34348882859017,-4.34301739150293,0.012991125238759,0.0129972511808863,0.110521220656699,0.000471437087243154,0.140867717109158,0.00755501612670314,0.0556619945953202,0.00351379048038713,0.000203068055536766,0.00105833499623909,3.11546583860327,3.11540041988251,-0.251183457783105,10,4.22422818716161,4.22579499051822,0.794912809296353,1747,16.5268308617133,6.33326688321617,1,7879.75273984695,44924.7059550285
271,"joint",-3138.36460900428,-3139.84507356506,8.75929635570059,-4.34301739150293,-4.34254995223045,0.0129972511808863,0.0130033280266901,0.109703910853624,0.000467439272480046,0.100811809351351,0.00535154496661581,0.0423243903604532,0.00240915975973323,0.000139037134810053,0.000980264803951017,3.11540041988251,3.11528534427261,-0.251947935233758,10,4.22579499051822,4.22684758842666,0.797000920880003,1743,16.5793751409147,6.43140005403135,1,7879.6472250733,45004.4290001392
272,"joint",-3140.41693967414,-3139.85980944518,8.75911103293061,-4.34254995223045,-4.34158012677244,0.0130033280266901,0.013015945102441,0.228687571059387,0.000969825458015509,0.121474972218982,0.00648926954850259,0.0519510130168663,0.00347196165567061,0.000186040565301183,0.00134398197786101,3.11528534427261,3.1150609337026,-0.252112394208408,10,4.22684758842666,4.2268617083013,0.799200843246578,1769,16.879483404734,6.64020226397442,0.999999999999999,7879.56202088549,45084.0142271519
273,"joint",-3139.60790086915,-3139.92582968222,8.75884844193982,-4.34158012677244,-4.34094909606846,0.013015945102441,0.0130241611554601,0.149095961023775,0.000631030703977897,0.119469372787037,0.00647213661402185,0.04418329858089,0.0029193198186708,0.000170817937160918,0.00102805278017893,3.1150609337026,3.11497360125647,-0.252833320778384,10,4.2268617083013,4.2280295492352,0.80127312136855,1788,16.5845583201868,6.43134761557044,1,7879.41651283807,45163.6848051548
274,"joint",-3138.70482395216,-3139.86034792149,8.7585939371389,-4.34094909606846,-4.34023071145175,0.0130241611554601,0.0130335208740161,0.170175078208942,0.000718384616706194,0.136367795776654,0.00772295123292589,0.0422199929290942,0.00375650767795884,0.000217849540334007,0.00121058194855524,3.11497360125647,3.11461086531571,-0.253578502546758,10,4.2280295492352,4.2273459322383,0.803087018806629,1749,16.6833479806821,6.4710682692229,1,7879.30242134881,45243.292370081
275,"joint",-3141.05969310455,-3139.99842892401,8.75834702659107,-4.34023071145175,-4.33932982085432,0.0130335208740161,0.0130452679410396,0.214279465943206,0.000900890597432244,0.150168456771241,0.00816526138075078,0.059258417965212,0.00376840901910442,0.000216702041277218,0.00127412159057398,3.11461086531571,3.11449554288849,-0.254482847522308,10,4.2273459322383,4.22929518329764,0.805982567578477,1767,16.7273564844056,6.51730810424833,1,7879.16744252846,45323.038654089
276,"joint",-3139.57036675717,-3139.96500663975,8.75799837109061,-4.33932982085432,-4.33823514780177,0.0130452679410396,0.0130595560633023,0.261945377949638,0.00109467305254814,0.0898837274624342,0.00487467626817729,0.0358410547067215,0.00266022491387184,0.000143849138398429,0.00121405615456736,3.11449554288849,3.11451731471427,-0.254700044888725,10,4.22929518329764,4.23071616004573,0.807137263240266,1776,16.7073400019411,6.53819413468383,1,7879.00776995013,45403.0023260117
277,"joint",-3136.96938237727,-3139.62752762272,8.7576591760947,-4.33823514780177,-4.33765387863177,0.0130595560633023,0.0130671493872846,0.139328039910858,0.00058126917000524,0.14116507313676,0.00742899309102914,0.0596376494016324,0.00371047273092139,0.000203389222950523,0.00151089418532778,3.11451731471427,3.11432764056351,-0.255130861972254,10,4.23071616004573,4.23124121345084,0.80982796260285,1770,16.7413240497563,6.48689394852634,1,7878.85052657344,45482.6740911007
278,"joint",-3140.2713076869,-3139.71296166737,8.75745816306068,-4.33765387863177,-4.33716178752893,0.0130671493872846,0.0130735811976261,0.118095464594025,0.000492091102835807,0.104046512883955,0.00568839706440342,0.0478265569354654,0.00291311409623169,0.000160765667240475,0.00107887980061453,3.11432764056351,3.11410070927466,-0.25598234199351,10,4.23124121345084,4.23096965582106,0.811636409262694,1773,16.6998117721954,6.54197523943257,1,7878.74774155732,45562.3348600864
279,"joint",-3140.70819545556,-3139.75314465286,8.75729457604997,-4.33716178752893,-4.33668556985581,0.0130735811976261,0.0130798085507134,0.114415859564937,0.000476217673119309,0.102801098467508,0.00532528449364454,0.0399097524644052,0.00297618426645692,0.000155679936597871,0.00113078899118226,3.11410070927466,3.11387199711389,-0.256691088373444,10,4.23096965582106,4.23084455723175,0.813323302248031,1783,16.4428108165221,6.5207488068024,0.999999999999998,7878.65315406517,45641.9895980358
280,"joint",-3139.74212077427,-3139.82343063517,8.75713555482036,-4.33668556985581,-4.3366884240361,0.0130798085507134,0.013079771218635,-0.000685744194204318,-2.85418028985937e-06,0.168044704820847,0.00775117383086144,0.0812971420976602,0.00410310344319674,0.000202944979474952,0.00200591546857285,3.11387199711389,3.11410926274525,-0.257161474606364,10,4.23084455723175,4.23248938315102,0.814756528263898,1775,16.6752698661109,6.69897135735758,1,7878.55414119223,45721.4871351719
281,"joint",-3138.29154533826,-3139.74571618248,8.75715477772996,-4.3366884240361,-4.33592570133596,0.013079771218635,0.0130897512625753,0.183786811239501,0.000762722700140456,0.101991182183357,0.00537119476187911,0.0369499503187189,0.00286071476818981,0.000154294326057163,0.0010825029853306,3.11410926274525,3.11399820904719,-0.257765288418087,10,4.23248938315102,4.23319379767012,0.816716103532274,1766,16.8369615507193,6.52335278276764,0.999999999999997,7878.58367422357,45801.1215920448
282,"joint",-3139.8352536013,-3139.75197787934,8.7569090043842,-4.33592570133596,-4.33558710536105,0.0130897512625753,0.0130941841501019,0.0816354061616396,0.000338595974907314,0.11909444049821,0.00594780638049833,0.0554338020387457,0.00312487438538737,0.000160302071760758,0.00154597809357936,3.11399820904719,3.11380648913323,-0.258454122160811,10,4.23319379767012,4.23350430649232,0.819123550301568,1771,16.6125748112385,6.47371357242512,0.999999999999998,7878.47223374959,45880.6360731125
283,"joint",-3140.6695238017,-3139.76599754332,8.75673230451871,-4.33558710536105,-4.33551672714599,0.0130941841501019,0.0130951057278393,0.0169685905602476,7.03782150665871e-05,0.114933470212774,0.00613540774905186,0.0452040205810136,0.00296638259884666,0.000164694763595692,0.00109382266246796,3.11380648913323,3.11367615464129,-0.259033546098085,10,4.23350430649232,4.23396882457225,0.821471715551019,1769,16.9554118257125,6.4357961209438,0.999999999999999,7878.38580397685,45960.2465581894
284,"joint",-3141.2185348791,-3139.81911346445,8.75667017795142,-4.33551672714599,-4.33481985245388,0.0130951057278393,0.0131042345560667,0.168429952382849,0.000696874692107744,0.108089512998999,0.00564499514066332,0.0472299840731947,0.00285834932201381,0.000155195238165107,0.00111256360896339,3.11367615464129,3.11380033691775,-0.259591460074441,10,4.23396882457225,4.23540915187324,0.822881664677907,1769,16.5070103697085,6.49039997700313,0.999999999999999,7878.35169804148,46039.9531471729
285,"joint",-3140.50429141025,-3139.75389716952,8.75646383975433,-4.33481985245388,-4.33435942528092,0.0131042345560667,0.0131102694909546,0.111400311546658,0.000460427172963219,0.0805379805635592,0.00429575510589877,0.0426495829986571,0.00200783818685017,0.000114486981565773,0.000726777526659022,3.11380033691775,3.1137257519543,-0.259912150031778,10,4.23540915187324,4.23607032964849,0.824398739065973,1763,16.692686463768,6.62348989473054,1,7878.26665981975,46119.68719697
286,"joint",-3141.65403031868,-3139.80704220794,8.75628308197772,-4.33435942528092,-4.33339967130332,0.0131102694909546,0.0131228581642943,0.233289317323824,0.000959753977600916,0.118580534457831,0.00617777374007979,0.0488134141271598,0.00319214866721215,0.000172027842344182,0.00139511627142638,3.1137257519543,3.11347202320304,-0.260192312585542,10,4.23607032964849,4.23594227458395,0.825949167616934,1752,16.7647560590931,6.69812140392738,1,7878.18450175635,46199.4324550629
287,"joint",-3139.58278212129,-3139.84102389764,8.75601634064697,-4.33339967130332,-4.33291912915561,0.0131228581642943,0.0131291657661535,0.116941439232886,0.000480542147709702,0.136412729429778,0.00661220216574851,0.0599142381899827,0.00378758332507564,0.000180745475614398,0.00189557373785651,3.11347202320304,3.11358520150602,-0.260801189850897,10,4.23594227458395,4.23872398307194,0.827752887006689,1758,16.6163988965132,6.46714512699014,1,7878.03741553688,46278.9475910664
288,"joint",-3140.76687667656,-3139.92435503416,8.75578427351137,-4.33291912915561,-4.3322641992606,0.0131291657661535,0.0131377672656925,0.159722163424469,0.00065492989501015,0.117505076481736,0.00610954024891409,0.0463198820082932,0.00301221142962555,0.000164913470423608,0.00107606964687486,3.11358520150602,3.11363728332539,-0.261611838995327,10,4.23872398307194,4.24008364758906,0.829811274760144,1763,17.008842084027,6.59650649307407,1,7877.9314537837,46358.7900481224
289,"joint",-3138.09803460703,-3139.79853435715,8.75556564316535,-4.3322641992606,-4.33100803011425,0.0131377672656925,0.0131542808933668,0.308796459510611,0.00125616914634415,0.136509238279739,0.00725799704050798,0.0631795813616766,0.00336754573622472,0.000191805045743359,0.00138814554657722,3.11363728332539,3.11364242028606,-0.262447679624796,10,4.24008364758906,4.24155471077419,0.832041730907881,1776,16.7280915995668,6.52770759141015,1,7877.84264444877,46439.2712790966
290,"joint",-3139.82116724077,-3139.79286898252,8.75517527549148,-4.33100803011425,-4.3301579008133,0.0131542808933668,0.0131654684877643,0.209741437337711,0.000850129300950779,0.126077354448769,0.0066731606172167,0.0577991131141856,0.00310159459233567,0.000175255403232308,0.00113567173770546,3.11364242028606,3.11372157359949,-0.263114949568839,10,4.24155471077419,4.24376359872251,0.834210512658876,1742,16.7678970346126,6.43178929459938,0.999999999999998,7877.65452190651,46519.5649690628
291,"joint",-3137.0199406281,-3139.72563556371,8.75488501232885,-4.3301579008133,-4.32853909098313,0.0131654684877643,0.0131867981372363,0.404726292419153,0.00161880983017384,0.140417865762764,0.00767030760169717,0.0548149539589289,0.00365118455617994,0.000208435024766553,0.00117400245771571,3.11372157359949,3.11349181529409,-0.264058401380401,10,4.24376359872251,4.24460505049922,0.837178434849218,1761,16.9218867074243,6.573599116211,1,7877.52461668376,46599.5501031876
292,"joint",-3140.03994047248,-3139.70678560363,8.75439183076208,-4.32853909098313,-4.32808917400261,0.0131867981372363,0.0131927324365078,0.11259989263566,0.000449916980520645,0.137527286117989,0.00740652048801009,0.0516932442746051,0.00348080063829686,0.000192038533512085,0.0012749271673341,3.11349181529409,3.11334737775135,-0.264515566777947,10,4.24460505049922,4.24509800523991,0.839536482369902,1761,16.66394390659,6.46509234896055,1,7877.27971656384,46679.5954020023
293,"joint",-3140.96891100179,-3139.77483611026,8.75423483520812,-4.32808917400261,-4.32797666677548,0.0131927324365078,0.0131942167977516,0.0281587583677879,0.000112507227124483,0.149039275443923,0.00788505631186592,0.0715534815579146,0.00378728336959113,0.000210417619735978,0.00172465525152416,3.11334737775135,3.11323268818624,-0.265237423799849,10,4.24509800523991,4.24512405406956,0.842070006969452,1786,16.8940959847631,6.49328617712849,1,7877.20427705923,46759.4995679855
294,"joint",-3137.46792152572,-3139.71299098894,8.75422261748996,-4.32797666677548,-4.32748620203027,0.0131942167977516,0.0132006896831628,0.122903390802565,0.000490464745210436,0.113231936647996,0.0062932471738921,0.0442087743491701,0.00301391604149951,0.00017220988522722,0.00113741263603392,3.11323268818624,3.11312690481479,-0.265998260853014,10,4.24512405406956,4.24649192892682,0.844417017557492,1745,16.6927118342996,6.57838993784102,1,7877.19733475004,46839.703783989
295,"joint",-3139.0916105258,-3139.61458686,8.75398579213372,-4.32748620203027,-4.32644342628677,0.0132006896831628,0.0132144622217486,0.262736941194712,0.00104277574350604,0.13076050230041,0.00686726238260561,0.049020515280756,0.00357072456456609,0.00019240713907255,0.00132483895770662,3.11312690481479,3.11296567979527,-0.2667833925654,10,4.24649192892682,4.24695040360359,0.846162260130055,1762,16.846545558854,6.7273980276608,1,7877.08292315723,46919.677667141
296,"joint",-3137.57182428906,-3139.51465973659,8.75365522417263,-4.32644342628677,-4.32482102679002,0.0132144622217486,0.0132359187594384,0.414266961710958,0.00162239949674655,0.148839625545529,0.00804501741767695,0.062775313583333,0.00370754227690957,0.000210330088810776,0.00153263952489585,3.11296567979527,3.11292290300994,-0.267711072788744,10,4.24695040360359,4.24942777472577,0.8484209409736,1749,16.7501686057034,6.50047434364038,0.999999999999997,7876.90904371202,46999.7776870728
297,"joint",-3138.45479423745,-3139.5889303296,8.7531186645651,-4.32482102679002,-4.32397331896558,0.0132359187594384,0.0132471437084008,0.217237482068037,0.000847707824442891,0.10600406215226,0.00594097235594072,0.0495555299191057,0.00271187189409882,0.000158675078256022,0.00104740221478726,3.11292290300994,3.11273047585897,-0.268162626607975,10,4.24942777472577,4.24962040327065,0.850311344383019,1766,16.9172237925544,6.57786311083186,0.999999999999998,7876.65141950061,47079.8149521351
298,"joint",-3138.30193566759,-3139.49046172864,8.75285398597653,-4.32397331896558,-4.32363915816865,0.0132471437084008,0.0132515711241927,0.0856814240849742,0.000334160796930211,0.116092535645431,0.00616014849469377,0.0662244932976487,0.00282871256502584,0.000160527744930889,0.00109386120143171,3.11273047585897,3.11270664512719,-0.268650629184525,10,4.24962040327065,4.25051293695134,0.852394519648722,1766,16.8472266859479,6.62086288107091,0.999999999999999,7876.52446399892,47159.8329021931
299,"joint",-3141.23297653771,-3139.51670078274,8.75270630476887,-4.32363915816865,-4.32229488282971,0.0132515711241927,0.0132693968631233,0.347839832840374,0.00134427533893364,0.162718247485774,0.0085875350789987,0.0586216960890359,0.00397651174850866,0.000219528441885258,0.00136464067934442,3.11270664512719,3.11232012563771,-0.269492944447402,10,4.25051293695134,4.25088654975594,0.855244244774564,1750,16.9310009829062,6.41430041327492,1,7876.46131710501,47239.8355619907
300,"joint",-3140.37107730813,-3139.54814860944,8.75224815003474,-4.32229488282971,-4.32189039277756,0.0132693968631233,0.0132747652878164,0.104750112437656,0.00040449005214808,0.143857795976879,0.00760136945797447,0.0522189352564461,0.00332626114113121,0.000184850297400254,0.00103830225902175,3.11232012563771,3.11212436655256,-0.270368341381657,10,4.25088654975594,4.25082561402281,0.858076393130306,1767,16.9672120667256,6.68146113661011,0.999999999999999,7876.21800479592,47319.9298541546
301,"joint",-3140.26043004766,-3139.64659284491,8.75212181622315,-4.32189039277756,-4.3213846557676,0.0132747652878164,0.0132814805258502,0.131137680549022,0.000505737009967365,0.105939622361365,0.00576746490069862,0.0445678110061941,0.00259550908785148,0.000147613246266832,0.000913420201550907,3.11212436655256,3.11200991978697,-0.270914297151485,10,4.25082561402281,4.25078391113147,0.859989013410684,1759,16.8924674062516,6.45477114045748,1,7876.14314933862,47399.9562551975
302,"joint",-3139.83230994685,-3139.64644566218,8.75197099257374,-4.3213846557676,-4.32114359267339,0.0132814805258502,0.0132846825865752,0.0625258655085354,0.000241063094206344,0.126361931572705,0.00682136034123894,0.054236538780625,0.00329283325109623,0.000185120527334807,0.00124522925791106,3.11200991978697,3.1118635055143,-0.271807925782315,10,4.25078391113147,4.25051677330147,0.861985419715788,1755,16.9700363932185,6.52630257313142,0.999999999999997,7876.07744722196,47479.9955220222
303,"joint",-3138.14660416772,-3139.52029968049,8.75188645877603,-4.32114359267339,-4.32092461340018,0.0132846825865752,0.0132875919752491,0.0568114856782916,0.000218979273210373,0.124569590354645,0.00649332641897862,0.0490175884676022,0.00331088029789187,0.000173902285536631,0.00143094232383973,3.1118635055143,3.11178031374115,-0.272581248867618,10,4.25051677330147,4.25070849917375,0.863832734296725,1751,16.8745820431168,6.66777802291497,1,7876.02425511241,47560.0051159859
304,"joint",-3139.69994551574,-3139.44437021232,8.75182855800276,-4.32092461340018,-4.32087196311814,0.0132875919752491,0.0132882915891316,0.0136596590139729,5.26502820444798e-05,0.150007936264425,0.00803426324300362,0.0726833085396162,0.00357877038490514,0.000204869194995642,0.00144721771129419,3.11178031374115,3.11168241521079,-0.273240651397137,10,4.25070849917375,4.25095888396923,0.866359521744565,1760,16.6562981017944,6.61760975924415,1,7875.9959679629,47640.0019350052
305,"joint",-3139.05258172102,-3139.37178472786,8.75180041050742,-4.32087196311814,-4.32037855579225,0.0132882915891316,0.0132948497473387,0.128166357202009,0.000493407325883299,0.15488884827697,0.00796772013812275,0.0799750815701072,0.0038597810173184,0.000208692092019562,0.00144576372779961,3.11168241521079,3.11183326026317,-0.273648688101638,10,4.25095888396923,4.25346842019196,0.868341319442258,1756,16.9413481974546,6.61371646468784,0.999999999999994,7875.99527393375,47720.0398411751
306,"joint",-3141.00762116113,-3139.33946426998,8.75157578653751,-4.32037855579225,-4.31977530056618,0.0132948497473387,0.0133028723545252,0.156986106048281,0.00060325522607074,0.0917720546018315,0.00462315827933692,0.0472911303933324,0.00254346480618605,0.000128585349006105,0.00115834542590415,3.11183326026317,3.11167131179683,-0.273978138826322,10,4.25346842019196,4.25338739766443,0.869240354602115,1787,16.7286695320584,6.37632973375155,0.999999999999999,7875.90643786029,47800.0760331154
307,"joint",-3141.21852911459,-3139.42125161964,8.7513645724772,-4.31977530056618,-4.31923825999727,0.0133028723545252,0.0133100184553639,0.139956928633463,0.000537040568911264,0.118884593767138,0.00644017583867563,0.0458210895365146,0.00291203608619793,0.000164055896609068,0.0011540693452707,3.11167131179683,3.11172024143552,-0.274599458645408,10,4.25338739766443,4.25471888562083,0.870946249608367,1778,17.133898626112,6.51947891372018,0.999999999999999,7875.81421407164,47880.062538147
308,"joint",-3139.30958604582,-3139.34838708811,8.75118792002977,-4.31923825999727,-4.31773494528923,0.0133100184553639,0.0133300426494338,0.396278899706884,0.00150331470804586,0.150194956725325,0.00789836080836539,0.0707961795211232,0.00350761184447846,0.00019847086708478,0.00117303680400733,3.11172024143552,3.11163458338209,-0.275772495449416,10,4.25471888562083,4.25654818787154,0.873768327523658,1766,17.0504331506284,6.4922309665642,0.999999999999999,7875.73750095103,47960.1397180557
309,"joint",-3139.58101696847,-3139.42253620618,8.75068820579068,-4.31773494528923,-4.31720609489324,0.0133300426494338,0.0133370941121875,0.139602131743947,0.000528850395985796,0.18011725361509,0.00913801609058132,0.0934786729763386,0.00411637079429313,0.000226036953383197,0.0014964619443884,3.11163458338209,3.11177857012895,-0.276658748945455,10,4.25654818787154,4.25864118495282,0.876526335417287,1795,16.7183070584064,6.42693594995847,1,7875.49323847562,48040.1897511482
310,"joint",-3142.02838813227,-3139.53289725075,8.75048605617851,-4.31720609489324,-4.31670886885033,0.0133370941121875,0.01334372731168,0.131416715764147,0.000497226042910564,0.0889353437469898,0.00458323097767233,0.0354792115819321,0.00240693208510762,0.000121858734260273,0.00139157776632204,3.11177857012895,3.11179987442024,-0.277159053787312,10,4.25864118495282,4.25962237484121,0.877757473367517,1767,16.5764909731387,6.45737305092458,1,7875.41739914708,48120.6113519669
311,"joint",-3139.6444068995,-3139.66412056432,8.75030177003119,-4.31670886885033,-4.3166066969821,0.01334372731168,0.0133450907348791,0.0270054081954154,0.000102171868229405,0.110011070040835,0.00581695112748955,0.0393067276552453,0.00300130860321889,0.000158675199875959,0.00102944321304836,3.11179987442024,3.11165239329319,-0.277577856680904,10,4.25962237484121,4.2598048478698,0.878781272835568,1767,16.5037038246843,6.30239949996411,1,7875.32662577207,48200.6741521358
312,"joint",-3139.51211919886,-3139.63772950064,8.75020932455434,-4.3166066969821,-4.31554056416346,0.0133450907348791,0.0133593259610519,0.283408609285485,0.00106613281864089,0.137666424997496,0.00768924348537979,0.0514518760563855,0.00368384691024053,0.000206909877929411,0.00121755773557048,3.11165239329319,3.11128981499647,-0.277882009700715,10,4.2598048478698,4.25933649790201,0.880898051805429,1777,16.9604296303631,6.49307353494725,1,7875.27593277504,48280.7522959709
313,"joint",-3140.57273746713,-3139.61792082391,8.74988236128375,-4.31554056416346,-4.31456868979907,0.0133593259610519,0.0133723158587308,0.2595808458132,0.000971874364389425,0.137285910200729,0.00779754250474272,0.0624760288768548,0.00364454651335217,0.000209604933042201,0.00137597262003379,3.11128981499647,3.1112296789127,-0.278200540732452,10,4.25933649790201,4.26120265788497,0.883648732090437,1778,16.8708819151987,6.50867346776212,1,7875.10310409569,48360.7689321041
314,"joint",-3139.90627269445,-3139.73983838235,8.74952668525493,-4.31456868979907,-4.31316058791047,0.0133723158587308,0.0133911587051568,0.379879049543799,0.00140810188859883,0.210349458831784,0.0122263791990314,0.079076959828345,0.00586700634121996,0.000337910456108416,0.00192691205524445,3.1112296789127,3.1106672942158,-0.278701979777652,10,4.26120265788497,4.26034488489577,0.886653025924814,1756,16.778373770156,6.67236884620936,1,7874.93086986226,48440.8298389912
315,"joint",-3140.46907843564,-3139.80871177784,8.74908277062126,-4.31316058791047,-4.3127162582344,0.0133911587051568,0.0133971101164629,0.119990183329804,0.000444329676075008,0.0824865417142547,0.00413678054931429,0.0439357449468172,0.00190536105054153,0.000102280861467818,0.00070378202603434,3.1106672942158,3.11064976250046,-0.278982057704816,10,4.26034488489577,4.26102398274325,0.88797741861035,1765,16.8259409377773,6.58514344444023,1,7874.68492000115,48520.9449300766
316,"joint",-3139.82539154992,-3139.92139014088,8.74894345900628,-4.3127162582344,-4.31169359517629,0.0133971101164629,0.0134108178540682,0.277623315270302,0.00102266305810947,0.154284417089264,0.00830913678727475,0.0630869237091831,0.0034914082895526,0.000200356488838156,0.00106348045114553,3.11064976250046,3.11053052939379,-0.279747082689143,10,4.26102398274325,4.26297615328721,0.890999960708199,1759,16.7334790992736,6.51770893614739,0.999999999999998,7874.6203576622,48601.0523271561
317,"joint",-3139.1728198761,-3139.95729142281,8.74856134238647,-4.31169359517629,-4.31138713035323,0.0134108178540682,0.0134149284278299,0.0832353944721025,0.000306464823057272,0.115401358722783,0.00618356727817672,0.0545124310930596,0.00287953985790199,0.000159272378536492,0.00146614433823675,3.11053052939379,3.11052022540247,-0.280636330066076,10,4.26297615328721,4.26447570467701,0.892514515544408,1781,16.98844746729,6.65470367990822,1,7874.43049649692,48681.2847621441
318,"joint",-3138.8177529916,-3139.98308228902,8.74840580930684,-4.31138713035323,-4.31130483044136,0.0134149284278299,0.01341603252069,0.0223532918619611,8.22999118728513e-05,0.196675817787724,0.0112623859554516,0.0712982869489055,0.00522256379456437,0.000301304221315792,0.00175728313141302,3.11052022540247,3.11023979142751,-0.281052165986464,10,4.26447570467701,4.26349248874242,0.895696973828252,1781,16.8027025782167,6.59055746226664,1,7874.36102314792,48761.3502480984
319,"joint",-3140.54081882921,-3139.94847440359,8.7484183149573,-4.31130483044136,-4.31040719786846,0.01341603252069,0.0134280805950426,0.244792135205905,0.000897632572891875,0.108929402050081,0.00536169707784896,0.0532426963212086,0.00257728431941854,0.000131895136856125,0.00122872707223073,3.11023979142751,3.11022491101685,-0.281534205240431,10,4.26349248874242,4.26443688826723,0.897584366694601,1781,16.8760052688228,6.57968219249021,1,7874.34561902871,48841.2740931511
320,"joint",-3138.88199819969,-3139.87402044817,8.74812647989324,-4.31040719786846,-4.30995858297242,0.0134280805950426,0.0134341059834612,0.122464441875287,0.000448614896039651,0.126656477205027,0.00635481569463982,0.0667278750853568,0.00303176676901052,0.000159342996266552,0.00123165650313685,3.11022491101685,3.11036825570988,-0.28180429070725,10,4.26443688826723,4.2665356869127,0.899126345124351,1776,16.9226845104604,6.49162212796709,1,7874.21754979233,48921.3243741989
321,"joint",-3136.08702000052,-3139.66534994581,8.74797232170453,-4.30995858297242,-4.30915200817559,0.0134341059834612,0.013444945965806,0.220901293830029,0.00080657479683134,0.196333013123628,0.0102425844555039,0.0862862807586129,0.00421765052018104,0.000237858563375389,0.0014719712468644,3.11036825570988,3.1103006597143,-0.283047981248441,10,4.2665356869127,4.26816109036851,0.902206969040006,1755,16.6583259692379,6.45500870301323,1,7874.15534678351,49001.3432021141
322,"joint",-3139.24827658869,-3139.6361482779,8.74767230724785,-4.30915200817559,-4.30863067113435,0.013444945965806,0.0134519571415896,0.142976014894693,0.00052133704124684,0.198102223497752,0.0106928508823608,0.0743066969330912,0.00456831351207772,0.000257995616260531,0.00155625455951384,3.1103006597143,3.11029533780308,-0.283715204938245,10,4.26816109036851,4.27054093500413,0.905513836164753,1754,16.9352732049944,6.55665858378461,0.999999999999997,7874.00513366115,49081.4055821896
323,"joint",-3138.63560476206,-3139.66059830762,8.7474133842989,-4.30863067113435,-4.30902132890374,0.0134519571415896,0.0134467030563601,-0.107219238950676,-0.000390657769395194,0.0870054379522755,0.00439433977172031,0.0462387067750869,0.00223784159354434,0.00011226960137396,0.00121370206413656,3.11029533780308,3.11017128795316,-0.284029715094545,10,4.27054093500413,4.26936706982807,0.905942088371861,1749,16.8995986944673,6.4656461009183,1,7873.89058788249,49161.4113481045
324,"joint",-3141.96320984145,-3139.77376152391,8.74752228746675,-4.30902132890374,-4.3081564180954,0.0134467030563601,0.0134583382861627,0.238274792395839,0.000864910808338572,0.138490537341638,0.00729030144823209,0.0568685744348696,0.00318317796955257,0.000176939056756737,0.00128335036990672,3.11017128795316,3.11004789774092,-0.28438403124916,10,4.26936706982807,4.27063526524379,0.908266994638229,1770,16.9405268936754,6.45613837812582,1,7873.94689395612,49241.5032300949
325,"joint",-3140.55526026593,-3139.84889545115,8.74725161556758,-4.3081564180954,-4.30734266855623,0.0134583382861627,0.0134692944599272,0.22492629874956,0.000813749539174207,0.172781172540126,0.010125817289819,0.0666810616084379,0.0044627714055142,0.000262662417534427,0.00175142151686578,3.11004789774092,3.10972824668541,-0.284893852149171,10,4.27063526524379,4.27044546661278,0.911091591543574,1745,17.1864496448027,6.4964204476716,0.999999999999998,7873.80976569317,49321.5073370934
326,"joint",-3140.02823848908,-3139.79992631755,8.74700741501136,-4.30734266855623,-4.30672774382445,0.0134692944599272,0.0134775796093208,0.170291943514276,0.000614924731778433,0.116095866945661,0.00654320343130454,0.037727523078033,0.00284302571559821,0.000163248838156501,0.00105357243523808,3.10972824668541,3.10957917089721,-0.285456617705432,10,4.27044546661278,4.27136750693983,0.91355309246641,1782,17.0738810067348,6.69406620393075,0.999999999999998,7873.6536239713,49401.6332101822
327,"joint",-3140.61619357999,-3139.76980954082,8.7467517152382,-4.30672774382445,-4.30644398596789,0.0134775796093208,0.0134814045210711,0.0786131051307257,0.000283757856560052,0.108814532066907,0.0059229210878264,0.0528307185381712,0.00266230226719557,0.000147414048910368,0.00136858968225657,3.10957917089721,3.10940564006519,-0.286009139227517,10,4.27136750693983,4.27052780592953,0.915001907042636,1741,16.9626627104125,6.59793077209774,1,7873.53117172922,49481.758685112
328,"joint",-3139.69844409726,-3139.78925244339,8.74668705934674,-4.30644398596789,-4.30503627122839,0.0134814045210711,0.01350039585698,0.393920011486765,0.00140771473949664,0.159045704770592,0.00804609104907038,0.0709144246714366,0.00363102465001097,0.000196899744413858,0.00148372669314052,3.10940564006519,3.10930501879039,-0.287085990074319,10,4.27052780592953,4.27201646515608,0.9172291714469,1775,17.136882222333,6.67279650591307,1,7873.48609627374,49561.8236150742
329,"joint",-3139.86868801828,-3139.80363599588,8.74618276029113,-4.30503627122839,-4.30494314189658,0.01350039585698,0.0135016531983722,0.0260614579167507,9.31293318151308e-05,0.120094966042426,0.00629275351804124,0.0481646526715751,0.00276481431794061,0.000150965656790229,0.00107948296639936,3.10930501879039,3.10922762929028,-0.287798093348582,10,4.27201646515608,4.27257787997517,0.919191105225143,1759,16.9301782083927,6.76295222276367,0.999999999999995,7873.24620716945,49641.8353559971
330,"joint",-3138.87260520395,-3139.64584684947,8.74614545266022,-4.30494314189658,-4.30441883614448,0.0135016531983722,0.01350873404891,0.146924626266878,0.000524305752095501,0.113211480111178,0.00638224072731365,0.0390892918488587,0.00296068641552461,0.000165342578862748,0.00114388630234933,3.10922762929028,3.10923884313005,-0.288053096795874,10,4.27257787997517,4.27391443207193,0.920599804275097,1755,16.8313505548927,6.61338100564728,0.999999999999997,7873.22498261825,49721.9189779758
331,"joint",-3139.6795680236,-3139.64760490567,8.74596284046011,-4.30441883614448,-4.30403370272924,0.01350873404891,0.0135139377157786,0.108004910636393,0.000385133415243494,0.127435558102567,0.00740050348332295,0.044241495814587,0.00316550766173406,0.000186450195387167,0.00102887126379064,3.10923884313005,3.10899422780268,-0.288672908422508,10,4.27391443207193,4.27352753765581,0.922475861864389,1752,16.9653313698317,6.62916970704173,1,7873.13020463333,49801.9956681728
332,"joint",-3138.93327761595,-3139.61866282653,8.74584683715808,-4.30403370272924,-4.30313124034922,0.0135139377157786,0.0135261390409633,0.254119024538485,0.000902462380015146,0.1904936538155,0.0103552322377553,0.0755194955714183,0.00423149472515481,0.000242954021858081,0.00151488557659906,3.10899422780268,3.10888618574711,-0.289483445488383,10,4.27352753765581,4.2751291941455,0.925928100183984,1754,16.8881641743014,6.67168517991104,0.999999999999999,7873.06207594789,49882.0953671932
333,"joint",-3141.30592411119,-3139.65532215873,8.74554401308254,-4.30313124034922,-4.30290695583477,0.0135261390409633,0.0135291730847223,0.0631708356461279,0.00022428451445107,0.139526498893234,0.00807784716200345,0.0542424457662278,0.00363673546529625,0.000209949950969736,0.00119724680070138,3.10888618574711,3.10858660851792,-0.290210252758401,10,4.2751291941455,4.27431581611995,0.927951315427816,1774,16.98345835667,6.50334799871972,1,7872.89865270134,49962.1607000828
334,"joint",-3139.02044728446,-3139.61103088823,8.745444363398,-4.30290695583477,-4.30200670800916,0.0135291730847223,0.0135413581773528,0.254592992313436,0.000900247825612834,0.111992133233586,0.00558410970457614,0.0516045189237776,0.00252755629557662,0.000133909100372442,0.000905453940168196,3.10858660851792,3.10855976824677,-0.291020820525652,10,4.27431581611995,4.27527984263834,0.929559313752031,1760,17.0860921487823,6.62549770353003,1,7872.83278468992,50042.8423831463
335,"joint",-3139.53377454157,-3139.56426569353,8.74516057620621,-4.30200670800916,-4.30160619020493,0.0135413581773528,0.0135467828186566,0.113358686839928,0.000400517804232824,0.0825939683558503,0.0042924970238191,0.0343924765520599,0.00182629526106296,0.00010041193075157,0.000687463363709215,3.10855976824677,3.10848856306308,-0.291423280682814,10,4.27527984263834,4.27581609853783,0.9310135118048,1804,17.0448932611741,6.55974697230416,1,7872.68520367798,50123.1549201012
336,"joint",-3138.58911629887,-3139.50245193097,8.74502325680936,-4.30160619020493,-4.30093342609201,0.0135467828186566,0.0135558996743852,0.190845032932991,0.000672764112912077,0.162868647098931,0.0093938693372004,0.0577325618714147,0.00427400245931845,0.000247475052538131,0.00146499866885482,3.10848856306308,3.10807641044285,-0.291693767406307,10,4.27581609853783,4.27480828992024,0.933005718197372,1745,16.7987796149904,6.62389611042074,0.999999999999998,7872.61456050418,50203.3755362034
337,"joint",-3140.30231440679,-3139.55892665751,8.7448134976667,-4.30093342609201,-4.3000702298543,0.0135558996743852,0.0135676061277393,0.245782876069841,0.00086319623771518,0.152892807797679,0.00793201917633025,0.0567268339781849,0.0037967904868015,0.000197569283100536,0.00171679405947687,3.10807641044285,3.10817911919171,-0.292119088371986,10,4.27480828992024,4.27697321483078,0.933678338242826,1760,16.7435383586701,6.49839001188892,1,7872.48449998897,50283.4083020687
338,"joint",-3139.39936997593,-3139.58800750672,8.74445970338555,-4.3000702298543,-4.29962429649844,0.0135676061277393,0.0135736577250751,0.127099629151727,0.000445933355859972,0.165506969163225,0.00953347081047389,0.0543944772346447,0.003929895848951,0.000232554833024421,0.00135478606958135,3.10817911919171,3.10802941472919,-0.292742793171258,10,4.27697321483078,4.27764881081177,0.936677458867822,1772,17.0978104427092,6.52107684674687,0.999999999999998,7872.34108744927,50363.3016200066
339,"joint",-3139.77955505701,-3139.54994431811,8.74431854598304,-4.29962429649844,-4.29859088099074,0.0135736577250751,0.0135876922039394,0.296128897366643,0.00103341550769654,0.126431120627012,0.00654671738536615,0.0544911775216605,0.00310288341996619,0.000164123718004153,0.00126673597017259,3.10802941472919,3.10805638711419,-0.29325925995307,10,4.27764881081177,4.27934763438228,0.937952970429449,1749,17.0859426790592,6.96959677183569,1.00000000000001,7872.26800002297,50443.3664710522
340,"joint",-3141.16785612295,-3139.66423721428,8.743945469585,-4.29859088099074,-4.29851733507103,0.0135876922039394,0.0135886915600082,0.0210754154437114,7.3545919716714e-05,0.122838806962158,0.00620913812530307,0.0765001259902505,0.00296042805715146,0.000157776765373525,0.00116227934352759,3.10805638711419,3.10824628780402,-0.293542927853267,10,4.27934763438228,4.28066820497213,0.938719082342551,1783,17.0423724510529,6.57398279105148,1,7872.09654249577,50523.3963041306
341,"joint",-3138.99543495382,-3139.80965796194,8.74386256438888,-4.29851733507103,-4.2977896357571,0.0135886915600082,0.013598583640327,0.209084807353825,0.000727699313921877,0.127608864453183,0.00702245511265765,0.0587109812202005,0.00293829099671452,0.000167783608726019,0.00117567997386674,3.10824628780402,3.10805224318702,-0.294041173319964,10,4.28066820497213,4.2806814848926,0.940630633753335,1748,16.9918974294618,6.5776068918579,1,7872.08402272457,50603.4271390438
342,"joint",-3141.38230197368,-3139.91635923119,8.74363091412316,-4.2977896357571,-4.29722165920678,0.013598583640327,0.0136063095108013,0.163456637533436,0.000567976550326199,0.115157792951458,0.00555664309873314,0.0526242700235402,0.00265408151345613,0.000134028166523481,0.00130830907058831,3.10805224318702,3.1081861309111,-0.294388153587315,10,4.2806814848926,4.28255130809273,0.94158520627983,1765,17.3687330101292,6.60463076288272,1,7871.96418741226,50683.5814700127
343,"joint",-3138.22263260141,-3139.89571062316,8.74341940698862,-4.29722165920678,-4.2962159737586,0.0136063095108013,0.0136200000613196,0.290898671124437,0.00100568544818253,0.108379473171592,0.00593516431209316,0.0373124710423601,0.00257685203833541,0.000143553625544581,0.00105846788798222,3.1081861309111,3.10804224197481,-0.294799494527429,10,4.28255130809273,4.28319246397381,0.943283437313759,1752,16.6045885143536,6.51310100244213,1,7871.86987779506,50763.7313930988
344,"joint",-3139.7777916114,-3139.78643971166,8.74311659318888,-4.2962159737586,-4.29500257913111,0.0136200000613196,0.0136365365268206,0.353592076810886,0.00121339462748163,0.179203304028707,0.00978564640698822,0.0660138900831757,0.0039270380525591,0.000225159107216935,0.00130256440024215,3.10804224197481,3.10789067554427,-0.295652469153555,10,4.28319246397381,4.28480441504417,0.946568721804745,1778,17.1332789357628,6.52430016842122,1,7871.71892318049,50843.867786169
345,"joint",-3138.82959611,-3139.70015650386,8.74272324416057,-4.29500257913111,-4.2943370015528,0.0136365365268206,0.0136456157208975,0.194385213355821,0.000665577578309138,0.149459324491709,0.00813420483540762,0.0574085768704545,0.00326551831926354,0.000188400664653062,0.00110335734780977,3.10789067554427,3.10775241847299,-0.296163607326316,10,4.28480441504417,4.28585976009424,0.948777188411985,1748,16.8741309085677,6.59881607849251,1,7871.50497544283,50923.9196400642
346,"joint",-3139.76892091525,-3139.68719062517,8.74250394386001,-4.2943370015528,-4.29335397008618,0.0136456157208975,0.0136590363859198,0.288496514886235,0.000983031466623543,0.160702986389627,0.0088973074514853,0.0572211407211704,0.00344554854894812,0.000200853597181533,0.00103362841255629,3.10775241847299,3.10757311929834,-0.297046949620703,10,4.28585976009424,4.28728309012844,0.951713716806574,1766,17.134885712416,6.6135810628595,1,7871.38576301162,51004.0277700424
347,"joint",-3138.86149680479,-3139.59945578641,8.7421060355093,-4.29335397008618,-4.29206417972895,0.0136590363859198,0.0136766650455332,0.381711315470716,0.00128979035722932,0.120870774302292,0.00666816604672153,0.0458729400916767,0.00284590952068983,0.00016306898291764,0.000961130377299183,3.10757311929834,3.10746907805613,-0.297753336866816,10,4.28728309012844,4.28853347271875,0.95356880583882,1751,16.9082761733142,6.5770344841813,0.999999999999999,7871.17977561029,51084.0728061199
348,"joint",-3139.48792939965,-3139.58893005153,8.74164389315257,-4.29206417972895,-4.29182079278548,0.0136766650455332,0.013679994172352,0.0720513057043899,0.000243386943467083,0.0852607684504146,0.00475750319761732,0.0278567408635296,0.00197087908920323,0.000113623898455407,0.000682023691174068,3.10746907805613,3.10737680560172,-0.298170412826425,10,4.28853347271875,4.28856429078425,0.954937203225086,1757,17.2021833009767,6.62436224512579,1,7870.95073299009,51164.1432321072
349,"joint",-3139.30531641365,-3139.5607614713,8.74155651644552,-4.29182079278548,-4.29157894252937,0.013679994172352,0.0136833030825605,0.071617338982009,0.000241850256115366,0.0822226303625028,0.00440484747830782,0.0285622222935386,0.00191548372221203,0.000104726350104318,0.000800080648391286,3.10737680560172,3.1072556339422,-0.29839748073893,10,4.28856429078425,4.28828227840818,0.956088486525228,1772,17.0251284909425,6.60207856632658,1,7870.90614291974,51244.1683530807
350,"joint",-3140.45513237751,-3139.63988782997,8.74149031701551,-4.29157894252937,-4.29110048997388,0.0136833030825605,0.0136898514603071,0.141843083479612,0.000478452555494063,0.110169561948235,0.00554415798761436,0.0575917609058237,0.00232337735595709,0.000127672041005566,0.00095647695045926,3.1072556339422,3.10718362558323,-0.299279868019305,10,4.28828227840818,4.28900007419285,0.957871205821668,1775,16.8833532570478,6.73016749940692,1,7870.86449585623,51324.2530221939
351,"joint",-3139.13564972214,-3139.6126919149,8.74128702976833,-4.29110048997388,-4.29058702551891,0.0136898514603071,0.0136968825173702,0.15242384932812,0.000513464454968051,0.167928046289189,0.00883344533506115,0.0697986270431515,0.00373981878069683,0.000207349148852239,0.00144351352540436,3.10718362558323,3.1070156767012,-0.30034321856831,10,4.28900007419285,4.28956662855549,0.960619258386957,1766,17.1211872510904,6.47349943865824,1,7870.76806511791,51404.2712481022
352,"joint",-3139.78014423795,-3139.655035246,8.74111989300439,-4.29058702551891,-4.29004257629593,0.0136968825173702,0.0137043418048313,0.161861871462467,0.000544449222976005,0.167727349352629,0.00920512044817261,0.0728990937250611,0.00363935252083564,0.000212693996737073,0.00145628701884457,3.1070156767012,3.10712645852605,-0.301247929635468,10,4.28956662855549,4.29149906974764,0.9625468014664,1798,17.1789200275612,6.65203285167048,0.999999999999997,7870.66160110205,51484.3366100788
353,"joint",-3140.51452467703,-3139.61546527429,8.74089335722551,-4.29004257629593,-4.29026341773337,0.0137043418048313,0.0137013156524502,-0.0656710062669135,-0.0002208414374423,0.0882118683659256,0.00490780219720649,0.0301995720347987,0.00206386919356308,0.000116929789551054,0.000806396934149998,3.10712645852605,3.10713189316784,-0.301705639531714,10,4.29149906974764,4.29142894660561,0.963392617229889,1795,17.1197652228867,6.67991746644496,0.999999999999997,7870.57485966435,51564.3978190422
354,"joint",-3139.93766298953,-3139.66132605955,8.74093579533657,-4.29026341773337,-4.28969944837019,0.0137013156524502,0.0137090449540532,0.167973348659021,0.000563969363180315,0.103932416342623,0.00540572241601455,0.0446003167074798,0.0027189028738589,0.000141031202457772,0.00113171520230878,3.10713189316784,3.10694580147128,-0.302088269392951,10,4.29142894660561,4.29099887785254,0.96415737216107,1777,16.9330280674661,6.41898214145149,0.999999999999999,7870.60675330806,51644.3512480259
355,"joint",-3139.50945253798,-3139.66010995937,8.74074818676933,-4.28969944837019,-4.28883388961852,0.0137090449540532,0.0137209160747253,0.258770279142067,0.000865558751670942,0.131546469968373,0.00725106058307511,0.0590973742175541,0.00313904369047264,0.000178953894380704,0.00101248439779153,3.10694580147128,3.10669758567208,-0.302979739828396,10,4.29099887785254,4.29112704496739,0.966119562633609,1758,16.900593577311,6.48787269733798,0.999999999999999,7870.51498842691,51724.3342561722
356,"joint",-3138.36836819225,-3139.64907255404,8.74043116224026,-4.28883388961852,-4.28826333684786,0.0137209160747253,0.0137287468151206,0.170852640282344,0.000570552770657729,0.194621225667347,0.00983028960426132,0.0910779435546238,0.0040890756099818,0.000220945826777389,0.00157113274683392,3.10669758567208,3.1068686983019,-0.303657627324542,10,4.29112704496739,4.29399677700521,0.968563455767568,1741,16.8461118261058,6.38492532068127,0.999999999999999,7870.33126518638,51804.4348959923
357,"joint",-3140.4075119893,-3139.65433243316,8.7401672623036,-4.28826333684786,-4.28750361103691,0.0137287468151206,0.0137391808614334,0.22816011440067,0.000759725810959383,0.0942327446616617,0.00490903809666741,0.0490066041748126,0.00236432274277757,0.000127172538066292,0.00106169094658368,3.1068686983019,3.10689593052947,-0.303627582853055,10,4.29399677700521,4.29514121458416,0.968816595687237,1751,16.9609222515055,6.62952874076739,0.999999999999998,7870.21794866887,51884.562030077
358,"joint",-3140.28796303661,-3139.6987620862,8.73987290646861,-4.28750361103691,-4.28667716537848,0.0137391808614334,0.0137505402411151,0.249049330107019,0.00082644565842199,0.1274878996454,0.00657980896877,0.0605248910178531,0.00275985348795906,0.000149625588788912,0.00128348676052375,3.10689593052947,3.10677326068673,-0.303823360351573,10,4.29514121458416,4.29620520063611,0.970685710891506,1792,16.805626976987,6.47060066483101,1,7870.08295047,51964.5902380943
359,"joint",-3142.24295826344,-3139.82193224652,8.7395838221063,-4.28667716537848,-4.28627613490888,0.0137505402411151,0.0137560557325915,0.120947795050669,0.00040103046960561,0.107028995149892,0.00578730885979229,0.0404931980577933,0.0028059366922,0.000147971191954034,0.00131565808685899,3.10677326068673,3.10661853865055,-0.304375255063592,10,4.29620520063611,4.29632809565093,0.972185946643762,1754,17.245817146271,6.62033263839406,1,7869.9244930053,52045.0078041553
360,"joint",-3139.85156302916,-3139.75611759183,8.73941214668735,-4.28627613490888,-4.28586716986279,0.0137560557325915,0.0137616826290818,0.123444078868071,0.000408965046092226,0.121128479794818,0.0068560901796061,0.0423364121440992,0.00289880178609028,0.000164152729473586,0.000969924570169132,3.10661853865055,3.10635224451817,-0.304796842890005,10,4.29632809565093,4.29583715374906,0.974001359821814,1781,17.078853748444,6.68578644876752,1.00000000000001,7869.83206957879,52125.1562740803
361,"joint",-3141.57229182264,-3139.88496043527,8.73925137877045,-4.28586716986279,-4.28556045330869,0.0137616826290818,0.0137659042123379,0.0926244551682052,0.000306716554094311,0.12741411277733,0.00642894048444679,0.0621773426595128,0.00275473706194335,0.000145265266579273,0.00125504416265989,3.10635224451817,3.10638643048789,-0.305086981906323,10,4.29583715374906,4.2973879426168,0.97548147364444,1745,17.1046135902964,6.73285397664123,1,7869.74178717554,52205.129817009
362,"joint",-3140.2646256693,-3139.82907662005,8.73907928470037,-4.28556045330869,-4.28484568986623,0.0137659042123379,0.0137757470946685,0.216402862892826,0.000714763442462438,0.0963502526474562,0.00511502802813936,0.0360396081076236,0.00219617725678002,0.000119953095698273,0.00104033787248809,3.10638643048789,3.10623497045314,-0.30562544626933,10,4.2973879426168,4.29759800035615,0.976963913853536,1762,17.0225912130069,6.70258339056854,1,7869.65946918594,52285.2794110775
363,"joint",-3141.68293925436,-3140.0020919527,8.73882852359278,-4.28484568986623,-4.28456338955655,0.0137757470946685,0.0137796365413096,0.0855037467568835,0.000282300309679194,0.096181934001304,0.00510586295973191,0.0396052194319326,0.00227431421366487,0.000122393806990642,0.000913543291958205,3.10623497045314,3.10614596681452,-0.305794730390205,10,4.29759800035615,4.29795652911235,0.978575802250157,1758,17.1935971313,6.77842584486865,1,7869.52629207113,52365.2159101963
364,"joint",-3140.38869452144,-3140.0326370982,8.73870786344161,-4.28456338955655,-4.28434650095925,0.0137796365413096,0.0137826255114754,0.065707157935612,0.000216888597303502,0.108455307134523,0.00583077793292108,0.040385387932154,0.00244259576356806,0.000137014752724071,0.000849385560722776,3.10614596681452,3.10595639965476,-0.306283420107638,10,4.29795652911235,4.29767697974112,0.980106554099395,1760,17.0961197217485,6.65154477735197,1,7869.46482775893,52445.2094950676
365,"joint",-3140.56587494097,-3140.11945103975,8.73863599799574,-4.28434650095925,-4.28364826869418,0.0137826255114754,0.0137922523457969,0.21204943500049,0.000698232265064011,0.117289237693183,0.00621736454194077,0.0458727946157344,0.00292093806072838,0.000152782138087844,0.00132141984148938,3.10595639965476,3.10602244602293,-0.306792292372301,10,4.29767697974112,4.29979331985882,0.98141909276097,1756,16.7837083683209,6.71275060993307,1,7869.41269919415,52525.2218761444
366,"joint",-3139.66079557236,-3140.1140447726,8.73832785778025,-4.28364826869418,-4.28316413555851,0.0137922523457969,0.0137989312487817,0.147201275110055,0.000484133135673456,0.0886292735703228,0.00451900546200158,0.0377169866990199,0.00184354892685914,0.000100748511493432,0.000642505617255938,3.10602244602293,3.10599809681443,-0.307272044868662,10,4.29979331985882,4.30081468503303,0.982720589867038,1770,16.961380278477,6.49694729889077,0.999999999999998,7869.2734918385,52605.1135010719
367,"joint",-3138.988011231,-3140.12037049391,8.73815051271952,-4.28316413555851,-4.28316933826616,0.0137989312487817,0.0137988594571633,-0.00158188987174964,-5.20270765098674e-06,0.100570469790882,0.00556402491593404,0.0393674858367598,0.00262233910582404,0.000141984502128041,0.00100474816327418,3.10599809681443,3.10598773684824,-0.30713436667197,10,4.30081468503303,4.30094425071035,0.98306669109661,1770,17.093808352133,6.77556631578503,0.999999999999997,7869.18846866647,52685.3906509876
368,"joint",-3139.74027075185,-3140.13298756152,8.73818612277478,-4.28316933826616,-4.28299442817012,0.0137988594571633,0.0138012732280865,0.0531897738796438,0.00017491009604273,0.177253381355299,0.00995156926571945,0.0662454630838335,0.00400538111204356,0.000234351816450489,0.00137697554184833,3.10598773684824,3.10587363846146,-0.307545718072537,10,4.30094425071035,4.3014434179689,0.985793515795988,1759,17.2272708275562,6.76814277190226,0.999999999999994,7869.21305949662,52765.3643941879
369,"joint",-3139.20909071461,-3140.12817627657,8.73808979182705,-4.28299442817012,-4.28242943221969,0.0138012732280865,0.0138090730948102,0.172088911637428,0.000564995950426246,0.127363948612086,0.00717454948471782,0.0494122834082239,0.00297094317578051,0.000174057084539988,0.000897561648126158,3.10587363846146,3.10564958391159,-0.30827892043622,10,4.3014434179689,4.30181173559961,0.987924053071583,1759,17.2527682291698,6.56357867649483,1,7869.17139147405,52845.3459951878
370,"joint",-3139.89359250549,-3140.10009928297,8.73783475738483,-4.28242943221969,-4.28156240018611,0.0138090730948102,0.0138210511954855,0.265082620613169,0.000867032033580502,0.152293577250091,0.00762345414940528,0.0652300574089405,0.00317773172636003,0.000165678980627573,0.00150744031462214,3.10564958391159,3.10572727142732,-0.308657720372583,10,4.30181173559961,4.30388402468099,0.989764356207496,1754,17.1367554771178,6.76828373503569,0.999999999999998,7869.04619056113,52925.2813529968
371,"joint",-3139.33723755536,-3140.11017867463,8.73751883380322,-4.28156240018611,-4.28143730188713,0.0138210511954855,0.0138227802936317,0.0382500054891188,0.000125098298986668,0.202471594773521,0.0112929551175786,0.069106258810905,0.00444946208458777,0.000256968547087608,0.00142822274076242,3.10572727142732,3.10551198835158,-0.309170273177696,10,4.30388402468099,4.30384726388138,0.992686422811655,1769,17.3122022045749,6.70060599649772,1,7868.91024072403,53005.2553801537
372,"joint",-3139.24161796796,-3140.08325236113,8.73748201201695,-4.28143730188713,-4.28094544200832,0.0138227802936317,0.0138295808369918,0.150573126517424,0.000491859878810504,0.105173608362835,0.00569516937952352,0.0437716634987528,0.00221824670340338,0.000127305404599309,0.000738995940568281,3.10551198835158,3.10549055145591,-0.309694360041926,10,4.30384726388138,4.30520339436354,0.994093819008677,1755,17.2780598457853,6.58416194615889,0.999999999999998,7868.88270184118,53085.5449810028
373,"joint",-3136.13306706686,-3139.86417948062,8.73723795653541,-4.28094544200832,-4.2799047660576,0.0138295808369918,0.0138439804405383,0.320321532921106,0.00104067595071476,0.161253453361261,0.00941683340893788,0.0600342964893302,0.0037933876438765,0.000223683880438522,0.00126018977249253,3.10549055145591,3.10528027463669,-0.310141172993667,10,4.30520339436354,4.306542588731,0.99618583158539,1764,17.2712237531496,6.7093677595726,1,7868.77065541887,53165.6583399773
374,"joint",-3141.40667055788,-3139.93762985904,8.73680379821058,-4.2799047660576,-4.27975566098363,0.0138439804405383,0.0138460448021655,0.0458998557285633,0.000149105073967972,0.116522416379436,0.00564507562129606,0.068459024115723,0.00250134376561744,0.000130642646317766,0.000970346758747465,3.10528027463669,3.10535191415163,-0.310270256803017,10,4.306542588731,4.30719653319947,0.99741576978279,1776,17.3302667175859,6.58299211317189,1,7868.53503228697,53245.5806970596
375,"joint",-3140.35910355941,-3139.98011241011,8.73675114091482,-4.27975566098363,-4.2790746357274,0.0138460448021655,0.0138554775199697,0.210131701858883,0.000681025256236602,0.0989966642034494,0.00499043855956718,0.0472837830196121,0.00210071943469672,0.000113860929646613,0.000897599636417172,3.10535191415163,3.10535529467205,-0.310595628109961,10,4.30719653319947,4.30821995901979,0.998590409727138,1768,17.4943301305479,6.62208879822029,1,7868.52780824257,53325.524916172
376,"joint",-3139.87340963799,-3140.0553644824,8.7364897015857,-4.2790746357274,-4.27869038988078,0.0138554775199697,0.0138608024526357,0.118647443555198,0.000384245846611474,0.126247211795588,0.00641261551693999,0.058403995831639,0.00289278038117002,0.000149873223121088,0.00122105413601649,3.10535529467205,3.10546365890278,-0.310890656054264,10,4.30821995901979,4.30984906310665,0.999988655950121,1766,17.2492866513878,6.52155136395022,1,7868.40112474578,53405.5283010006
377,"joint",-3139.24114860957,-3139.99704631341,8.73632426385764,-4.27869038988078,-4.27842391063761,0.0138608024526357,0.0138644965609628,0.0823126991653582,0.00026647924317452,0.117404953295583,0.00663777129513445,0.049675101563417,0.00244862475358952,0.000147464132304242,0.000792005195368623,3.10546365890278,3.10538925055171,-0.31134365296779,10,4.30984906310665,4.31049684798979,1.00193001306499,1765,17.1614699936648,6.57760343106874,0.999999999999998,7868.3223764613,53485.529815197
378,"joint",-3141.15783136248,-3140.04053972971,8.736184265233,-4.27842391063761,-4.27848433583447,0.0138644965609628,0.0138636588213393,-0.0186650629716001,-6.04251968570102e-05,0.131485736337945,0.00726933958106675,0.0596726107497416,0.00283668881805067,0.00016552277639707,0.000994230024429469,3.10538925055171,3.10533367661048,-0.311852132529977,10,4.31049684798979,4.31055253167265,1.00374826611396,1758,17.3685472468177,6.60236967522871,1,7868.26013933156,53565.5047609806
379,"joint",-3141.53996924557,-3140.00539027881,8.73618933095833,-4.27848433583447,-4.27789422095932,0.0138636588213393,0.0138718423870183,0.182601966923416,0.000590114875151373,0.112058786380231,0.00601107994905196,0.046358777556865,0.00259468235234807,0.0001420234831916,0.00103506033971333,3.10533367661048,3.10529478984806,-0.312292136447763,10,4.31055253167265,4.31181291545048,1.00511095225006,1753,17.260709323919,6.71293157156409,0.999999999999999,7868.2583983696,53645.7520680428
380,"joint",-3140.56580531006,-3140.04110239286,8.7359821922089,-4.27789422095932,-4.27710315877652,0.0138718423870183,0.0138828202184375,0.245551530092128,0.00079106218279447,0.182707474034334,0.0101636682793693,0.0634293554868802,0.00418303378695314,0.000237254675420268,0.00150993948695135,3.10529478984806,3.10494306604678,-0.313223176310728,10,4.31181291545048,4.31166430597589,1.00811533371648,1754,17.1819947261604,6.7100718055993,1,7868.15067289653,53726.0781171322
381,"joint",-3140.94939082775,-3140.00995734311,8.73569990009471,-4.27710315877652,-4.27634189643507,0.0138828202184375,0.0138933927103723,0.23698913770053,0.000761262341446927,0.160834510913001,0.00928422582279661,0.0513064051070471,0.00359529154533267,0.000211607061401601,0.00135990449554374,3.10494306604678,3.10467072569225,-0.313818897877839,10,4.31166430597589,4.31198365976174,1.01085084516908,1774,17.0733387973837,6.66828958543351,1,7867.99357645743,53806.0224151611
382,"joint",-3140.71592749692,-3140.0325224345,8.73542887605426,-4.27634189643507,-4.27611298158608,0.0138933927103723,0.0138965734783152,0.0712823286215285,0.000228914848992369,0.113758033935791,0.00585948423671264,0.0603286392446553,0.00241963981154662,0.000133219468831887,0.000841972174512265,3.10467072569225,3.10477829326134,-0.314184674103355,10,4.31198365976174,4.31332608663754,1.01229374985126,1745,17.2906707986797,6.73149897356503,1,7867.84847052878,53885.968018055
383,"joint",-3141.07319305495,-3140.00203512452,8.73532067128182,-4.27611298158608,-4.27622960498741,0.0138965734783152,0.0138949529071495,-0.0363181027856983,-0.000116623401324043,0.124079115342242,0.00588119829863534,0.0665763653391143,0.0024507569786566,0.000127927455341341,0.00133243305507574,3.10477829326134,3.10479976654453,-0.314729008569402,10,4.31332608663754,4.31338463554582,1.01353529133823,1771,17.2685002369688,6.75261137232597,1,7867.80492765265,53966.0943300724
384,"joint",-3141.76864826549,-3140.07103281173,8.73538432290382,-4.27622960498741,-4.27559577820894,0.0138949529071495,0.0139037626920314,0.197779898697656,0.000633826778469478,0.105716005627011,0.00559184092308587,0.0458588779716293,0.00266664318637224,0.000137649996152798,0.0012861176452498,3.10479976654453,3.10476864034893,-0.315002032497094,10,4.31338463554582,4.31411344007172,1.01448173982829,1733,17.1771735700964,6.761857634107,1,7867.83921666583,54047.4639351368
385,"joint",-3140.3677945681,-3140.06112879308,8.73513362842876,-4.27559577820894,-4.27486775524995,0.0139037626920314,0.0139138886360001,0.227777394566071,0.000728022958982473,0.0994887094412786,0.00548225080242094,0.0404630110386282,0.00228303929848694,0.000128265464204037,0.000923783294104644,3.10476864034893,3.10462490701741,-0.3153062615604,10,4.31411344007172,4.31464481497439,1.01570232601236,1766,17.3164203646328,6.70534122043604,0.999999999999999,7867.73863949772,54127.692399025
386,"joint",-3140.24984454059,-3140.0905812415,8.73486731618936,-4.27486775524995,-4.27382947556704,0.0139138886360001,0.0139283426462352,0.326613033561654,0.00103827968290874,0.106287501986819,0.0060230426747835,0.0403639050572685,0.00248507257851964,0.000143051904995759,0.000886560219761049,3.10462490701741,3.10442590761323,-0.315762888388345,10,4.31464481497439,4.31463217431249,1.01708050979604,1784,17.2313336816462,6.73927712823562,0.999999999999999,7867.61015496565,54207.8842651844
387,"joint",-3140.60208395943,-3140.17128487792,8.7345111649592,-4.27382947556704,-4.27335301447189,0.0139283426462352,0.0139349805408498,0.15005142279078,0.000476461095152285,0.110826112331836,0.00560695445858426,0.0448123523137422,0.0023072114976294,0.000122679931572384,0.000983760569956231,3.10442590761323,3.10441223607694,-0.316329186269687,10,4.31463217431249,4.31533692364624,1.01890151380429,1746,17.3107153548681,6.83346002580586,1,7867.42147448661,54288.0554461479
388,"joint",-3141.43341574432,-3140.25594212754,8.73434770888867,-4.27335301447189,-4.27305640976217,0.0139349805408498,0.0139391143347291,0.093450544009311,0.000296604709720366,0.078781144978918,0.0042936598208069,0.0352275254906524,0.00167289918108544,9.57060659709287e-05,0.000681907524975696,3.10441223607694,3.10443610366449,-0.316678496092117,10,4.31533692364624,4.31579409799188,1.01955116427375,1765,17.1243071044873,6.73964866786385,1,7867.33783594773,54368.1473600864
389,"joint",-3140.85173685634,-3140.33807443463,8.73422858145041,-4.27305640976217,-4.27264626624642,0.0139391143347291,0.013944832544652,0.129331772201871,0.000410143515750613,0.106982558506327,0.00596488851524077,0.03711942292167,0.0023453614728107,0.000133508825419314,0.000847897098114952,3.10443610366449,3.10434391542862,-0.317011782619597,10,4.31579409799188,4.31672196383074,1.02143110406614,1772,17.1774521518739,6.72467536268752,1,7867.27792362414,54448.2231149673
390,"joint",-3142.0396019069,-3140.4453749047,8.73403981075727,-4.27264626624642,-4.27191298267046,0.013944832544652,0.0139550618113449,0.231852668187868,0.000733283575963772,0.15455607359634,0.00829984554281754,0.0613454685434379,0.00327908042163193,0.000183098028351487,0.001146658242675,3.10434391542862,3.10420671196147,-0.317406193327635,10,4.31672196383074,4.31729389335128,1.02363807171961,1783,17.2387864145636,6.95214409597071,1,7867.18494027606,54528.3669071198
391,"joint",-3139.21298455014,-3140.43916225444,8.7337832908356,-4.27191298267046,-4.27101043443798,0.0139550618113449,0.0139676626132772,0.286540933367848,0.00090254823248027,0.114695780300765,0.00689351680146229,0.0342179622852497,0.00287260125695707,0.000165974682212065,0.00116043039497074,3.10420671196147,3.10410087738671,-0.317766609572528,10,4.31729389335128,4.31798703990429,1.02561582426502,1768,17.3213977738483,6.71812179074742,1,7867.02901851546,54608.3382701874
392,"joint",-3142.50527199517,-3140.6023449558,8.7334922508298,-4.27101043443798,-4.27108326489063,0.0139676626132772,0.0139666453791298,-0.0231228189519496,-7.28304526535908e-05,0.0833808995242562,0.00451220323477345,0.0402374825141557,0.0019268591792486,0.000106041438797507,0.000871781492223764,3.10410087738671,3.10403072896319,-0.317820667204072,10,4.31798703990429,4.3179660638172,1.02666566156032,1763,17.5811767994632,6.85275059648045,0.999999999999997,7866.85962969771,54688.4165270329
393,"joint",-3137.62516968303,-3140.6769500866,8.73348363954022,-4.27108326489063,-4.27054807771294,0.0139666453791298,0.0139741221492094,0.170159549262606,0.000535187177694568,0.120238827863044,0.00670129813247265,0.0527624512283238,0.00251376438880976,0.000147062541375299,0.000862010921799563,3.10403072896319,3.10393164282578,-0.318585164850717,10,4.3179660638172,4.31847377595528,1.02867860101444,1793,17.7668900211048,6.83439859077272,0.999999999999998,7866.8569706424,54768.4866831303
394,"joint",-3139.92714085597,-3140.60297360151,8.73328773207566,-4.27054807771294,-4.27024233431371,0.0139741221492094,0.0139783952980267,0.0972547447664341,0.000305743399222275,0.150981568628488,0.00877194320820695,0.0557673661093696,0.00326045775888496,0.000198039777640704,0.000906037333601619,3.10393164282578,3.10364002237012,-0.319390576903577,10,4.31847377595528,4.31786919414151,1.0308575654645,1764,17.3783381140759,6.84279243365907,0.999999999999999,7866.75490014396,54848.6388931274
395,"joint",-3140.38883860653,-3140.60446035387,8.73316643377578,-4.27024233431371,-4.26939236350996,0.0139783952980267,0.0139902815766927,0.271351478427416,0.000849970803753481,0.0993349767356302,0.0053273539985302,0.0440109470363779,0.0022603307389494,0.000124891771860957,0.000896934818366216,3.10364002237012,3.10358552036045,-0.319943292697799,10,4.31786919414151,4.31870618842118,1.03170175047965,1775,17.1237433832944,6.7227295085915,1.00000000000001,7866.67158914035,54929.3563680649
396,"joint",-3139.00292964049,-3140.56093635399,8.73285649104331,-4.26939236350996,-4.26870695096376,0.0139902815766927,0.0139998739782108,0.219332391692262,0.00068541254619862,0.0906350689815712,0.00465398958145216,0.044530962386993,0.00210580578178598,0.000107951689018482,0.000903818272080152,3.10358552036045,3.10345455869751,-0.320239793349605,10,4.31870618842118,4.3187200307321,1.03290447610931,1745,17.2365273297868,6.71186521297101,1,7866.5091769757,55009.6243340969
397,"joint",-3140.52842488523,-3140.62530016777,8.73261985512429,-4.26870695096376,-4.2681683748862,0.0139998739782108,0.0140074160062201,0.172595141118857,0.000538576077564713,0.152899696011766,0.00860282636731232,0.0538139491162758,0.0032438269112262,0.000188232424248387,0.0010108377933488,3.10345455869751,3.10334035138861,-0.32076844657678,10,4.3187200307321,4.32013315767843,1.03580159035671,1765,17.5299569943568,6.81895376763026,1,7866.38112536244,55089.8019411564
398,"joint",-3141.6736110186,-3140.65108915058,8.73236358449138,-4.2681683748862,-4.26748570535692,0.0140074160062201,0.0140169817070461,0.219283714111479,0.000682669529275617,0.129854523165637,0.00690222636139928,0.053915586597152,0.0030571763841537,0.000160650622774307,0.00135010604651067,3.10334035138861,3.10332576295322,-0.321303321411622,10,4.32013315767843,4.3212094842585,1.03774651671174,1765,17.5757278922383,6.84276335096963,1,7866.24753490152,55169.7420051098
399,"joint",-3137.69287164582,-3140.45873427059,8.73207995690948,-4.26748570535692,-4.26739511394558,0.0140169817070461,0.0140182515827208,0.0291005171512601,9.05914113402385e-05,0.144826076324564,0.00806520061688344,0.0536026009052585,0.0034587152035245,0.00018766250985988,0.0015035661457622,3.10332576295322,3.10305776340276,-0.321850114755157,10,4.3212094842585,4.32015214043668,1.03917780513095,1763,17.131206219548,6.49966896356333,1,7866.12307115572,55249.6724829674
400,"joint",-3138.68717731608,-3140.36480287089,8.73205125775853,-4.26739511394558,-4.26636779840698,0.0140182515827208,0.0140326601502011,0.331758027187578,0.00102731553859754,0.129041829494165,0.00748496463466307,0.0420757124764413,0.00283117825126543,0.000168549275218405,0.000907389160973779,3.10305776340276,3.10284389340417,-0.322280584513736,10,4.32015214043668,4.32096914093934,1.0411287113031,1767,17.4195343796909,6.71257258982791,1,7866.10568273678,55329.7755081654
401,"joint",-3139.78680683338,-3140.30667367117,8.73164762147724,-4.26636779840698,-4.265664821633,0.0140326601502011,0.0140425282524808,0.227580113497271,0.000702976773982034,0.176953284668199,0.00961410612995402,0.0766322905434759,0.00369464660157952,0.000211207956852409,0.00119731720271516,3.10284389340417,3.10278944287306,-0.322950089659609,10,4.32096914093934,4.32193313001887,1.04396522579172,1763,17.3449515353432,6.74232236306686,0.999999999999997,7865.89232711007,55409.8714501858
402,"joint",-3140.45838746049,-3140.29379666935,8.73139973046756,-4.265664821633,-4.26488413180241,0.0140425282524808,0.0140534953918935,0.253512493375474,0.000780689830594184,0.130657955719172,0.00732019647669706,0.0495280500433893,0.0026742443747428,0.000158416965147757,0.000849554716849892,3.10278944287306,3.10262219074877,-0.323656875831553,10,4.32193313001887,4.3222955928426,1.04616922001998,1743,17.3421752462188,6.70918219960785,1.00000000000001,7865.76878215435,55489.9340660572
403,"joint",-3141.01039658393,-3140.2906568458,8.73111577166256,-4.26488413180241,-4.26444104882254,0.0140534953918935,0.0140597236362218,0.144023261070579,0.000443082979862592,0.120947675358388,0.00642998343183499,0.0536233666478385,0.00240215114250545,0.000136183854434373,0.000988506489309382,3.10262219074877,3.10266588096987,-0.324240633560201,10,4.3222955928426,4.32337147473941,1.04747275650729,1766,17.5116958250811,6.71796521495253,1,7865.6022345485,55569.8938560486
404,"joint",-3138.35389217532,-3140.11991904129,8.73095726799614,-4.26444104882254,-4.26427883855874,0.0140597236362218,0.0140620044526827,0.0527330689089614,0.000162210263799631,0.124890328193942,0.00697365535933539,0.0481300735353,0.00269473177203257,0.000154959509014989,0.000919886506073396,3.10266588096987,3.10255218086293,-0.324649795063833,10,4.32337147473941,4.32333505427544,1.04943708138031,1768,17.4526875413385,6.85910784852056,0.999999999999996,7865.52057655008,55650.3500051498
405,"joint",-3138.20468861121,-3140.01176374345,8.73086893606617,-4.26427883855874,-4.26368342806208,0.0140620044526827,0.014070379610819,0.19390650883771,0.000595410496658641,0.205442398698191,0.0112290086593742,0.080184012065255,0.00469758156745302,0.000256348307857453,0.00183862787332849,3.10255218086293,3.10213535826137,-0.325056956117827,10,4.32333505427544,4.32205051739499,1.05203247151682,1786,17.2217095122115,6.80487041768156,0.999999999999997,7865.47079786228,55730.3597099781
406,"joint",-3139.54930232205,-3139.97673663252,8.73066024774262,-4.26368342806208,-4.26304248704622,0.014070379610819,0.0140794007849318,0.209164441279812,0.000640941015864688,0.120689531155541,0.00581384191288206,0.0604838398489074,0.00274574953697525,0.00013406701288183,0.00119701586457419,3.10213535826137,3.10201780411288,-0.325615794929742,10,4.32205051739499,4.32266796103369,1.0529706335734,1763,17.2714167362726,6.6827386020715,0.999999999999996,7865.33876000575,55810.3319950104
407,"joint",-3140.61888546308,-3139.9775767077,8.7303932500121,-4.26304248704622,-4.26280412751321,0.0140794007849318,0.0140827571443223,0.0778082637186873,0.000238359533014412,0.119639184346968,0.00627677077940757,0.0422518061225181,0.00297816825722258,0.000147608203497594,0.00163790568733106,3.10201780411288,3.1020182857543,-0.326149894471119,10,4.32266796103369,4.32274525116931,1.05436673115616,1781,17.3562864364034,6.62143056532742,1,7865.19898799173,55890.4460301399
408,"joint",-3139.98528315357,-3139.90517007817,8.73035199229902,-4.26280412751321,-4.26191832110205,0.0140827571443223,0.0140952372675579,0.290297028043538,0.000885806411152405,0.181878653440855,0.0101439250403248,0.0698757935114859,0.00374929617849219,0.000219502475067991,0.0011360885223065,3.1020182857543,3.10190642924,-0.326907157743574,10,4.32274525116931,4.32415945162746,1.05743623418096,1768,17.5036290600329,6.8116571873577,1,7865.17044779196,55970.4388871193
409,"joint",-3140.18923860989,-3139.87204516584,8.72998715854469,-4.26191832110205,-4.2610920665801,0.0140952372675579,0.0141068883337985,0.271709710651646,0.000826254521951619,0.15019834192814,0.00858611417096714,0.0527894527382896,0.00344442587266387,0.000199000311157107,0.00108312150403847,3.10190642924,3.10156910072238,-0.327651484908251,10,4.32415945162746,4.32366382482256,1.0589864804832,1756,17.5011677327498,6.85209232613607,0.999999999999998,7864.99690328124,56050.4678390026
410,"joint",-3139.75134556288,-3139.75763234864,8.7296695299057,-4.2610920665801,-4.26081881738826,0.0141068883337985,0.0141107435563293,0.0898902090895484,0.000273249191840924,0.0985576330472218,0.00524225540031434,0.0376629597336205,0.00218706924734611,0.000113863841605835,0.00123915218288384,3.10156910072238,3.10150617886582,-0.328091642080832,10,4.32366382482256,4.32443174865864,1.06025195839888,1770,17.258454688675,6.81539967475488,1,7864.82188481212,56130.5392491817
411,"joint",-3139.42677544265,-3139.76832189327,8.72955005864926,-4.26081881738826,-4.26027208553557,0.0141107435563293,0.0141184604586427,0.180126636883755,0.000546731852694007,0.126807998501044,0.00659859143093778,0.0677207522621906,0.00258770958380758,0.000143064219546712,0.00106854898042709,3.10150617886582,3.10127226210608,-0.329041263068519,10,4.32443174865864,4.3244729850642,1.06178118542203,1751,17.3476847789936,6.6133925702494,1,7864.75297141116,56210.6119241714
412,"joint",-3139.24757387653,-3139.60543698734,8.72930274694749,-4.26027208553557,-4.25974135164727,0.0141184604586427,0.0141259555928436,0.175102724217722,0.000530733888299116,0.100077114835545,0.005454742999501,0.0442405227405831,0.00209800469665866,0.000118990417961814,0.000794642311501903,3.10127226210608,3.10118015969869,-0.329445419651123,10,4.3244729850642,4.32500142112795,1.06323422998855,1772,17.4389553260162,6.69046330533607,1,7864.61668853178,56290.4489121437
413,"joint",-3139.91059599487,-3139.71970830293,8.729129329235,-4.25974135164727,-4.25896233008603,0.0141259555928436,0.0141369643042786,0.257802656508547,0.000779021561237358,0.0710453233879438,0.00353146874053012,0.0301561250889672,0.00154644197357004,7.86149332617205e-05,0.000816466697445568,3.10118015969869,3.10117526980392,-0.329635883005349,10,4.32500142112795,4.3252502160396,1.06377073094761,1780,17.1636283534395,6.9442657173746,0.999999999999995,7864.51804830028,56370.5383121967
414,"joint",-3139.09414319601,-3139.67805841993,8.72892198838899,-4.25896233008603,-4.25817687401186,0.0141369643042786,0.0141480726307418,0.260737581749941,0.000785456074165512,0.131558934345622,0.00677455090879671,0.0557536496212912,0.00247835426449811,0.000139540451707265,0.000814831339122633,3.10117526980392,3.10116984466868,-0.330414542291965,10,4.3252502160396,4.32628611229139,1.06573672742257,1740,17.3823216796802,6.78787561329678,1,7864.41461730967,56450.594451189
415,"joint",-3140.19282890997,-3139.6682579351,8.72864534035165,-4.25817687401186,-4.25766161656903,0.0141480726307418,0.0141553644088767,0.171270780115929,0.000515257442832742,0.0921456122998881,0.00524016347881934,0.0310889176132229,0.00199895741393717,0.00011582102761948,0.000810002549170904,3.10116984466868,3.1012054542345,-0.330828512732915,10,4.32628611229139,4.32745327667356,1.06681494999771,1771,17.4835516115101,6.5847229893768,0.999999999999999,7864.27514333412,56530.5116140842
416,"joint",-3138.13169798027,-3139.62469635209,8.72842093876955,-4.25766161656903,-4.25721152389846,0.0141553644088767,0.0141617370686825,0.149761883491943,0.00045009267057313,0.087031536288176,0.00429089379469202,0.0379128081987594,0.00161781972225551,8.69201841326818e-05,0.000613020098163637,3.1012054542345,3.10121373474803,-0.3312756530105,10,4.32745327667356,4.32858317821055,1.06783628594808,1753,17.4521611157225,6.70386602379767,1,7864.1673400176,56610.6329641342
417,"joint",-3137.81089679944,-3139.4888199478,8.72825385377828,-4.25721152389846,-4.25669863610283,0.0141617370686825,0.0141690023137585,0.17088096362037,0.000512887795628463,0.121398146374599,0.00645457861542289,0.0488082164611191,0.00247944052547491,0.00013803776030775,0.0009476032147542,3.10121373474803,3.10107407589956,-0.331498190996697,10,4.32858317821055,4.32889126061277,1.06936652008707,1759,17.5797625757811,6.67847139436744,0.999999999999998,7864.0845566149,56690.5517771244
418,"joint",-3140.74271590146,-3139.44227519195,8.72807151906023,-4.25669863610283,-4.25661502558548,0.0141690023137585,0.0141701870408994,0.0278578381463957,8.36105173532954e-05,0.165485444833885,0.00882694926581863,0.0744590984503694,0.00330925526855767,0.000187182653195273,0.00113320540027067,3.10107407589956,3.10100926991783,-0.332287854762787,10,4.32889126061277,4.32980641005158,1.07179481319749,1778,17.4643185238632,6.79219272410131,0.999999999999997,7863.97279077557,56770.46175313
419,"joint",-3140.74184636076,-3139.59472392769,8.72797485977094,-4.25661502558548,-4.25596499955879,0.0141701870408994,0.0141794010256195,0.217038465621708,0.000650026026684603,0.139973116761849,0.00815963260436635,0.0504397032771413,0.00294635118999187,0.000178987497422872,0.000890987989358067,3.10100926991783,3.10094230897672,-0.332748513508806,10,4.32980641005158,4.33138544078072,1.07379943976871,1760,17.3454795008776,6.59877758257173,1,7863.91537938241,56850.4795641899
420,"joint",-3139.28206450344,-3139.62446828706,8.72770000016295,-4.25596499955879,-4.25580010195406,0.0141794010256195,0.0141817393676734,0.0550654718247575,0.000164897604731562,0.0949632880825995,0.00508866139332567,0.0424532333606608,0.00226294090887075,0.000120215105450896,0.000911959730800045,3.10094230897672,3.10083913037486,-0.332988074558424,10,4.33138544078072,4.33118412398818,1.07472665806278,1751,17.5633047531391,6.79856074292956,1,7863.76444716912,56930.447384119
421,"joint",-3138.92748826524,-3139.58150235865,8.72763911931778,-4.25580010195406,-4.25541820134776,0.0141817393676734,0.0141871564168576,0.127623985157724,0.000381900606300425,0.140450257977231,0.00778632007308304,0.0575775516276569,0.00322894836881618,0.000176984797393072,0.00163945075188727,3.10083913037486,3.1009706928194,-0.33340560217699,10,4.33118412398818,4.33277914848763,1.07626842406772,1772,17.4678814935836,6.88901151546272,0.999999999999998,7863.74137676646,57010.48686409
422,"joint",-3141.65681134695,-3139.64142355298,8.72746977073357,-4.25541820134776,-4.25576585259097,0.0141871564168576,0.0141822250915321,-0.116248764665125,-0.000347651243209546,0.152548349901672,0.00773307477788029,0.0625876489858892,0.00309060670903182,0.000162543398582376,0.00128005837401657,3.1009706928194,3.10077776683937,-0.333663568316132,10,4.33277914848763,4.33240549352967,1.07824674277313,1776,17.8658696919481,6.82763374585042,1,7863.67906552147,57090.4730169773
423,"joint",-3141.01803551201,-3139.64180549938,8.72753710543952,-4.25576585259097,-4.25515222415614,0.0141822250915321,0.0141909303787501,0.20557449164774,0.000613628434828839,0.166767965459181,0.00886115277412606,0.0660047652794457,0.00342366523880099,0.000189063906403278,0.00140860335805659,3.10077776683937,3.10073935477024,-0.334568445418519,10,4.33240549352967,4.33359146960357,1.08080727993083,1779,17.3168854396612,6.45977044895481,1,7863.70469254197,57170.3173770905
424,"joint",-3139.13162567937,-3139.68069217458,8.72731220097049,-4.25515222415614,-4.25463655667343,0.0141909303787501,0.0141982500671963,0.172986290918436,0.000515667482711382,0.111307509241272,0.00513344293374734,0.0767469061736015,0.00195176192056357,0.000102791877974593,0.00100268503863892,3.10073935477024,3.10072017863701,-0.334925295237103,10,4.33359146960357,4.33446979404511,1.0821687426527,1775,17.4453505881661,6.74441735162956,1,7863.58194270655,57250.3862190247
425,"joint",-3140.05646210607,-3139.77328084933,8.72711634689866,-4.25463655667343,-4.25402100281935,0.0141982500671963,0.0142069925452033,0.206886590895206,0.000615553854079991,0.202549359177817,0.0106905664398962,0.0729266373965897,0.00393173188124954,0.00021792000439597,0.00138711200814082,3.10072017863701,3.10054041153034,-0.335657619737356,10,4.33446979404511,4.3357568310333,1.0852236060565,1769,17.4263739844258,6.72124837172008,1,7863.4781936994,57330.8410279751
426,"joint",-3139.01480751169,-3139.74655610881,8.72684333523891,-4.25402100281935,-4.25399108016703,0.0142069925452033,0.0142074176624621,0.0100569969676028,2.99226523221685e-05,0.119653793606558,0.00592611114692656,0.0611490436827379,0.00245708539407398,0.000128109939643766,0.00103329351819102,3.10054041153034,3.1005276399464,-0.335830262054826,10,4.3357568310333,4.33603790045443,1.08649926528019,1779,17.296341235108,6.51437530100344,1,7863.31846144982,57410.8237361908
427,"joint",-3140.99316808309,-3139.76527023981,8.72682661358458,-4.25399108016703,-4.25360792010881,0.0142074176624621,0.014212862420481,0.128874648849665,0.000383160058213453,0.128779376030748,0.00620955141955623,0.0773880964705842,0.00251396968024274,0.000131698546059369,0.0012261103094204,3.1005276399464,3.10059404245954,-0.335916057671438,10,4.33603790045443,4.33784627900321,1.08776178048749,1778,17.2810923854567,6.82817527240471,0.999999999999997,7863.32834660346,57490.8512170315
428,"joint",-3139.34987231992,-3139.73349969813,8.72661976877374,-4.25360792010881,-4.25314531815358,0.014212862420481,0.014219438839441,0.155761428929456,0.000462601955230417,0.147063301377315,0.00816645234423398,0.0520559824831921,0.00295558462870122,0.00017201173030959,0.000931217050022931,3.10059404245954,3.10043092027944,-0.336630129728856,10,4.33784627900321,4.33786855366879,1.0900817781563,1769,17.2065253843952,6.73856567833422,1,7863.23674264028,57572.3546350002
429,"joint",-3140.63332392584,-3139.75570396392,8.72645614125397,-4.25314531815358,-4.25233815547524,0.014219438839441,0.0142309208730903,0.27266720070705,0.000807162678347514,0.164604665963394,0.00884018862306306,0.066903318558882,0.0032184183522183,0.000181251691870998,0.00105406491906399,3.10043092027944,3.10051536414466,-0.337358200235689,10,4.33786855366879,4.34033255040949,1.092165054607,1787,17.4012834984852,6.75593820823979,0.999999999999997,7863.14006133837,57652.544629097
430,"joint",-3139.26348271321,-3139.73131082144,8.72609118148466,-4.25233815547524,-4.25224253373873,0.0142309208730903,0.0142322817235187,0.0323034054853746,9.56217365033057e-05,0.0922611763817855,0.00514495895727207,0.0436691396225504,0.00191395494405192,0.000111225040653041,0.00068611767460065,3.10051536414466,3.10053259568267,-0.337714960394617,10,4.34033255040949,4.34128287212858,1.09324368808995,1751,17.4824625152563,6.86654191679646,1,7862.97120674287,57732.6989150047
431,"joint",-3138.49899074074,-3139.68492158634,8.72597928150178,-4.25224253373873,-4.25099920065693,0.0142322817235187,0.0142499881954552,0.423313596784093,0.00124333308180395,0.137845966838371,0.00737969925981476,0.0487762172563675,0.00262155862162712,0.000149349627996852,0.000926089951875763,3.10053259568267,3.10043784299895,-0.338277284176864,10,4.34128287212858,4.34282629348407,1.09522051954513,1754,17.3978893438881,6.71789186012815,1,7862.93574057597,57812.7221701145
432,"joint",-3139.29888886188,-3139.68748733561,8.72552696685623,-4.25099920065693,-4.24985836134127,0.0142499881954552,0.0142662544190457,0.390970476650249,0.00114083931566034,0.168687751769954,0.00893062549819075,0.0620313438864061,0.00310940520468211,0.000177359146770397,0.00105451136592424,3.10043784299895,3.10029825071735,-0.338759567046161,10,4.34282629348407,4.34433460901221,1.09789491497463,1754,17.4265350922466,6.62172669127772,1,7862.69859967403,57892.6895141602
433,"joint",-3139.95968838805,-3139.68994195527,8.72509239090489,-4.24985836134127,-4.2492705995501,0.0142662544190457,0.0142746420430173,0.201777296459701,0.000587761791166987,0.178977877795716,0.00993419167925281,0.0685921667259446,0.0037455019539411,0.000211054046484859,0.00183862863159102,3.10029825071735,3.10031134909918,-0.339614736755493,10,4.34433460901221,4.34552105658518,1.10016038547564,1754,17.621801227785,6.68451356862377,1,7862.47233221101,57972.5754439831
434,"joint",-3140.26544427119,-3139.74850700903,8.72487033994006,-4.2492705995501,-4.2486490755514,0.0142746420430173,0.0142835168332817,0.213781095363529,0.000621523998697459,0.130908289546313,0.00726364447733511,0.0467475149966819,0.00257015003886946,0.000150001323935861,0.000789335499502447,3.10031134909918,3.10018902405108,-0.340248515971018,10,4.34552105658518,4.34663052059093,1.10244643059255,1766,17.4587984106014,6.77255920721138,1,7862.35383877537,58053.931415081
435,"joint",-3140.25665812317,-3139.75169846969,8.72458486709685,-4.2486490755514,-4.24793113477255,0.0142835168332817,0.0142937752345034,0.247583770858452,0.000717940778853218,0.229477290734484,0.0132809059196292,0.073430228323281,0.00540687158722574,0.000307068707353407,0.00180474754410815,3.10018902405108,3.09969968402385,-0.340625736440136,10,4.34663052059093,4.34535437362452,1.10514633957187,1775,17.5807618681506,6.83299982496133,0.999999999999995,7862.2044822836,58134.3991441727
436,"joint",-3139.07235927427,-3139.79873153439,8.72435042693834,-4.24793113477255,-4.24783896922112,0.0142937752345034,0.014295092688891,0.0317848834699238,9.21655514315169e-05,0.0999219803786314,0.00528881066040667,0.0474895319552638,0.00217441563716802,0.000118076291777897,0.000913973594188305,3.09969968402385,3.09971660135875,-0.340789775055327,10,4.34535437362452,4.34548440489442,1.10507445027939,1769,17.4290534232579,6.62380428903661,1,7862.05366347851,58214.7617490292
437,"joint",-3136.14655817458,-3139.71551460315,8.72427931136374,-4.24783896922112,-4.24773953396072,0.014295092688891,0.0142965141958278,0.0342936636761667,9.94352604015952e-05,0.118021787460974,0.00579125919404506,0.0532810639335417,0.00246905117160367,0.000124381215165746,0.00118843347967149,3.09971660135875,3.09962922306395,-0.341373549705165,10,4.34548440489442,4.34573031644871,1.10644345845847,1768,17.5370572767845,6.69923216233465,0.999999999999998,7862.03467469295,58294.8865821362
438,"joint",-3140.43905801943,-3139.70033170905,8.72418458393039,-4.24773953396072,-4.24709737991755,0.0142965141958278,0.0143056977085211,0.221926913865914,0.000642154043163077,0.152846671682068,0.00829718980629718,0.0612459374222255,0.00355933954563047,0.00019020337061466,0.00137226171591227,3.09962922306395,3.09978484975304,-0.341471647827781,10,4.34573031644871,4.34726551293528,1.10602215661401,1773,17.5616352476959,6.81584618774522,0.999999999999999,7861.99953609579,58375.0132021904
439,"joint",-3138.36799041166,-3139.58163891159,8.72393350048566,-4.24709737991755,-4.24681101958345,0.0143056977085211,0.0143097948795021,0.09900605402074,0.000286360334107087,0.0853081406408104,0.00440238226172816,0.0514702422140108,0.00189185452750624,0.000100304805436615,0.000977591262693649,3.09978484975304,3.0997200426578,-0.341581236286404,10,4.34726551293528,4.34701538525062,1.10626536048022,1773,17.7033892110925,6.97470408011554,1.00000000000001,7861.89210785516,58455.1646549702
440,"joint",-3139.85537803445,-3139.61030458814,8.72383762585405,-4.24681101958345,-4.24572784664203,0.0143097948795021,0.0143253032597255,0.376712010518865,0.00108317294141639,0.14312479977233,0.00767781263217157,0.0597906506897965,0.00274220965229173,0.000155544348356319,0.000862267781142714,3.0997200426578,3.09953873049375,-0.342387063941472,10,4.34701538525062,4.34796323244622,1.1082567460381,1781,17.228326572873,6.78326928664089,1,7861.84611387745,58535.3246750832
441,"joint",-3141.17708613671,-3139.72278448171,8.72340815929261,-4.24572784664203,-4.24470556116995,0.0143253032597255,0.0143399552971375,0.357408708453214,0.0010222854720787,0.122608448412614,0.00654064329251368,0.0449005857777672,0.00237345263679401,0.000132238942879649,0.000847010652268069,3.09953873049375,3.09934813695261,-0.342890708508854,10,4.34796323244622,4.3488849355392,1.11002721392441,1775,17.4359223003866,6.78206535878893,1,7861.60649346931,58615.3114030361
442,"joint",-3141.02887673968,-3139.69138775135,8.72302227027148,-4.24470556116995,-4.24499746398671,0.0143399552971375,0.0143357700346688,-0.102097787533282,-0.000291902816755343,0.098829669582421,0.00495108507216563,0.0524723135268104,0.00194330014957705,0.000106107028112139,0.000736421868263298,3.09934813695261,3.09948419813406,-0.342871913467015,10,4.3488849355392,4.35003541462454,1.11056970938815,1756,17.8642249806303,6.75254573532746,1,7861.39390197699,58695.4432749748
443,"joint",-3139.9525921177,-3139.63811558164,8.72307395966931,-4.24499746398671,-4.24401246823825,0.0143357700346688,0.0143498976638888,0.346201931586751,0.000984995748453771,0.137042466634328,0.00784410535056038,0.0436792764867664,0.00291174134692216,0.000169361556675965,0.000878738732274081,3.09948419813406,3.09941621028264,-0.343451042417838,10,4.35003541462454,4.35121476134224,1.11273476377881,1751,17.5373666864523,6.78514074811516,1,7861.44215418668,58775.5447831154
444,"joint",-3138.77096610053,-3139.62008260269,8.72269932551201,-4.24401246823825,-4.24384720794329,0.0143498976638888,0.014352269328175,0.0580928880066419,0.000165260294963239,0.137443984846898,0.00704659691051549,0.0585143553326516,0.00286457162086785,0.000148995394687107,0.00119592813731986,3.09941621028264,3.0995692246581,-0.344065814939122,10,4.35121476134224,4.3523928302292,1.11364943257067,1777,17.6157518352463,6.77277567680161,1,7861.23677503646,58855.4648590088
445,"joint",-3139.46546012093,-3139.59053250344,8.72262464952878,-4.24384720794329,-4.24348564760677,0.014352269328175,0.0143574594777227,0.127180134243927,0.000361560336517225,0.0953350448487874,0.00492175210768842,0.0416968984230866,0.00197501722101053,0.000106612607366891,0.000656372970118375,3.0995692246581,3.09962511632403,-0.34404488405847,10,4.3523928302292,4.35343421941083,1.11449550545207,1759,17.5641909359977,6.8495815259439,0.999999999999997,7861.22102033204,58935.5147140026
446,"joint",-3137.49536918717,-3139.51456058721,8.72248542324293,-4.24348564760677,-4.24346020365249,0.0143574594777227,0.0143578247929127,0.00895003037941007,2.54439542800384e-05,0.165275870798578,0.00889369953649512,0.0716835781216254,0.00303037822215072,0.000175237361707696,0.00106630738542299,3.09962511632403,3.09958265348736,-0.344456862531232,10,4.35343421941083,4.35434693252654,1.1165786999098,1771,17.3384569855678,6.68335716065921,1,7861.15085729555,59015.6489920616
447,"joint",-3140.31402816469,-3139.48060359129,8.72243737479529,-4.24346020365249,-4.24315369391284,0.0143578247929127,0.0143622262805669,0.107866921442836,0.000306509739650444,0.124162419787009,0.00724857316546565,0.0432293364931955,0.00284944518117566,0.000162565333552823,0.00114419187644463,3.09958265348736,3.09949024016423,-0.344763338913052,10,4.35434693252654,4.35525574667099,1.11860869577079,1762,17.6821326258307,6.82071630455221,0.999999999999999,7861.13101968845,59095.7494721413
448,"joint",-3140.84547495387,-3139.55538372299,8.72225365052832,-4.24315369391284,-4.24227450554491,0.0143622262805669,0.0143748589352782,0.310606791064196,0.000879188367932153,0.0988633396338253,0.00553892929060739,0.0356287449226024,0.00209632417856859,0.000120124153836177,0.000665651485309663,3.09949024016423,3.09934648379053,-0.345020091191428,10,4.35525574667099,4.35588272965931,1.11995413219112,1758,17.3838249994965,6.71589458473809,0.999999999999999,7861.04421130682,59175.86353302
449,"joint",-3139.52116782094,-3139.49977591774,8.72195276164325,-4.24227450554491,-4.24180457787725,0.0143748589352782,0.0143816156666738,0.166203471118851,0.000469927667659031,0.134515884527887,0.0067545209324034,0.0709155205666171,0.00269244923426045,0.000145632357728241,0.00112392535746331,3.09934648379053,3.09949867247931,-0.345145049430649,10,4.35588272965931,4.35758729596944,1.12091492748245,1778,17.5329162025228,6.83653600083399,1,7860.87450206393,59256.3417851925
450,"joint",-3140.81371925381,-3139.57728774477,8.72175225436794,-4.24180457787725,-4.24128581906679,0.0143816156666738,0.0143890781919676,0.183721386427319,0.000518758810462864,0.111307496445483,0.00556409350335503,0.0556501158415578,0.00214039869780041,0.000114055857360013,0.000743049409506925,3.09949867247931,3.09932135177053,-0.345888098840156,10,4.35758729596944,4.35764440616096,1.12241159713754,1781,17.4528871068621,6.85836144850517,1,7860.79712910506,59336.4593980312
451,"joint",-3140.33932716539,-3139.669304566,8.72154207303057,-4.24128581906679,-4.24145917894785,0.0143890781919676,0.0143865839192933,-0.0614056169582122,-0.000173359881057686,0.134420323017262,0.00729245100367349,0.0515373150573083,0.00270886399836825,0.000152093209595804,0.00100798549975247,3.09932135177053,3.09923741164528,-0.346074260201627,10,4.35764440616096,4.35769482213982,1.12421705498593,1756,17.5230733046472,6.64281841502121,1,7860.6674134488,59416.4547851086
452,"joint",-3137.87451870517,-3139.59808605817,8.72157172547512,-4.24145917894785,-4.24103217647821,0.0143865839192933,0.0143927283379041,0.151386160373847,0.00042700246963568,0.149658003530594,0.00799333168911568,0.0628723491459065,0.00277364392247035,0.000159198383664008,0.000955351384190503,3.09923741164528,3.09914170629805,-0.346910655596435,10,4.35769482213982,4.35833649044584,1.12651954860381,1781,17.4241605566125,6.73252357896321,1,7860.67995355068,59496.6257090569
453,"joint",-3140.12074152668,-3139.6061387151,8.72139997242885,-4.24103217647821,-4.24002371729164,0.0143927283379041,0.0144072501381069,0.359363351954243,0.00100845918656645,0.126816329838426,0.00621407528285436,0.0571803820355259,0.00227267785130734,0.000120889474564178,0.00087633522285075,3.09914170629805,3.0990695797351,-0.34759216853123,10,4.35833649044584,4.35950564708627,1.12796113155136,1749,17.6312054505932,6.83245527221528,0.999999999999999,7860.58224319767,59576.7140960693
454,"joint",-3140.62796569216,-3139.62426478615,8.72100400551013,-4.24002371729164,-4.23966584274828,0.0144072501381069,0.0144124070488797,0.127609954445855,0.000357874543365356,0.176525086847539,0.0105628328388322,0.0551330458531329,0.00377639920802216,0.000223573551803433,0.00117557495984563,3.0990695797351,3.09868979121126,-0.348144450363125,10,4.35950564708627,4.35835263379423,1.12972199867745,1759,17.2998534366397,6.86529277937052,1,7860.37807192623,59656.7979800701
455,"joint",-3138.87083340223,-3139.5549735501,8.72088757689439,-4.23966584274828,-4.23906824583511,0.0144124070488797,0.0144210224328506,0.213471037581324,0.0005975969131722,0.136803046061586,0.00783251293034788,0.0548569145166683,0.00293637821267659,0.000169410091664392,0.000979006636546854,3.09868979121126,3.0985431927783,-0.348497473122894,10,4.35835263379423,4.35948028050896,1.13135694309715,1752,17.3981564866244,6.74575384141063,1,7860.28993955821,59737.1064500809
456,"joint",-3142.74292480158,-3139.73850182647,8.72064075423517,-4.23906824583511,-4.23856356104881,0.0144210224328506,0.01442830234035,0.18051139515567,0.000504684786298323,0.167540667804242,0.00945850026642982,0.0491335314400645,0.00344630314783379,0.00019676633656121,0.00103636616341115,3.0985431927783,3.09831428991635,-0.349121499083852,10,4.35948028050896,4.35912075536657,1.13383617363107,1762,17.7154382457648,6.78811475148981,0.999999999999998,7860.14456745989,59817.0807101727
457,"joint",-3138.39531609528,-3139.8509397225,8.72047844390103,-4.23856356104881,-4.23765026496917,0.01442830234035,0.0144414856715393,0.328030968016641,0.000913296079640377,0.144677361404034,0.00805825510737277,0.0538821775025805,0.00269823110395341,0.000158525297311526,0.00074402970722453,3.09831428991635,3.09821719426693,-0.349733942469699,10,4.35912075536657,4.36030827378565,1.13569992456404,1786,17.5231951676024,6.84456839508864,1,7860.03110306626,59897.1506280899
458,"joint",-3140.88865543191,-3139.87341959313,8.72015868877547,-4.23765026496917,-4.23724249003161,0.0144414856715393,0.0144473757482885,0.146583523168723,0.000407774937560122,0.104147808279832,0.00518920459305248,0.0621563051812623,0.0019647798688064,0.000104296588861238,0.000931116294923006,3.09821719426693,3.09826077284436,-0.350064009659883,10,4.36030827378565,4.36123510696518,1.13618093400862,1763,17.6288255768692,6.83473871532169,0.999999999999999,7859.84170902483,59977.2706341743
459,"joint",-3140.52721577088,-3139.98138086109,8.71998593937378,-4.23724249003161,-4.23736433492226,0.0144473757482885,0.0144456155166101,-0.043803033613892,-0.000121844890652254,0.17076391603823,0.00843585933564433,0.07544142916981,0.00349098659070801,0.000173905617534204,0.00169855765301235,3.09826077284436,3.09850389649834,-0.350493336870072,10,4.36123510696518,4.36285830295104,1.13715759479872,1778,17.4653605869968,6.87660206055046,1,7859.75978606304,60057.4210150242
460,"joint",-3141.45826525059,-3140.0615252219,8.72000211032434,-4.23736433492226,-4.2372604395974,0.0144456155166101,0.0144471164264945,0.0373522108481326,0.000103895324864881,0.103192730758754,0.00595869915558582,0.0354783612437342,0.00230569833474842,0.00013255821997783,0.000747671975019024,3.09850389649834,3.09836837354036,-0.350587118849155,10,4.36285830295104,4.3627834113951,1.13858746673814,1781,18.0230175141939,6.88529362937058,1,7859.78167294965,60137.597930193
461,"joint",-3139.09796046457,-3139.95756893829,8.71993182177195,-4.2372604395974,-4.23709293048487,0.0144471164264945,0.0144495366528449,0.0602309458592617,0.000167509112523398,0.135981907828227,0.00787827585241661,0.0454599513392858,0.00278732917552183,0.000161977520786919,0.00107350605714715,3.09836837354036,3.0981986626373,-0.351184895368212,10,4.3627834113951,4.36276569774438,1.1407127008147,1749,17.6202641310046,6.75432409120891,0.999999999999999,7859.74227625773,60217.7083191872
462,"joint",-3138.31326469376,-3139.82178833599,8.71982138154207,-4.23709293048487,-4.23620520835645,0.0144495366528449,0.014462369521445,0.320461823638539,0.00088772212842151,0.140817880457379,0.00707174183605609,0.0561238910250286,0.00260665200898377,0.000135244634097752,0.00110224405101334,3.0981986626373,3.09802399444688,-0.351445073882916,10,4.36276569774438,4.36361512319024,1.14269034468435,1773,17.4754173506529,6.86270147850561,0.999999999999999,7859.68775308353,60297.7123961449
463,"joint",-3139.76684374201,-3139.81250091721,8.71948226196874,-4.23620520835645,-4.23585977524696,0.014462369521445,0.014467366165673,0.124773535056952,0.000345433109495194,0.177925799852807,0.00934148439034522,0.074288470766265,0.00344497782964726,0.000187902092351755,0.00114194594646122,3.09802399444688,3.09811927089645,-0.352245236818912,10,4.36361512319024,4.365760744946,1.14490685780121,1748,17.7363902699339,6.84436761368651,1,7859.50256931001,60377.7498950958
464,"joint",-3138.96858970316,-3139.82238209734,8.71926874969906,-4.23585977524696,-4.23568856890328,0.014467366165673,0.0144698432825799,0.0618503310836175,0.000171206343677082,0.185735057534102,0.00949729071013315,0.088185264951169,0.00327165962895848,0.000177428191299553,0.00157847697593803,3.09811927089645,3.09807259429485,-0.352768510732016,10,4.365760744946,4.36657968894473,1.14716944051346,1757,17.6393653074786,6.82050934697342,0.999999999999997,7859.40312104314,60457.7781040668
465,"joint",-3137.2763350455,-3139.71292584357,8.71920800869641,-4.23568856890328,-4.23563207206977,0.0144698432825799,0.0144706608060001,0.0204104798427659,5.64968335029162e-05,0.128913667542205,0.00585915868642873,0.0609617829598058,0.00258314099736485,0.000121048573145617,0.00125806134043918,3.09807259429485,3.09789779493746,-0.35281466658851,10,4.36657968894473,4.36646331141092,1.14840949043514,1783,17.5182618901689,6.69029523671025,0.999999999999999,7859.36558574501,60537.7820501328
466,"joint",-3140.06558914737,-3139.84143684158,8.71914863656801,-4.23563207206977,-4.23513747346887,0.0144706608060001,0.0144778197448436,0.178901443292792,0.000494598600905984,0.14160804443039,0.00724046615165152,0.0580332018417745,0.00283064296530777,0.000149423412377984,0.00100005772399872,3.09789779493746,3.09770426594507,-0.353017160961942,10,4.36646331141092,4.36662481128258,1.14982913967314,1745,17.6427050333439,6.94187672492107,0.999999999999998,7859.32300952908,60618.7396621704
467,"joint",-3137.83289484686,-3139.71738017569,8.71894441147969,-4.23513747346887,-4.23457012894216,0.0144778197448436,0.0144860359871342,0.205545470398933,0.000567344526711343,0.161375075471671,0.00849789697152861,0.0719571791495006,0.00288858404498114,0.000163877524778,0.00107652150804824,3.09770426594507,3.09775241658546,-0.353631610327064,10,4.36662481128258,4.36858518525925,1.15192491730075,1772,17.5814297140148,6.73372592640214,1,7859.21293030126,60699.1776499748
468,"joint",-3139.24228892013,-3139.637220874,8.71867901248669,-4.23457012894216,-4.23337477296873,0.0144860359871342,0.0145033623102815,0.43619777174109,0.0011953559734251,0.101913903544339,0.00558282781380913,0.041859059899288,0.0020269365158686,0.000115881885591017,0.000647224261892306,3.09775241658546,3.09766076270001,-0.354177367341254,10,4.36858518525925,4.36930696894785,1.15330889838022,1760,17.9418113579335,6.92642403495616,1,7859.08966459038,60779.476195097
469,"joint",-3139.40984696816,-3139.63165483136,8.7182640039236,-4.23337477296873,-4.23257580304574,0.0145033623102815,0.0145149546909148,0.292487443357416,0.00079896992299677,0.140648678548752,0.00784660907496631,0.0502178287168379,0.00261016227505052,0.000150595191821104,0.000889643030361616,3.09766076270001,3.09762205871879,-0.354830706824124,10,4.36930696894785,4.3707429150913,1.15542239003867,1754,17.9026725750759,6.72439149929273,0.999999999999999,7858.86421677684,60859.8228461742
470,"joint",-3137.72301131262,-3139.4771194343,8.71795305415182,-4.23257580304574,-4.23232271379519,0.0145149546909148,0.0145186287348302,0.0926807696819991,0.000253089250548704,0.116450923777629,0.00615559901763321,0.0456481180001831,0.00221028501871612,0.000121590686137219,0.000872399823249856,3.09762205871879,3.09754312239417,-0.355409391971423,10,4.3707429150913,4.37194045421311,1.15702293325019,1764,17.5746443862777,6.6113389354311,1,7858.69256523159,60940.6346521378
471,"joint",-3139.29446794383,-3139.42487647322,8.71778021219891,-4.23232271379519,-4.23104397245917,0.0145186287348302,0.0145372061808783,0.472148630300279,0.00127874133601539,0.207941440036306,0.0111541322569156,0.0853196834944424,0.00405094732926594,0.000227777247473486,0.00144388755494125,3.09754312239417,3.09748872993434,-0.356510808155314,10,4.37194045421311,4.37445494879534,1.1591314206778,1757,17.7212929067511,6.74878055609121,1,7858.60449717672,61021.1775000095
472,"joint",-3140.60403484734,-3139.56135228033,8.7172591821951,-4.23104397245917,-4.23060440214184,0.0145372061808783,0.0145435977098727,0.162459222526433,0.000439570317331446,0.120771013551146,0.00686522208145955,0.0426506667372568,0.00244007111132209,0.000140792906458346,0.000953671912881286,3.09748872993434,3.09734486487727,-0.356868453248994,10,4.37445494879534,4.37469562095742,1.16083200254619,1766,17.5970885412365,6.83004542571271,1,7858.32399512124,61101.5198690891
473,"joint",-3138.61026730323,-3139.48582856916,8.71706040923462,-4.23060440214184,-4.23027427172528,0.0145435977098727,0.0145483997864551,0.122078263047288,0.000330130416563917,0.159131726339036,0.00833047676228097,0.0659784609632278,0.00273202674823055,0.000152666952967957,0.00103193855062985,3.09734486487727,3.09731076043277,-0.357366261132791,10,4.37469562095742,4.37558762205983,1.16255273692804,1781,17.3853714808918,6.79115106022212,0.999999999999998,7858.22963521727,61181.7980880737
474,"joint",-3140.2303077246,-3139.46594567078,8.71693344403476,-4.23027427172528,-4.22884751402307,0.0145483997864551,0.0145691716425844,0.533051253571893,0.00142675770220128,0.203792601830172,0.0104189349235103,0.0934311394878422,0.00339597538295289,0.000190418102338988,0.00134089062991546,3.09731076043277,3.09728268760814,-0.358029568293879,10,4.37558762205983,4.37806385798398,1.16535662398841,1767,17.8402044389497,6.89731787369289,0.999999999999999,7858.15192838004,61261.9678061008
475,"joint",-3141.0934784385,-3139.57707792259,8.71637209765012,-4.22884751402307,-4.22796084733995,0.0145691716425844,0.0145820953703533,0.332577636583462,0.000886666683125505,0.139038200322227,0.00698731359618089,0.0561013834926135,0.00249297648967104,0.000130907438231557,0.000987360199002495,3.09728268760814,3.09711801045474,-0.358509221263491,10,4.37806385798398,4.37838308094048,1.16697154544506,1772,17.539166458374,6.75808365797698,1,7857.86144069181,61342.0622951984
476,"joint",-3138.80391603673,-3139.38012748435,8.71606556830928,-4.22796084733995,-4.22731544558047,0.0145820953703533,0.0145915097180536,0.242587936017032,0.000645401759475334,0.12736012690485,0.00731301203199072,0.0465746826321073,0.00250895421295705,0.000148226208260762,0.000831122710329484,3.09711801045474,3.09685120327987,-0.359106259747507,10,4.37838308094048,4.37825159932486,1.16812683634323,1766,17.6488670785185,6.71422891933398,1,7857.68655085392,61422.4003281593
477,"joint",-3138.16581558406,-3139.36865245879,8.71581583104557,-4.22731544558047,-4.22624615074579,0.0145915097180536,0.0146071206889031,0.404234773177495,0.00106929483468104,0.129898011431898,0.00658583712091012,0.0652151535234135,0.00234678169434415,0.000125417082530006,0.000930858435454335,3.09685120327987,3.09679898459964,-0.359619393178401,10,4.37825159932486,4.3797705281932,1.16939624047262,1765,17.5987531388323,6.76439346920342,1,7857.53396768929,61502.6081080437
478,"joint",-3138.68838027296,-3139.25863870084,8.71538799614909,-4.22624615074579,-4.2251186391327,0.0146071206889031,0.0146235996754923,0.42897845095542,0.00112751161309483,0.148200205766829,0.00792774378898985,0.0683308254760488,0.00270046805549213,0.000152800096776836,0.00111154501158939,3.09679898459964,3.09655593602752,-0.360490840658989,10,4.3797705281932,4.37993887703263,1.17148952772295,1761,17.6010376835054,6.8229884634617,1,7857.31157210366,61582.8970711231
479,"joint",-3140.10845977194,-3139.2377009009,8.71496462718752,-4.2251186391327,-4.22388077414432,0.0146235996754923,0.0146417129261012,0.47461434132789,0.00123786498838413,0.132076202720434,0.00754178685529604,0.0469405894194957,0.00246901933921594,0.000147505180906031,0.000795816695917684,3.09655593602752,3.09653963683359,-0.361088420948783,10,4.37993887703263,4.38147206340005,1.17261463236463,1783,17.7641154898228,6.88385971401866,1,7857.0694383363,61663.2147481441
480,"joint",-3139.65101547411,-3139.14733841207,8.71450049946913,-4.22388077414432,-4.22339353294112,0.0146417129261012,0.0146488487102071,0.187037079939498,0.000487241203199748,0.124813942845393,0.00598932585560693,0.084252427797348,0.00231088967190138,0.000119926582421244,0.00100937056647111,3.09653963683359,3.09658171627935,-0.36133231643479,10,4.38147206340005,4.38243799795222,1.1740937147389,1761,17.5797214167833,6.84091633542957,1,7856.82005945125,61743.2991170883
481,"joint",-3141.90672918527,-3139.28777684811,8.71428647911791,-4.22339353294112,-4.22276543539656,0.0146488487102071,0.0146580525062508,0.241584549991451,0.000628097544555852,0.187822612654094,0.0102985333595529,0.0647513078792855,0.00360002348090383,0.000202060095312642,0.00113016638356044,3.09658171627935,3.09634413837729,-0.361969355919898,10,4.38243799795222,4.38310075563207,1.17694599119829,1753,17.7163587048462,6.81382373696746,1,7856.72349103948,61823.3569171429
482,"joint",-3140.70181540188,-3139.40720438351,8.71403893199157,-4.22276543539656,-4.22254098298069,0.0146580525062508,0.0146613429108036,0.0863526697375253,0.000224452415866902,0.164100530725767,0.00818645981296772,0.0956749389738466,0.00325590315814173,0.000166248024724567,0.00163971570075609,3.09634413837729,3.09636064655835,-0.362342366249383,10,4.38310075563207,4.38404756398152,1.17876015703867,1772,17.824338936771,7.02849100533372,1,7856.56057244288,61903.4518430233
483,"joint",-3139.96459816058,-3139.41709210444,8.71388068944059,-4.22254098298069,-4.22218494516524,0.0146613429108036,0.0146665638326728,0.137063888722682,0.000356037815453841,0.120123709265654,0.00607845712315542,0.0545930378939436,0.00210799019696196,0.000115033609110066,0.00086757245021785,3.09636064655835,3.09641156064365,-0.362768134701102,10,4.38404756398152,4.38508954820871,1.18003435351012,1751,17.732591506508,6.8155062845512,0.999999999999997,7856.4831848693,61983.5752010345
484,"joint",-3139.8891787116,-3139.46312155486,8.71374030595707,-4.22218494516524,-4.22211010478752,0.0146665638326728,0.0146676615249252,0.0288121094099129,7.48403777200312e-05,0.145614631961683,0.00647443624300587,0.0850066251794693,0.00288535752945084,0.000129993277103655,0.00159380850656678,3.09641156064365,3.09650811294246,-0.362727727874911,10,4.38508954820871,4.38599519082206,1.18135041627273,1777,17.8416808171417,6.78180195394873,0.999999999999995,7856.41245571777,62063.6867520809
485,"joint",-3139.00303372323,-3139.54945648875,8.71372417647426,-4.22211010478752,-4.22156364448862,0.0146676615249252,0.0146756790100455,0.210691547326744,0.000546460298901195,0.130532892142338,0.00668501660750069,0.0513622879127577,0.00234713019066716,0.00012645974192133,0.000961204713428394,3.09650811294246,3.09657085995563,-0.363377649228034,10,4.38599519082206,4.38739924622894,1.18257359626325,1781,17.7098077210267,6.86745390674196,1,7856.41553101746,62143.8663170338
486,"joint",-3140.87524415949,-3139.58993923936,8.71351488226358,-4.22156364448862,-4.2212920930887,0.0146756790100455,0.0146796647523679,0.104737143964155,0.00027155139991989,0.139884270987109,0.00714884285637089,0.0649600142063288,0.00288109301409587,0.00014514465361152,0.00143613561778214,3.09657085995563,3.09634558004091,-0.363714195225754,10,4.38739924622894,4.38642894558232,1.18369124008545,1765,17.4642310651583,6.82431280029483,1,7856.30302006996,62224.1682460308
487,"joint",-3140.52314463414,-3139.72445172872,8.71341714283601,-4.2212920930887,-4.22062397662013,0.0146796647523679,0.0146894757552233,0.258269028472446,0.000668116468565955,0.146579327427967,0.00824180130122426,0.0547618364156431,0.00280371390152166,0.000162746122801103,0.000771092788465932,3.09634558004091,3.09625212734062,-0.363906071493924,10,4.38642894558232,4.38777513733981,1.18607706530004,1767,17.7519824651846,6.8339729383176,0.999999999999998,7856.2474921493,62304.3375120163
488,"joint",-3141.31667449874,-3139.82817100765,8.71312552027282,-4.22062397662013,-4.2205792811233,0.0146894757552233,0.0146901323233131,0.0172777927055501,4.46954968330638e-05,0.0873564752859233,0.00466642290777773,0.0319029785082291,0.00179446461653591,9.46784455112681e-05,0.000643149304842826,3.09625212734062,3.0961313293888,-0.364144500052873,10,4.38777513733981,4.38726957337202,1.18666136488229,1766,17.8183874050364,6.93393644867255,0.999999999999999,7856.09193793316,62384.622467041
489,"joint",-3139.13762720162,-3139.81456001932,8.71308652107443,-4.2205792811233,-4.22030772917345,0.0146901323233131,0.0146941219990666,0.105011678409992,0.00027155194984846,0.112559602797632,0.00601181241400128,0.0482197938679901,0.00212242254477486,0.000117439675292929,0.000836089079755265,3.0961313293888,3.09614846912377,-0.364426583885798,10,4.38726957337202,4.38826530585748,1.18792223357608,1783,17.6663191554726,6.82702581753905,0.999999999999998,7856.06762434833,62464.7690191269
490,"joint",-3141.59321604592,-3140.00807025599,8.71297924530126,-4.22030772917345,-4.2200809896478,0.0146941219990666,0.0146974541150654,0.0877048426948932,0.000226739525647308,0.134530822308968,0.00636994021049396,0.0657604889915836,0.00241370244223863,0.000123615712017264,0.00105329036378067,3.09614846912377,3.09630108004154,-0.364641230390568,10,4.38826530585748,4.38967192375407,1.18876223822436,1771,17.7170958913419,6.82209734939287,1,7856.01675706176,62545.0311200619
491,"joint",-3139.48551013547,-3140.01762236557,8.71288975321582,-4.2200809896478,-4.22017466150563,0.0146974541150654,0.0146960774417119,-0.0362346881777814,-9.36718578269099e-05,0.15534641634933,0.00789072318356121,0.0623670114169271,0.00292587583240449,0.000155743202612341,0.00107071300920685,3.09630108004154,3.09649483514131,-0.364828179964258,10,4.38967192375407,4.39143093879537,1.18976379145794,1773,17.9489410928847,6.73317669778958,1,7855.99246202839,62625.1955060959
492,"joint",-3139.71471042,-3139.9731561442,8.71286709687078,-4.22017466150563,-4.2196167439188,0.0146960774417119,0.0147042789294384,0.216153573025431,0.000557917586827941,0.204288182819171,0.0120729091492452,0.0742639349010275,0.00407347548563153,0.000242212363650609,0.00131453196393205,3.09649483514131,3.09613399227736,-0.365335727191713,10,4.39143093879537,4.3910763270559,1.19154962171176,1762,17.9244095253849,6.78555661656485,1,7856.00878737676,62705.337954998
493,"joint",-3140.82123790996,-3140.08370467454,8.71259100110919,-4.2196167439188,-4.21890030398869,0.0147042789294384,0.01471481743666,0.278284877869644,0.000716439930116971,0.140679734098327,0.00747308328651557,0.0482978151764785,0.0024800800048221,0.00013758400974415,0.000912596876378924,3.09613399227736,3.0960606925496,-0.36583470068267,10,4.3910763270559,4.39236005718762,1.1936770950158,1756,17.901558846637,6.90709062244915,1,7855.82805914486,62785.4017350674
494,"joint",-3138.88798615321,-3140.01658859597,8.71228900186545,-4.21890030398869,-4.21842790315668,0.01471481743666,0.0147217703708165,0.183698500405872,0.000472400832009161,0.13427209768164,0.00669232268801536,0.0668758820304304,0.00242237856860431,0.000126022100658035,0.000904450027055013,3.0960606925496,3.09602910065347,-0.366232677795966,10,4.39236005718762,4.39325784896508,1.19515768138391,1757,17.4688487993123,6.96219058258516,1,7855.66249954427,62865.6640892029
495,"joint",-3139.62784824085,-3139.94330708609,8.71208369341555,-4.21842790315668,-4.21783160102491,0.0147217703708165,0.0147305516117481,0.232292302684643,0.000596302131762302,0.181656102465391,0.0105593327483487,0.0658520299131065,0.00344411720553004,0.000207014397324199,0.00112884935099804,3.09602910065347,3.09577057680342,-0.36689395373986,10,4.39325784896508,4.39338322272643,1.19779904806342,1766,17.7940851688745,6.69244625173336,0.999999999999999,7855.54769810773,62945.7360451221
496,"joint",-3139.57359718864,-3139.98179114368,8.71185524132755,-4.21783160102491,-4.21731749277312,0.0147305516117481,0.014738126656915,0.200538484063516,0.000514108251799341,0.124285903807838,0.00651958848241878,0.0515448998869279,0.0022392577523964,0.000122273253338532,0.00086491812396244,3.09577057680342,3.09576296007367,-0.367202784466133,10,4.39338322272643,4.39427789142408,1.1993426576659,1775,17.7096157833635,6.8383099534761,1,7855.40831630108,63025.8139259815
497,"joint",-3139.66592479051,-3140.05679660401,8.71166169646847,-4.21731749277312,-4.21696251974697,0.014738126656915,0.0147433592229891,0.138551839679511,0.000354973026143489,0.130587081014908,0.0074578701182822,0.0445685926086347,0.00266394632268078,0.000150318359083172,0.000971618035306217,3.09576296007367,3.09557642334422,-0.367360846310073,10,4.39427789142408,4.39369439880053,1.20078067541092,1771,17.9233494268256,6.99470059072361,1,7855.29804211707,63106.4544620514
498,"joint",-3138.56257032906,-3140.05050610681,8.7115563807709,-4.21696251974697,-4.21666309522162,0.0147433592229891,0.0147477744073008,0.116922766958949,0.000299424525355534,0.0934796945363983,0.00452519219096476,0.0455859582574378,0.00203563686423233,9.81788525439136e-05,0.00103273020050637,3.09557642334422,3.0955338269654,-0.367779742519043,10,4.39369439880053,4.39331300106447,1.2011186139459,1768,18.0110685412409,6.95691525453092,1,7855.22957840422,63186.7676670551
499,"joint",-3140.276851525,-3140.05892569446,8.71150668703082,-4.21666309522162,-4.21583901524417,0.0147477744073008,0.014759932761942,0.32289459158716,0.000824079977446619,0.150570410306873,0.007952262697679,0.056997108491184,0.0027836614597188,0.000152597765782656,0.00101802872543407,3.0955338269654,3.09543217040601,-0.36849279897566,10,4.39331300106447,4.39415406995537,1.20315384950106,1763,17.7762538030466,7.05141772102909,1,7855.20310716771,63267.1477069855
500,"joint",-3139.03813663533,-3140.02828175252,8.71120809635609,-4.21583901524417,-4.21505830225058,0.014759932761942,0.0147714605325883,0.30683889223946,0.000780712993584903,0.199998832815395,0.0104980932439366,0.0932246315558742,0.00364061376401242,0.000199894704781362,0.00112650676589208,3.09543217040601,3.09536234378833,-0.36924731488126,10,4.39415406995537,4.3952912976705,1.20606499378754,1753,17.8248629634282,6.88724637578471,1,7855.03322809421,63347.3418869972
501,"joint",-3138.60777569904,-3139.86333407821,8.7108675140128,-4.21505830225058,-4.2145752142208,0.0147714605325883,0.0147785981722695,0.190087094576336,0.000483088029789008,0.146194651838458,0.00764884724934844,0.0615474689460118,0.00240045399020368,0.000133402240039135,0.000942131132261223,3.09536234378833,3.09525902170636,-0.369866708061672,10,4.3952912976705,4.39577407713865,1.20813049883705,1737,17.9246082699267,6.79747603726497,0.999999999999996,7854.84375323417,63427.4261820316
502,"joint",-3139.49949483651,-3139.80321804994,8.71067035857803,-4.2145752142208,-4.21380043794918,0.0147785981722695,0.0147900527162425,0.305780709097901,0.000774776271616784,0.165127291407497,0.00891152366156776,0.0599098428577417,0.00306709813750342,0.000167967178994138,0.000999333306725967,3.09525902170636,3.09503324280714,-0.370339825157838,10,4.39577407713865,4.39668725523274,1.21051751633301,1768,17.6437709511189,6.78510163274141,0.999999999999998,7854.72083529934,63507.5784060955
503,"joint",-3138.23473577789,-3139.71672493081,8.71032400012809,-4.21380043794918,-4.21303876429487,0.0147900527162425,0.0148013222010323,0.301485303901898,0.000761673654307087,0.137570334511275,0.00750065067387242,0.0526519530335646,0.00262929731469012,0.000147968462052077,0.000901275351240918,3.09503324280714,3.09483979531524,-0.370665100327729,10,4.39668725523274,4.39713822513154,1.21176905450155,1768,17.8623097952872,6.87879371586908,0.999999999999997,7854.51064417389,63587.8135211468
504,"joint",-3139.68232978868,-3139.70638248466,8.70999040005648,-4.21303876429487,-4.21296642622049,0.0148013222010323,0.0148023929389057,0.0286335714051875,7.23380743822301e-05,0.118772746326955,0.00618774254254524,0.0570783431498039,0.00207418111316318,0.000115530922872771,0.000954074382184397,3.09483979531524,3.09479215185666,-0.370927218820551,10,4.39713822513154,4.39762556929838,1.21320521916591,1760,18.1471192278022,6.82176878899049,1,7854.32783818581,63668.1142320633
505,"joint",-3141.35969211163,-3139.82421540408,8.7099395046584,-4.21296642622049,-4.21269164706231,0.0148023929389057,0.0148064608868446,0.108806885906703,0.000274779158179268,0.154444576631927,0.00846927489308182,0.0668722025876312,0.00289835352582152,0.000165457015336679,0.00103760445285198,3.09479215185666,3.09486835277587,-0.371755318015626,10,4.39762556929838,4.39890544118928,1.21473176082934,1766,17.6291649239642,6.95061542520401,1,7854.30962839665,63748.1940381527
506,"joint",-3140.42863366387,-3139.8018848793,8.70977110854068,-4.21269164706231,-4.21197766195339,0.0148064608868446,0.0148170362543118,0.283446787458851,0.000713985108917105,0.104135456476077,0.00550111586374503,0.0368099921331478,0.00184338308500445,0.000102369565844588,0.000612993491397914,3.09486835277587,3.09473423951236,-0.372204609873219,10,4.39890544118928,4.39939192285479,1.21587673272065,1774,17.9095658667019,7.08298119065847,0.999999999999997,7854.22694036985,63828.3119390011
507,"joint",-3140.94548792029,-3139.82300204361,8.70948008453922,-4.21197766195339,-4.21151700788645,0.0148170362543118,0.0148238633546675,0.183070587616122,0.000460654066948159,0.126155367496668,0.00652495113043859,0.060368896466893,0.00245987359920241,0.000129440211591394,0.00104910925632278,3.09473423951236,3.09452309472074,-0.372330227889354,10,4.39939192285479,4.39890082287885,1.21677983581866,1766,17.8373962048651,6.85307504005339,1,7854.06018375044,63908.8228800297
508,"joint",-3138.77064475925,-3139.69570055664,8.70929616843546,-4.21151700788645,-4.21083205350101,0.0148238633546675,0.0148340205030759,0.27285158891373,0.000684954385433912,0.134527368185688,0.00741732660670898,0.0578712454310496,0.00289343681237408,0.000153330528900935,0.00125944403387616,3.09452309472074,3.09455023611966,-0.372798870711092,10,4.39890082287885,4.40043300455681,1.21791111950041,1774,17.8240825130604,6.95222889140871,0.999999999999998,7853.94468195901,63989.0309450626
509,"joint",-3137.05167263475,-3139.59140282829,8.70900825697695,-4.21083205350101,-4.21024563307057,0.0148340205030759,0.0148427220268907,0.234003288780928,0.000586420430438152,0.129724032680893,0.00649734305672322,0.0646038462369775,0.00235064346343482,0.000124504149752381,0.00112864124801325,3.09455023611966,3.09435078212645,-0.37339368268617,10,4.40043300455681,4.40024089611078,1.21934126719595,1783,17.828708654656,6.84373615303256,0.999999999999998,7853.79212889035,64069.170525074
510,"joint",-3138.77026617776,-3139.45025533489,8.70876348914767,-4.21024563307057,-4.20935294672245,0.0148427220268907,0.0148559778379736,0.357642494942117,0.000892686348124252,0.190285043334376,0.00993258520601149,0.0842748657922208,0.0032039246957347,0.000179397591472033,0.00115070047550632,3.09435078212645,3.09444668362212,-0.37370430411735,10,4.40024089611078,4.40262145230217,1.22131525513577,1790,17.6032997815997,6.60680402735962,1,7853.65178574976,64149.2546031475
511,"joint",-3138.05401944678,-3139.37868080045,8.7084149224794,-4.20935294672245,-4.20881063011822,0.0148559778379736,0.0148640366664479,0.217591893347085,0.00054231660422479,0.204724763809295,0.0112856757317955,0.0645613186800186,0.00415371790592432,0.00022795234247144,0.00147751333943951,3.09444668362212,3.09410610626786,-0.374295054550927,10,4.40262145230217,4.40196471165164,1.22363514775424,1756,17.9294806119607,6.93527256623406,1,7853.47746735978,64229.3435740471
512,"joint",-3139.47120791983,-3139.36650567544,8.70820544174405,-4.20881063011822,-4.20859482794801,0.0148640366664479,0.0148672447039569,0.0866057581246993,0.000215802170213027,0.116475217320347,0.00628553622478497,0.0416545162829525,0.00208336552893347,0.000116641030644622,0.000669226991677677,3.09410610626786,3.0939361799769,-0.374743947535704,10,4.40196471165164,4.40206877923083,1.22478072960694,1778,17.8753690494396,6.9114707349667,0.999999999999999,7853.33123304891,64309.4784281254
513,"joint",-3139.90557379739,-3139.32072246981,8.70808463825233,-4.20859482794801,-4.2083238076925,0.0148672447039569,0.0148712745744789,0.108805855459531,0.000271020255507736,0.116282938873545,0.00587244130774222,0.0562278598286016,0.00220545587208417,0.000113243167245308,0.000820514935983106,3.0939361799769,3.09402251684925,-0.374966754753051,10,4.40206877923083,4.4035992006188,1.22552562841013,1788,17.781626899958,6.85813877840542,0.999999999999998,7853.25084305086,64389.4869091511
514,"joint",-3141.5725755155,-3139.45495193793,8.70794669542129,-4.2083238076925,-4.2077399124647,0.0148712745744789,0.0148799603762866,0.234815648745977,0.000583895227801528,0.109620328469734,0.00619294082543502,0.0416751440701374,0.00194191425481399,0.000114755874112267,0.000670949323718647,3.09402251684925,3.09406047153576,-0.375381445158837,10,4.4035992006188,4.40494625679923,1.22656146200502,1754,17.7264176812914,6.7898640645047,1,7853.18602748813,64469.569466114
515,"joint",-3140.67569965435,-3139.5073445086,8.70770362057137,-4.2077399124647,-4.2074399228545,0.0148799603762866,0.0148844248794185,0.120696265030531,0.000299989610198237,0.0635592733065538,0.00324269110144409,0.0327096561520935,0.00131696071937405,6.60563804092824e-05,0.000662415037671968,3.09406047153576,3.09396817758088,-0.37550390462842,10,4.40494625679923,4.40498923029593,1.22720290360435,1749,17.787264229984,6.91875427311017,1,7853.06185139684,64550.4119570255
516,"joint",-3140.38335394814,-3139.54783234658,8.70759384845636,-4.2074399228545,-4.20692697425117,0.0148844248794185,0.0148920617828738,0.206649125440461,0.000512948603334605,0.146505944445046,0.00762355897984235,0.0615277458449046,0.00262131835438019,0.000142632585032993,0.00103222832032468,3.09396817758088,3.09373909912834,-0.376257313324635,10,4.40498923029593,4.40515244565786,1.22897391983022,1779,17.9582931070249,6.78209000855279,1,7852.99129985401,64630.4495871067
517,"joint",-3139.92151924515,-3139.56061206931,8.70735024436885,-4.20692697425117,-4.20621356804324,0.0148920617828738,0.0149026896627456,0.288140691147624,0.000713406207929592,0.111513245179578,0.00628793421208125,0.0424864019399236,0.00221205821290693,0.000124700692693691,0.000989252590749955,3.09373909912834,3.09362449349704,-0.376606612588717,10,4.40515244565786,4.40589381641468,1.23048898995791,1752,17.5781466379752,6.79173615832074,1,7852.85230926848,64710.6215820312
518,"joint",-3139.21585661362,-3139.59327638354,8.70707848541535,-4.20621356804324,-4.20532294006996,0.0149026896627456,0.0149159683273336,0.361154774024117,0.000890627973275285,0.149792643984941,0.00834039718459654,0.0620965527883077,0.00278675970435988,0.000158094483079001,0.00106339838231504,3.09362449349704,3.09335889060385,-0.377140991831414,10,4.40589381641468,4.40626131813991,1.23246688570235,1784,17.9734112914846,6.85732777517243,1,7852.70009761344,64790.7479829788
519,"joint",-3141.55174084025,-3139.6570208493,8.706694869078,-4.20532294006996,-4.20467737819523,0.0149159683273336,0.0149256006165952,0.262326252458487,0.000645561874731535,0.118250375996442,0.00647231898214983,0.0490962355215572,0.00237061038571494,0.000126674844999127,0.00121112660126312,3.09335889060385,3.09336293797408,-0.377561738566563,10,4.40626131813991,4.40750879754515,1.23394924410672,1751,17.8653260991516,6.84740354668451,0.999999999999997,7852.47043936489,64870.7823021412
520,"joint",-3140.87755640603,-3139.74899183784,8.70638639399303,-4.20467737819523,-4.20434714554054,0.0149256006165952,0.0149305303512446,0.134264386829386,0.000330232654689023,0.155049821121703,0.00876698848918197,0.0508914359526836,0.00327834184660334,0.000179362392746522,0.00139378753303268,3.09336293797408,3.09308224298735,-0.377841129893852,10,4.40750879754515,4.40668133822228,1.23561084579948,1782,17.9691288126994,6.72460105303735,0.999999999999997,7852.31321853549,64950.9976840019
521,"joint",-3139.6490682687,-3139.80105646632,8.70624361485677,-4.20434714554054,-4.20369288691379,0.0149305303512446,0.0149403019757651,0.266576448736164,0.000654258626754726,0.136469137342463,0.00733252470109174,0.0488793168296805,0.00258523927566795,0.000136336661359577,0.00146512471704443,3.09308224298735,3.09294238811139,-0.378436617827723,10,4.40668133822228,4.40749469605122,1.23728485410657,1755,17.9372628668291,6.93733515666125,1,7852.22030283205,65031.116063118
522,"joint",-3138.99238595746,-3139.77570102237,8.70594978046756,-4.20369288691379,-4.20303121498881,0.0149403019757651,0.0149501908253595,0.270189089029788,0.000661671924980167,0.146410257943306,0.00792154245504338,0.0624088628752082,0.00254944814566624,0.000145992024714221,0.000926710616188944,3.09294238811139,3.09299011366598,-0.378950410890441,10,4.40749469605122,4.40887740447657,1.23883692627923,1761,18.090433444885,6.88519079390087,0.999999999999998,7852.05632944707,65111.4609460831
523,"joint",-3140.44954773098,-3139.88644162002,8.7056881006432,-4.20303121498881,-4.20259015597227,0.0149501908253595,0.014956786196189,0.180278791718603,0.000441059016535832,0.141548155441241,0.0079949827387834,0.0512907823055282,0.00269613905565439,0.000152447276566166,0.000961708436660185,3.09299011366598,3.09312222734825,-0.379426005427542,10,4.40887740447657,4.41023464602051,1.23955098340171,1782,17.5828902038759,6.90343508958525,1,7851.92131799969,65191.604804039
524,"joint",-3140.65479579841,-3139.93506492051,8.70548551066054,-4.20259015597227,-4.20197417426806,0.014956786196189,0.0149660021409748,0.25225584805162,0.000615981704208254,0.140204438166459,0.00765050549557398,0.0501181627013319,0.00257414859411511,0.000143196492108047,0.00114768113975294,3.09312222734825,3.09322277203284,-0.37990074810929,10,4.41023464602051,4.41183258624033,1.24055678860411,1748,18.1938503995949,7.18455285844171,1,7851.82443146012,65271.7650620937
525,"joint",-3137.76974840743,-3139.7555677353,8.70518977499561,-4.20197417426806,-4.20175344051355,0.0149660021409748,0.0149693060074416,0.0904165658594511,0.000220733754518166,0.110778488470831,0.00622319788264789,0.0354030576666803,0.00202976783416797,0.000116790433848616,0.000679346650684811,3.09322277203284,3.09313807612196,-0.38033011864458,10,4.41183258624033,4.4120250493636,1.24181520589661,1793,17.9720823532315,6.80697571178661,0.999999999999997,7851.68644120863,65351.9040651321
526,"joint",-3140.32675831885,-3139.75047396805,8.70508324443329,-4.20175344051355,-4.20120686678239,0.0149693060074416,0.0149774900732729,0.22422172819522,0.000546573731159427,0.126395042162308,0.00687992737758532,0.0455000211585001,0.00259361940237256,0.000138903804584713,0.00100584910931419,3.09313807612196,3.09296412718592,-0.380821397616743,10,4.4120250493636,4.41210083996835,1.24325516716396,1745,18.0662179846234,6.84031954330491,1,7851.63474221764,65431.9770431519
527,"joint",-3139.46426911334,-3139.6764130277,8.7048796789586,-4.20120686678239,-4.20015917160122,0.0149774900732729,0.0149931901404548,0.432175969195222,0.00104769518116212,0.175428315868518,0.00961541292565473,0.0721109060446185,0.00304814533091302,0.000175359270179345,0.00107236436242434,3.09296412718592,3.09292449824546,-0.381392045350144,10,4.41210083996835,4.41404746726293,1.24578867118516,1752,18.1742950628553,6.95267846408442,1,7851.5107617395,65512.2312781811
528,"joint",-3140.51048159233,-3139.76340486935,8.7044282159674,-4.20015917160122,-4.19939555225238,0.0149931901404548,0.0150046436030331,0.315916650106284,0.000763619348839663,0.120619308842882,0.0064425906359812,0.0521847931944141,0.0020421335751478,0.000115795283685735,0.000815152941366832,3.09292449824546,3.09286448660744,-0.381935351332638,10,4.41404746726293,4.4147550406223,1.24737603852112,1761,17.8747634219795,6.63914512255632,1,7851.26346132473,65592.2548940182
529,"joint",-3139.89398790752,-3139.90552063299,8.70413559603119,-4.19939555225238,-4.19901324854469,0.0150046436030331,0.0150103810305652,0.158278420455112,0.000382303707693338,0.0877977748922929,0.00439711415697167,0.0451832710225498,0.00179934919569887,8.91486867183678e-05,0.000853051961640084,3.09286448660744,3.09289926660504,-0.381935623285933,10,4.4147550406223,4.41510166058629,1.24757382576689,1752,18.0525617222631,6.72952889548073,1,7851.09779867179,65672.3910319805
530,"joint",-3139.90918124497,-3139.96246638635,8.70400495202182,-4.19901324854469,-4.19857687926266,0.0150103810305652,0.015016932529091,0.180834483731448,0.000436369282031816,0.108711699312553,0.00526677660790862,0.0540227215783109,0.00175723971513294,9.4032024470606e-05,0.000756143581311156,3.09289926660504,3.09286502283073,-0.382544546085995,10,4.41510166058629,4.41537674648695,1.24843962273016,1755,18.0746295969477,7.14700619327363,1,7851.04215227081,65752.4906201363
531,"joint",-3138.95989778811,-3140.00776030342,8.70385330779347,-4.19857687926266,-4.19814854795588,0.015016932529091,0.0150233661291827,0.177666545736512,0.000428331306775303,0.178368570494497,0.00969070550801423,0.0616178943313586,0.00338651164504608,0.000185349871152225,0.00126073435907846,3.09286502283073,3.09262003351115,-0.383285211773544,10,4.41537674648695,4.41547605899188,1.25050127448099,1754,17.812336468171,7.01479006558057,0.999999999999999,7850.95682972104,65832.4578411579
532,"joint",-3140.76982069265,-3140.07269094206,8.70365448722018,-4.19814854795588,-4.19736784520819,0.0150233661291827,0.0150350994919377,0.324817263833043,0.000780702747694767,0.118569141246153,0.00611990668789758,0.0571239288763675,0.00210989556918226,0.000115702070572448,0.000764984612886411,3.09262003351115,3.09250729795328,-0.383970245626752,10,4.41547605899188,4.41599715301108,1.25200068979487,1748,18.0637291680833,6.80972637268593,1,7850.81176095639,65912.4167900085
533,"joint",-3138.29005763524,-3139.99191513395,8.70335631909634,-4.19736784520819,-4.1968875243908,0.0150350994919377,0.0150423228978525,0.200072021611057,0.000480320817393824,0.14215901703068,0.00693595090479777,0.0794969061797036,0.0022339127316929,0.000119555823243801,0.000893796339599728,3.09250729795328,3.09257228980766,-0.384413729132146,10,4.41599715301108,4.41720746579046,1.25354281542032,1749,17.9660606304882,7.00616437046585,1,7850.63698895557,65992.5411221981
534,"joint",-3140.43398599171,-3139.93498565776,8.70317438948395,-4.1968875243908,-4.19615078590672,0.0150423228978525,0.015053409239387,0.307716055621979,0.000736738484074198,0.15460030871258,0.00808800632973942,0.0575603315269489,0.00242704097767212,0.000137054453428828,0.000863409007579479,3.09257228980766,3.09246105367117,-0.384880820777553,10,4.41720746579046,4.4184803991269,1.25574130372824,1769,17.9090292666356,7.0189196697168,1,7850.53926212579,66072.5296840668
535,"joint",-3138.39195450954,-3139.82079840052,8.70286208550427,-4.19615078590672,-4.19542358960865,0.015053409239387,0.0150643600040545,0.304536823229543,0.000727196298074543,0.124390888639643,0.00684653295518533,0.046482809811946,0.00227538213943735,0.00012807282675455,0.000904626490204218,3.09246105367117,3.09235633748887,-0.385436230742042,10,4.4184803991269,4.41936190935702,1.25750394477858,1780,18.3097720306757,7.20840311267033,1,7850.3604417454,66152.5148069859
536,"joint",-3139.58897729063,-3139.78107956765,8.70252964264981,-4.19542358960865,-4.19487533798287,0.0150643600040545,0.0150726213283533,0.229943832586427,0.000548251625781154,0.160895793308322,0.0088861987233975,0.0629036499372873,0.00273741076815529,0.000158165261482663,0.000950409887276971,3.09235633748887,3.0922899675078,-0.385975483055378,10,4.41936190935702,4.42069284364633,1.25934692297833,1770,17.7519831499389,6.95488574052448,1,7850.16703885036,66232.5982851982
537,"joint",-3139.19669273458,-3139.74483824212,8.70227044062349,-4.19487533798287,-4.19423164671251,0.0150726213283533,0.0150823265663772,0.270533499532542,0.000643691270357989,0.163442166813594,0.00851139183237776,0.0703966665748243,0.00275933019743737,0.000153492438819784,0.00101924143009445,3.0922899675078,3.09221439952016,-0.386675642676761,10,4.42069284364633,4.4217736738261,1.2615185843196,1774,18.1424744045533,6.84191719610793,0.999999999999999,7850.00936030165,66312.598345995
538,"joint",-3139.67658546911,-3139.76787468489,8.70196680090133,-4.19423164671251,-4.19374580559891,0.0150823265663772,0.0150896559610283,0.204432932453696,0.000485841113594522,0.183728379850562,0.00885185506947388,0.0934376501010361,0.00311300398756092,0.00016020818794717,0.00120687459748443,3.09221439952016,3.09240997898924,-0.38700949356906,10,4.4217736738261,4.4235157728371,1.26270548591267,1771,17.8831806249285,6.90099306580754,0.999999999999998,7849.83053498204,66392.471889019
539,"joint",-3138.43321011079,-3139.61194814842,8.70176425582464,-4.19374580559891,-4.19324225898095,0.0150896559610283,0.0150972562196353,0.212152216848951,0.00050354661796144,0.140153866615881,0.00611936421923164,0.0745455837370915,0.00251181443024493,0.000114545543460642,0.00131683148929981,3.09240997898924,3.09251978560615,-0.387102290852825,10,4.4235157728371,4.42472401635676,1.26325744350907,1751,17.9903097219551,6.7864793521626,0.999999999999999,7849.74777333129,66472.282389164
540,"joint",-3141.10331541197,-3139.62323609872,8.70154892364925,-4.19324225898095,-4.19263030255448,0.0150972562196353,0.0151064979100685,0.258311126472604,0.0006119564264679,0.171681451111047,0.00939125864060456,0.0602984342015367,0.00308654021626396,0.000172411222778033,0.000977843064814405,3.09251978560615,3.09232090469512,-0.387817697134779,10,4.42472401635676,4.42522895659963,1.2656044335785,1742,17.9579234308107,6.83003948206138,1,7849.64094905668,66552.1595230103
541,"joint",-3141.29662879779,-3139.70561412517,8.70130954082468,-4.19263030255448,-4.192125090854,0.0151064979100685,0.0151141318177734,0.213526099187235,0.000505211700489003,0.127072896904003,0.0075226794794308,0.039253346325077,0.00240268767894353,0.000140507858802085,0.000966069556280686,3.09232090469512,3.09219327929507,-0.388099097756517,10,4.42522895659963,4.42537071904677,1.2673819108562,1764,18.2073184914846,7.0437298729431,1,7849.48622308825,66632.0818521976
542,"joint",-3141.39468273491,-3139.82572896404,8.70110163677908,-4.192125090854,-4.19156900541267,0.0151141318177734,0.015122538903748,0.235391956285939,0.000556085441326854,0.117703211833812,0.00630998726374794,0.041583400641726,0.0020324168457354,0.000114153505928285,0.000782359822195729,3.09219327929507,3.09210709958516,-0.388478543674976,10,4.42537071904677,4.42605893388705,1.26907251890306,1801,18.1328604571886,6.99974353558531,0.999999999999998,7849.37257484618,66712.6076591015
543,"joint",-3140.39599907063,-3139.82305153103,8.70085463759595,-4.19156900541267,-4.19146004225181,0.015122538903748,0.0151241867931652,0.0461270381846336,0.000108963160861322,0.252860933465752,0.0112314538632168,0.160453632576493,0.00404556350551427,0.000204569497347785,0.00174514182596742,3.09210709958516,3.09230535491856,-0.388632818822698,10,4.42605893388705,4.42796024328644,1.27048745815467,1768,18.06900173243,6.92653955263066,1,7849.22952143995,66792.5976090431
544,"joint",-3140.10531453795,-3139.795577468,8.70076863110902,-4.19146004225181,-4.19072822194621,0.0151241867931652,0.0151352590311162,0.310632157590323,0.000731820305599903,0.0985115680455989,0.00506852453560464,0.03582479476686,0.00164590554143008,8.81148680002919e-05,0.000588364617927199,3.09230535491856,3.09223498057434,-0.389001153563239,10,4.42796024328644,4.42877344502225,1.27141256071027,1748,17.8751060377342,6.7083753992697,1,7849.21418322599,66872.6142630577
545,"joint",-3140.42337286166,-3139.92825869071,8.70047206672844,-4.19072822194621,-4.19067984940551,0.0151352590311162,0.0151359911797574,0.020532694118822,4.8372540694541e-05,0.0952404795303124,0.00520813362830104,0.0365721450559197,0.0018478543021434,0.000100674640482533,0.000810559910565858,3.09223498057434,3.09220124353326,-0.388981050916461,10,4.42877344502225,4.4287157768133,1.27175723359207,1761,18.1739999609752,6.96016950911821,1,7849.04018294732,66952.4829621315
546,"joint",-3139.89693777521,-3139.90676766353,8.70046936028273,-4.19067984940551,-4.19011506080586,0.0151359911797574,0.0151445422295606,0.240119116838001,0.000564788599654605,0.127784033016952,0.00678644528629214,0.0568342419849374,0.00211059580122133,0.000121231535106656,0.000752370529824982,3.09220124353326,3.09209045376198,-0.389652546529004,10,4.4287157768133,4.4292197540824,1.27345705858564,1778,17.9316309036849,6.73135801603741,1,7849.03293712917,67032.3747889996
547,"joint",-3140.84432413222,-3139.97577041448,8.70022483225762,-4.19011506080586,-4.19012742031969,0.0151445422295606,0.0151443550515382,-0.00525463476817603,-1.23595138311223e-05,0.141987001605835,0.00748790720463714,0.0559437998944627,0.0026207677662547,0.000141703870010539,0.0011424233030092,3.09209045376198,3.09226732983389,-0.389635344599722,10,4.4292197540824,4.43072179728801,1.2738390225917,1773,18.0702641487187,6.89760497267382,1,7848.89676696258,67112.264881134
548,"joint",-3140.74114931475,-3139.9873038006,8.70017444381534,-4.19012742031969,-4.1893748287714,0.0151443550515382,0.0151557568550665,0.320873527981883,0.000752591548284243,0.130916993946466,0.00696583651808504,0.0492383465033317,0.00224409765142252,0.000125449723623581,0.000786613470642905,3.09226732983389,3.09220125713933,-0.390208216996496,10,4.43072179728801,4.43203888988165,1.27521056046963,1776,18.041903419019,6.90104259796921,1,7848.89980763424,67192.1940860748
549,"joint",-3138.72160440286,-3139.92868462536,8.6998210025415,-4.1893748287714,-4.18899417885436,0.0151557568550665,0.0151615269907874,0.162410892998068,0.000380649917048016,0.118788318872888,0.00642333903132709,0.040987337346774,0.00219175272106933,0.000120643943126948,0.000722473519700147,3.09220125713933,3.09208671422788,-0.39034713896582,10,4.43203888988165,4.43252974583095,1.27678904301557,1779,17.8131345025661,6.96367926125601,1,7848.70542294905,67272.2861311436
550,"joint",-3139.70427579843,-3139.91843935304,8.69964689126192,-4.18899417885436,-4.18907611518444,0.0151615269907874,0.0151602847617999,-0.034960730745233,-8.1936330077823e-05,0.108811600454497,0.0059310162146281,0.0425358129375305,0.00220674893893877,0.00011678759119078,0.000874137878503864,3.09208671422788,3.09200129160174,-0.390699370731287,10,4.43252974583095,4.43210744467416,1.27782147258853,1765,17.9764706634358,6.804020874764,1,7848.60634862442,67352.2288520336
551,"joint",-3139.08122387125,-3139.92450565719,8.69966170758896,-4.18907611518444,-4.18861203293135,0.0151602847617999,0.0151673220137152,0.198228974377472,0.00046408225308852,0.14007055682912,0.00671838151892081,0.0673464268707945,0.00263570225459875,0.000128305006226002,0.00111610042085135,3.09200129160174,3.09202254083009,-0.390717022489638,10,4.43210744467416,4.43314591093905,1.27803277087857,1778,18.210710050844,7.06073789496064,0.999999999999998,7848.61868472398,67432.2083339691
552,"joint",-3139.27035624862,-3139.84953243499,8.69944305486241,-4.18861203293135,-4.18802210913474,0.0151673220137152,0.0151762722176114,0.252420777797103,0.000589923796601273,0.0932483140037982,0.00473944230364894,0.0419732224562804,0.00157631192627042,8.65895703452182e-05,0.000556297744498924,3.09202254083009,3.09201312628308,-0.391136065282067,10,4.43314591093905,4.43391053687874,1.27911345432004,1767,17.9101753343302,6.86983349394593,1,7848.50305988268,67512.1823160648
553,"joint",-3139.95102329801,-3139.93258071813,8.69920462730639,-4.18802210913474,-4.18730730569361,0.0151762722176114,0.0151871241472524,0.30663954708318,0.000714803441138289,0.154797729404224,0.00791948853457537,0.069426823299639,0.00245510938578507,0.000136363149205614,0.000896201536189969,3.09201312628308,3.09202870864715,-0.391688569728594,10,4.43391053687874,4.43583401425572,1.28070659894852,1772,17.9381010507861,7.04946787048643,0.999999999999997,7848.36620002156,67592.0598270893
554,"joint",-3140.45744808559,-3139.93375382282,8.69886034655817,-4.18730730569361,-4.1868424738145,0.0151871241472524,0.0151941852476932,0.199621415210308,0.000464831879109908,0.136981583850043,0.00702642848052407,0.0566782828469774,0.00227335392570795,0.000122269037023824,0.000893364965262428,3.09202870864715,3.09202182629803,-0.392237752936704,10,4.43583401425572,4.43717521096933,1.2821705572828,1755,17.9633133798671,6.95612209778286,1,7848.18398499148,67672.0030620098
555,"joint",-3140.19724780093,-3140.02401848739,8.69862041761421,-4.1868424738145,-4.18626383812116,0.0151941852476932,0.0152029796897524,0.248911358674172,0.000578635693338613,0.135239226127104,0.00806615213268525,0.0439842333449186,0.00266278484515439,0.000155356124324653,0.000920540842692523,3.09202182629803,3.09185259468905,-0.392753484545779,10,4.43717521096933,4.43735136203691,1.28412558239787,1786,17.9681098465098,6.93899075245125,1,7848.0639540837,67751.9236249924
556,"joint",-3139.25176963096,-3140.00715810441,8.69838270874485,-4.18626383812116,-4.18568878730928,0.0152029796897524,0.0152117246897347,0.247779274191576,0.000575050811882586,0.137865032915542,0.00760808926782316,0.0546044226299623,0.00239335831282318,0.000137171476774519,0.000739368032679879,3.09185259468905,3.09166226614053,-0.393392433571102,10,4.43735136203691,4.43742776379544,1.28584224401084,1747,17.945461808909,6.87741947891059,0.999999999999998,7847.91665340987,67831.7737951279
557,"joint",-3138.51280506289,-3139.97296372083,8.6981543840828,-4.18568878730928,-4.18500698948178,0.0152117246897347,0.0152220995469563,0.294459877557524,0.000681797827498244,0.118966438576482,0.00676303912716162,0.0442313427752792,0.00227210091029439,0.000128014620340033,0.000840925611594624,3.09166226614053,3.09154495592504,-0.393806908226336,10,4.43742776379544,4.43804532315546,1.28745243547285,1759,18.2300121419729,6.9309268761246,0.999999999999995,7847.77804356734,67911.5293719769
558,"joint",-3138.48635195124,-3139.91345204493,8.69786700814178,-4.18500698948178,-4.18418419220925,0.0152220995469563,0.0152346294030045,0.356564771662969,0.000822797272524402,0.149809881865627,0.00764473532278676,0.0565247181737713,0.00242157580095985,0.000131488977986505,0.000840220109008279,3.09154495592504,3.09135809648934,-0.39442014608749,10,4.43804532315546,4.43859952857758,1.28920332711767,1760,18.1437901358173,7.02715300302776,0.999999999999999,7847.60485761577,67991.525094986
559,"joint",-3139.13516967361,-3139.94855002307,8.69755073543767,-4.18418419220925,-4.18397572938289,0.0152346294030045,0.0152378055879551,0.0903584134760217,0.000208462826362172,0.131920724976502,0.00776228350039101,0.0494173624537975,0.00245757183682821,0.000145480980194122,0.00100154903496734,3.09135809648934,3.09111482282002,-0.394669150479019,10,4.43859952857758,4.43805437258338,1.29027376284389,1766,18.0139580381771,6.874513458311,1,7847.40496867415,68071.34070611
560,"joint",-3141.2507466764,-3139.9559215863,8.69743486574373,-4.18397572938289,-4.18352255828334,0.0152378055879551,0.0152447124859533,0.196629457765638,0.000453171099552854,0.106489672069301,0.00572705717623223,0.0463957866087191,0.00194681926644859,0.000105096000076741,0.000761279117791234,3.09111482282002,3.09099360818911,-0.394956806097506,10,4.43805437258338,4.43863884108244,1.2915343160522,1779,18.0653644627683,7.02882811907015,1,7847.32876713824,68151.5595371723
561,"joint",-3139.72654526438,-3139.87741740962,8.69719902026273,-4.18352255828334,-4.18350540867688,0.0152447124859533,0.0152449739290148,0.00744116908660905,1.71496064546676e-05,0.150133603257883,0.00876613532877713,0.0469758807859012,0.00310584173847885,0.000174030008539677,0.00112878814102598,3.09099360818911,3.090745590263,-0.395354311229528,10,4.43863884108244,4.43747987334547,1.29263268742375,1766,18.2766124245963,7.11005738254989,1,7847.18838717496,68231.7847561836
562,"joint",-3139.72758527295,-3139.79406253653,8.697218375942,-4.18350540867688,-4.18293104716694,0.0152449739290148,0.0152537325703321,0.249626034129416,0.000574361509943516,0.124564969698988,0.0065794752839987,0.054664739888293,0.00214883792429773,0.000117863274539658,0.000866127010825814,3.090745590263,3.0906959578591,-0.395693053807979,10,4.43747987334547,4.43854655054938,1.29414467744592,1771,18.0348019558494,7.0268356589345,1,7847.17625406595,68311.6498270035
563,"joint",-3139.53626419294,-3139.75107579264,8.6969411729152,-4.18293104716694,-4.18240416371043,0.0152537325703321,0.0152617716273105,0.229309878064253,0.000526883456510568,0.124791246330836,0.00657676898081793,0.0534341006919651,0.0024824642466222,0.000128453207114882,0.00107284763686741,3.0906959578591,3.09072722210981,-0.395931536446809,10,4.43854655054938,4.439653853238,1.29460619875511,1745,18.0054052433521,6.83218127201297,0.999999999999998,7847.02107297607,68391.6688451767
564,"joint",-3141.20472528839,-3139.80604633016,8.69671207066985,-4.18240416371043,-4.18191706438372,0.0152617716273105,0.0152692074368364,0.21224699900919,0.000487099326706808,0.112711962675365,0.0058527642826303,0.0417908724967096,0.00208245305338606,0.000108902406899806,0.000816163335499504,3.09072722210981,3.09059560789674,-0.396349734940365,10,4.439653853238,4.43969822494416,1.29600732037588,1737,18.2076888380408,6.97358906521085,1,7846.89637159572,68471.5513010025
565,"joint",-3139.41742200124,-3139.75574878714,8.69651002966462,-4.18191706438372,-4.18113748468878,0.0152692074368364,0.0152811156420064,0.340728353774153,0.000779579694941727,0.173187967368287,0.00836902165940317,0.0753767147468424,0.0032182648116906,0.000154862860558177,0.00167226420581595,3.09059560789674,3.0905714539636,-0.396860506588877,10,4.43969822494416,4.44083988876509,1.29682918691937,1780,17.974937107958,6.91546301124193,1,7846.77726754185,68551.5100450516
566,"joint",-3139.38590783433,-3139.7301972901,8.69616151224236,-4.18113748468878,-4.18076455812531,0.0152811156420064,0.0152868154386856,0.1631072559054,0.000372926563475208,0.187461971844326,0.00937845916751612,0.0926351191267798,0.00310527604254691,0.000162301091326529,0.0013920946240132,3.0905714539636,3.09062864648593,-0.397170352396578,10,4.44083988876509,4.44248342805747,1.29853163386657,1759,18.1316679039018,7.00286349800928,0.999999999999999,7846.57191231746,68631.5308120251
567,"joint",-3140.78624942822,-3139.7272935549,8.69595372569064,-4.18076455812531,-4.18010189013139,0.0152868154386856,0.0152969488791882,0.290470219789969,0.000662667993914675,0.18190413996591,0.0104488998070908,0.0633769656739569,0.00329609961182918,0.000190819375113234,0.00115224143069659,3.09062864648593,3.09039555612234,-0.397737294588365,10,4.44248342805747,4.44240166390956,1.30064585899387,1762,18.3693976528051,6.99683336391837,1,7846.46382146309,68711.5226860046
568,"joint",-3140.29364020825,-3139.70491809957,8.69569499471383,-4.18010189013139,-4.17941715369724,0.0152969488791882,0.01530742684433,0.300849694294446,0.000684736434153041,0.113506877538148,0.00616201260569022,0.0477469084574827,0.0018741014005496,0.000107360348642682,0.000710869075142605,3.09039555612234,3.09028914504675,-0.397980488462459,10,4.44240166390956,4.4429357059186,1.30191333164313,1785,18.3385742630155,7.04441878810477,1,7846.30270307258,68791.4328811169
569,"joint",-3140.42984437646,-3139.79033009825,8.69544589307933,-4.17941715369724,-4.17895153026796,0.01530742684433,0.015314556000533,0.204801088365183,0.000465623429278021,0.151182608818527,0.00746163932429245,0.0630288849252512,0.00245843551628934,0.000127437446703975,0.000904765390239736,3.09028914504675,3.09024344695974,-0.398087374879283,10,4.4429357059186,4.44373042740933,1.30353651057113,1776,18.1496290735285,7.01028718137772,1,7846.14748007532,68871.390789032
570,"joint",-3141.26055793542,-3139.8681442051,8.69526787611212,-4.17895153026796,-4.1784868532092,0.015314556000533,0.0153216739770237,0.204605850884907,0.000464677058762422,0.139960948697419,0.00764512566814958,0.0546760939975957,0.00228570172646626,0.00013049909653787,0.000806668056987987,3.09024344695974,3.09013010597882,-0.398719692767869,10,4.44373042740933,4.44408265132788,1.30540328406168,1779,18.3904807193611,6.9952354145739,0.999999999999999,7846.0493535636,68951.3098220825
571,"joint",-3140.05541420317,-3139.9168537217,8.69508681009661,-4.1784868532092,-4.1779797815108,0.0153216739770237,0.0153294451343699,0.223560586418624,0.000507071698394584,0.11716858462484,0.00601280856804522,0.0555066946633081,0.00199480514041998,0.000107435613667092,0.00089960789118034,3.09013010597882,3.08996057603603,-0.399346095342726,10,4.44408265132788,4.44389313983065,1.30658269563141,1763,18.0276161460995,6.8692651563287,1,7845.93326084494,69031.2421631813
572,"joint",-3139.6261553288,-3139.93464367571,8.69488465521648,-4.1779797815108,-4.17767239153312,0.0153294451343699,0.0153341579764708,0.135587873136379,0.000307389977685702,0.141460699854943,0.00794510280926125,0.0613945266433656,0.00242726805142085,0.000142470690003203,0.000780322683570549,3.08996057603603,3.08985797012361,-0.400052943713321,10,4.44389313983065,4.44440238889674,1.30842964780346,1751,18.2330872833548,6.96957537398249,1,7845.80813520885,69111.131316185
573,"joint",-3141.4290022118,-3140.0085426214,8.69473716115165,-4.17767239153312,-4.17703075227394,0.0153341579764708,0.0153440001314538,0.283607633649753,0.000641639259177565,0.162548547372993,0.0083578365635659,0.0783654544635817,0.00273322489159021,0.000147670561442795,0.00104426307739388,3.08985797012361,3.08986685840724,-0.400230981311224,10,4.44440238889674,4.44580234343234,1.30976901257739,1743,18.2643158052815,6.93232592305189,1,7845.71418258323,69191.0470001698
574,"joint",-3140.06835574232,-3139.98908800423,8.69446286770745,-4.17703075227394,-4.1766116996291,0.0153440001314538,0.015350431422722,0.18538612655778,0.000419052644837932,0.118505422401699,0.00595012914742633,0.0512540270347865,0.00189660919381578,0.000101041332571096,0.000686253239975357,3.08986685840724,3.08975098873932,-0.400720153772926,10,4.44580234343234,4.44619813304624,1.31119514122315,1751,18.2103577196051,6.87861407610289,1,7845.55460284982,69270.9997241497
575,"joint",-3138.88597163337,-3139.92352419586,8.69426060488369,-4.1766116996291,-4.17633600143018,0.015350431422722,0.0153546640924609,0.122013444780885,0.000275698198926045,0.135082135140187,0.00780736379638592,0.0506911276265199,0.00253809180671134,0.000147126907833526,0.000817709435988257,3.08975098873932,3.08966261181622,-0.401089903960326,10,4.44619813304624,4.44647253839916,1.3127943503278,1781,18.5096614921498,6.91024710301833,0.999999999999997,7845.44470385363,69350.936150074
576,"joint",-3139.87502100927,-3139.95468676477,8.69411421548876,-4.17633600143018,-4.17597125079913,0.0153546640924609,0.0153602657374177,0.16153212382091,0.000364750631041233,0.110769812626687,0.00579958431628442,0.0433496150543737,0.00212718121830228,0.000107325292304986,0.00105566578940593,3.08966261181622,3.08964139873038,-0.401415444435634,10,4.44647253839916,4.44695628677904,1.31360001906573,1784,18.2373223669734,7.09778478062059,0.999999999999998,7845.36398612914,69430.9980340004
577,"joint",-3140.80764006424,-3140.06942851484,8.69396723621222,-4.17597125079913,-4.17516832973594,0.0153602657374177,0.0153726037708851,0.356730419003935,0.000802921063192786,0.19771084010043,0.0108288925609937,0.0725959735626271,0.0035430205134368,0.000196548582569796,0.0012908540006805,3.08964139873038,3.08937138143219,-0.4021582735587,10,4.44695628677904,4.44745926198655,1.31629364259266,1777,18.1968350301935,6.89592620001254,1,7845.27986898214,69510.9704811573
578,"joint",-3137.69397625385,-3140.02980972997,8.69361548913661,-4.17516832973594,-4.17412490436945,0.0153726037708851,0.0153886523068775,0.466128662422749,0.00104342536649556,0.196818807314496,0.010602684904167,0.0637328867595394,0.00345907637724252,0.000188368250652435,0.0011101386311493,3.08937138143219,3.08923876078569,-0.402876878847133,10,4.44745926198655,4.44874777849579,1.31929662015848,1766,18.3889595487291,7.07048740394334,1,7845.05418703989,69590.7815430164
579,"joint",-3140.61327214705,-3140.10371485364,8.69313074205306,-4.17412490436945,-4.17370081993313,0.0153886523068775,0.0153951797788186,0.189621526406334,0.000424084436318606,0.166228077048024,0.00918881575149262,0.0699154757316755,0.0027289185649685,0.000159164264183862,0.000936322369522719,3.08923876078569,3.08915346788068,-0.403340222067375,10,4.44874777849579,4.44915502158177,1.32124500178133,1746,18.4395342108062,6.91994087560085,1,7844.77742813523,69670.6323289871
580,"joint",-3140.02483956338,-3140.04241949799,8.69296375954682,-4.17370081993313,-4.17329513392692,0.0153951797788186,0.0154014266548673,0.181544463537808,0.000405686006210623,0.141923864933298,0.00703569717649814,0.083020394813688,0.00203703022226551,0.000111439156474687,0.000872581435279892,3.08915346788068,3.08917152411967,-0.403667617498278,10,4.44915502158177,4.45020816984302,1.32275906166208,1788,18.1857751803047,6.93624412609608,1,7844.68638227934,69750.532515049
581,"joint",-3141.13752798642,-3140.11296863409,8.69277712534601,-4.17329513392692,-4.17301282292481,0.0154014266548673,0.0154057752608609,0.126384530532522,0.000282311002105431,0.151536200634461,0.00825211441866622,0.0641537545981209,0.00260794855374386,0.000146266430332392,0.00108710345320734,3.08917152411967,3.08914293015927,-0.404156984388636,10,4.45020816984302,4.4506348567699,1.32450561170125,1766,18.1909612394413,6.91073595421018,1,7844.58837078126,69830.5359461308
582,"joint",-3140.29061127219,-3140.14111993406,8.69265427296067,-4.17301282292481,-4.17255042882662,0.0154057752608609,0.0154129004476148,0.207225489459729,0.000462394098194976,0.154908386044305,0.00927485880688935,0.049298306477311,0.0028129386321823,0.000168970051141481,0.000973651428801716,3.08914293015927,3.08893683450756,-0.404717622510546,10,4.4506348567699,4.45066057521674,1.32652763946665,1767,18.0455153649341,6.88713283198507,1,7844.5206911316,69910.4709379673
583,"joint",-3138.15270106542,-3140.07194177768,8.69244587628121,-4.17255042882662,-4.1719166389233,0.0154129004476148,0.0154226720845546,0.284610044158977,0.000633789903314018,0.135836325832289,0.0073001822530649,0.0514380434596414,0.00242675916680364,0.000128381034979476,0.00138636986741364,3.08893683450756,3.08879676808067,-0.405213629284751,10,4.45066057521674,4.45083984223637,1.32763703479498,1757,18.3272727754814,7.18691806602112,0.999999999999999,7844.39387130338,69990.3604240417
584,"joint",-3138.87199286731,-3139.95530515662,8.69215994700422,-4.1719166389233,-4.17128748149832,0.0154226720845546,0.015432378426298,0.283090628091524,0.000629157424982342,0.155245147375812,0.00835522335561949,0.0614174551944534,0.0026624354026231,0.000146661024896747,0.00109436486178581,3.08879676808067,3.08860145968186,-0.40577376767115,10,4.45083984223637,4.45088094910647,1.32828635402074,1757,18.4377220909585,7.06055296124893,1,7844.21908841526,70070.1747469902
585,"joint",-3138.81083246006,-3139.92497567957,8.6918826505857,-4.17128748149832,-4.17089995819956,0.015432378426298,0.0154383599914165,0.174497949720407,0.000387523298755204,0.16470419337981,0.00841687842852458,0.0749418582796973,0.00257219718652686,0.000139639405027594,0.00109722668765929,3.08860145968186,3.08846329380318,-0.406260934732135,10,4.45088094910647,4.45132584221062,1.33026613635095,1757,18.3749767405635,6.91288279456154,1,7844.04896993824,70150.0627729893
586,"joint",-3139.91504752748,-3139.95143266422,8.69170230346366,-4.17089995819956,-4.17025543042272,0.0154383599914165,0.0154483136506203,0.290829255927368,0.000644527776846443,0.150071871532251,0.00822710217427143,0.0545126153200396,0.00238473538409637,0.000138668733199137,0.000789212851714645,3.08846329380318,3.08833148962362,-0.406822443234627,10,4.45132584221062,4.45191036863733,1.33202974102618,1772,18.1723501425308,7.01971400844046,1,7843.93215832027,70229.9906010628
587,"joint",-3139.90082258082,-3139.90716132185,8.69143882337667,-4.17025543042272,-4.16995963195881,0.0154483136506203,0.0154528839139732,0.133531106509437,0.000295798463910157,0.155218845166555,0.00842534279126216,0.0562381998479547,0.00260704088481197,0.000146190594452301,0.000912355324550581,3.08833148962362,3.08834291649167,-0.407186962632193,10,4.45191036863733,4.4534263985554,1.33386897251109,1745,18.1843399323271,6.88066218849879,0.999999999999995,7843.77460960455,70309.8554880619
588,"joint",-3141.0134492864,-3139.94315177576,8.69125894054328,-4.16995963195881,-4.16991634237425,0.0154528839139732,0.0154535528773775,0.019542225517199,4.32895845523767e-05,0.102898669666969,0.00541718814119656,0.0385615552419579,0.00186793262991011,9.73462607556358e-05,0.00075063593704078,3.08834291649167,3.08829165094182,-0.407471060285156,10,4.4534263985554,4.45316712856068,1.33409996053494,1742,18.1995595747093,6.94613153986439,1,7843.67929606262,70389.8672029972
589,"joint",-3139.51769270503,-3139.89754419219,8.691212556087,-4.16991634237425,-4.16959256155493,0.0154535528773775,0.0154585572515061,0.146241113134957,0.00032378081932489,0.114171499773787,0.00624251213528751,0.0390923774545834,0.00205348921629279,0.000111864045771685,0.000925821087268345,3.08829165094182,3.08818704812471,-0.407545548778844,10,4.45316712856068,4.45363376183515,1.33509946077408,1749,18.0828980768869,7.02046340131777,0.999999999999993,7843.66560882584,70469.9036581516
590,"joint",-3138.48928691159,-3139.758980641,8.69102889151084,-4.16959256155493,-4.16921706409979,0.0154585572515061,0.0154643629903661,0.1697195042221,0.000375497455144153,0.133646788366513,0.00769739385312893,0.0441396833504114,0.00242725495030762,0.00013947618892929,0.000824073426557842,3.08818704812471,3.08801747633811,-0.408033615348377,10,4.45363376183515,4.45347206297497,1.33661530326992,1766,18.3646799526644,7.04982975484115,0.999999999999998,7843.55270224472,70549.8484771252
591,"joint",-3139.37488054971,-3139.72495395833,8.69086446584063,-4.16921706409979,-4.16853604068627,0.0154643629903661,0.0154748981705826,0.308529187721895,0.000681023413514796,0.167205072229661,0.00856382850863544,0.0737313573211189,0.00288562689617748,0.000150428719868317,0.00125211052202788,3.08801747633811,3.08808295583006,-0.40804569660218,10,4.45347206297497,4.45567836758432,1.33760482181472,1757,18.3084692568752,6.94112844870603,1,7843.44428165616,70630.2265920639
592,"joint",-3140.21177540174,-3139.75423496197,8.69051682829193,-4.16853604068627,-4.16810142873128,0.0154748981705826,0.0154816252080494,0.197081760448479,0.000434611954991416,0.14921388291153,0.00849893854651086,0.0510803006395294,0.00262917641743892,0.000150591124374598,0.000944400750855405,3.08808295583006,3.0881646925228,-0.408484409428094,10,4.45567836758432,4.45742815459307,1.33877579125833,1769,18.3425948885969,6.97862476855285,1,7843.25794443345,70710.185749054
593,"joint",-3142.25673880621,-3139.79562179169,8.69027861361123,-4.16810142873128,-4.16779575961855,0.0154816252080494,0.015486358186016,0.138675360724782,0.000305669112725667,0.157081815024195,0.00842777906389943,0.057214368183056,0.00272811047270803,0.000148195381407009,0.00116101039343797,3.0881646925228,3.08827443606652,-0.408974837662531,10,4.45742815459307,4.45876591255506,1.33979645676981,1763,18.4036890508226,6.97152326835904,0.999999999999994,7843.1429692171,70790.1674330235
594,"joint",-3139.09918872316,-3139.74716344073,8.69009763542105,-4.16779575961855,-4.16738516453885,0.015486358186016,0.015492718114078,0.186435186929593,0.000410595079708569,0.119788744326335,0.00577178951029668,0.0555696787175667,0.00188300241834117,9.55405899879989e-05,0.000773565005357974,3.08827443606652,3.08813247511728,-0.409599270352404,10,4.45876591255506,4.45830541766011,1.34097163052759,1743,17.9845212520705,6.9881477116159,1,7843.08540215348,70870.2165391445
595,"joint",-3140.10519577002,-3139.80812464757,8.68993367858041,-4.16738516453885,-4.16655551475781,0.015492718114078,0.0155055769777082,0.378014777347024,0.000829649781038604,0.133380047585397,0.00669022083195744,0.0561856601530146,0.00222909297657735,0.000116910108909503,0.000766949508840718,3.08813247511728,3.08803988590759,-0.410229370217065,10,4.45830541766011,4.45889491544035,1.34277391851906,1781,18.4466637698729,7.22702873874416,1,7842.98241390249,70950.1147851944
596,"joint",-3137.42442443549,-3139.68559481888,8.68956969918937,-4.16655551475781,-4.16599701917427,0.0155055769777082,0.0155142391926497,0.254866113430054,0.000558495583539365,0.123810573597211,0.00667213024536715,0.0469072322323859,0.00217959342245892,0.000115196011382414,0.000933448545774662,3.08803988590759,3.08804969510153,-0.410659459266938,10,4.45889491544035,4.46016012906688,1.34433820115996,1767,18.0722778021194,7.02700484010497,1,7842.77335396399,71030.2641730309
597,"joint",-3138.59589586989,-3139.57500760916,8.68928871349701,-4.16599701917427,-4.16536559655079,0.0155142391926497,0.0155240383276342,0.28872206554766,0.000631422623482277,0.168415812971834,0.00914438250027869,0.0820759851947809,0.00257175539548107,0.000150797476146258,0.00102194251025429,3.08804969510153,3.08804442761256,-0.411258823022032,10,4.46016012906688,4.46192648544237,1.3463720773618,1771,18.4100716124109,6.96301032735261,1,7842.62186065725,71110.1994531155
598,"joint",-3139.07850505703,-3139.64423404932,8.688971597839,-4.16536559655079,-4.16527376142211,0.0155240383276342,0.0155254640451561,0.0419939755317161,9.18351286741832e-05,0.11574580118879,0.0058846351362259,0.052262618425949,0.00202998304755318,0.000104003446054351,0.000931933016101974,3.08804442761256,3.08789669802598,-0.411504295627681,10,4.46192648544237,4.46119404850383,1.34736540431664,1766,18.3944178897209,7.03944805571713,1,7842.44278585888,71190.488038063
599,"joint",-3137.89947520644,-3139.50854420229,8.68891768312221,-4.16527376142211,-4.16484062835653,0.0155254640451561,0.0155321900935243,0.198247286350176,0.000433133065581764,0.122558876673503,0.00651622932188038,0.0552357659241742,0.00186903712566747,0.000108074123251039,0.000713360592697188,3.08789669802598,3.08792395545525,-0.411883342157128,10,4.46119404850383,4.46247770432363,1.34875673443901,1783,18.1372462585565,7.11146754190089,1,7842.40757093277,71270.6673271656
600,"joint",-3142.58794822818,-3139.63669963553,8.68869660104595,-4.16484062835653,-4.16421176634738,0.0155321900935243,0.0155419607696746,0.288404292587191,0.000628862009149893,0.110265238448935,0.00614487286461419,0.0373057374365698,0.0018485289689738,0.000105496868441986,0.000732893892724206,3.08792395545525,3.08782721822481,-0.412299785566141,10,4.46247770432363,4.46261578859111,1.34986169027365,1786,18.2860810131068,6.84099777569674,1,7842.29644933983,71350.6190340519
601,"joint",-3139.46697682832,-3139.55317207762,8.68843882621561,-4.16421176634738,-4.1642219019905,0.0155419607696746,0.0155418032427052,-0.00464834008552488,-1.01356431198373e-05,0.136596455648595,0.00733623758983851,0.0601592922725551,0.00206490945808048,0.000119483221207035,0.000670048089428735,3.08782721822481,3.08772745515145,-0.41296983365557,10,4.46261578859111,4.46271410942911,1.35124397200291,1794,18.2905818266113,6.87974689653038,0.999999999999999,7842.15281966981,71430.7171821594
602,"joint",-3139.37848722054,-3139.50756587504,8.68839733769919,-4.1642219019905,-4.16278232733403,0.0155418032427052,0.0155641929407235,0.667157182807787,0.00143957465647217,0.187541105473309,0.0104106743999075,0.0618016035684206,0.00320629864721788,0.000181559730125815,0.00104826635157254,3.08772745515145,3.08754344102356,-0.413620862502161,10,4.46271410942911,4.46453594001082,1.35363505985348,1762,18.2454957880656,6.90444687126647,0.999999999999999,7842.12327553732,71510.6760571003
603,"joint",-3141.12293152368,-3139.65607739796,8.68773816800876,-4.16278232733403,-4.1623276947143,0.0155641929407235,0.0155712705392657,0.210913245524113,0.000454632619725128,0.163385543472483,0.00809099293850053,0.0998185109082963,0.00232830230128299,0.000129048326608987,0.00101999572924155,3.08754344102356,3.08750851683934,-0.413964471192561,10,4.46453594001082,4.46533869967343,1.35526881113664,1764,18.4404940032436,7.03225298466131,1,7841.73978537614,71590.6756751537
604,"joint",-3139.61739299326,-3139.69334740425,8.68753597130634,-4.1623276947143,-4.16179677840822,0.0155712705392657,0.0155795397756434,0.246650651840538,0.000530916306078923,0.164048437309936,0.00891224568635513,0.0670051466947022,0.00259176476550631,0.000147982745732059,0.000960598370304947,3.08750851683934,3.08737898153298,-0.414584859113277,10,4.46533869967343,4.46587451724035,1.35746232009819,1785,18.3928555336291,7.11794198768351,0.999999999999999,7841.63486599768,71670.7251110077
605,"joint",-3138.8921921254,-3139.69741538752,8.68730354375833,-4.16179677840822,-4.16105314695608,0.0155795397756434,0.0155911295201456,0.346432065848465,0.000743631452142187,0.165420214575462,0.00946825234844055,0.0649374767431869,0.00296061538451016,0.000171411571181105,0.00110982529364364,3.08737898153298,3.08728610446857,-0.415239837063146,10,4.46587451724035,4.46710024775641,1.35893324876895,1761,18.5410342060302,7.18667556077637,1,7841.49214759178,71750.917440176
606,"joint",-3139.78295806278,-3139.69081091428,8.68689377456983,-4.16105314695608,-4.16044758090748,0.0155911295201456,0.015600573838133,0.28263088376726,0.000605566048605879,0.15116146577187,0.00831498675652485,0.0704588769431049,0.00263088184485314,0.000146261098352881,0.00109248042313872,3.08728610446857,3.08711088517559,-0.415664450163187,10,4.46710024775641,4.46692010262669,1.36070268705314,1762,18.4008773214844,7.21117203241253,0.999999999999996,7841.2563484938,71831.6047530174
607,"joint",-3139.05504355747,-3139.64852196312,8.68662159954068,-4.16044758090748,-4.16036031180466,0.015600573838133,0.0156019353456232,0.0407319449199462,8.72691028189167e-05,0.122110299393352,0.00634648429511163,0.060112605126556,0.00212248308094317,0.000114889332281444,0.000758444930848881,3.08711088517559,3.0870454387541,-0.415874546605694,10,4.46692010262669,4.46676883084146,1.36188706432662,1768,18.2746317983121,7.05228875394459,1,7841.08843378515,71911.7606492043
608,"joint",-3138.77712327919,-3139.53670566276,8.6865687234343,-4.16036031180466,-4.16005781577555,0.0156019353456232,0.0156066555830022,0.141251511465422,0.000302496029107524,0.122054182058958,0.00650959169475458,0.0484172245614034,0.00213036599054721,0.000113138690399628,0.00085550998216638,3.0870454387541,3.08697650918355,-0.416128972419276,10,4.46676883084146,4.46714978535445,1.36325142493275,1772,18.3057612678599,6.86515772318081,1,7841.06532888488,71991.7792630196
609,"joint",-3139.13047437416,-3139.51734474621,8.68641725306556,-4.16005781577555,-4.15971678609467,0.0156066555830022,0.0156119788234152,0.159337609125296,0.000341029680882758,0.0913782653587692,0.00487540224237997,0.0361431920182413,0.00176607287100307,9.20339386201567e-05,0.000710893403466983,3.08697650918355,3.08689005845582,-0.416492306345237,10,4.46714978535445,4.46732544836576,1.36430584335679,1785,18.5211958414199,7.04735571635125,1,7840.98619410956,72071.7788591385
610,"joint",-3141.5283809387,-3139.66929944757,8.68624924592897,-4.15971678609467,-4.15995156292485,0.0156119788234152,0.0156083139227479,-0.109723859973979,-0.000234776830178822,0.139080335502245,0.00777107295890688,0.0458642981592212,0.00258801715401571,0.000139690034799694,0.000982038737147985,3.08689005845582,3.0867845211766,-0.416810628975392,10,4.46732544836576,4.46631293272728,1.36506154422676,1736,18.568512581486,7.16858675964848,0.999999999999997,7840.88833835101,72151.8514471054
611,"joint",-3139.93398560353,-3139.69725470026,8.68638405260881,-4.15995156292485,-4.15965831751267,0.0156083139227479,0.0156128916603651,0.13710834237574,0.000293245412178888,0.107544613647424,0.00550097615724439,0.0511139711560869,0.00189111018519244,9.61553846958147e-05,0.000960769714863503,3.0867845211766,3.08669924151326,-0.417305814846584,10,4.46631293272728,4.46691025861552,1.36603790415538,1770,18.2919124385566,6.99607694419221,1,7840.95019519893,72231.9684929848
612,"joint",-3140.59972459624,-3139.71665215998,8.68619851789991,-4.15965831751267,-4.15902406268316,0.0156128916603651,0.015622797353338,0.297147264623942,0.000634254829509552,0.155161145127084,0.00869516601878713,0.064452742773224,0.00255813649660747,0.00014784451756014,0.00100296489410223,3.08669924151326,3.08672978443802,-0.417708660468015,10,4.46691025861552,4.46844527477565,1.3679101348557,1744,18.1314984978961,7.07916515009629,1,7840.84506265215,72312.0539171696
613,"joint",-3140.23779795326,-3139.61570511734,8.68592550509852,-4.15902406268316,-4.15845033953994,0.015622797353338,0.0156317630854195,0.269231741237301,0.000573723143221139,0.101065762662083,0.00527822625720299,0.0492031647515411,0.00174882606694344,9.11678874563271e-05,0.0009867070307826,3.08672978443802,3.08672103386396,-0.417947191243153,10,4.46844527477565,4.46904627134913,1.36872180663424,1773,18.3940376968415,6.95200313200002,1,7840.69023831796,72392.0313010216
614,"joint",-3139.73182803754,-3139.64733708306,8.68571744655982,-4.15845033953994,-4.15775186649906,0.0156317630854195,0.0156426852644958,0.328575756299299,0.000698473040877848,0.166161743027213,0.00857279147933259,0.0644754651434671,0.00239224680417636,0.000133367418318916,0.00082747220672419,3.08672103386396,3.0866321490963,-0.418433070658018,10,4.46904627134913,4.47049134353251,1.37091352821262,1789,18.5403127888428,7.12800700486528,1,7840.57567986468,72472.1353890896
615,"joint",-3139.44956006941,-3139.61455529803,8.68536971788125,-4.15775186649906,-4.15736855779974,0.0156426852644958,0.0156486823911404,0.180448727252593,0.000383308699316029,0.106934685466866,0.0056973717191562,0.040728452650816,0.00161154670762223,9.23640848468886e-05,0.000500490585215584,3.0866321490963,3.08659934579493,-0.418878742082997,10,4.47049134353251,4.47151323349754,1.37218038111464,1777,18.5515586043773,7.02763162166245,1,7840.38047742662,72552.0945141315
616,"joint",-3139.77007303943,-3139.73183772822,8.6851611290362,-4.15736855779974,-4.15694657163852,0.0156486823911404,0.0156552873120454,0.198833876650199,0.000421986161226073,0.149594828129594,0.00745481109571914,0.0721493599695925,0.00215142717158229,0.000118034556030307,0.000765211954319531,3.08659934579493,3.08661328746721,-0.419519993423432,10,4.47151323349754,4.47260748135269,1.3737432871123,1770,18.4277797206614,7.11941346604668,1,7840.26952815684,72632.0587890148
617,"joint",-3140.39662211482,-3139.82187404047,8.68495832435682,-4.15694657163852,-4.15637220334959,0.0156552873120454,0.0156642817954573,0.271081684856185,0.000574368288928112,0.134845218946684,0.00713993129917186,0.0497764406570414,0.00234361204671367,0.000124376173840974,0.00110829064112869,3.08661328746721,3.08646962318744,-0.419980673169195,10,4.47260748135269,4.47327204857528,1.37553647544964,1789,18.547023361632,7.12286821820813,1,7840.15538834501,72712.0198199749
618,"joint",-3139.35184226643,-3139.83554090094,8.68465420821325,-4.15637220334959,-4.15541324451202,0.0156642817954573,0.015679310401675,0.454690433233866,0.000958958837571421,0.140573504778892,0.00769790082029569,0.0503146217021023,0.00228126121000041,0.000126446634272933,0.00101184280699278,3.08646962318744,3.08634253205163,-0.420315726142793,10,4.47327204857528,4.47376684536026,1.37719812641963,1760,18.4144913070031,7.17981202805881,1,7839.98360703618,72792.0833899975
619,"joint",-3140.03087378324,-3139.94211082978,8.68429705034427,-4.15541324451202,-4.15493190143523,0.015679310401675,0.0156868593458559,0.228493723629575,0.000481343076787337,0.157394944171511,0.0084840532819942,0.0525467486762504,0.00267433643909728,0.000143823841278871,0.00104609248313543,3.08634253205163,3.08615503614239,-0.420572776556216,10,4.47376684536026,4.47324107407065,1.37868704643821,1741,18.4014271661525,7.00845064441338,1,7839.76211945889,72872.052011013
620,"joint",-3139.34683038478,-3139.78005493761,8.6841284376805,-4.15493190143523,-4.15463248369266,0.0156868593458559,0.0156915569731106,0.142197460089618,0.000299417742572354,0.189368314674813,0.0104361248505898,0.0788970719089341,0.00315007485990435,0.000177322657866233,0.00141142016576459,3.08615503614239,3.08613261880294,-0.420999077219493,10,4.47324107407065,4.47470996796159,1.38093013992346,1764,18.5481505371078,7.08035097560796,0.999999999999997,7839.6524384572,72952.0190000534
621,"joint",-3140.4501930042,-3139.8292157464,8.6839149569536,-4.15463248369266,-4.15456744428096,0.0156915569731106,0.0156925775759342,0.0308887332016255,6.50394117014739e-05,0.0880870729958502,0.00434823134072029,0.0401983112571285,0.00147008085298167,7.52269783735257e-05,0.000558631123815996,3.08613261880294,3.08618178779428,-0.421327414890082,10,4.47470996796159,4.47512740399553,1.38148434546441,1777,18.6863419364807,7.17370582584799,1,7839.53766312577,73032.0851070881
622,"joint",-3140.02939950504,-3139.86176136063,8.68386704421937,-4.15456744428096,-4.15382505664192,0.0156925775759342,0.0157042318770204,0.353552831337662,0.000742387639031728,0.156679139110734,0.00811733815721535,0.0662241679785249,0.0025526833238815,0.00013609670769296,0.00102815526469094,3.08618178779428,3.08600330285022,-0.421832253170548,10,4.47512740399553,4.47584768051771,1.38328126038531,1761,18.4849259022503,7.0539361725877,0.999999999999997,7839.51999760428,73112.2284531593
623,"joint",-3139.19507947247,-3139.76536875807,8.68354092949066,-4.15382505664192,-4.1534834988372,0.0157042318770204,0.0157095966961308,0.162757599772668,0.000341557804719707,0.122168961326894,0.00690465532950105,0.044067203311946,0.00205638596235125,0.000118795032772526,0.000846539162787896,3.08600330285022,3.08587015245864,-0.422160085107998,10,4.47584768051771,4.4760650170847,1.38449914464061,1769,18.544027855595,7.0293392703742,0.999999999999997,7839.31990952411,73192.2176191807
624,"joint",-3140.33779878191,-3139.8013890475,8.68340833076213,-4.1534834988372,-4.15231449689799,0.0157095966961308,0.0157279719834136,0.560893254079019,0.00116900193921814,0.240072787736352,0.0137384523559657,0.0766169989607006,0.00394573036437545,0.000230788362196553,0.00122813484923446,3.08587015245864,3.08558626715381,-0.42294128749602,10,4.4760650170847,4.4772831620941,1.38704604006348,1760,18.1479846920783,7.036012228412,0.999999999999996,7839.22244001871,73272.0727829933
625,"joint",-3138.82842158454,-3139.79820052046,8.68281116312867,-4.15231449689799,-4.15203571340238,0.0157279719834136,0.0157323572936696,0.133813791863956,0.000278783495607047,0.13450245194803,0.00676464820065219,0.0628468741205049,0.00220037631377903,0.000114371660708207,0.000890345683260457,3.08558626715381,3.08568401564193,-0.423204210617855,10,4.4772831620941,4.47879918867806,1.38819179463525,1765,18.3018792186269,7.01016586926219,0.999999999999998,7838.84837927714,73352.0913991928
626,"joint",-3140.48070324657,-3139.83308777965,8.68264401218906,-4.15203571340238,-4.15153388105168,0.0157323572936696,0.0157402542808284,0.241179292532915,0.000501832350695335,0.133242638322257,0.0070442828777149,0.0517236829420642,0.00224128590341321,0.000120321247586579,0.000795920269148423,3.08568401564193,3.08562509292648,-0.4234981172931,10,4.47879918867806,4.47976411356095,1.3897131363654,1780,18.4216942487564,6.9590144332026,1,7838.76455341477,73432.2111730576
627,"joint",-3140.81629405872,-3139.92115030471,8.68238675745113,-4.15153388105168,-4.15116245410602,0.0157402542808284,0.0157461017212811,0.178630061576021,0.000371426945664254,0.12843643942138,0.00595521368646078,0.0601452523569203,0.00182621146657872,9.22954143626025e-05,0.000806454596324551,3.08562509292648,3.08562924315253,-0.423969036914892,10,4.47976411356095,4.48042515161416,1.39101736045195,1775,18.7228552591906,7.01774518070659,1,7838.61089381148,73512.1193552017
628,"joint",-3140.27971310658,-3139.99627979608,8.68223357506016,-4.15116245410602,-4.15098199031675,0.0157461017212811,0.0157489435788825,0.0868044407364614,0.000180463789274915,0.139276269635266,0.00814044792147547,0.052319242980447,0.00232134842108904,0.000137849010621035,0.000830085185293586,3.08562924315253,3.08557798857035,-0.424297345692792,10,4.48042515161416,4.48106208380196,1.39273220255466,1783,18.3929236108814,7.20977185960921,0.999999999999999,7838.52223431938,73592.1005411148
629,"joint",-3140.87456906955,-3140.08348453085,8.68211397515208,-4.15098199031675,-4.15100108359399,0.0157489435788825,0.0157486428828071,-0.00918402678302242,-1.90932772445547e-05,0.139933189898315,0.00745605340213409,0.0573551737773712,0.00220745123138933,0.000122248606310569,0.000807793661758233,3.08557798857035,3.08550790908743,-0.424770668494809,10,4.48106208380196,4.48130944582892,1.39408679528034,1776,18.2749047778118,7.07165039842631,1,7838.46332681803,73672.0896651745
630,"joint",-3139.65194316621,-3139.98966264222,8.68208156469503,-4.15100108359399,-4.15123675305769,0.0157486428828071,0.0157449318458912,-0.113390485181055,-0.000235669463696826,0.166247445666746,0.00815766193107997,0.100662404557211,0.00250621469709102,0.000135810238861253,0.000995916528883352,3.08550790908743,3.0857105038522,-0.424637210708172,10,4.48130944582892,4.48201823759304,1.39421872655109,1778,18.4058954701412,7.02254959012814,0.999999999999999,7838.44181691607,73752.0398499966
631,"joint",-3140.0462097398,-3139.99527384904,8.68219310985077,-4.15123675305769,-4.1511346386833,0.0157449318458912,0.0157465397118481,0.0491340795799602,0.0001021143743894,0.156512706368803,0.00760132525910188,0.0764664906113127,0.00242874649519286,0.00012586849487664,0.00106206928946745,3.0857105038522,3.08581101076045,-0.42499893109616,10,4.48201823759304,4.48332279204162,1.39560938221584,1762,18.4051444349813,7.1466631414251,1,7838.52392947618,73831.9987721443
632,"joint",-3138.09135806549,-3139.8698555225,8.68209859448512,-4.1511346386833,-4.15068622074449,0.0157465397118481,0.0157536023261121,0.215981224135681,0.000448417938803691,0.147108372564212,0.0080835952704145,0.0525951078762405,0.00234253252134376,0.000134841792675363,0.000765101296722202,3.08581101076045,3.08564155994697,-0.425241349066907,10,4.48332279204162,4.48314367704403,1.39704593590645,1762,18.2869207182008,6.83794407912164,1,7838.49571644342,73911.8727550507
633,"joint",-3140.67307257894,-3139.89161925378,8.68191748637216,-4.15068622074449,-4.14972649916524,0.0157536023261121,0.0157687286555868,0.46439508697534,0.00095972157925255,0.128802340015659,0.00673333531977377,0.0605399049539869,0.00188129811860132,0.000106599582929136,0.000614647793091434,3.08564155994697,3.0856164761038,-0.425626789539378,10,4.48314367704403,4.4845044876804,1.39836588121978,1769,18.4832755826302,7.11064342894157,0.999999999999998,7838.37075520593,73991.9372301102
634,"joint",-3137.89277710415,-3139.79966670711,8.68151107713864,-4.14972649916524,-4.14896884977057,0.0157687286555868,0.0157806803503329,0.367672141355262,0.000757649394668579,0.126982084490012,0.00573814325331788,0.0812938186367873,0.0016794334536502,8.73003394862928e-05,0.00079695779012832,3.0856164761038,3.08559965354866,-0.425820355338403,10,4.4845044876804,4.48542742987486,1.39961912261796,1772,18.3450728235759,7.09148372902276,0.999999999999999,7838.14124727556,74071.9081351757
635,"joint",-3139.43895761107,-3139.7991365842,8.68118617220934,-4.14896884977057,-4.14863643667932,0.0157806803503329,0.0157859269270373,0.161402642207031,0.00033241309125756,0.108474750735976,0.00569973227380162,0.0531587621819192,0.00200437792447404,0.000104871468260343,0.000804879089357766,3.08559965354866,3.0854557018361,-0.42579028594753,10,4.48542742987486,4.48500074032339,1.40029343149484,1758,18.3547951854233,6.99028101838983,1,7837.95864980793,74152.1017510891
636,"joint",-3137.74142241816,-3139.69770405313,8.68105549084607,-4.14863643667932,-4.1481629835353,0.0157859269270373,0.0157934025933213,0.23014249912836,0.000473453144014619,0.124033482108666,0.00654237034021415,0.0570063624303931,0.00210489782515486,0.00011142352679355,0.00104265220115774,3.0854557018361,3.08543543604025,-0.426405429255802,10,4.48500074032339,4.48632160450833,1.40173377257432,1765,18.3574459739225,6.94671842111407,1,7837.87500201214,74232.6473801136
637,"joint",-3138.42675480858,-3139.59921068782,8.68077885523688,-4.1481629835353,-4.14760761585295,0.0157934025933213,0.0158021761747723,0.270377914057346,0.000555367682347514,0.217925389344183,0.0119654592926893,0.0850703663774759,0.00348334873083526,0.000195392029714229,0.00137422068348832,3.08543543604025,3.08513600208665,-0.4270304696986,10,4.48632160450833,4.48581837974881,1.40326615881294,1763,18.4355812332403,7.12374032560881,0.999999999999997,7837.72384534998,74312.7253630161
638,"joint",-3141.85454245175,-3139.72434569709,8.68051649996828,-4.14760761585295,-4.14783409637212,0.0158021761747723,0.0157985976949515,-0.110289170917514,-0.000226480519166799,0.12270618319649,0.00634965438484097,0.0593384201749411,0.00221734783844181,0.000113979564244477,0.00101584447325267,3.08513600208665,3.08512596475483,-0.426963127246463,10,4.48581837974881,4.48490465898685,1.40334275597146,1761,18.4560550844747,7.05945457556847,1,7837.55059460519,74394.05864501
639,"joint",-3139.92265661199,-3139.71893483853,8.68063892853518,-4.14783409637212,-4.14734578541661,0.0157985976949515,0.015806314207163,0.238076697066174,0.000488310955507239,0.113601093137812,0.00597113025705204,0.0552115789692596,0.00174848186047208,9.83131255190543e-05,0.000602505954230029,3.08512596475483,3.08508960650607,-0.427556676726317,10,4.48490465898685,4.48587186236208,1.40457089265305,1775,18.5237546235565,7.17101932141498,1,7837.63169173102,74474.7253351212
640,"joint",-3140.97556418628,-3139.8003715286,8.68040213162532,-4.14734578541661,-4.14642323581573,0.015806314207163,0.0158209030444546,0.451716746022175,0.000922549600887111,0.131566638442027,0.00725669357451753,0.0535668733536505,0.0019739383985168,0.000116891384942001,0.000571219594213426,3.08508960650607,3.08507052751425,-0.427995275332061,10,4.48587186236208,4.48715933881691,1.40621151208723,1761,18.5950604632058,7.19703261259114,1,7837.49718983461,74555.0084900856
641,"joint",-3138.18011167218,-3139.686867462,8.68002053198734,-4.14642323581573,-4.14614542131854,0.0158209030444546,0.0158252989312712,0.136081482322891,0.000277814497184469,0.106606709378306,0.00585744131023209,0.0492790240308386,0.00176509847153233,9.85946159108182e-05,0.000910798302656446,3.08507052751425,3.08516422289914,-0.428306760365265,10,4.48715933881691,4.48814072129566,1.40686352601493,1752,18.8587179308922,7.10678217314047,1,7837.26621800739,74636.0354549885
642,"joint",-3139.34944800369,-3139.65286988693,8.67987201331775,-4.14614542131854,-4.14588051883251,0.0158252989312712,0.0158294916476063,0.129802361470656,0.000264902486036834,0.129277150043508,0.00723323410272995,0.0479545116538854,0.00206689131125228,0.000118352290645939,0.000752610774902218,3.08516422289914,3.08506550073909,-0.428688178465134,10,4.48814072129566,4.48897316038856,1.4085480886728,1769,18.0313391799083,6.8961054947757,0.999999999999999,7837.20265685256,74716.5924031734
643,"joint",-3139.52878418151,-3139.66955512238,8.67968966635351,-4.14588051883251,-4.14542186844137,0.0158294916476063,0.0158367535153439,0.224975693999692,0.00045865039113394,0.141179172734063,0.00821032338537105,0.0429558935012523,0.00256890754616176,0.000144937522192291,0.00115834709386312,3.08506550073909,3.08489386910057,-0.429139793294694,10,4.48897316038856,4.48877293753969,1.41002175778785,1765,18.60622359728,7.05942692358615,1,7837.10660521317,74796.9063169956
644,"joint",-3138.79005432836,-3139.59216789971,8.67948759507705,-4.14542186844137,-4.14477041642525,0.0158367535153439,0.0158470737615579,0.320228348863999,0.000651452016121026,0.0829941808890524,0.00479206264791874,0.0323767025139273,0.00152841125522035,8.6512758994581e-05,0.000558481009259921,3.08489386910057,3.08483218491549,-0.429222922284227,10,4.48877293753969,4.48907772288449,1.41091495879152,1762,18.4620995008581,7.02300028676114,0.999999999999998,7836.98418197611,74877.0929801464
645,"joint",-3139.82563925663,-3139.64202878331,8.67923295244142,-4.14477041642525,-4.14445371486491,0.0158470737615579,0.0158520933493587,0.155756239914527,0.00031670156034395,0.131775865936229,0.0072312023767473,0.0518649767863937,0.00213948591865482,0.000121427972752438,0.00079475345607318,3.08483218491549,3.08469598467046,-0.429715334836564,10,4.48907772288449,4.48927056222854,1.41243535457521,1771,18.3316254588404,7.1350630434191,1,7836.83593876637,74957.2290170193
646,"joint",-3141.16210076563,-3139.67609865926,8.67907971954296,-4.14445371486491,-4.14421505748275,0.0158520933493587,0.0158558770199416,0.117406959269712,0.000238657382153304,0.155027919384369,0.00830683982527141,0.0769607031130133,0.00224754529612866,0.000128895905990792,0.000993301156219541,3.08469598467046,3.08464957622377,-0.430057819407855,10,4.48927056222854,4.48956250251545,1.41381379796357,1769,18.3701273604687,6.97643918805651,1,7836.73655968923,75037.2874000072
647,"joint",-3137.1391549264,-3139.49224170265,8.67898378338826,-4.14421505748275,-4.14363548535177,0.0158558770199416,0.0158650693079143,0.285599271719231,0.000579572130980611,0.122689109651421,0.00643748839535277,0.0484059138568698,0.0019286836836465,0.000107213491140421,0.000646749276184168,3.08464957622377,3.08452107695107,-0.430571865826988,10,4.48956250251545,4.49009409355589,1.41498438327811,1779,18.5663356665874,7.10509480475533,0.999999999999999,7836.67773305026,75117.1713061333
648,"joint",-3140.19629808385,-3139.48807095151,8.67875716274456,-4.14363548535177,-4.14295539085059,0.0158650693079143,0.015875862724167,0.335912034203489,0.000680094501181392,0.139184317444401,0.00747064553006997,0.0543607426219591,0.00207082242332519,0.000118143151994851,0.000745335545445668,3.08452107695107,3.08444748030658,-0.430998756120134,10,4.49009409355589,4.4909355361451,1.41677706364832,1763,18.6440709877066,7.17394241965141,0.999999999999998,7836.52061332214,75198.2502081394
649,"joint",-3138.90359876787,-3139.38952243643,8.67844697806414,-4.14295539085059,-4.14302887420907,0.015875862724167,0.0158746961553175,-0.0362958542577206,-7.34833584798179e-05,0.110987025577467,0.00582144905191477,0.04988704305101,0.00161986749862879,9.11233198917373e-05,0.000579895643920573,3.08444748030658,3.08439482524761,-0.431355665411528,10,4.4909355361451,4.4912162309947,1.41786663374248,1779,18.5794914039662,7.27994520456689,1.00000000000001,7836.33636918567,75278.7081661224
650,"joint",-3141.04488642494,-3139.45916959936,8.67843196118946,-4.14302887420907,-4.14250644897104,0.0158746961553175,0.0158829916639379,0.258395913307219,0.000522425238030832,0.179302727710284,0.0102210398727659,0.0581249704994824,0.00294434079459324,0.000171155496030495,0.000942447134544419,3.08439482524761,3.08411326520666,-0.431681886790747,10,4.4912162309947,4.49117534065864,1.41986507765618,1772,18.659945554798,7.19169773838085,0.999999999999997,7836.32289004932,75358.8835811615
651,"joint",-3140.64115257005,-3139.48891674088,8.67818096382885,-4.14250644897104,-4.14232828526356,0.0158829916639379,0.0158858216887151,0.0881352562400883,0.000178163707482902,0.141659382615804,0.00780229551219899,0.056194722516387,0.00232952015662618,0.000129861674502053,0.000918932366526143,3.08411326520666,3.08397666753476,-0.431959631494053,10,4.49117534065864,4.4911041441364,1.42139687347097,1766,18.4634538925957,6.99470588135842,1,7836.15224879984,75439.5538640022
652,"joint",-3139.88550631496,-3139.57862415335,8.67810024596821,-4.14232828526356,-4.14183491546461,0.0158858216887151,0.0158936612070995,0.24436117328849,0.000493369798947672,0.173909245584132,0.00853215139643595,0.0830810415451534,0.00258432320557326,0.000135374616686867,0.00108957606903059,3.08397666753476,3.08391832469942,-0.432112835174107,10,4.4911041441364,4.49223273276255,1.42314509751145,1773,18.4568603611194,7.03961750882482,1,7836.0846525998,75519.7195730209
653,"joint",-3140.32658756926,-3139.56129990287,8.67786421664198,-4.14183491546461,-4.14124004195438,0.0158936612070995,0.0159031187378706,0.295157662507788,0.00059487351023203,0.145442207187206,0.00765955691347184,0.0533407772077974,0.00269295968276674,0.00013736579493584,0.00118289404833394,3.08391832469942,3.08386035553519,-0.432680253360561,10,4.49223273276255,4.49293451354465,1.42442525163276,1778,18.6019899736211,7.03456918507442,1,7835.94805433147,75599.7751600742
654,"joint",-3141.00971734791,-3139.71714691505,8.67757055849176,-4.14124004195438,-4.14120393091323,0.0159031187378706,0.0159036930264147,0.017917287971584,3.61110411458403e-05,0.140132209403468,0.00736965042333683,0.0582754766125532,0.00238767955953884,0.000127941026493898,0.00103355657450589,3.08386035553519,3.08371362302105,-0.432645149377106,10,4.49293451354465,4.49294975109432,1.42577856710273,1760,18.6760365479436,7.18873640197843,1,7835.75989328902,75679.727118969
655,"joint",-3138.1934005969,-3139.65486906434,8.67750780885019,-4.14120393091323,-4.14061691157155,0.0159036930264147,0.015913031542502,0.291765702367312,0.000587019341680623,0.175919534200153,0.00897251284772255,0.0841300831615039,0.00278919426555278,0.000143971221959014,0.0014072737516697,3.08371362302105,3.08347696657066,-0.432954636355417,10,4.49294975109432,4.49270947657084,1.4270304565568,1736,18.4213017716567,7.07526395010724,0.999999999999998,7835.72639770461,75759.8737101555
656,"joint",-3140.77091647527,-3139.8063437672,8.67723483404532,-4.14061691157155,-4.14011542648842,0.015913031542502,0.0159210136917451,0.249566697569587,0.000501485083132511,0.120068503190715,0.00615574392984067,0.0582906989216235,0.00170574944676599,9.49446855157098e-05,0.00057572798272378,3.08347696657066,3.08340182858716,-0.433325913467983,10,4.49270947657084,4.49359940564837,1.42842241780049,1765,18.5570403351992,6.97638436118459,1,7835.55395665823,75840.0099129677
657,"joint",-3138.2989464403,-3139.79995334879,8.67698155208548,-4.14011542648842,-4.13981544674561,0.0159210136917451,0.015925790389758,0.149353716989434,0.000299979742805595,0.208341362129791,0.01061459696357,0.100905891766636,0.00297310790975324,0.000163309507571042,0.00111521513664163,3.08340182858716,3.08345184147989,-0.433745342792554,10,4.49359940564837,4.4948727865907,1.43006575945518,1758,18.4726047908368,6.95729459707578,1,7835.40520110686,75919.9918880463
658,"joint",-3140.17363024227,-3139.71590773831,8.67683370769178,-4.13981544674561,-4.1395163893763,0.015925790389758,0.0159305538269712,0.148961113098429,0.0002990573693122,0.110617642526645,0.00597660250513821,0.0403607507584283,0.00191773121314208,0.000101021477051414,0.000985162661865538,3.08345184147989,3.08343646091727,-0.433825408604153,10,4.4948727865907,4.49511030530038,1.43091606998076,1766,18.5203648449656,7.23061156654337,1,7835.3355129717,75999.8831300735
659,"joint",-3137.66434507203,-3139.60299216131,8.67672555729088,-4.1395163893763,-4.1390797018326,0.0159305538269712,0.0159375120205593,0.21772268962513,0.000436687543698162,0.161103707602872,0.00836688804061462,0.0630213017720826,0.00255554533825899,0.000137673719918956,0.000935556245394146,3.08343646091727,3.08326350224533,-0.434342338276354,10,4.49511030530038,4.49513644667819,1.43243551021325,1745,18.4923679926547,7.17611617789511,0.999999999999999,7835.26531086451,76079.8100831509
660,"joint",-3141.99694096147,-3139.65406100007,8.67656805011719,-4.1390797018326,-4.13905392502892,0.0159375120205593,0.0159379228439727,0.0128517832819722,2.57768036862857e-05,0.215674831269901,0.0120930751068472,0.0795179457466945,0.00358714123720058,0.000202455562123447,0.00126256019271107,3.08326350224533,3.08302018921606,-0.434690732620238,10,4.49513644667819,4.49467257202707,1.43469827930287,1774,18.8808256693151,7.08130254217895,1,7835.14561091319,76159.7401840687
661,"joint",-3138.25110888431,-3139.65761086068,8.67653396905637,-4.13905392502892,-4.13867462018705,0.0159379228439727,0.0159439693219335,0.18924976784664,0.000379304841868238,0.102889969695383,0.00539933423433772,0.043214649598954,0.00152564048597787,8.58004679726403e-05,0.000561930110820346,3.08302018921606,3.08294085114458,-0.43505485003039,10,4.49467257202707,4.49505072474312,1.43580681233119,1785,18.7567649479106,7.02158757694401,1,7835.08805229063,76239.767250061
662,"joint",-3141.27893690719,-3139.75408530585,8.67636395183718,-4.13867462018705,-4.13808971908124,0.0159439693219335,0.0159532976950429,0.292330120681422,0.000584901105813996,0.158509605662065,0.0089182555888869,0.0688076359816628,0.00285214221585711,0.000155419164869402,0.00122999590337114,3.08294085114458,3.08275739647301,-0.435379059997799,10,4.49505072474312,4.49519908984507,1.43728504881739,1744,18.567776896832,7.02175171036927,1,7834.97976984075,76319.6402301788
663,"joint",-3141.47076278799,-3139.85118423618,8.67612413552097,-4.13808971908124,-4.13801457577869,0.0159532976950429,0.0159544965235595,0.0375572394778853,7.51433025418415e-05,0.081120364704761,0.00443462526664763,0.0332593564557899,0.00154777744062124,7.91506887277824e-05,0.000870665293200328,3.08275739647301,3.0827121169765,-0.435528072401731,10,4.49519908984507,4.49489205854584,1.43738302476948,1781,18.7149638565652,6.93204159664691,1,7834.82322363879,76399.746388197
664,"joint",-3141.73546867647,-3139.99845495358,8.67608386674229,-4.13801457577869,-4.1377370220333,0.0159544965235595,0.0159589253684184,0.138777104968978,0.000277553745398511,0.157784015542021,0.00801100529496866,0.0645075198355462,0.00229323642347789,0.000124142067314732,0.000852552550628702,3.0827121169765,3.08265837224902,-0.436192652986832,10,4.49489205854584,4.4952842079602,1.43908023966731,1748,18.5947642882363,7.08339845150627,1,7834.79440609,76479.6310241222
665,"joint",-3138.53331083438,-3139.93383853247,8.67593831733012,-4.1377370220333,-4.13720300533751,0.0159589253684184,0.0159674499769509,0.267390330611192,0.000534016695783878,0.153832277744862,0.0086674751392826,0.0525503475856317,0.00249871306438711,0.000140488161114989,0.00100201977732203,3.08265837224902,3.08257555320194,-0.436703062009509,10,4.4952842079602,4.49609097430471,1.44083017972488,1752,18.8574037267255,7.1945209340439,1,7834.71209795401,76559.5847029686
666,"joint",-3139.94465063238,-3139.87296602581,8.67569807001375,-4.13720300533751,-4.13720573841872,0.0159674499769509,0.0159674063366731,-0.00136849563071493,-2.73308120732802e-06,0.124915343972273,0.00684615163831077,0.0531007206037322,0.00228304532514693,0.00012118842127869,0.000997014314882782,3.08257555320194,3.08253072967053,-0.436784887318055,10,4.49609097430471,4.49590654405844,1.44119689379103,1774,18.3332880556344,7.21243545494991,0.999999999999998,7834.57112559556,76639.606192112
667,"joint",-3139.2235173323,-3139.9771841461,8.67570152121341,-4.13720573841872,-4.13676154612339,0.0159674063366731,0.0159745005110164,0.222633631286811,0.000444192295327673,0.117534496863811,0.00560855467123728,0.0599806036475634,0.00175118562510003,8.64336706021534e-05,0.000807793960904521,3.08253072967053,3.08252916646647,-0.437136562443335,10,4.49590654405844,4.49671117196025,1.44234668656287,1746,18.5704100409919,7.08898709260191,0.999999999999996,7834.58606742633,76719.6857290268
668,"joint",-3141.2772434509,-3140.03123141446,8.67547907555195,-4.13676154612339,-4.13613521149538,0.0159745005110164,0.0159845090278648,0.314542768494332,0.000626334628012177,0.160350894743476,0.00896424546366006,0.0618252403866084,0.0025679432336107,0.000147187431889235,0.000826915509130431,3.08252916646647,3.08254032722112,-0.437643747519182,10,4.49671117196025,4.4980889089216,1.44423494756737,1751,18.7734142213877,7.04943380217713,0.999999999999999,7834.47710818359,76799.581840992
669,"joint",-3141.35788616671,-3140.1539457844,8.67516656144461,-4.13613521149538,-4.13578570803209,0.0159845090278648,0.015990096645518,0.175626553486128,0.000349503463292692,0.122106362910187,0.00634876777064034,0.0487733045113886,0.00196745178730106,0.000103277321956099,0.00079717537211894,3.08254032722112,3.08248338267035,-0.43793742374973,10,4.4980889089216,4.49876029919026,1.4457510784478,1756,18.4937257046817,7.13534273550001,0.999999999999998,7834.29089150084,76879.5068001747
670,"joint",-3139.36064196079,-3140.06973356119,8.67495209917456,-4.13578570803209,-4.13516572684143,0.015990096645518,0.0160000132784203,0.312142914135097,0.000619981190656181,0.15591087789467,0.00851440675615456,0.057654155464747,0.00254222884823662,0.000140948943237219,0.000843157009703149,3.08248338267035,3.08229711433386,-0.438366321143066,10,4.49876029919026,4.4988550565846,1.44757797354508,1757,18.8406858467137,7.19378811233079,1,7834.17455250243,76959.7255921364
671,"joint",-3140.2584610646,-3140.05059898592,8.67466784329488,-4.13516572684143,-4.13469624932382,0.0160000132784203,0.0160075266884866,0.2366295113659,0.000469477517612892,0.173026120397641,0.00959311515924508,0.0572721987645072,0.00287314645444539,0.000158774828827375,0.00106760729635418,3.08229711433386,3.08208751510923,-0.438839819284803,10,4.4988550565846,4.4989912992891,1.44967560831203,1768,18.6529273748701,6.87650120100124,1,7833.97798951847,77039.9334380627
672,"joint",-3141.45929818076,-3140.12928857921,8.67444246168224,-4.13469624932382,-4.13430015716314,0.0160075266884866,0.016013868400188,0.199798076149215,0.000396092160680179,0.131183026312265,0.00782207029944591,0.0371564295396666,0.00230492275492589,0.000135306597837794,0.000718392108275316,3.08208751510923,3.08207521462261,-0.439112209704484,10,4.4989912992891,4.49983350063542,1.45091107192905,1749,18.8078449799294,7.28111338449415,1,7833.8261640441,77120.0451490879
673,"joint",-3140.79357200872,-3140.15263780118,8.67427831579669,-4.13430015716314,-4.13392637875893,0.016013868400188,0.0160198551571544,0.188674344461218,0.000373778404211353,0.126648585483449,0.00657375425057482,0.0595580071430606,0.0020860026602959,0.000108149530821609,0.0008969160737966,3.08207521462261,3.08203209853042,-0.439423263586319,10,4.49983350063542,4.50054694668887,1.45235454901311,1768,18.6721282613434,7.09963409126629,1,7833.70306288496,77200.0707550049
674,"joint",-3142.24545727898,-3140.21442479774,8.67409330856337,-4.13392637875893,-4.13364625219595,0.0160198551571544,0.0160243433727238,0.141456660531935,0.000280126562975969,0.175769535450803,0.00941812732557447,0.070446254056784,0.00276559486335245,0.000153166023399187,0.00105496790869406,3.08203209853042,3.0819037212941,-0.439672027927459,10,4.50054694668887,4.50068720784614,1.45401606565113,1774,18.7451959049427,7.11270235841989,1,7833.60128100189,77280.0845751762
675,"joint",-3141.28870103677,-3140.36918981973,8.67400080024945,-4.13364625219595,-4.13303784433853,0.0160243433727238,0.0160340956755298,0.307800418867411,0.000608407857423575,0.144981257783859,0.00785236741907822,0.0574737806447323,0.00217050615504391,0.000122254440863098,0.000868907121224029,3.0819037212941,3.08193817673527,-0.440007823216311,10,4.50068720784614,4.50234655207116,1.45557095630649,1760,18.9042606893235,7.24147238166085,0.999999999999998,7833.528475672,77360.6704041958
676,"joint",-3137.77495319316,-3140.21939165562,8.67368391885528,-4.13303784433853,-4.13272076761236,0.0160340956755298,0.016039180520194,0.160493401749032,0.000317076726164081,0.137040576096011,0.00755039287866667,0.0645392276971044,0.00215040692876634,0.000123090123954657,0.000899450536412244,3.08193817673527,3.08191204574709,-0.440412779809406,10,4.50234655207116,4.50316722530976,1.45684553807989,1752,18.7408395720879,7.0965986214315,1,7833.35881624085,77440.9600331783
677,"joint",-3139.70518905456,-3140.28970378634,8.67355144779834,-4.13272076761236,-4.13199971065772,0.016039180520194,0.0160507498534276,0.365926895162723,0.000721056954639696,0.134682038875862,0.00725955812552169,0.0501312305305995,0.00212425732746976,0.000116046348982064,0.000888601335978789,3.08191204574709,3.08176844168545,-0.440825589393156,10,4.50316722530976,4.50368923656151,1.45856151572556,1770,18.6495675178825,7.1005938462939,1,7833.27228357668,77520.9439380169
678,"joint",-3139.51315169687,-3140.25667985907,8.67322364710845,-4.13199971065772,-4.13158663369362,0.0160507498534276,0.0160573814180277,0.209810190307513,0.000413076964106108,0.153245485871238,0.00815362913262935,0.0530889923842081,0.00207241135475704,0.000118992336044233,0.000659272561277693,3.08176844168545,3.08172141681609,-0.441351669915489,10,4.50368923656151,4.50471995754493,1.46023856296974,1763,18.5502032904632,7.00918622180616,1,7833.06620322371,77601.0399479866
679,"joint",-3139.00215600119,-3140.32357040553,8.67300621069435,-4.13158663369362,-4.13120747570325,0.0160573814180277,0.0160634708568535,0.192720631944717,0.000379157990369178,0.139988798531523,0.00753672232549051,0.0604686179631343,0.00222350994099932,0.000120233660226261,0.00100027518476051,3.08172141681609,3.08152634924557,-0.441753071937379,10,4.50471995754493,4.50443250938601,1.46138300795502,1783,18.5599449606178,7.13690016178008,1,7832.93156244393,77681.0344200134
680,"joint",-3139.79721363222,-3140.21358403906,8.67282924232034,-4.13120747570325,-4.13037677556164,0.0160634708568535,0.0160768203283052,0.423697526892957,0.000830700141607748,0.170919159745538,0.00843884203288942,0.0743830972478852,0.00243525072837967,0.000129844436426475,0.0010970978243713,3.08152634924557,3.08151241757775,-0.442453976818926,10,4.50443250938601,4.50575362137079,1.4630594939708,1780,18.7384398125514,7.32512620879886,1,7832.815511697,77762.1305520535
681,"joint",-3141.28547343089,-3140.36530226639,8.67242893597615,-4.13037677556164,-4.12985163009444,0.0160768203283052,0.0160852652148305,0.26821986329529,0.000525145467198515,0.177869287325249,0.0102257069248946,0.0559898768366253,0.00274552101622987,0.000160502654938602,0.000868111222166091,3.08151241757775,3.08135824997491,-0.442967362836717,10,4.50575362137079,4.50649529938094,1.46530820308407,1767,18.6277676289486,7.2731643479073,0.999999999999997,7832.57732157346,77842.5598289967
682,"joint",-3139.36067340243,-3140.26938909115,8.67217186735314,-4.12985163009444,-4.12917108467808,0.0160852652148305,0.01609621569407,0.348398651364707,0.000680545416365894,0.18897756778716,0.0103231251405555,0.0768677630672608,0.00280284050596585,0.000161193891480288,0.00109375523199034,3.08135824997491,3.08134768184085,-0.443519783540516,10,4.50649529938094,4.50816258576888,1.46704554893066,1785,18.8380735977777,7.1296855826479,1,7832.41614817087,77922.6360399723
683,"joint",-3140.19914717807,-3140.20580831066,8.67184351570623,-4.12917108467808,-4.12862034092138,0.01609621569407,0.0161050830259597,0.282376521282566,0.000550743756697191,0.200154979509966,0.0111741634099031,0.0737921057877939,0.00312328179927249,0.000179252018650161,0.000984961932697367,3.08134768184085,3.08122152577682,-0.444283770980951,10,4.50816258576888,4.50853896264375,1.46925222659876,1764,18.9260161068288,7.35212520783918,0.999999999999999,7832.20720390257,78002.6872689724
684,"joint",-3140.36676374729,-3140.1373730642,8.67159201408438,-4.12862034092138,-4.12843098459411,0.0161050830259597,0.0161081329140805,0.0971039052510144,0.000189356327263207,0.106355641702067,0.0057704947797284,0.0382069943920625,0.00157695027639515,8.97807653293624e-05,0.00054064977964937,3.08122152577682,3.08116357548281,-0.44446808216386,10,4.50853896264375,4.50890920603064,1.47021911964234,1744,18.7135313025097,7.11007185896328,0.999999999999999,7832.03601636294,78083.0574660301
685,"joint",-3139.06267406194,-3140.16384122558,8.6714795248044,-4.12843098459411,-4.12765787665463,0.0161081329140805,0.0161205910546499,0.397647981768189,0.000773107939488292,0.195443822232793,0.0104090278229711,0.070818892184524,0.00268517275044743,0.000152531538187323,0.0010129864253955,3.08116357548281,3.08110078088522,-0.445145623500227,10,4.50890920603064,4.51024907532457,1.47255586926448,1776,18.6193466840377,7.00687205156979,1,7831.98274265738,78163.1842651367
686,"joint",-3141.19320267045,-3140.22626882748,8.67112019432956,-4.12765787665463,-4.1273414304362,0.0161205910546499,0.0161256931619566,0.162845632648788,0.000316446218429476,0.119027840717187,0.00614081094115308,0.0443366183879217,0.00186013428174134,9.89185121192815e-05,0.000791000506691412,3.08110078088522,3.08097240124464,-0.445603039292653,10,4.51024907532457,4.51021554592229,1.47373732935557,1740,18.3676110112833,7.11195741840953,0.999999999999999,7831.75324052351,78243.2114481926
687,"joint",-3139.44441493401,-3140.23731370757,8.67096426764986,-4.1273414304362,-4.12730200638548,0.0161256931619566,0.0161263289146335,0.0202880742400388,3.94240507134942e-05,0.17257068223967,0.00925027239804188,0.059012366531125,0.00276407898127548,0.00014935173055555,0.00117299801596,3.08097240124464,3.08081777118797,-0.445985988959692,10,4.51021554592229,4.5098579680247,1.4752585313563,1740,18.5571016882503,7.26634101696821,0.999999999999999,7831.65857477535,78323.2075901031
688,"joint",-3140.47549198968,-3140.1972261345,8.67093907661302,-4.12730200638548,-4.12663283634466,0.0161263289146335,0.0161371237822098,0.345136279937196,0.00066917004082063,0.157714711642617,0.0091769366339124,0.058054291630248,0.00279054181892537,0.000158853073724693,0.00102834651923664,3.08081777118797,3.08054485280581,-0.446354994999812,10,4.5098579680247,4.50955467236021,1.47650718408749,1771,18.5274907161035,7.13466276399574,0.999999999999999,7831.63540283489,78403.2988600731
689,"joint",-3138.15541256457,-3140.0371024544,8.67064875201293,-4.12663283634466,-4.12648764515218,0.0161371237822098,0.0161394669205524,0.0748928189025583,0.000145191192483133,0.147252409232831,0.00746544763918981,0.065427613448296,0.00218093731516445,0.000116715961791845,0.000931623370952523,3.08054485280581,3.08060187625967,-0.446841114858715,10,4.50955467236021,4.51066386340196,1.47755826540515,1763,18.6986296113296,7.00273606476543,1,7831.43048528628,78483.3909721375
690,"joint",-3138.86722178781,-3140.01243144575,8.67051554892987,-4.12648764515218,-4.12623396192282,0.0161394669205524,0.016143561752014,0.130897530485569,0.000253683229356211,0.120151856684012,0.00613375538659931,0.0527011140991425,0.0017578922025181,9.56289484687039e-05,0.000708790153508885,3.08060187625967,3.08062379925502,-0.447352021385738,10,4.51066386340196,4.51154751386932,1.47858797181306,1772,18.7176754822981,7.05695800762635,1,7831.37164086034,78563.4163570404
691,"joint",-3138.48658305949,-3139.92383754549,8.67034238664771,-4.12623396192282,-4.12593120931408,0.016143561752014,0.016148449997376,0.156288389618104,0.000302752608745581,0.115009128822047,0.0056770316761554,0.0523186854080933,0.00170837873749601,8.68718822031603e-05,0.000858130678400213,3.08062379925502,3.08056514525014,-0.447888908178464,10,4.51154751386932,4.51189496437343,1.47990056874918,1778,18.6402237960839,7.2328341510026,1,7831.28875607765,78643.3746490479
692,"joint",-3141.0777131857,-3139.90475829574,8.67017171561643,-4.12593120931408,-4.1252902300233,0.016148449997376,0.0161588041374426,0.331571212435295,0.00064097929077302,0.149543225496599,0.00792898977086423,0.0583831857726373,0.0024387871170111,0.000128713747879058,0.000995474906952682,3.08056514525014,3.08034471457549,-0.448199656693677,10,4.51189496437343,4.51132212282326,1.48079686917414,1744,18.6849428663494,7.11084233372996,1,7831.19031892065,78723.2277960777
693,"joint",-3138.88367823635,-3139.80926360712,8.66991204291151,-4.1252902300233,-4.12494782408543,0.0161588041374426,0.0161643379552801,0.177226574470801,0.000342405937870792,0.145357643894892,0.00777848498047535,0.0598065142171453,0.00237689217060414,0.000129067522383585,0.00089792501349177,3.08034471457549,3.08032884563967,-0.448584305093477,10,4.51132212282326,4.51181265035715,1.48222583591579,1766,18.6482274284994,7.30982613325541,1,7831.02623170235,78803.3444271088
694,"joint",-3142.97871549525,-3139.84592651793,8.66971800550872,-4.12494782408543,-4.1247574209665,0.0161643379552801,0.0161674159886667,0.0985690001921826,0.000190403118938557,0.119217656560141,0.00671493892175776,0.042491994598384,0.00190078223045809,0.000108325876735298,0.000736445074912392,3.08032884563967,3.08022121810999,-0.448984496975677,10,4.51181265035715,4.51177033557476,1.48336947988848,1770,18.5670271606287,7.08717071373999,1,7830.93813477696,78883.2596731186
695,"joint",-3140.29591965257,-3139.79628744872,8.6695949474132,-4.1247574209665,-4.12500561561909,0.0161674159886667,0.016163403820392,-0.128526451952708,-0.000248194652593929,0.157044862111153,0.00812746849904628,0.0709042166555485,0.0026089079449217,0.000134402638680492,0.00121969331506487,3.08022121810999,3.08004194275891,-0.449123853571275,10,4.51177033557476,4.51052196917797,1.4839409259858,1775,18.3905126042588,6.90148581534077,1,7830.88093103643,78963.1703131199
696,"joint",-3135.5774787796,-3139.68641372805,8.66970159166673,-4.12500561561909,-4.12466070439271,0.016163403820392,0.0161689797213663,0.178717017859004,0.000344911226381333,0.161836330831028,0.00878275622819256,0.0724649492326091,0.00260464106253979,0.00014185018388849,0.00110444318616792,3.08004194275891,3.08001650749811,-0.44945691987442,10,4.51052196917797,4.51162552668535,1.4857147489793,1757,18.8696469369838,7.13168128102469,1,7830.93637249197,79044.5919351578
697,"joint",-3140.5541977332,-3139.72886416198,8.66950636711203,-4.12466070439271,-4.12407685196559,0.0161689797213663,0.0161784227758275,0.303042229635466,0.000583852427113497,0.151645059178853,0.00821408684240474,0.0723424054382302,0.00218986815113314,0.000128271259382131,0.000701228118275944,3.08001650749811,3.0799474710765,-0.450022071661136,10,4.51162552668535,4.51193522936342,1.48726897831584,1778,18.6608396514371,7.02669861641458,1,7830.8304237807,79125.3843860626
698,"joint",-3138.10189976694,-3139.65830156548,8.66923409494732,-4.12407685196559,-4.12342292887784,0.0161784227758275,0.0161890056798295,0.340139665152408,0.000653923087753088,0.166179321582858,0.00822199684289758,0.0677485920098599,0.00256983816497308,0.00013176622775269,0.000962097986859097,3.0799474710765,3.07981236939921,-0.450712678406632,10,4.51193522936342,4.51254043805927,1.48890654466815,1752,18.7731035874971,7.05229059795586,1,7830.6682888193,79205.5487511158
699,"joint",-3140.4154564741,-3139.72896658913,8.66889326515491,-4.12342292887784,-4.12309116677006,0.0161890056798295,0.0161943774695056,0.172661904693082,0.000331762107778379,0.117878443798828,0.0063887037448428,0.0462809312696854,0.00181044726093362,0.000100802781879936,0.00066642035588582,3.07981236939921,3.07972952422082,-0.451083182842443,10,4.51254043805927,4.5132068699247,1.49039192383625,1764,18.9438200078893,7.28965014659044,1,7830.47226209849,79285.634761095
700,"joint",-3139.42487391865,-3139.71034960345,8.66870262617852,-4.12309116677006,-4.12250985828036,0.0161943774695056,0.0162037941353427,0.30304801043577,0.000581308489699293,0.122672595139566,0.00640166402865272,0.0467313985796349,0.00187154027098734,0.000101445021296692,0.000629226801166111,3.07972952422082,3.07961112603254,-0.450968247751161,10,4.5132068699247,4.51369674537615,1.49126034859426,1786,18.8735262902281,7.31870709955992,0.999999999999996,7830.35125795277,79365.6549761295
701,"joint",-3139.68601260209,-3139.63037656201,8.66846513053384,-4.12250985828036,-4.12205578047726,0.0162037941353427,0.0162111535893415,0.236964470721749,0.000454077803100048,0.158968273010043,0.00799605047819046,0.0728180805716549,0.00252375304753973,0.000130003643706508,0.00103850132892667,3.07961112603254,3.07978682720779,-0.451138040835889,10,4.51369674537615,4.51541904613033,1.49204919944572,1793,18.8214429032986,7.17615758266538,0.999999999999999,7830.19482853645,79445.6987521648
702,"joint",-3141.98587969334,-3139.76163687655,8.66824237150892,-4.12205578047726,-4.12169335205379,0.0162111535893415,0.0162170300370111,0.189260782833741,0.000362428423475127,0.124220995051706,0.0067789457479435,0.051915913154733,0.00197530561685238,0.000108071721941593,0.000793666348001847,3.07978682720779,3.07978879840324,-0.451335848891972,10,4.51541904613033,4.51657956251376,1.49355223978622,1752,18.8833792668019,7.12399772923158,1,7830.08031981158,79525.650354147
703,"joint",-3138.73217475352,-3139.68828825533,8.6680273454286,-4.12169335205379,-4.12128665853958,0.0162170300370111,0.016223626739274,0.212551946631224,0.000406693514209984,0.179705384655253,0.00989119254465204,0.0620129766654714,0.00284490404731006,0.000156804831789657,0.000937195307136732,3.07978879840324,3.07957603860553,-0.451656031060091,10,4.51657956251376,4.51625523961864,1.49511408905012,1772,18.7956425763371,7.28957173889468,1,7829.96783081901,79605.5338301659
704,"joint",-3139.44837045723,-3139.64236859082,8.6678498536739,-4.12128665853958,-4.12105695020693,0.016223626739274,0.0162273538695817,0.12008512091276,0.000229708332644065,0.19396798664558,0.00979231625609865,0.0987195994504334,0.0026484277829473,0.000145149268514316,0.00133768572168734,3.07957603860553,3.07963393928423,-0.451987539412698,10,4.51625523961864,4.51732830791835,1.4965331227571,1747,18.7984820114259,7.11897538807187,0.999999999999999,7829.83128324622,79685.3160619736
705,"joint",-3139.11627632161,-3139.64504870381,8.66775100273019,-4.12105695020693,-4.12085195669749,0.0162273538695817,0.0162306807127794,0.107187423133916,0.000204993509440419,0.163896267270312,0.00899462934156609,0.0612594997458536,0.00252741039310442,0.000142148250311135,0.000978038557556354,3.07963393928423,3.07979187503301,-0.452237357337463,10,4.51732830791835,4.51847575764534,1.49684802841761,1771,18.7882801188464,7.16980132083827,0.999999999999997,7829.79166366139,79765.0823690891
706,"joint",-3140.24077482225,-3139.5974273114,8.66764639396036,-4.12085195669749,-4.1200301054748,0.0162306807127794,0.0162440254004911,0.431189919480383,0.000821851222690213,0.213674219970086,0.0105733437749093,0.124894546956854,0.00302397793102941,0.00016269566124078,0.00133518764911043,3.07979187503301,3.07987308418159,-0.452740296419014,10,4.51847575764534,4.52040237157164,1.49863831613142,1755,18.9302893083486,7.20810735800232,1,7829.75749678139,79844.9080550671
707,"joint",-3139.40312005992,-3139.59536256769,8.66722251518652,-4.1200301054748,-4.11913600433592,0.0162440254004911,0.016258555696911,0.470982671844801,0.00089410113887999,0.191694758396724,0.0105739051085005,0.0729699876954378,0.00276182558782724,0.000156166905137342,0.00109786067552553,3.07987308418159,3.07980185108063,-0.453194127730051,10,4.52040237157164,4.5218464426786,1.50094861356093,1756,18.9299496447935,7.10171138892578,1,7829.52491212242,79924.7592630386
708,"joint",-3137.07067321533,-3139.42512162898,8.66682098334908,-4.11913600433592,-4.11859457944749,0.016258555696911,0.0162673608670693,0.285623527810925,0.000541424888431072,0.126897069676902,0.00681304269143174,0.0523892987856171,0.0018472683756416,0.00010275273810493,0.000873640286138889,3.07980185108063,3.07978612121456,-0.453604559932482,10,4.5218464426786,4.5229787007116,1.50215535795416,1771,18.7983908780298,7.14214533641975,1,7829.27917244951,80004.623757124
709,"joint",-3140.89765587974,-3139.56223379473,8.66652996287429,-4.11859457944749,-4.11834731969957,0.0162673608670693,0.0162713836279295,0.130479409957999,0.000247259747919554,0.160976042339677,0.0083644451131411,0.077952965466284,0.00236752295744772,0.000128219035788645,0.00104723675264867,3.07978612121456,3.07978529298574,-0.453840762310549,10,4.5229787007116,4.52383319704256,1.50389039069207,1769,18.5570760280731,7.24818706118307,1,7829.11449907545,80085.2857851982
710,"joint",-3139.50123737263,-3139.59393457398,8.66637852665825,-4.11834731969957,-4.11773170786452,0.0162713836279295,0.016281403568144,0.325476791330356,0.000615611835055537,0.20335375708866,0.0106193829956351,0.0808746426739446,0.00275622159981915,0.000153492592077151,0.000845235494961539,3.07978529298574,3.07965071879343,-0.454410995008848,10,4.52383319704256,4.52480851344122,1.50633976771566,1764,18.9182769192664,7.31213721060746,1,7829.02790551403,80165.57772398
711,"joint",-3140.93431458428,-3139.71632115021,8.66606779008439,-4.11773170786452,-4.11732690318039,0.016281403568144,0.0162879956907436,0.214197658388111,0.000404804684124876,0.191518337797874,0.0106264502261036,0.0669349342442394,0.00279833793238009,0.000162224309315598,0.000983666143310969,3.07965071879343,3.07973152501975,-0.455032195085596,10,4.52480851344122,4.52663220636603,1.50821711372981,1756,18.6694335007527,6.97654147179167,0.999999999999998,7828.8248309384,80245.6289741993
712,"joint",-3140.56816492142,-3139.690843737,8.66580058835886,-4.11732690318039,-4.11686200756186,0.0162879956907436,0.0162955696689931,0.246260335305133,0.000464895618529286,0.108067181059217,0.00595644161142965,0.0467208594064889,0.00178475160956676,9.71867188063474e-05,0.00077599408852785,3.07973152501975,3.07964399089569,-0.455340746824436,10,4.52663220636603,4.52701224331501,1.50948652646322,1788,18.8049005453336,7.3073949706158,0.999999999999998,7828.68547040244,80325.6888911724
713,"joint",-3138.91498432646,-3139.69240904151,8.66558048325704,-4.11686200756186,-4.11615713038815,0.0162955696689931,0.0163070600932785,0.374312257811383,0.000704877173708298,0.148395861073115,0.00839015594002877,0.0599638068159551,0.00223251236635485,0.000130971362103225,0.000838964044570764,3.07964399089569,3.07942967422103,-0.455841878183433,10,4.52701224331501,4.5269080700594,1.51104344182928,1799,19.0783423799896,7.10261673163348,1,7828.55345439441,80405.6718921661
714,"joint",-3139.56369353335,-3139.52165794341,8.66525491302734,-4.11615713038815,-4.11603195851379,0.0163070600932785,0.0163091014063105,0.0664754649145104,0.000125171874360026,0.120490368403614,0.00586316404284364,0.0608529133725108,0.00192547470382704,9.45691769165001e-05,0.000848334502426608,3.07942967422103,3.07949186046062,-0.455844112993657,10,4.5269080700594,4.52743219214307,1.5112917579834,1761,18.6242595667269,6.96448302193407,1,7828.33458861899,80485.6156861782
715,"joint",-3139.98324577324,-3139.50602424944,8.66514481366713,-4.11603195851379,-4.11563466002594,0.0163091014063105,0.0163155822749719,0.211161417727985,0.000397298487855663,0.185363635575472,0.0103261751889353,0.0702213095486362,0.00277740742025575,0.000159852918105659,0.000988461260560039,3.07949186046062,3.07941464625872,-0.456495299652,10,4.52743219214307,4.52827765782822,1.51327333529543,1792,18.8430494222007,7.15187399725286,0.999999999999999,7828.29127822441,80565.6699051857
716,"joint",-3137.54006979889,-3139.60415380041,8.66494484958755,-4.11563466002594,-4.11471135548848,0.0163155822749719,0.0163306534827042,0.492835205365366,0.00092330453745628,0.206943109738102,0.011375793911442,0.0721447564563868,0.00304939871033119,0.000173381632484148,0.00110102151857471,3.07941464625872,3.07928762611979,-0.457219094897713,10,4.52827765782822,4.52975986480143,1.51567820907234,1766,18.8948158386273,7.27244272169996,1,7828.15271196973,80645.7748310566
717,"joint",-3137.83498418927,-3139.46819312321,8.6644908042644,-4.11471135548848,-4.11398078340282,0.0163306534827042,0.0163425885614661,0.391004651891676,0.000730572085664831,0.186048368165853,0.010191434420266,0.0648061384917818,0.00282167968080168,0.000156397591306828,0.00108643694920435,3.07928762611979,3.0790891189343,-0.457599285321061,10,4.52975986480143,4.5305666570247,1.51751281997837,1764,18.4724705007335,7.15670481290199,0.999999999999999,7827.85095156411,80725.8469231129
718,"joint",-3139.96014114033,-3139.56110519188,8.66413881482414,-4.11398078340282,-4.1135893113828,0.0163425885614661,0.0163489874800397,0.209677877160894,0.000391472020016128,0.163767557602577,0.0082293007721288,0.081696959461914,0.00215049351758024,0.000118808618575607,0.000909754668967829,3.0790891189343,3.07918621395127,-0.457950548130297,10,4.5305666570247,4.53184298942075,1.51840853324906,1768,18.713748403043,7.20588135525898,1,7827.60951212301,80805.8359220028
719,"joint",-3140.20849768129,-3139.55075725224,8.66395773495284,-4.1135893113828,-4.11278773026416,0.0163489874800397,0.0163620977734924,0.43072403417991,0.000801581118641718,0.182618562013952,0.00974030114681406,0.0760040344040532,0.00242900957157095,0.000140238739550602,0.00077311623844073,3.07918621395127,3.07914233704058,-0.458538591264225,10,4.53184298942075,4.53335901928978,1.52057878952067,1769,18.5930741762105,7.16605883268676,1,7827.51230222163,80885.8053691387
720,"joint",-3140.24076563114,-3139.59155183787,8.66354267684979,-4.11278773026416,-4.11213446420111,0.0163620977734924,0.0163727900687647,0.351779394846071,0.000653266063047339,0.132189686975681,0.00731573498393641,0.0475912947211779,0.00208019339697121,0.000114524602185009,0.000862878513266408,3.07914233704058,3.07899878308081,-0.458896258928863,10,4.53335901928978,4.53400357984253,1.5220945730974,1774,19.0200254511834,7.06193510344484,0.999999999999999,7827.27176874505,80965.6298890114
721,"joint",-3140.58507832136,-3139.63650512383,8.66321991817299,-4.11213446420111,-4.11155877194441,0.0163727900687647,0.0163822184708966,0.310521414792932,0.000575692256703634,0.17395163704873,0.00934457383167335,0.0847769731431886,0.00245963631065052,0.000138586475714489,0.00106340686359366,3.07899878308081,3.07906756801014,-0.459333177036423,10,4.53400357984253,4.53575739781865,1.52364822125788,1774,18.8261081436363,7.16048289816589,1,7827.06300022662,81045.5203449726
722,"joint",-3138.63219617348,-3139.46882094784,8.66289472669196,-4.11155877194441,-4.11138249708925,0.0163822184708966,0.0163851064986206,0.0950952925718182,0.000176274855157574,0.170434821710256,0.00923171438584893,0.0658673839846246,0.00266021652642026,0.000144459859239561,0.00117086906814329,3.07906756801014,3.07887227235923,-0.459514852166011,10,4.53575739781865,4.53538775014187,1.5249626258894,1783,18.8340434378315,7.2211538830922,1,7826.87915173257,81125.4452710152
723,"joint",-3137.84127484815,-3139.42427595257,8.66281263776274,-4.11138249708925,-4.11132041694702,0.0163851064986206,0.0163861237199367,0.0334911241062494,6.20801422298434e-05,0.0986246873867391,0.00524458286185108,0.0399444430288359,0.00166567330052405,8.52385166747053e-05,0.000919574291100468,3.07887227235923,3.07898768656445,-0.459340026166198,10,4.53538775014187,4.53614589003446,1.52482440906879,1764,19.0700194639318,7.06246779695873,1,7826.82116357718,81205.4977760315
724,"joint",-3139.83852469553,-3139.44378366448,8.66279176955534,-4.11132041694702,-4.11088179692497,0.0163861237199367,0.0163933125783574,0.236855590751464,0.000438620022045896,0.133606877973256,0.00552525071469183,0.0739888001067636,0.00205220391028812,8.60949499149902e-05,0.0012067915521069,3.07898768656445,3.07894726217583,-0.459557400242981,10,4.53614589003446,4.53663183074546,1.52559293392186,1773,18.6512562205248,6.98576633712221,0.999999999999999,7826.81561447528,81285.2140271664
725,"joint",-3140.17761390167,-3139.49685054349,8.66255828628938,-4.11088179692497,-4.11053532812213,0.0163933125783574,0.0163989933337865,0.187206164223993,0.000346468802846354,0.126663013773192,0.00672325598311157,0.0564870528922433,0.00214226566118391,0.000109747068929606,0.00099944890904585,3.07894726217583,3.07896324643915,-0.459782039348571,10,4.53663183074546,4.53762785959188,1.52698726506072,1779,18.4559296848301,7.1210637852455,1,7826.67867218693,81366.0841031075
726,"joint",-3139.97519996931,-3139.48357180084,8.66233891595441,-4.11053532812213,-4.10986370618367,0.0163989933337865,0.0164100109569027,0.363716160792136,0.000671621938459872,0.167586280598391,0.0092428176516461,0.0637126818107142,0.00247539860407413,0.000139555156655371,0.00100155544193516,3.07896324643915,3.0787749852423,-0.46030103188733,10,4.53762785959188,4.53786472329547,1.52869609465813,1766,18.9205930467811,7.0575742988451,0.999999999999995,7826.55817658497,81446.2949609756
727,"joint",-3139.92220547128,-3139.50952607141,8.66203099582428,-4.10986370618367,-4.10943213745445,0.0164100109569027,0.0164170945328929,0.233933549502603,0.00043156872921992,0.146827221270797,0.00818735402579811,0.0646022452149425,0.00229896067357258,0.000129148859955866,0.00099279715851284,3.0787749852423,3.07856680041112,-0.460523727491352,10,4.53786472329547,4.53713696792659,1.52968316680145,1776,18.9776173065208,7.29797295990795,1,7826.35702379887,81526.0355350971
728,"joint",-3139.74452736514,-3139.6432187789,8.66183943009147,-4.10943213745445,-4.10884683045489,0.0164170945328929,0.0164267063859034,0.317812847076351,0.000585306999557306,0.189787615308091,0.0108327328140814,0.0680526716382302,0.00293111487882647,0.000169662486108526,0.000929361450101206,3.07856680041112,3.07833930137788,-0.46086809886107,10,4.53713696792659,4.53713145168688,1.53152055392092,1756,18.7761768089307,7.22980840233849,0.999999999999999,7826.22120471635,81605.8343951702
729,"joint",-3137.97224437089,-3139.49694820345,8.66156381102451,-4.10884683045489,-4.10834893244276,0.0164267063859034,0.0164348872468069,0.270686816896881,0.000497898012127237,0.133200919459655,0.00696419127595402,0.0601854754696768,0.00244510318698369,0.000120165744076147,0.00113578325163755,3.07833930137788,3.07840072835411,-0.461087443919574,10,4.53713145168688,4.53835664430389,1.53224231725365,1786,18.8691539518919,7.26077106622043,1,7826.04279484768,81686.0408740044
730,"joint",-3138.08158176615,-3139.42596542313,8.66129904556151,-4.10834893244276,-4.10782294804111,0.0164348872468069,0.016443534014975,0.286352625291828,0.000525984401658597,0.155116484334652,0.008381415283969,0.0741828649809899,0.00224954996214008,0.000127371741046849,0.0007350944463223,3.07840072835411,3.07849266053967,-0.46144549568639,10,4.53835664430389,4.53974665106514,1.5332983517491,1768,18.9176185871511,7.23150066814219,1,7825.90175881752,81766.3130750656
731,"joint",-3137.87518851923,-3139.27300911988,8.66101634960624,-4.10782294804111,-4.10736354610934,0.016443534014975,0.0164510899417373,0.250368619600052,0.000459401931767342,0.124044133562049,0.00657029627536378,0.0496133050197714,0.00202062958451378,0.000108319812602197,0.000745869776828227,3.07849266053967,3.07843451760194,-0.461397140101175,10,4.53974665106514,4.53965405107019,1.53387072068298,1777,19.0069315179503,7.18626179287672,1,7825.75421088238,81846.2238550186
732,"joint",-3140.06135149614,-3139.24766844861,8.66082606156672,-4.10736354610934,-4.10683136454217,0.0164510899417373,0.0164598472385934,0.290444245835884,0.000532181567166304,0.199222773893102,0.00999768159064927,0.0873407062344095,0.002574147845146,0.000139025882611964,0.00088207425406399,3.07843451760194,3.07833361717616,-0.462262661954996,10,4.53965405107019,4.54051515387751,1.53610633701236,1772,19.1028626377787,7.38848939159975,0.999999999999999,7825.64151294081,81926.0115220547
733,"joint",-3139.82160780809,-3139.2929996227,8.66055597664224,-4.10683136454217,-4.10623927376544,0.0164598472385934,0.0164695958480759,0.323708302582198,0.000592090776730079,0.16159697694127,0.00910719111352478,0.0742104841793807,0.0022415459569208,0.00013423882927359,0.000802938765636321,3.07833361717616,3.0782887027505,-0.462640535499347,10,4.54051515387751,4.54156860283181,1.53797530972536,1763,19.0214607735462,7.2782272135985,1,7825.46024021761,82005.7404220104
734,"joint",-3141.07900173702,-3139.36876503288,8.66027040695629,-4.10623927376544,-4.10591277237685,0.0164695958480759,0.0164749740719408,0.178600300178734,0.000326501388593948,0.151667538125321,0.00825705992687078,0.0568914854263904,0.00213398691418894,0.000120835928416227,0.000769522443061419,3.0782887027505,3.07809627901851,-0.463179424309731,10,4.54156860283181,4.54158344265724,1.53926172978487,1767,19.0462248779688,7.1408594613665,1,7825.28512500404,82085.3026940823
735,"joint",-3138.70111072372,-3139.3046582804,8.66007068647817,-4.10591277237685,-4.10545128766546,0.0164749740719408,0.0164825787751878,0.252707084445232,0.000461484711390922,0.137379492253793,0.00711361546958831,0.0593770981082865,0.00185279535124484,0.00010098575717181,0.000764877715467159,3.07809627901851,3.07804160940206,-0.463657518852769,10,4.54158344265724,4.54264212123961,1.5407409557511,1759,18.7946552328079,7.15215315117359,0.999999999999998,7825.15942854495,82165.4076051712
736,"joint",-3137.74000043343,-3139.31465481213,8.65979206030052,-4.10545128766546,-4.10474742589739,0.0164825787751878,0.016494184316096,0.386390057823502,0.000703861768068679,0.168646991423215,0.0089970972048963,0.0840888815583504,0.00235129789642544,0.000132527237766237,0.000884768742742148,3.07804160940206,3.07804790222098,-0.463981127802838,10,4.54264212123961,4.54401206746293,1.54193664615281,1744,18.7962541103155,7.32024590528216,0.999999999999999,7825.00020111045,82245.147023201
737,"joint",-3138.4201667673,-3139.34391394103,8.65943344681455,-4.10474742589739,-4.10416885481022,0.016494184316096,0.016503730135449,0.31814375428439,0.000578571087169972,0.198037465876009,0.0100597826792163,0.0784974868556286,0.00258380991126702,0.000139600020584952,0.000882521602368239,3.07804790222098,3.07811595383786,-0.46466208020659,10,4.54401206746293,4.54546748806128,1.54304269029626,1768,19.1285177675154,7.39025553492636,0.999999999999997,7824.78143903859,82325.1187031269
738,"joint",-3140.98222218661,-3139.39501799334,8.65916513250076,-4.10416885481022,-4.10384824666807,0.016503730135449,0.0165090222140026,0.176386174708258,0.000320608142146222,0.129089440085574,0.00653048934060416,0.0632784207020016,0.00164553246937234,9.1437473761487e-05,0.000646320889461838,3.07811595383786,3.07810827631699,-0.46506065255864,10,4.54546748806128,4.54641459717695,1.5442269600443,1761,18.7936139904857,7.19744940677434,0.999999999999999,7824.62068760862,82405.7891821861
739,"joint",-3141.12296077998,-3139.44074114828,8.65898532235016,-4.10384824666807,-4.10341171500569,0.0165090222140026,0.0165162304981217,0.240391957501903,0.000436531662386611,0.149219887051361,0.00763964303818827,0.0688546769179828,0.00211464560412747,0.000114451824887592,0.000846601728850391,3.07810827631699,3.07810045690039,-0.465642341075222,10,4.54641459717695,4.54736592872798,1.54559076048399,1736,19.0003762078841,7.35278839559511,1,7824.51772692289,82487.5404989719
740,"joint",-3140.6797575929,-3139.46269074637,8.65872616934254,-4.10341171500569,-4.10264601018028,0.0165162304981217,0.0165288818985126,0.42290464784284,0.00076570482540214,0.127263722811211,0.0066242148158058,0.051293505954386,0.00200958492483219,0.00010351923537088,0.00098255663534701,3.07810045690039,3.07806134165217,-0.466100488104442,10,4.54736592872798,4.5481363904156,1.54657261026654,1754,19.0851243676089,7.25260260093482,1,7824.3818915545,82570.8410170078
741,"joint",-3138.67976582786,-3139.36742512169,8.65838284971271,-4.10264601018028,-4.10231467372719,0.0165288818985126,0.0165343594270167,0.183100199132694,0.000331336453089488,0.151494039762263,0.00791790005353383,0.0768231752316003,0.00217058026757154,0.000118485218932484,0.000850773239221905,3.07806134165217,3.07809810292874,-0.466418825300328,10,4.5481363904156,4.54963256284435,1.54779981160163,1778,19.2361070118237,7.14442925890138,0.999999999999997,7824.16801370561,82655.064011097
