"experiment","lambda","beta_mean","beta_sd","acceptance_rate_beta","acceptance_rate_M","average_M_distance_to_true","sampler_type","init_type","include_log_Z"
"joint_upgma_logZ_true",1,0.0222074557675749,0.0295886919033061,0.457345734573457,0.481548154815482,21.1896201004171,"joint","upgma",TRUE
"joint_upgma_logZ_false",1,0.0838972486415638,0.702980001945828,0.291129112911291,0.288328832883288,19.9248588451713,"joint","upgma",FALSE
"joint_true_init_logZ_true",1,0.0228747754796884,0.0283894387181561,0.442244224422442,0.486648664866487,17.7482393492988,"joint","true_init",TRUE
"joint_true_init_logZ_false",1,0.0668316048086528,0.198422672243878,0.294229422942294,0.29032903290329,19.824227601599,"joint","true_init",FALSE
"mean_upgma_logZ_false",1,0.0346125314431343,0.018822942099831,0.225462254622546,1,22.7156333832011,"mean","upgma",FALSE
"mean_true_init_logZ_false",1,0.0317337726384043,0.0175541558648198,0.223422342234223,1,18.5472369909914,"mean","true_init",FALSE
"beast",NA,NA,NA,NA,NA,17.1464281994822,"beast_reference","beast",NA
